id1,SMILES
1,CC[C@H](C)[C@@H](C(=O)N[C@@H](CC(C)C)C(=O)NCC(=O)N[C@@H](CO)C(=O)N[C@@H](CC(=O)O)C(=O)NCC(=O)N[C@@H](CCC(=O)O)C(=O)N[C@@H](CCCCN)C(=O)N[C@@H](CC(=O)N)C(=O)N[C@@H](CCC(=O)N)C(=O)N[C@@H](CS)C(=O)N[C@@H](C(C)C)C(=O)N[C@@H]([C@@H](C)O)C(=O)NCC(=O)N[C@@H](CCC(=O)O)C(=O)NCC(=O)N[C@@H]([C@@H](C)O)C(=O)N1CCC[C@H]1C(=O)N[C@@H](CCCCN)C(=O)N2CCC[C@H]2C(=O)N[C@@H](CCC(=O)N)C(=O)N[C@@H](CO)C(=O)N[C@@H](CC3=CN=CN3)C(=O)N[C@@H](CC(=O)N)C(=O)N[C@@H](CC(=O)O)C(=O)NCC(=O)N[C@@H](CC(=O)O)C(=O)N[C@@H](CC4=CC=CC=C4)C(=O)N[C@@H](CCC(=O)O)C(=O)N[C@@H](CCC(=O)O)C(=O)N[C@@H]([C@@H](C)CC)C(=O)N5CCC[C@H]5C(=O)N[C@@H](CCC(=O)O)C(=O)N[C@@H](CCC(=O)O)C(=O)N[C@@H](CC6=CC=C(C=C6)O)C(=O)N[C@@H](CC(C)C)C(=O)N[C@@H](CCC(=O)N)C(=O)O)NC(=O)[C@H](CS)NC(=O)[C@H](CCCCN)NC(=O)[C@H](CC(=O)N)NC(=O)CNC(=O)[C@H](CCC(=O)N)NC(=O)CNC(=O)[C@H](CS)NC(=O)[C@H](C(C)C)NC(=O)[C@H](CC(=O)N)NC(=O)[C@H](CO)NC(=O)CNC(=O)[C@H](CCC(=O)O)NC(=O)[C@H](CS)NC(=O)[C@H](CC(C)C)NC(=O)[C@H](CS)NC(=O)[C@H](CC(C)C)NC(=O)[C@H](CC(=O)N)NC(=O)[C@H](CCC(=O)N)NC(=O)CNC(=O)[C@H](CO)NC(=O)[C@H](CCC(=O)O)NC(=O)[C@H]([C@@H](C)O)NC(=O)[C@H](CS)NC(=O)[C@H](CC(=O)O)NC(=O)[C@H]([C@@H](C)O)NC(=O)[C@H](CC7=CC=C(C=C7)O)NC(=O)[C@H]([C@@H](C)O)NC(=O)[C@H](CC(C)C)N
2,C[C@H]([C@@H](C(=O)N[C@@H](C(C)C)C(=O)NCC(=O)N[C@@H](CCCNC(=N)N)C(=O)N[C@@H](C=S)C(=O)N)NC(=O)CNC(=O)[C@H](CO)NC(=O)[C@H](C=S)NC(=O)[C@H](CO)NC(=O)CNC(=O)[C@H](CO)NC(=O)[C@H](C=S)NC(=O)[C@H](CS)NC(=O)[C@H](CC(=O)O)NC(=O)[C@H](CC1=CC=C(C=C1)O)NC(=O)[C@H](CCSC)NC(=O)[C@H](CC(C)C)NC(=O)[C@H](CCCCN)NC(=O)[C@H](CO)NC(=O)[C@H](CS)NC(=O)[C@H](CCCCN)NC(=O)[C@H](C)NC(=O)CNC(=O)[C@H](CCCCN)NC(=O)[C@H](CO)NC(=O)[C@H](CCCCN)NC(=O)[C@H](CS)N)O
3,
4,
5,[NH4+].[O-][V](=O)=O
6,CC[C@H](C)[C@H](NC(=O)[C@H](CCC(O)=O)NC(=O)[C@H](CCC(O)=O)NC(=O)[C@H](CC1=CC=CC=C1)NC(=O)[C@H](CC(O)=O)NC(=O)CNC(=O)[C@H](CC(N)=O)NC(=O)CNC(=O)CNC(=O)CNC(=O)CNC(=O)[C@@H]1CCCN1C(=O)[C@H](CCCNC(N)=N)NC(=O)[C@@H]1CCCN1C(=O)[C@H](N)CC1=CC=CC=C1)C(=O)N1CCC[C@H]1C(=O)N[C@@H](CCC(O)=O)C(=O)N[C@@H](CCC(O)=O)C(=O)N[C@@H](CC1=CC=C(O)C=C1)C(=O)N[C@@H](CC(C)C)C(O)=O
7,CCOP(=O)(OCC)OC1=CC=C(C=C1)[N+](=O)[O-]
8,
9,CC1=C(C=CC(=C1)S(=O)(=O)NCC2=CC=CC=N2)Br
10,CCC(C)C(C(=O)NC(CC1=CC=CC=C1)C(=O)NC(C(C)O)C(=O)NC(CC(=O)N)C(=O)NC(CO)C(=O)NC(CC2=CC=C(C=C2)O)C(=O)NC(CCCNC(=N)N)C(=O)NC(CCCCN)C(=O)NC(C(C)C)C(=O)NC(CC(C)C)C(=O)NCC(=O)NC(CCC(=O)N)C(=O)NC(CC(C)C)C(=O)NC(CO)C(=O)NC(C)C(=O)NC(CCCNC(=N)N)C(=O)NC(CCCCN)C(=O)NC(CC(C)C)C(=O)NC(CC(C)C)C(=O)NC(CCC(=O)N)C(=O)NC(CC(=O)O)C(=O)NC(C(C)CC)C(=O)NC(CCSC)C(=O)NC(CO)C(=O)NC(CCCNC(=N)N)C(=O)N)NC(=O)C(C)NC(=O)C(CC(=O)O)NC(=O)C(C)NC(=O)C(CC3=CC=C(C=C3)O)N
11,
12,
13,
14,CC(C)C[C@H](NC(=O)[C@@H](COC(C)(C)C)NC(=O)[C@H](CC1=CC=C(O)C=C1)NC(=O)[C@H](CO)NC(=O)[C@H](CC1=CNC2=CC=CC=C12)NC(=O)[C@H](CC1=CN=CN1)NC(=O)[C@@H]1CCC(=O)N1)C(=O)N[C@@H](CCCN=C(N)N)C(=O)N1CCC[C@H]1C(=O)NNC(N)=O
15,
16,
17,CC(C)CC1C(=O)NC(C(=O)NC(C(=O)NC(CSSCC(C(=O)NC(C(=O)NC(C(=O)N1)CC(=O)N)CO)N)C(=O)NC(C(C)C)C(=O)NC(CC(C)C)C(=O)NCC(=O)NC(CCCCN)C(=O)NC(CC(C)C)C(=O)NC(CO)C(=O)NC(CCC(=O)N)C(=O)NC(CCC(=O)O)C(=O)NC(CC(C)C)C(=O)NC(CC2=CN=CN2)C(=O)NC(CCCCN)C(=O)NC(CC(C)C)C(=O)NC(CCC(=O)N)C(=O)NC(C(C)O)C(=O)NC(CC3=CC=C(C=C3)O)C(=O)N4CCCC4C(=O)NC(CCCNC(=N)N)C(=O)NC(C(C)O)C(=O)NC(CC(=O)N)C(=O)NC(C(C)O)C(=O)NCC(=O)NC(CO)C(=O)NCC(=O)NC(C(C)O)C(=O)N5CCCC5C(=O)N)C(C)O)CO
18,
19,CCCCCCC(C)(C)C1=CC(=C2[C@@H]3CC(=CC[C@H]3C(OC2=C1)(C)C)CO)O
20,
21,
22,
23,CC1=CC(=NC=C1)N
24,
25,COC(=O)C1=CC=C(C=C1)NC(=O)C2=CN=CN2C3=CC=CC=C3
26,CC(C)C[C@@H](NC(=O)CNC(=O)[C@@H](NC=O)C(C)C)C(=O)N[C@@H](C)C(=O)N[C@H](C(C)C)C(=O)N[C@@H](C(C)C)C(=O)N[C@H](C(C)C)C(=O)N[C@@H](CC1=CNC2=C1C=CC=C2)C(=O)N[C@H](CC(C)C)C(=O)N[C@@H](CC1=CNC2=C1C=CC=C2)C(=O)N[C@H](CC(C)C)C(=O)N[C@@H](CC1=CNC2=C1C=CC=C2)C(=O)N[C@H](CC(C)C)C(=O)N[C@@H](CC1=CNC2=C1C=CC=C2)C(=O)NCCO
27,
28,
29,CC(C)C(C1=CC2=C(C=C1)OCCO2)NC(=O)CN(C)C3=CC=CC=C3
30,C1=CC=C(C(=C1)NN)S(=O)(=O)N
31,
32,
33,
34,NC(=O)CC[C@@H]1NC(=O)[C@H](CC2=CC=CC=C2)NC(=O)[C@H](CC2=CC=C(O)C=C2)NC(=O)CCSSC[C@H](NC(=O)[C@H](CC(N)=O)NC1=O)C(=O)N1CCC[C@H]1C(=O)N[C@H](CCCNC(N)=N)C(=O)NCC(N)=O
35,C[C@@H](C(C)C)NC(=O)COC(=O)COC1=CC=CC=C1Cl
36,
37,
38,CCC[C@H](C)NC(=O)COC(=O)C1=CN(N=C1C2=CC=C(C=C2)C)C3=CC=CC=C3
39,CC1=CC2CC3=C(C=CC(=O)N3)[C@@]4(C1)[C@@H]2CCCN4C(=O)CN(C)CCCN(C)CC(=O)N5CCC[C@H]6[C@@]57CC(=CC6CC8=C7C=CC(=O)N8)C
40,CCCC(=O)NCC(=O)NCC1=CC(=NC=C1)N(C)C
41,
42,
43,
44,CCOC1=C(N=CC=C1)N(C)C2CCN(CC2)CC3=CC=CC=C3
45,CC[C@H](C)[C@H]1C(=O)N[C@H]2CSSC[C@@H](C(=O)N[C@@H](CSSC[C@@H](C(=O)NCC(=O)N[C@H](C(=O)N[C@H](C(=O)N[C@H](C(=O)N[C@H](C(=O)N[C@H](C(=O)N[C@H](C(=O)N[C@H](C(=O)N[C@H](C(=O)N[C@H](C(=O)N[C@H](C(=O)N[C@@H](CSSC[C@H](NC(=O)[C@@H](NC(=O)[C@@H](NC(=O)[C@@H](NC(=O)[C@@H](NC(=O)[C@@H](NC(=O)[C@@H](NC(=O)[C@@H](NC(=O)[C@@H](NC2=O)CO)CC(C)C)CC3=CC=C(C=C3)O)CCC(=O)N)CC(C)C)CCC(=O)O)CC(=O)N)CC4=CC=C(C=C4)O)C(=O)NCC(=O)O)C(=O)NCC(=O)N[C@@H](CCC(=O)O)C(=O)N[C@@H](CCCNC(=N)N)C(=O)NCC(=O)N[C@@H](CC5=CC=CC=C5)C(=O)N[C@@H](CC6=CC=CC=C6)C(=O)N[C@@H](CC7=CC=C(C=C7)O)C(=O)N[C@@H]([C@@H](C)O)C(=O)N8CCC[C@H]8C(=O)N[C@@H](CCCCN)C(=O)N[C@@H]([C@@H](C)O)C(=O)N[C@@H](CCCNC(=N)N)C(=O)N[C@@H](CCCNC(=N)N)C(=O)O)C(C)C)CC(C)C)CC9=CC=C(C=C9)O)CC(C)C)C)CCC(=O)O)C(C)C)CC(C)C)CC2=CN=CN2)CO)NC(=O)[C@H](CC(C)C)NC(=O)[C@H](CC2=CN=CN2)NC(=O)[C@H](CCC(=O)N)NC(=O)[C@H](CC(=O)N)NC(=O)[C@H](C(C)C)NC(=O)[C@H](CC2=CC=CC=C2)N)C(=O)N[C@H](C(=O)N[C@H](C(=O)N1)CO)[C@@H](C)O)NC(=O)[C@H](CCC(=O)N)NC(=O)[C@H](CCC(=O)O)NC(=O)[C@H](C(C)C)NC(=O)[C@H]([C@@H](C)CC)NC(=O)CN
46,
47,
48,CC(C)C[C@H](NC(=O)[C@@H](CCCNC(N)=O)NC(=O)[C@H](CC1=CC=C(O)C=C1)NC(=O)[C@H](CO)NC(=O)[C@@H](CC1=CN=CC=C1)NC(=O)[C@@H](CC1=CC=C(Cl)C=C1)NC(=O)[C@@H](CC1=CC2=CC=CC=C2C=C1)NC(C)=O)C(=O)N[C@@H](CCCNC(N)=N)C(=O)N1CCC[C@H]1C(=O)N[C@H](C)C(N)=O
49,C1CC1C(=O)NCC(=O)NC2=CC(=CC(=C2)F)F
50,
51,CC(C)(C1=CC=CC=C1CCC(C2=CC=CC(=C2)C=CC3=NC4=C(C=CC(=C4)Cl)C=C3)SCC5(CC5)CC(=O)O)O
52,CC1=CC=C(C=C1)C(CN2CCOCC2)NCC(=O)NC3=CC=CC=C3OC4=CC=CC=C4
53,
54,
55,C1=CC(=CC(=C1)SC2=CC=CC(=C2C#N)N)F
56,
57,
58,
59,
60,
61,C1C[C@H]2C(=O)N[C@@H](CSSCCC(=O)N[C@H](C(=O)NCC(=O)N[C@H](C(=O)N[C@H](C(=O)N2C1)CC3=CNC4=CC=CC=C43)CC(=O)O)CCCCN=C(N)N)C(=O)N
62,C([C@@H]1[C@H]([C@@H]([C@H](C(=O)O1)O)O)O)O
63,
64,C1C[C@H](N(C1)C(=O)[C@@H]2CSSC[C@@H](C(=O)N[C@H](C(=O)N[C@H](C(=O)N[C@H](C(=O)N[C@H](C(=O)N2)CC(=O)N)CCC(=O)N)CC3=CC=CC=C3)CC4=CC=C(C=C4)O)N)C(=O)N[C@@H](CCCN=C(N)N)C(=O)NCC(=O)N
65,C[C@H](C#N)OC(=O)C1=CC=C(S1)C2=CC=C(C=C2)Cl
66,
67,
68,
69,C([C@@H]1[C@H]([C@H]([C@@H](O1)N2C3=C(C(=O)N=C(N3)N)N=C2N)O)O)O
70,C1=CN=CC=C1C2=NNN=C2
71,
72,CC1=C(C=C(C=C1)S(=O)(=O)NCC(C2=CC=C(O2)C)N3CCOCC3)C
73,
74,C1=C(C=C(C(=C1O)O)O)C=C(C#N)C#N
75,CCCCCCCCCC(=O)N[C@@H](CC1=CNC2=C1C=CC=C2)C(=O)N[C@H](CC(N)=O)C(=O)N[C@@H](CC(O)=O)C(=O)N[C@H]1[C@@H](C)OC(=O)[C@H](CC(=O)C2=CC=CC=C2N)NC(=O)[C@@H](NC(=O)[C@@H](CO)NC(=O)CNC(=O)[C@H](CC(O)=O)NC(=O)[C@@H](C)NC(=O)[C@H](CC(O)=O)NC(=O)[C@H](CCCN)NC(=O)CNC1=O)[C@H](C)CC(O)=O
76,
77,
78,C[C@@H](C(=O)NC1=CC=C(C=C1)S(=O)(=O)N)SC2=C(C=CC=C2Cl)Cl
79,CCC(C)NC(=O)CS(=O)(=O)CC1=NC(=NO1)C(C)C
80,CC1=CC=C(C=C1)CC2(CCN(CC2)CCOC3=CC=C(C=C3)O)O
81,
82,
83,
84,
85,CC[C@@H]1NC(=O)[C@H]([C@H](O)[C@H](C)C\C=C\C)N(C)C(=O)[C@H](C(C)C)N(C)C(=O)[C@H](CC(C)C)N(C)C(=O)[C@H](CC(C)C)N(C)C(=O)[C@@H](C)NC(=O)[C@H](C)NC(=O)[C@H](CC(C)C)N(C)C(=O)[C@@H](NC(=O)[C@H](CC(C)C)N(C)C(=O)CN(C)C1=O)C(C)C
86,
87,C1C[C@H](N(C1)C(=O)[C@@H]2CSSC[C@@H](C(=O)N[C@H](C(=O)N[C@H](C(=O)N[C@H](C(=O)N[C@H](C(=O)N2)CC(=O)N)CCC(=O)N)CC3=CC=CC=C3)CC4=CC=CC=C4)N)C(=O)N[C@@H](CCCCN)C(=O)NCC(=O)N
88,CCC(C)C1C(=O)NC(C(=O)NC(C(=O)NC(CSSCC(C(=O)NC(C(=O)N1)CC2=CC=C(C=C2)O)N)C(=O)N3CCCC3C(=O)NC(CC(C)C)C(=O)NCC(=O)N)CC(=O)N)C(C)O
89,CC(C)C[C@@H](C(=O)N[C@H](CC1=CN(C2=CC=CC=C21)C)C(=O)N[C@H](CC3=CC=CC=N3)C(=O)O)NC(=O)N4CCCCCC4
90,
91,
92,C1CCN(CC1)C2=CC=C(C=C2)NC(=O)C3=CC=C(C=C3)OCC(=O)N
93,
94,
95,C1C2=CC=CC=C2C=C1C3=CN=CC=C3
96,C[C@H]([C@H]1C(=O)N[C@@H](CSSC[C@@H](C(=O)N[C@H](C(=O)N[C@@H](C(=O)N[C@H](C(=O)N1)CCCCN)CC2=CNC3=CC=CC=C32)CC4=CC=CC=C4)NC(=O)[C@@H](CC5=CC=CC=C5)N)C(=O)N[C@H](CO)[C@@H](C)O)O
97,
98,CC(C)C[C@H](NC(=O)[C@@H](CC(N)=O)NC(=O)[C@H](CC1=CC=C(O)C=C1)N(C)C(=O)[C@H](CO)NC(=O)[C@@H](CC1=CN=CC=C1)NC(=O)[C@@H](CC1=CC=C(Cl)C=C1)NC(=O)[C@@H](CC1=CC2=C(C=CC=C2)C=C1)NC(C)=O)C(=O)N[C@@H](CCCCNC(C)C)C(=O)N1CCC[C@H]1C(=O)N[C@H](C)C(N)=O
99,CC[C@H](C)[C@H]1C(=O)N[C@H](C(=O)N[C@H](C(=O)N[C@@H](CSSC[C@@H](C(=O)N[C@H](C(=O)N1)CC2=CC=C(C=C2)O)N)C(=O)N3CCC[C@H]3C(=O)N[C@@H](CC(C)C)C(=O)NCC(=O)N)CC(=O)N)CCC(=O)N
100,CCCCCCCCC1=C(C1)CCCCCCCC(=O)O
101,CC[C@H](C)[C@@H](C(=O)N[C@@H](CCC(=O)O)C(=O)N[C@@H](CCC(=O)O)C(=O)N[C@@H](CO)C(=O)N[C@@H](CCC(=O)N)C(=O)N[C@@H](CC(=O)N)C(=O)N[C@@H](CCC(=O)N)C(=O)N[C@@H](CCC(=O)N)C(=O)N[C@@H](CCC(=O)O)C(=O)N[C@@H](CCCCN)C(=O)N[C@@H](CC(=O)N)C(=O)N[C@@H](CCC(=O)O)C(=O)N[C@@H](CCC(=O)N)C(=O)N[C@@H](CCC(=O)O)C(=O)N[C@@H](CC(C)C)C(=O)N[C@@H](CC(C)C)C(=O)N[C@@H](CCC(=O)O)C(=O)N[C@@H](CC(C)C)C(=O)N[C@@H](CC(=O)O)C(=O)N[C@@H](CCCCN)C(=O)N[C@@H](CC1=CNC2=CC=CC=C21)C(=O)N[C@@H](C)C(=O)N[C@@H](CO)C(=O)N[C@@H](CC(C)C)C(=O)N[C@@H](CC3=CNC4=CC=CC=C43)C(=O)N[C@@H](CC(=O)N)C(=O)N[C@@H](CC5=CNC6=CC=CC=C65)C(=O)N[C@@H](CC7=CC=CC=C7)C(=O)NCC(=O)O)NC(=O)[C@H](CC(C)C)NC(=O)[C@H](CO)NC(=O)[C@H](CC8=CN=CN8)NC(=O)[C@H]([C@@H](C)CC)NC(=O)[C@H](CC(C)C)NC(=O)[C@H](CO)NC(=O)[C@H]([C@@H](C)O)NC(=O)[C@H](CC9=CC=C(C=C9)O)NNC(=O)C
102,
103,COC1=C(C=CC(=C1)CNC(=O)CC2=CN3C=CSC3=N2)OCC4=CC=CC=C4
104,COC1=C(C=C(C=C1)[C@@H]2CC(=O)NC2)OC3CCCC3
105,
106,CC1=NC=C(COP(O)(O)=O)C(C=O)=C1O
107,C[C@H](CNC(=O)CC[C@]1(C)[C@@H](CC(N)=O)[C@H]2N=C1\C(C)=C1/N=C(/C=C3\N=C(\C(\C)=C4\[C@@H](CCC(N)=O)[C@](C)(CC(N)=O)[C@@]2(C)N4[Co+]C#N)[C@@](C)(CC(N)=O)[C@@H]3CCC(N)=O)C(C)(C)[C@@H]1CCC(N)=O)OP([O-])(=O)O[C@@H]1[C@@H](CO)O[C@@H]([C@@H]1O)N1C=NC2=C1C=C(C)C(C)=C2
108,NC1=NC(=O)C2=C(NCC(CNC3=CC=C(C=C3)C(=O)N[C@@H](CCC(O)=O)C(O)=O)N2)N1
109,N[C@@H](CC1=CNC=N1)C(O)=O
110,C[S+](CC[C@H](N)C([O-])=O)C[C@H]1O[C@H]([C@H](O)[C@@H]1O)N1C=NC2=C1N=CN=C2N
111,CC(=O)C(O)=O
112,N[C@@H](CC1=CC=CC=C1)C(O)=O
113,[H][C@]12CS[C@@H](CCCCC(O)=O)[C@@]1([H])NC(=O)N2
114,C[N+](C)(C)CCO
115,NCCCC[C@H](N)C(O)=O
116,N[C@@H](CCCNC(N)=N)C(O)=O
117,[H][C@@]1(OC(=O)C(O)=C1O)[C@@H](O)CO
118,NCCCNCCCCNCCCN
119,N[C@@H](CC(O)=O)C(O)=O
120,NCCC[C@H](N)C(O)=O
121,N[C@@H](CCC(N)=O)C(O)=O
122,NC1=C2N=CN([C@@H]3O[C@H](COP(O)(O)=O)[C@@H](O)[C@H]3O)C2=NC=N1
123,CC\C=C/C\C=C/C\C=C/CCCCCCCC(O)=O
124,N[C@@H](CO)C(O)=O
125,CSCC[C@H](N)C(O)=O
126,N[C@@H](CC1=CC=C(O)C=C1)C(O)=O
127,C[C@H](CCCC(C)(C)O)[C@@]1([H])CC[C@@]2([H])\C(CCC[C@]12C)=C\C=C1\C[C@@H](O)C[C@H](O)C1=C
128,C\C(\C=C\C=C(/C)\C=C\[C@H]1C(C)=C[C@H](O)CC1(C)C)=C/C=C/C=C(\C)/C=C/C=C(\C)/C=C/C1=C(C)C[C@@H](O)CC1(C)C
129,N[C@@H](CSSC[C@H](N)C(O)=O)C(O)=O
130,OC(=O)CCC(O)=O
131,CC1=C(C)C=C2N(C[C@H](O)[C@H](O)[C@H](O)CO)C3=NC(=O)NC(=O)C3=NC2=C1
132,[H]C(=O)[C@H](NC(C)=O)[C@@H](O)[C@H](O)[C@H](O)CO
133,N[C@@H](CCC(O)=O)C(O)=O
134,N[C@@H](CCC(=O)N[C@@H](CS)C(=O)NCC(O)=O)C(O)=O
135,CCCCCCCCCCCCCCCCCC(=O)OC[C@H](COP(O)(=O)OC[C@H](N)C(O)=O)OC(=O)CCCCCCCCCCCCCCCCC
136,NCC(O)=O
137,C[C@H](CCCC(C)(C)O)[C@@]1([H])CC[C@@]2([H])\C(CCC[C@]12C)=C\C=C1\C[C@@H](O)CCC1=C
138,CC1=NC=C(CO)C(C=O)=C1O
139,CN(CC(O)=O)C(N)=N
140,CC(C)C[C@H](N)C(O)=O
141,N[C@@H](CC1=CNC2=C1C=CC=C2)C(O)=O
142,N[C@@H](CS)C(O)=O
143,CC1=C(CCO)SC=[N+]1CC1=CN=C(C)N=C1N
144,CC(C)[C@@H](C)\C=C\[C@@H](C)[C@@]1([H])CC[C@@]2([H])\C(CCC[C@]12C)=C\C=C1\C[C@@H](O)CCC1=C
145,CCCCC\C=C/C\C=C/C\C=C/CCCCCCC(O)=O
146,N[C@@H](CCCNC(N)=O)C(O)=O
147,C[C@@H](O)[C@H](N)C(O)=O
148,NC(=O)C1=CN(C=CC1)[C@@H]1O[C@H](CO[P@](O)(=O)O[P@](O)(=O)OC[C@H]2O[C@H]([C@H](O)[C@@H]2O)N2C=NC3=C(N)N=CN=C23)[C@@H](O)[C@H]1O
149,NC1=NC(=O)C2=NC(CNC3=CC=C(C=C3)C(=O)N[C@@H](CCC(O)=O)C(O)=O)=CN=C2N1
150,CC\C=C/C\C=C/C\C=C/C\C=C/C\C=C/CCCC(O)=O
151,C[C@H](N)C(O)=O
152,CC(C)[C@H](N)C(O)=O
153,C\C(=C/CO)\C=C\C=C(/C)\C=C\C1=C(C)CCCC1(C)C
154,CC(C)CCC[C@@H](C)CCC[C@@H](C)CCC[C@]1(C)CCC2=C(O1)C(C)=C(C)C(O)=C2C
155,CC1=C(O)C(CO)=C(CO)C=N1
156,OC(=O)CCCC[C@@H]1CCSS1
156,OC(=O)CCCC[C@@H]1CCSS1
157,CC[C@H](C)[C@H](N)C(O)=O
158,COC(=O)[C@H](CC1=CC=CC=C1)NC(=O)[C@@H](N)CC(O)=O
159,CC(C)CCC[C@@H](C)[C@@]1([H])CC[C@@]2([H])\C(CCC[C@]12C)=C\C=C1\C[C@@H](O)CCC1=C
160,CC1=CC(=O)C2=CC=CC=C2C1=O
161,NC1=NC=NC2=C1N=CN2[C@@H]1O[C@H](COP(O)(=O)OP(O)(=O)OP(O)(O)=O)[C@@H](O)[C@H]1O
162,OC(=O)[C@@H]1CCCN1
163,NC1=C2NC=NC2=NC=N1
164,N[C@@H](CC(N)=O)C(O)=O
165,[H][C@]12[C@H](C[C@H](O)C=C1C=C[C@H](C)[C@@H]2CC[C@@H](O)C[C@@H](O)CC(O)=O)OC(=O)[C@@H](C)CC
166,COCCCC\C(=N/OCCN)C1=CC=C(C=C1)C(F)(F)F
167,CCCCC(=O)N(CC1=CC=C(C=C1)C1=CC=CC=C1C1=NNN=N1)[C@@H](C(C)C)C(O)=O
168,[H][C@@]12CCC[C@]1([H])N([C@@H](C2)C(O)=O)C(=O)[C@H](C)N[C@@H](CCC1=CC=CC=C1)C(=O)OCC
169,C[C@@H](CC1=CC(O)=C(O)C=C1)[C@H](C)CC1=CC(O)=C(O)C=C1
170,[H][C@@]12C[C@@]3([H])[C@]4([H])C[C@H](F)C5=CC(=O)C=C[C@]5(C)[C@@]4([H])[C@@H](O)C[C@]3(C)[C@@]1(OC(C)(C)O2)C(=O)CO
171,NCC(CC(O)=O)C1=CC=C(Cl)C=C1
172,CC(N)CC1=CC=CC=C1
173,CSCC[C@H](NC(=O)[C@H](CC1=CNC2=C1C=CC=C2)NC(=O)CCNC(=O)OC(C)(C)C)C(=O)N[C@@H](CC(O)=O)C(=O)N[C@@H](CC1=CC=CC=C1)C(N)=O
174,CN1CCC[C@H]1C1=CN=CC=C1
174,CN1CCC[C@H]1C1=CN=CC=C1
175,CC1O[C@@]2(CS1)CN1CCC2CC1
176,OC1N=C(C2=CC=CC=C2Cl)C2=C(NC1=O)C=CC(Cl)=C2
177,COC(=O)CCC1=CC=C(OCC(O)CNC(C)C)C=C1
178,CC(C)C[C@H](NC(=O)[C@H](CC1=CC=CC=C1)NC(=O)C1=CN=CC=N1)B(O)O
178,CC(C)C[C@H](NC(=O)[C@H](CC1=CC=CC=C1)NC(=O)C1=CN=CC=N1)B(O)O
179,CCC(O)(\C=C\Cl)C#C
180,C[C@@](CC1=CC(O)=C(O)C=C1)(NN)C(O)=O
181,CC(C)(N)CC1=CC=CC=C1
182,CC(C)NCCCC1(C(N)=O)C2=CC=CC=C2C2=CC=CC=C12
183,COC1=CC=CC(=C1)C1(O)CCCCC1CN(C)C
184,NC1=NC=NC2=C1N=CN2[C@@H]1O[C@H](CO)[C@@H](O)[C@@H]1O
185,CC(C)NCC(O)COC1=CC=C(CCOCC2CC2)C=C1
186,OC(CN1C=NC=N1)(CN1C=NC=N1)C1=C(F)C=C(F)C=C1
187,CC1=C(C)C2=C(CCC(C)(COC3=CC=C(CC4SC(=O)NC4=O)C=C3)O2)C(C)=C1O
188,CCOC(=O)C1=C[C@@H](OC(CC)CC)[C@H](NC(C)=O)[C@@H](N)C1
189,CC[C@H]1OC(=O)[C@H](C)[C@@H](O[C@H]2C[C@@](C)(OC)[C@@H](O)[C@H](C)O2)[C@H](C)[C@@H](O[C@@H]2O[C@H](C)C[C@@H]([C@H]2O)N(C)C)[C@](C)(O)C[C@@H](C)C(=O)[C@H](C)[C@@H](O)[C@]1(C)O
190,[N+]1=2[Co-3]345([N+]6=C7[C@H]([C@@](CC(=O)N)(C)[C@@]6([C@@]6(N3C(=C(C)C3=[N+]4C(C(C)(C)[C@@H]3CCC(=O)N)=CC3=[N+]5C(=C7C)[C@@](CC(=O)N)([C@@H]3CCC(=O)N)C)[C@@](C)([C@H]6CC(=O)N)CCC(NC[C@@H](C)OP(=O)(O[C@@H]3[C@H](O[C@H](N(C4=CC(=C(C=C14)C)C)C=2)[C@@H]3O)CO)[O-])=O)[H])C)CCC(=O)N)O[H]
191,CN1C=NC2=C1C(=O)N(C)C(=O)N2C
192,C[N+](C)(C)CCOC(=O)CCC(=O)OCC[N+](C)(C)C
193,CCCC1=NN(C)C2=C1N=C(NC2=O)C1=CC(=CC=C1OCC)S(=O)(=O)N1CCN(C)CC1
194,CN(CCOC1=CC=C(NS(C)(=O)=O)C=C1)CCC1=CC=C(NS(C)(=O)=O)C=C1
195,CCC1=C(C(N)=NC(N)=N1)C1=CC=C(Cl)C=C1
196,[H][C@]12C[C@@H](OC(=O)C3=CC(OC)=C(OC)C(OC)=C3)[C@H](OC)[C@@H](C(=O)OC)[C@@]1([H])C[C@@]1([H])N(CCC3=C1NC1=C3C=CC(OC)=C1)C2
197,CC[C@H]1OC(=O)[C@H](C)[C@@H](O[C@H]2C[C@@](C)(OC)[C@@H](O)[C@H](C)O2)[C@H](C)[C@@H](O[C@@H]2O[C@H](C)C[C@@H]([C@H]2O)N(C)C)[C@](C)(O)C[C@@H](C)CN(C)[C@H](C)[C@@H](O)[C@]1(C)O
198,ClC1=CC=CC=C1CN1CCC2=C(C1)C=CS2
199,[H][C@]12CC[C@]([H])(C[C@@H](C1)OC(=O)C(O)(C1=CC=CC=C1)C1=CC=CC=C1)[N+]21CCCC1
200,COC1=C(C=C(C=C1)C1=CC2=C(C=C1)C=C(C=C2)C(O)=O)C12CC3CC(CC(C3)C1)C2
201,COC1=CC(C(O)CNC(=O)CN)=C(OC)C=C1
202,CC(C)(C)S(=O)(=O)C[C@@H](CC1=CC=CC=C1)C(=O)N[C@@H](CC1=CN=CN1)C(=O)N[C@@H](CC1CCCCC1)[C@@H](O)[C@@H](O)C1CC1
203,COC1=C(OC)C(CS(=O)C2=NC3=C(N2)C=C(OC(F)F)C=C3)=NC=C1
204,CC(C)NC(=O)NS(=O)(=O)C1=C(NC2=CC=CC(C)=C2)C=CN=C1
205,CN(C)CCCC1(OCC2=C1C=CC(=C2)C#N)C1=CC=C(F)C=C1
206,CN1CCC[C@@H]1CC1=CNC2=C1C=C(CCS(=O)(=O)C1=CC=CC=C1)C=C2
207,CN\C(NCC1=CC=CC=C1)=N/C
208,[H][C@]12CN(C[C@@]1([H])NCCC2)C1=C(F)C=C2C(=O)C(=CN(C3CC3)C2=C1OC)C(O)=O
209,CC[N+](C)(CC)CCOC(=O)C(O)(C1CCCCC1)C1=CC=CC=C1
210,[H][C@@]12CCCC[C@]1([H])CN(C[C@@H](O)[C@H](CSC1=CC=CC=C1)NC(=O)C1=C(C)C(O)=CC=C1)[C@@H](C2)C(=O)NC(C)(C)C
211,CCC(NC(C)C)C(O)C1=CC(O)=C(O)C=C1
212,CCC1=C(C)CN(C(=O)NCCC2=CC=C(C=C2)S(=O)(=O)NC(=O)N[C@H]2CC[C@H](C)CC2)C1=O
213,[H][C@@]12C[C@H](C)[C@](O)(C(=O)CO)[C@@]1(C)C[C@H](O)[C@@]1(F)[C@@]2([H])C[C@H](F)C2=CC(=O)C=C[C@]12C
214,CC(C)(C)NC(=O)[C@@H]1CN(CC2=CN=CC=C2)CCN1C[C@@H](O)C[C@@H](CC1=CC=CC=C1)C(=O)N[C@@H]1[C@H](O)CC2=CC=CC=C12
215,[Gd+3].CNC(=O)CN(CCN(CCN(CC([O-])=O)CC(=O)NC)CC([O-])=O)CC([O-])=O
216,NC(N)=NCC1COC2(CCCCC2)O1
217,[H][C@]12[C@H](C[C@@H](C)C=C1C=C[C@H](C)[C@@H]2CC[C@@H]1C[C@@H](O)CC(=O)O1)OC(=O)[C@@H](C)CC
218,FC(F)OC(F)(F)C(F)Cl
219,[H][C@]12SCC(CSC3=NN=NN3CCN(C)C)=C(N1C(=O)[C@H]2NC(=O)CC1=CSC(N)=N1)C(O)=O
220,CC(C)C[C@H](CN)CC(O)=O
221,CN1C2=C(C=C(Cl)C=C2)C(=NC(O)C1=O)C1=CC=CC=C1
222,CN1C(CCl)NC2=CC(Cl)=C(C=C2S1(=O)=O)S(N)(=O)=O
223,NC1=CC(O)=C(C=C1)C(O)=O
224,[H][C@@]1(CNCCO1)[C@H](OC1=CC=CC=C1OCC)C1=CC=CC=C1
225,CC1=C(C=C(C#N)C(=O)N1)C1=CC=NC=C1
226,BrCCC(=O)N1CCN(CC1)C(=O)CCBr
227,CCC(C)C1(CC)C(=O)NC(=O)NC1=O
228,CC1=C2NC(=O)C3=C(N=CC=C3)N(C3CC3)C2=NC=C1
229,ClC1=CC(Cl)=C(CO\N=C(/CN2C=CN=C2)C2=CC=C(Cl)C=C2Cl)C=C1
230,[H][C@@]12C[C@@H](C)[C@](O)(C(=O)CO)[C@@]1(C)C[C@H](O)[C@@]1([H])[C@@]2([H])[C@H](Cl)CC2=CC(=O)C=C[C@]12C
231,CC(C)CC1(CC=C)C(=O)NC(=O)NC1=O
232,NC1=C2N=CN([C@H]3C[C@H](O)[C@@H](CO)O3)C2=NC(Cl)=N1
233,COC1=CC=CC=C1OCC(O)CN1CCN(CC(=O)NC2=C(C)C=CC=C2C)CC1
234,NC1=CC(C(O)=O)=C(O)C=C1
235,[H][C@]12CC[C@]([H])(C[C@@]([H])(C1)OC(C1=CC=CC=C1)C1=CC=CC=C1)N2C
236,ClC1=C(CCN2CCN(CC2)C2=NSC3=CC=CC=C23)C=C2CC(=O)NC2=C1
237,[H][C@@]12CC3=CN(C)C4=C3C(=CC=C4)C1=C[C@H](CN2C)C(=O)NC(CC)CO
238,[H][C@@]12CC3=CNC4=CC=CC(=C34)[C@@]1([H])C[C@H](CN2CC=C)C(=O)N(CCCN(C)C)C(=O)NCC
239,OC[C@H]1O[C@H](C[C@@H]1O)N1C=C(I)C(=O)NC1=O
240,NC1=CC=C(C=C1)S(=O)(=O)C1=CC=C(N)C=C1
241,CC(C)N1CCN(CC1)C1=CC=C(OC[C@@H]2CO[C@](CN3C=NC=N3)(O2)C2=C(Cl)C=C(Cl)C=C2)C=C1
242,O=C1NC(=O)C(N1)(C1=CC=CC=C1)C1=CC=CC=C1
243,[H][C@@]12CC[C@H](C(C)=O)[C@@]1(C)C[C@H](O)[C@@]1([H])[C@@]2([H])C[C@H](C)C2=CC(=O)CC[C@]12C
244,[H][C@@]12[C@@H](C)C3=CC=CC(O)=C3C(=O)C1=C(O)[C@]1(O)C(=O)C(C(N)=O)=C(O)[C@@H](N(C)C)[C@]1([H])[C@H]2O
245,CC\C(=C(\CC)C1=CC=C(O)C=C1)C1=CC=C(O)C=C1
246,[H][C@@]12C[C@@]3([H])C(C(=O)C4=C(O)C=CC=C4[C@@]3(C)O)=C(O)[C@]1(O)C(=O)C(C(=O)NCNCCCC[C@H](N)C(O)=O)=C(O)[C@H]2N(C)C
247,ClC1=CC=CC=C1C(N1C=CN=C1)(C1=CC=CC=C1)C1=CC=CC=C1
248,[Ca++].CC([O-])=O.CC([O-])=O
249,NC1=CC=C(C=C1)S(N)(=O)=O
250,N[C@@H]1CONC1=O
251,ClC1=CC=C2N=C3NC(=O)CN3CC2=C1Cl
252,ClCCNC(=O)N(CCCl)N=O
253,CC1=NOC(NS(=O)(=O)C2=CC=C(N)C=C2)=C1C
254,COCCC1=CC=C(OCC(O)CNC(C)C)C=C1
255,CCN(C(=O)C=CC)C1=CC=CC=C1C
256,OC1=C(CC2=C(O)C3=C(OC2=O)C=CC=C3)C(=O)OC2=C1C=CC=C2
257,[H][C@]12SCC(CSC3=NN=NN3C)=C(N1C(=O)[C@H]2NC(=O)C(=N/OC)\C1=CSC(N)=N1)C(O)=O
258,CCCN(CCC)CCC1=C2CC(=O)NC2=CC=C1
259,COC1=CC=C(C=C1)C(Cl)=C(C1=CC=C(OC)C=C1)C1=CC=C(OC)C=C1
260,COC(=O)C1=C(C)NC(C)=C(C1C1=CC=CC2=NON=C12)C(=O)OC(C)C
261,CC(=O)NC1=C(I)C(C(O)=O)=C(I)C(NC(C)=O)=C1I
262,NCCC1=CC=NN1
263,[H][C@@]12CO[C@@]3(COS(N)(=O)=O)OC(C)(C)O[C@@]3([H])[C@]1([H])OC(C)(C)O2
264,[H][C@]12SCC(CSC3=NN=NN3C)=C(N1C(=O)[C@]2(NC(=O)CSCC#N)OC)C(O)=O
265,CCCC1=NC(=C(N1CC1=CC=C(C=C1)C1=C(C=CC=C1)C1=NN=NN1)C(O)=O)C(C)(C)O
266,COC1=C(NC2=C3C=CC=CC3=NC3=CC=CC=C23)C=CC(NS(C)(=O)=O)=C1
267,CN1C2=C(NC=N2)C(=O)N(C)C1=O
268,C[C@@H]1CCN([C@H](C1)C(O)=O)C(=O)[C@H](CCCNC(N)=N)NS(=O)(=O)C1=CC=CC2=C1NCC(C)C2
269,N[C@@H](CC1=CC(I)=C(OC2=CC(I)=C(O)C=C2)C(I)=C1)C(O)=O
270,CC(C)N(CCC(C(N)=O)(C1=CC=CC=C1)C1=NC=CC=C1)C(C)C
271,CCN(CC)CC(=O)NC1=C(C)C=CC=C1C
272,NCCC(O)(P(O)(O)=O)P(O)(O)=O
273,CN1CCC[C@@H]1CCO[C@](C)(C1=CC=CC=C1)C1=CC=C(Cl)C=C1
274,[H]C(=O)[C@H](O)[C@@H](O)[C@]([H])(O[C@@]1([H])O[C@H](CO)[C@@]([H])(O[C@H]2O[C@H](C)[C@@H](N[C@@]3([H])C=C(CO)[C@@H](O)[C@H](O)[C@H]3O)[C@H](O)[C@H]2O)[C@H](O)[C@H]1O)[C@H](O)CO
274,[H]C(=O)[C@H](O)[C@@H](O)[C@]([H])(O[C@@]1([H])O[C@H](CO)[C@@]([H])(O[C@H]2O[C@H](C)[C@@H](N[C@@]3([H])C=C(CO)[C@@H](O)[C@H](O)[C@H]3O)[C@H](O)[C@H]2O)[C@H](O)[C@H]1O)[C@H](O)CO
275,COC1=CC=C(C=C1)C(CN(C)C)C1(O)CCCCC1
276,C[C@]12CC[C@H]3C(=CCC4=C3C=CC(=C4)OS(=O)(=O)[O-])[C@@H]1CCC2=O.[Na+]
277,CC(C)OC(=O)CCC\C=C/C[C@H]1[C@@H](O)C[C@@H](O)[C@@H]1\C=C\[C@@H](O)COC1=CC=CC(=C1)C(F)(F)F
278,[H][C@@]12C[C@H]3OC4(CCCC4)O[C@@]3(C(=O)COC(C)=O)[C@@]1(C)C[C@H](O)[C@@]1(F)[C@@]2([H])CCC2=CC(=O)C=C[C@]12C
279,CNCC[C@@H](OC1=CC=CC=C1C)C1=CC=CC=C1
280,[H][C@](C)(NC(=O)[C@@]([H])(NC(=O)C1=NC(=NC(N)=C1C)[C@H](CC(N)=O)NC[C@H](N)C(N)=O)[C@@]([H])(OC1OC(CO)C(O)C(O)C1OC1OC(CO)C(O)C(OC(N)=O)C1O)C1=CNC=N1)[C@@H](O)[C@H](C)C(=O)N[C@]([H])(C(=O)NCCC1=NC(=CS1)C1=NC(=CS1)C(=O)NCCC[S+](C)C)[C@@]([H])(C)O
281,OC(=O)CCCC1=CC=C(C=C1)N(CCCl)CCCl
282,CCOC(=O)C1=CN=CN1[C@H](C)C1=CC=CC=C1
283,CN(CC1=CC2=C(NC(C)=NC2=O)C=C1)C1=CC=C(S1)C(=O)N[C@@H](CCC(O)=O)C(O)=O
284,[H][C@@]12CC[C@@](O)(C#C)[C@@]1(CC)CC(=C)[C@]1([H])[C@@]3([H])CCC(=O)C=C3CC[C@@]21[H]
285,[H][C@@]12OC3=C(O)C=CC4=C3[C@@]11CCN(C)[C@]([H])(C4)[C@]1([H])C=C[C@@H]2O
286,CCCN1CCCC[C@H]1C(=O)NC1=C(C)C=CC=C1C
287,CCCCN1CCCCC1C(=O)NC1=C(C)C=CC=C1C
288,CC1=CC=CC=C1N1CCN(CCC2=NN=C3CCCCN23)CC1
289,NC1=NC(=O)C2=C(N1)N(CCC(CO)CO)C=N2
290,[H][C@@](C)(CN1C=NC2=C(N)N=CN=C12)OCP(=O)(OCOC(=O)OC(C)C)OCOC(=O)OC(C)C
291,[H][C@]12SC(C)(C)[C@@H](N1C(=O)[C@H]2NC(=O)C1=C(C)ON=C1C1=C(Cl)C=CC=C1F)C(O)=O
292,NC[C@H]1CC[C@@H](CC1)C(O)=O
293,[H][C@]12[C@@H](C)C(S[C@]3([H])CN[C@@]([H])(C3)C(=O)NC3=CC=CC(=C3)C(O)=O)=C(N1C(=O)[C@]2([H])[C@@H](C)O)C(O)=O
294,[H][C@@]12CC[C@@](O)(C#C)[C@@]1(CC)CC(=C)[C@]1([H])[C@@]3([H])CCCC=C3CC[C@@]21[H]
295,[H][C@]12CN3C4=C([C@@H](COC(N)=O)[C@@]3(OC)[C@@]1([H])N2)C(=O)C(N)=C(C)C4=O
296,CCC(C)C1(CC=C)C(=O)NC(=O)NC1=O
297,CC1=CC2=C(C=C1C(=C)C1=CC=C(C=C1)C(O)=O)C(C)(C)CCC2(C)C
298,CCCCCCCN(CC)CCCC(O)C1=CC=C(NS(C)(=O)=O)C=C1
299,[H][C@@]12N3CC[C@@]11C4=CC(=C(OC)C=C4N(C)[C@@]1([H])[C@](O)([C@H](O)[C@]2(CC)C=CC3)C(N)=O)[C@]1(C[C@@]2([H])CN(C[C@](O)(CC)C2)CCC2=C1NC1=C2C=CC=C1)C(=O)OC
300,NS(=O)(=O)C1=C(Cl)C=CC(=C1)C1(O)NC(=O)C2=CC=CC=C12
301,CCOC1=CC2=C(C=C1)N=C(S2)S(N)(=O)=O
302,CCCC(C)C1(CC)C(=O)NC(=O)NC1=O
303,CCCC(CCC)C(O)=O
304,[H][C@@]1(CCN=C(N)N1)[C@]1([H])NC(=O)\C(NC(=O)[C@H](CNC(=O)C[C@@H](N)CCCN)NC(=O)[C@H](C)NC(=O)[C@@H](N)CNC1=O)=C/NC(N)=O.[H][C@@]1(CCN=C(N)N1)[C@]1([H])NC(=O)\C(NC(=O)[C@H](CNC(=O)C[C@@H](N)CCCN)NC(=O)[C@H](CO)NC(=O)[C@@H](N)CNC1=O)=C/NC(N)=O
305,CN(C)CCC1=CNC2=CC=C(C[C@H]3COC(=O)N3)C=C12
306,CC(=O)NC1=CC=C(O)C=C1
307,COC1=C(OCCCN2CCOCC2)C=C2C(NC3=CC(Cl)=C(F)C=C3)=NC=NC2=C1
308,[H][C@]12C=C[C@H](O)[C@@H]3OC4=C5C(C[C@H]1N(C)CC[C@@]235)=CC=C4OC
309,[H][C@]12SC(C)(C)[C@@H](N1C(=O)[C@H]2NC(=O)[C@H](NC(=O)N1CCN(CC)C(=O)C1=O)C1=CC=CC=C1)C(O)=O
310,[H][C@@]12CCCN1C(=O)[C@H](CC1=CC=CC=C1)N1C(=O)[C@](C)(NC(=O)[C@H]3CN(C)[C@]4([H])CC5=CNC6=CC=CC(=C56)[C@@]4([H])C3)O[C@@]21O
311,CN(C)CCC=C1C2=CC=CC=C2CCC2=CC=CC=C12
312,OC[C@H]1O[C@H](C[C@@H]1O)N1C=C(F)C(=O)NC1=O
313,CC1=CC=C(C=C1)C(=O)C1=CC(=C(O)C(O)=C1)[N+]([O-])=O
314,[H][C@@]12CC[C@](O)(C(C)=O)[C@@]1(C)C[C@H](O)[C@@]1(F)[C@@]2([H])C[C@H](C)C2=CC(=O)C=C[C@]12C
315,O=N[Fe--](C#N)(C#N)(C#N)(C#N)C#N
316,[Ca++].OC[C@@H](O)[C@@H](O)[C@H](O)[C@@H](O)C(O)C([O-])=O.OC[C@@H](O)[C@@H](O)[C@H](O)[C@@H](O)C(O)C([O-])=O
317,[H][C@@]12OC3=C(O)C=CC4=C3[C@@]11CCN(C)[C@]([H])(C4)[C@]1([H])CCC2=O
318,COC1=CC2=C(C=C1)N(C(=O)C1=CC=C(Cl)C=C1)C(C)=C2CC(O)=O
319,CC[C@@H](CO)NCCN[C@@H](CC)CO
320,CN(C)C(=N)NC(N)=N
321,[H][C@]12CC[C@]([H])(C[C@@H](C1)OC(=O)C(CO)C1=CC=CC=C1)[N+]2(C)C(C)C
322,CCC(=O)C(CC(C)N(C)C)(C1=CC=CC=C1)C1=CC=CC=C1
323,CN1CCN(CC1)C1=NC2=CC=CC=C2NC2=C1C=C(C)S2
324,CC(C)NCC(O)COC1=CC=C(CC(N)=O)C=C1
325,NC(=O)N\N=C\C1=CC=C(O1)[N+]([O-])=O
326,[H][C@]1(CC[C@H](Cl)[C@@H](C1)OC)\C=C(/C)[C@@]1([H])OC(=O)[C@]2([H])CCCCN2C(=O)C(=O)[C@]2(O)O[C@@]([H])([C@H](C[C@H]2C)OC)[C@H](C[C@@H](C)C\C(C)=C\[C@@H](CC)C(=O)C[C@H](O)[C@H]1C)OC
327,COC1=CC2=C(C=C1)N=C(N2)S(=O)CC1=NC=C(C)C(OC)=C1C
328,NC(=O)C1=NC=CN=C1
329,CN1CCCC(CC2C3=CC=CC=C3SC3=CC=CC=C23)C1
330,OC(=O)COCCN1CCN(CC1)C(C1=CC=CC=C1)C1=CC=C(Cl)C=C1
331,CC(C)(C)C1=CC=C(C=C1)C(O)CCCN1CCC(CC1)C(O)(C1=CC=CC=C1)C1=CC=CC=C1
332,COC1=CC=C(C=C1)[C@@H]1SC2=C(C=CC=C2)N(CCN(C)C)C(=O)[C@@H]1OC(C)=O
333,CNCCCC1C2=CC=CC=C2C=CC2=CC=CC=C12
334,NC1=CC=C(C=C1)C(=O)NCC(O)=O
335,COC1=CC2=C(C=C1OC)C(N)=NC(=N2)N(C)CCCNC(=O)C1CCCO1
336,CN1C(=O)OC(C)(C)C1=O
337,[O-][N+](=O)C1=C(C=CC(=C1)C(F)(F)F)C(=O)C1C(=O)CCCC1=O
338,CN1C2=C(C=C(Cl)C=C2)N(C2=CC=CC=C2)C(=O)CC1=O
339,NC1=CC(=NC(N)=[N+]1[O-])N1CCCCC1
340,[H][C@@]12CC[C@](OC(C)=O)(C(C)=O)[C@@]1(C)CC[C@@]1([H])[C@@]2([H])C=C(C)C2=CC(=O)CC[C@]12C
341,NC1=NC(=S)C2=C(N1)N=CN2
342,[H][C@@]12CC3=CNC4=CC=CC(=C34)C1=C[C@H](CN2C)C(=O)N[C@@H](CC)CO
343,CC(C)(C)C1=CC=C(CN2CCN(CC2)C(C2=CC=CC=C2)C2=CC=C(Cl)C=C2)C=C1
344,C[C@H]1[C@H](NC(=O)C(=N/OC(C)(C)C(=O)O)\C2=CSC([NH3+])=N2)C(=O)N1S([O-])(=O)=O
345,ClC1=CC2=C(OC(=O)N2)C=C1
346,CCC1(CCC(=O)NC1=O)C1=CC=C(N)C=C1
347,OC(C1CCCCN1)C1=CC(=NC2=C1C=CC=C2C(F)(F)F)C(F)(F)F
348,NC1=CC=C(C=C1)S(=O)(=O)NC1=NC=CC=N1
349,[H][C@@]1(CNC2=C(N1)C(=O)NC(N)=N2)[C@@H](O)[C@H](C)O
350,[H][C@@]12N(C)C3=CC(OC)=C(C=C3[C@@]11CCN3CC=C[C@](CC)([C@@]13[H])[C@@]([H])(OC(C)=O)[C@]2(O)C(=O)OC)[C@]1(C[C@@]2([H])CN(CC(CC)=C2)CC2=C1NC1=CC=CC=C21)C(=O)OC
351,CCCCCOC1=CC=C(C=C1)C2=CC=C(C=C2)C3=CC=C(C=C3)C(=O)N[C@H]4C[C@H]([C@H](NC(=O)[C@@H]5[C@H]([C@H](CN5C(=O)[C@@H](NC(=O)[C@@H](NC(=O)[C@@H]6C[C@H](CN6C(=O)[C@@H](NC4=O)[C@@H](C)O)O)[C@@H]([C@H](C7=CC=C(C=C7)O)O)O)[C@@H](C)O)C)O)O)O
352,CN1CCN(CC1)C1=NC2=CC(Cl)=CC=C2NC2=CC=CC=C12
353,O.O[Al](O)O.O[Al](O)OS(=O)(=O)OC[C@H]1O[C@@](COS(=O)(=O)O[Al](O)O)(O[C@H]2O[C@H](COS(=O)(=O)O[Al](O)O)[C@@H](OS(=O)(=O)O[Al](O)O)[C@H](OS(=O)(=O)O[Al](O)O)[C@H]2OS(=O)(=O)O[Al](O)O)[C@@H](OS(=O)(=O)O[Al](O)O)[C@@H]1OS(=O)(=O)O[Al](O)O
354,CC1CN(CCN1)C1=C(F)C(C)=C2C(=O)C(=CN(C3CC3)C2=C1)C(O)=O
355,CN(C)CCOC(C)(C1=CC=CC=C1)C1=CC=CC=N1
356,[H][C@@]12CC[C@@](O)(C#C)[C@@]1(CC)CC[C@]1([H])[C@@]3([H])CCC(=O)C=C3CC[C@@]21[H]
357,NC[C@H](O)C1=CC(O)=C(O)C=C1
358,NC1=NC(=O)N(C[C@@H](CO)OCP(O)(O)=O)C=C1
359,CN1CCN2C(C1)C1=CC=CC=C1CC1=C2N=CC=C1
360,CCCC(C)(COC(N)=O)COC(N)=O
361,CCSC1=CC2=C(SC3=CC=CC=C3N2CCCN2CCN(C)CC2)C=C1
362,[H][C@](O)(CNC(C)(C)C)COC1=NSN=C1N1CCOCC1
363,[H][C@]12C[C@@H](O)[C@H](CC[C@@H](O)CCCCC)[C@@]1([H])CC1=C(C2)C(OCC(O)=O)=CC=C1
364,C1C(O1)CCl.C(CNCCNCCNCCN)N
365,OC(CCN1CCCCC1)(C1CCCCC1)C1=CC=CC=C1
366,[H][C@]12CCCC3=C1C(=CC=C3)C(=O)N(C2)[C@@H]1CN2CCC1CC2
367,[H][C@@]12CC[C@H](C(C)=O)[C@@]1(C)CC[C@]1([H])[C@@]2([H])C=CC2=CC(=O)CC[C@@]12C
368,CC(N)COC1=C(C)C=CC=C1C
369,C[C@@H](CN1CC(=O)NC(=O)C1)N1CC(=O)NC(=O)C1
370,CCOC(=O)C1=C(COCCN)NC(C)=C(C1C1=CC=CC=C1Cl)C(=O)OC
371,NC1=C2CCCCC2=NC2=CC=CC=C12
372,CN1CCCN=C1COC(=O)C(O)(C1CCCCC1)C1=CC=CC=C1
373,NC1=NC(N)=C2N=C(C(N)=NC2=N1)C1=CC=CC=C1
374,[H][C@@]1(C[C@@](O)(CC2=C(O)C3=C(C(O)=C12)C(=O)C1=C(OC)C=CC=C1C3=O)C(=O)COC(=O)CCCC)O[C@H]1C[C@H](NC(=O)C(F)(F)F)[C@H](O)[C@H](C)O1
375,OC(CCN1CCCC1)(C1CCCCC1)C1=CC=CC=C1
376,CNC[C@H](O)C1=CC(O)=CC=C1
377,CCOC(=O)N1C=CN(C)C1=S
378,[H][C@]12CC[C@]3([H])[C@]([H])(C[C@@H](O)[C@]4(C)[C@H](CC[C@]34O)C3=CC(=O)OC3)[C@@]1(C)CC[C@@H](C2)O[C@H]1C[C@H](O)[C@H](O[C@H]2C[C@H](O)[C@H](O[C@H]3C[C@H](O)[C@H](O)[C@@H](C)O3)[C@@H](C)O2)[C@@H](C)O1
379,CCN1CCCC1CNC(=O)C1=C(OC)C=CC(=C1)S(N)(=O)=O
380,CCN(CC)C(C)CN1C2=CC=CC=C2SC2=CC=CC=C12
381,COCCOC(=O)C1=C(C)NC(C)=C(C1C1=CC(=CC=C1)[N+]([O-])=O)C(=O)OC(C)C
382,[H][C@@]12C[C@H](C)[C@](OC(=O)CC)(C(=O)COC(=O)CC)[C@@]1(C)C[C@H](O)[C@@]1(Cl)[C@@]2([H])CCC2=CC(=O)C=C[C@]12C
383,CCCC(C)(COC(N)=O)COC(=O)NC(C)C
384,[H][C@@]12CC[C@H](C(C)=O)[C@@]1(C)CC[C@@]1([H])[C@@]2([H])CCC2=CC(=O)CC[C@]12C
385,CC(N)C(O)C1=CC=CC=C1
386,CNC(=O)C1=NC=CC(OC2=CC=C(NC(=O)NC3=CC(=C(Cl)C=C3)C(F)(F)F)C=C2)=C1
387,OC(CN1C=CN=C1)(P(O)(O)=O)P(O)(O)=O
388,COC1=CC(OC)=C(Cl)C2=C1C(=O)[C@]1(O2)[C@H](C)CC(=O)C=C1OC
389,COC(=O)C1=C(C)NC(C)=C(C1C1=CC=CC=C1[N+]([O-])=O)C(=O)OCC(C)C
390,CN1CCN(CC1)C(=O)O[C@@H]1N(C(=O)C2=NC=CN=C12)C1=NC=C(Cl)C=C1
391,[H][C@](NC(=O)[C@H](CC1=CC=C(OS(O)(=O)=O)C=C1)NC(=O)[C@H](CC(O)=O)NC(=O)[C@H](CCC(N)=O)NC(=O)[C@@H]1CCC(=O)N1)([C@@H](C)O)C(=O)NCC(=O)N[C@@H](CC1=CNC2=CC=CC=C12)C(=O)N[C@@H](CCSC)C(=O)N[C@@H](CC(O)=O)C(=O)N[C@@H](CC1=CC=CC=C1)C(N)=O
392,CC1=NN=C2CN=C(C3=CC=CC=C3)C3=C(C=CC(Cl)=C3)N12
393,CN(C)CC[C@@H](C1=CC=C(Br)C=C1)C1=CC=CC=N1
394,CN(C)C1=CC=C(C=C1)C(C1=CC=C(C=C1)N(C)C)=C1C=CC(C=C1)=[N+](C)C
395,CC1=CC(=C(C=C1)OC)NC(=O)C2=CC=C(C=C2)CN3CCCCC3
396,CN1CCN(CC1)C1=NC2=CC=CC=C2OC2=C1C=C(Cl)C=C2
397,CCN1CCC[C@H]1CNC(=O)C1=C(OC)C=CC(Br)=C1OC
398,C[C@H](O)[C@H](C)[C@@H]1O[C@H]1C[C@H]1CO[C@@H](C\C(C)=C\C(=O)OCCCCCCCCC(O)=O)[C@H](O)[C@@H]1O
399,C[N+](C)(C)CCOC(N)=O
400,CN(CCOC1=CC=C(CC2SC(=O)NC2=O)C=C1)C1=CC=CC=N1
401,CCCN[C@H]1CCC2=C(C1)SC(N)=N2
402,CC(=O)C1=CC=C(C=C1)S(=O)(=O)NC(=O)NC1CCCCC1
403,[H][C@]12SC(C)(C)[C@@H](N1C(=O)[C@H]2NC(=O)[C@H](N)C1=CC=CC=C1)C(O)=O
404,[I-].[I-].[H][C@@]12CC3=CC=C(OC4=C5C(CC[N+](C)(C)[C@]5([H])CC5=CC(OC6=C(OC)C=C(CC[N+]1(C)C)C2=C6)=C(OC)C=C5)=CC(OC)=C4OC)C=C3
405,[H][C@]12SC(C)(C)[C@@H](N1C(=O)[C@H]2NC(=O)COC1=CC=CC=C1)C(O)=O
406,CCCC(C)C1(CC=C)C(=O)NC(=O)NC1=O
407,CCCCN1C[C@H](O)[C@@H](O)[C@H](O)[C@H]1CO
408,CN(C)CCCN1C2=CC=CC=C2SC2=CC=CC=C12
409,[H][C@@]12CC[C@@]3(CCC(=O)O3)[C@@]1(C)CC[C@@]1([H])[C@@]2([H])[C@@]([H])(CC2=CC(=O)CC[C@]12C)SC(C)=O
410,COC(=O)C(C1CCCCN1)C1=CC=CC=C1
411,COC1=C(OCC(O)COC(N)=O)C=CC=C1
412,CN1[C@H]2CC[C@@H]1C[C@@H](C2)OC(=O)[C@H](CO)C1=CC=CC=C1
413,CN(C)C(=O)CC1=C(N=C2C=CC(C)=CN12)C1=CC=C(C)C=C1
414,CC(=O)OCC(CCN1C=NC2=CN=C(N)N=C12)COC(C)=O
415,CC1=CC=C(C=C1)C(=C/CN1CCCC1)\C1=CC=CC=N1
416,CN(N=O)C(=O)N[C@@H](C=O)[C@@H](O)[C@H](O)[C@H](O)CO
417,NC(CO)(CO)CO.CCCCC[C@](C)(O)\C=C\[C@H]1[C@H](O)C[C@H](O)[C@@H]1C\C=C/CCCC(O)=O
418,[H][C@]12SCC(CSC3=NN=NN3C)=C(N1C(=O)[C@@]2([H])NC(=O)[C@H](NC(=O)C1=C(O)C=C(C)N=C1)C1=CC=C(O)C=C1)C(O)=O
419,Cl[C@H]1[C@H](Cl)[C@@H](Cl)[C@@H](Cl)[C@H](Cl)[C@H]1Cl
420,OC[C@H]1O[C@H](C[C@@H]1O)N1C=C(C(=O)NC1=O)C(F)(F)F
421,CN1CCN(CCCN2C3=CC=CC=C3SC3=C2C=C(Cl)C=C3)CC1
422,CN1CCC(CC1)=C1C2=CC=CC=C2C=CC2=CC=CC=C12
423,[N]=O
424,NS(=O)(=O)C1=CC2=C(NC(CC3=CC=CC=C3)NS2(=O)=O)C=C1C(F)(F)F
425,OC1=NC=NC2=C1C=NN2
426,[O-]C(=O)C1=C(CS[C@]2([H])[C@H](NC(=O)C(=N/OC(C)(C)C(O)=O)\C3=CSC(N)=N3)C(=O)N12)C[N+]1=CC=CC=C1
427,COCC1=C(C2=CC=C(F)C=C2)C(\C=C\[C@@H](O)C[C@@H](O)CC(O)=O)=C(C(C)C)N=C1C(C)C
428,COC1=CC(CC2=CN=C(N)N=C2N)=CC(OC)=C1OC
429,NC1=NC(=O)N(C=C1)[C@@H]1O[C@H](CO)[C@@H](O)C1(F)F
430,NC1=NC(=O)C2=C(N1)N(C=N2)[C@H]1C[C@H](O)[C@@H](CO)C1=C
431,[H][C@@]12C[C@H](C)[C@](O)(C(=O)CO)[C@@]1(C)C[C@H](O)[C@@]1(F)[C@@]2([H])CCC2=CC(=O)C=C[C@]12C
432,[H][C@]12COC(=O)[C@]1([H])[C@H](C1=CC(OC)=C(O)C(OC)=C1)C1=C(C=C3OCOC3=C1)[C@H]2O[C@]1([H])O[C@]2([H])CO[C@H](O[C@@]2([H])[C@H](O)[C@H]1O)C1=CC=CS1
433,COC1=CC=CC2=C1C(=O)C1=C(O)C3=C(C[C@](O)(C[C@@H]3O[C@H]3C[C@H](N)[C@@H](O)[C@H](C)O3)C(=O)CO)C(O)=C1C2=O
434,OC[C@@H](NC(=O)C(Cl)Cl)[C@H](O)C1=CC=C(C=C1)[N+]([O-])=O
435,N[C@@H](C(=O)N[C@H]1[C@H]2CCC(Cl)=C(N2C1=O)C(O)=O)C1=CC=CC=C1
436,CC1=C(OCC(F)(F)F)C=CN=C1CS(=O)C1=NC2=CC=CC=C2N1
437,CNCC(O)C1=CC(OC(=O)C(C)(C)C)=C(OC(=O)C(C)(C)C)C=C1
438,FC1=CC=C(C=C1)C(=O)CCCN1CCC(=CC1)N1C(=O)NC2=CC=CC=C12
439,N[C@@H](CC1=CC(I)=C(OC2=CC(I)=C(O)C(I)=C2)C(I)=C1)C(O)=O
440,NC[C@@H]1O[C@H](O[C@@H]2[C@@H](CO)O[C@@H](O[C@@H]3[C@@H](O)[C@H](N)C[C@H](N)[C@H]3O[C@H]3O[C@H](CN)[C@@H](O)[C@H](O)[C@H]3N)[C@@H]2O)[C@H](N)[C@@H](O)[C@@H]1O
441,[H][C@@]12C[C@@]3([H])C(=C(O)[C@]1(O)C(=O)C(C(=O)NCO)=C(O)[C@H]2N(C)C)C(=O)C1=C(C(Cl)=CC=C1O)[C@@]3(C)O
442,CCOC(=O)C1(CCN(C)CC1)C1=CC=CC=C1
443,CCOC(=O)N1CCC(CC1)=C1C2=C(CCC3=C1N=CC=C3)C=C(Cl)C=C2
444,[H][C@@]1(NC(=O)CC2=CC=CS2)C(=O)N2C(C(O)=O)=C(COC(C)=O)CS[C@]12[H]
445,COC1=C(OC)C=C2C(N)=NC(=NC2=C1)N1CCN(CC1)C(=O)C1=CC=CO1
446,CN(C)CCCN1C2=CC=CC=C2CCC2=CC=CC=C12
447,COC1=C(C)C(C)=C(\C=C\C(\C)=C\C=C\C(\C)=C\C(O)=O)C(C)=C1
448,CC1=C(C2=CC3=NC(=CC4=C(C(=C(N4)C=C5[C@@]6([C@@H](C(=CC=C6C(=N5)C=C1N2)C(=O)OC)C(=O)OC)C)C)CCC(=O)OC)C(=C3C)CCC(=O)O)C=C
449,COC1=CC2=C(C=C1)C=C(CCC(C)=O)C=C2
450,[Br-].[H][C@@]12O[C@]1([H])[C@H]1C[C@H](C[C@@H]2[N+]1(C)C)OC(=O)[C@H](CO)C1=CC=CC=C1
451,CCC1(CC)C(=O)NC(=O)N(C)C1=O
452,[Na+].CCCCC(CC)CCC(CC(C)C)OS([O-])(=O)=O
453,OC(=O)C1CCN2C1=CC=C2C(=O)C1=CC=CC=C1
454,[H][C@@]12OC(=O)[C@@]34OC3C[C@@](O)(C3[C@@H](C1OC3=O)C(C)=C)[C@@]24C.[H][C@@]12C[C@@]3(O)C4[C@@H](C(OC4=O)[C@@]4([H])OC(=O)[C@]1(O2)[C@@]34C)C(C)(C)O
455,CCN1C=C(C(O)=O)C(=O)C2=CC(F)=C(N=C12)N1CCNCC1
456,[H][C@]1(C[C@@H]2CC[N@]1C[C@@H]2C=C)[C@H](O)C1=CC=NC2=CC=C(OC)C=C12
457,CN1C(C(=O)NC2=CC=CC=N2)=C(O)C2=C(C=CS2)S1(=O)=O
458,[H][C@@]12C=C(C)CC[C@@]1([H])C(C)(C)OC1=C2C(O)=CC(CCCCC)=C1
459,OC(=O)CC1(CC1)CS[C@H](CCC1=CC=CC=C1C(O)(C)C)C1=CC=CC(\C=C\C2=NC3=C(C=CC(Cl)=C3)C=C2)=C1
460,CNCCC(OC1=CC=C(C=C1)C(F)(F)F)C1=CC=CC=C1
461,CC(CNC1CCCCC1)OC(=O)C1=CC=CC=C1
462,CCC#CC(C)C1(CC=C)C(=O)NC(=O)N(C)C1=O
463,CNC1=NC2=C(C=C(Cl)C=C2)C(C2=CC=CC=C2)=[N+]([O-])C1
464,CNCC[C@H](OC1=CC=CC2=CC=CC=C12)C1=CC=CS1
465,CN(C)CCCN1C2=CC=CC=C2SC2=C1C=C(Cl)C=C2
466,CC(N)C12CC3CC(CC(C3)C1)C2
467,NCC[C@H](O)C(=O)N[C@@H]1C[C@H](N)[C@@H](O[C@H]2O[C@H](CN)[C@@H](O)[C@H](O)[C@H]2O)[C@H](O)[C@H]1O[C@H]1O[C@H](CO)[C@@H](O)[C@H](N)[C@H]1O
468,NC1=CC=CC2=C1CN(C1CCC(=O)NC1=O)C2=O
469,OC1=CC=C(C=C1)C1=C(C(=O)C2=CC=C(OCCN3CCCCC3)C=C2)C2=C(S1)C=C(O)C=C2
470,CC1=CC=C(C=C1)C1=CC(=NN1C1=CC=C(C=C1)S(N)(=O)=O)C(F)(F)F
471,[I-].[I-].[I-].CC[N+](CC)(CC)CCOC1=CC=CC(OCC[N+](CC)(CC)CC)=C1OCC[N+](CC)(CC)CC
472,BrC1=C(NC2=NCCN2)C=CC2=NC=CN=C12
473,[H][C@]12SC(C)(C)[C@@H](N1C(=O)[C@H]2NC(=O)C1=C(C)ON=C1C1=C(Cl)C=CC=C1Cl)C(O)=O
474,[H][C@@]12CC(=O)CC[C@@]1([H])C(C)(C)OC1=CC(=CC(O)=C21)C(C)(C)CCCCCC
475,CCN1C=C(C(O)=O)C(=O)C2=CC(F)=C(C=C12)N1CCN(C)CC1
476,CN(C)C1=NC(=NC(=N1)N(C)C)N(C)C
477,CC(C)NCC(O)C1=CC=C(NS(C)(=O)=O)C=C1
478,O=C1CC2(CCCC2)CC(=O)N1CCCCN1CCN(CC1)C1=NC=CC=N1
479,OCCN1C[C@H](O)[C@@H](O)[C@H](O)[C@H]1CO
480,CCC(=O)O[C@@H](OP(=O)(CCCCC1=CC=CC=C1)CC(=O)N1C[C@@H](C[C@H]1C(O)=O)C1CCCCC1)C(C)C
481,[H][C@]12SCC(COC(C)=O)=C(N1C(=O)[C@H]2NC(=O)C(=N/OC)\C1=CSC(N)=N1)C(O)=O
482,CCN(CC)C(=O)C(=C\C1=CC(=C(O)C(O)=C1)[N+]([O-])=O)\C#N
483,CC1=CN([C@H]2C[C@H](N=[N+]=[N-])[C@@H](CO)O2)C(=O)NC1=O
484,NC(=O)C([C@@H]1CCN(CCC2=CC3=C(OCC3)C=C2)C1)(C1=CC=CC=C1)C1=CC=CC=C1
485,COC1=C2O[C@H]3C(=O)CC[C@@]4(O)[C@H]5CC(C=C1)=C2[C@@]34CCN5C
486,O=C1C(C(=O)C2=CC=CC=C12)C1=CC=CC=C1
487,CC(C)C(=O)NC1=CC(=C(C=C1)[N+]([O-])=O)C(F)(F)F
488,CN1C(CC(O)=O)=CC=C1C(=O)C1=CC=C(C)C=C1
489,CN\C(NCCSCC1=C(C)NC=N1)=N\C#N
490,OC1(CCN(CCCC(=O)C2=CC=C(F)C=C2)CC1)C1=CC=C(Cl)C=C1
491,CC(C)[C@H](NC(=O)N(C)CC1=CSC(=N1)C(C)C)C(=O)N[C@H](C[C@H](O)[C@H](CC1=CC=CC=C1)NC(=O)OCC1=CN=CS1)CC1=CC=CC=C1
492,[H][C@@]12CCCC[C@@]11CCN(CC=C)[C@@H]2CC2=C1C=C(O)C=C2
493,CC[N+](CC)(CC)CCC(O)(C1CCCCC1)C1=CC=CC=C1
494,CC(=O)OC1=CC=CC=C1C(=O)NC1=NC=C(S1)[N+]([O-])=O
495,CN(C)CCCN1C2=CC=CC=C2SC2=C1C=C(C=C2)C(F)(F)F
496,N[C@H](CC1=CC(I)=C(OC2=CC(I)=C(O)C(I)=C2)C(I)=C1)C(O)=O
497,[H][C@@]1(CC[C@]2(O)[C@]3([H])CC[C@]4([H])C[C@H](CC[C@]4(C)[C@@]3([H])CC[C@]12C)O[C@H]1C[C@H](O)[C@H](O[C@H]2C[C@H](O)[C@H](O[C@H]3C[C@H](OC(C)=O)[C@H](O)[C@@H](C)O3)[C@@H](C)O2)[C@@H](C)O1)C1=CC(=O)OC1
498,CN[C@H](CC(C)C)C(=O)N[C@@H]1[C@H](O)C2=CC=C(OC3=C(O[C@@H]4O[C@H](CO)[C@@H](O)[C@H](O)[C@H]4O[C@H]4C[C@](C)(N)[C@H](O)[C@H](C)O4)C4=CC(=C3)[C@@H](NC(=O)[C@H](CC(N)=O)NC1=O)C(=O)N[C@@H]1C3=CC(=C(O)C=C3)C3=C(O)C=C(O)C=C3[C@H](NC(=O)[C@@H](NC1=O)[C@H](O)C1=CC(Cl)=C(O4)C=C1)C(O)=O)C(Cl)=C2
499,NCCCCCC(O)=O
500,[H][C@]12CCCC[C@]11CCN(C)[C@H]2CC2=C1C=C(OC)C=C2
501,[H][N]([H])([H])[Pt](Cl)(Cl)[N]([H])([H])[H]
502,O.O=[Al]O[Al]=O.O=[Si]=O
503,[Br-].CCCC(CCC)C(=O)O[C@H]1CC2CCC(C1)[N+]2(C)C
504,CCCSC1=CC2=C(C=C1)N=C(NC(=O)OC)N2
505,[H][C@@]12C[C@H](N(C(=O)[C@H](C)N[C@@H](CCC3=CC=CC=C3)C(=O)OCC)[C@@]1([H])CCCC2)C(O)=O
506,[H][C@@]12C[C@@H](O)CN1C(=O)[C@@H](NC(=O)[C@]([H])(C[C@@H](O)[C@@H](NCCN)NC(=O)[C@@H]1[C@@H](O)CCN1C(=O)[C@@H](NC(=O)[C@@H](NC2=O)[C@H](O)[C@@H](O)C1=CC=C(O)C=C1)[C@H](O)CCN)NC(=O)CCCCCCCC[C@@H](C)C[C@@H](C)CC)[C@@H](C)O
507,CC(C)(C)NCC(O)COC1=CC=CC2=C1CCC(=O)N2
508,OC(=O)C1=CC=C(NC(=O)[C@H](CC2=CC=C(O)C=C2)NC(=O)C2=CC=CC=C2)C=C1
508,OC(=O)C1=CC=C(NC(=O)[C@H](CC2=CC=C(O)C=C2)NC(=O)C2=CC=CC=C2)C=C1
509,C\C(\C=C\C1=C(C)CCCC1(C)C)=C\C=C\C(\C)=C\C(O)=O
510,CC1NC2=CC(Cl)=C(C=C2C(=O)N1C1=CC=CC=C1C)S(N)(=O)=O
511,CN(C(=S)OC1=CC2=CC=CC=C2C=C1)C1=CC=CC(C)=C1
512,[H][N]1([H])[C@@H]2CCCC[C@H]2[N]([H])([H])[Pt]11OC(=O)C(=O)O1
513,CCCCOC1=NC2=CC=CC=C2C(=C1)C(=O)NCCN(CC)CC
514,COC(=O)C1=C(C)NC(C)=C(C1C1=CC(=CC=C1)[N+]([O-])=O)C(=O)OC(C)(C)CN(C)CCC(C1=CC=CC=C1)C1=CC=CC=C1
515,OC(=O)P(O)(O)=O
516,COCCOC1=CC2=C(C=C1OCCOC)C(NC1=CC(=CC=C1)C#C)=NC=N2
517,ClCCN(CCCl)P1(=O)NCCCO1
518,CCC1(NC(=O)N(C)C1=O)C1=CC=CC=C1
519,CS(=O)(=O)C1=CC=C(C=C1)C1=C(C(=O)OC1)C1=CC=CC=C1
520,COC(CNC(N)=O)C[Hg]Cl
521,[H][C@]12SCC(C=C)=C(N1C(=O)[C@H]2NC(=O)C(=N/O)\C1=CSC(N)=N1)C(O)=O
522,NC(N)=N
523,OC(=O)C1=CN(C2CC2)C2=CC(N3CCNCC3)=C(F)C=C2C1=O
524,[Gd+3].COCCNC(=O)CN(CCN(CCN(CC([O-])=O)CC(=O)NCCOC)CC([O-])=O)CC([O-])=O
525,CN(C)CCOC1=CC=C(C=C1)C(=C(\CCCl)C1=CC=CC=C1)\C1=CC=CC=C1
526,CNCCC=C1C2=CC=CC=C2CCC2=CC=CC=C12
527,[H][C@@]12N3CC[C@@]11C4=C(C=C(OC)C(=C4)[C@]4(C[C@H]5C[N@](C[C@](O)(CC)C5)CCC5=C4NC4=CC=CC=C54)C(=O)OC)N(C=O)[C@@]1([H])[C@](O)([C@H](OC(C)=O)[C@]2(CC)C=CC3)C(=O)OC
528,[H][C@@]1(CCC2=CC=CC=C2N(CC(O)=O)C1=O)N[C@@H](CCC1=CC=CC=C1)C(=O)OCC
529,ClC1=CC2=C(OC3=CC=CC=C3N=C2N2CCNCC2)C=C1
530,FC1=CNC(=O)NC1=O
531,CN(C)C(=O)OC1=C[N+](C)=CC=C1
532,CN(C)CC1=NN=C2CN=C(C3=CC=CC=C3)C3=C(C=CC(Cl)=C3)N12
533,[H][C@@]12C[C@@H](C)[C@H](C(=O)CO)[C@@]1(C)C[C@H](O)[C@@]1(F)[C@@]2([H])CCC2=CC(=O)C=C[C@]12C
534,OC(=O)CCCCCCCC(O)=O
535,COC1=CC(=CC=C1CC1=CN(C)C2=C1C=C(NC(=O)OC1CCCC1)C=C2)C(=O)NS(=O)(=O)C1=CC=CC=C1C
536,CCCC1=CC(=O)NC(=S)N1
537,CC(=O)NO
538,OC[C@H]1O[C@H](C[C@@H]1O)N1C=NC2=C1N=CNC[C@H]2O
539,COC1=C2OC(=O)C=CC2=CC2=C1OC=C2
540,CN1C(C(=O)NC2=NC=CC=C2)=C(O)C2=C(C=CC=C2)S1(=O)=O
541,NC1=NC(N)=C(N=N1)C1=C(Cl)C(Cl)=CC=C1
542,FC(F)(F)C(F)(F)C(F)(F)F
543,OCCOCCN1CCN(CC1)C(C1=CC=CC=C1)C1=CC=C(Cl)C=C1
544,[H][C@]1(OC(=C[C@H](N=C(N)N)[C@H]1NC(C)=O)C(O)=O)[C@H](O)[C@H](O)CO
545,COC1=CC=CC=C1OC1=C(NS(=O)(=O)C2=CC=C(C=C2)C(C)(C)C)N=C(N=C1OCCO)C1=NC=CC=N1
546,[H][C@@]12CC3=C(C(O)=C(NC(=O)CNC(C)(C)C)C=C3N(C)C)C(=O)C1=C(O)[C@]1(O)C(=O)C(C(N)=O)=C(O)[C@@H](N(C)C)[C@]1([H])C2
547,CCN1CC(CCN2CCOCC2)C(C1=O)(C1=CC=CC=C1)C1=CC=CC=C1
548,NS(=O)(=O)C1=CC2=C(C=C1Cl)N=C(CSCC1=CC=CC=C1)NS2(=O)=O
549,CN(CC1=CN=C2N=C(N)N=C(N)C2=N1)C1=CC=C(C=C1)C(=O)N[C@@H](CCC(O)=O)C(O)=O
550,NC(=O)N1C2=CC=CC=C2C=CC2=CC=CC=C12
551,COC1=CC2=C(C=C1OC)[C@@H](CC1=CC(OC)=C(OC)C=C1)[N@@+](C)(CCC(=O)OCCCCCOC(=O)CC[N@@+]1(C)CCC3=C(C=C(OC)C(OC)=C3)[C@H]1CC1=CC(OC)=C(OC)C=C1)CC2
552,OC(=O)[C@@H](S)[C@@H](S)C(O)=O
553,[H][C@]12SCC(C)=C(N1C(=O)[C@H]2NC(=O)[C@H](N)C1=CC=CC=C1)C(O)=O
554,C(\C=C\C1=CC=CC=C1)N1CCN(CC1)C(C1=CC=CC=C1)C1=CC=CC=C1
555,CO[C@H]1O[C@H](COS(O)(=O)=O)[C@@H](O[C@@H]2O[C@H]([C@@H](O[C@H]3O[C@H](COS(O)(=O)=O)[C@@H](O[C@@H]4O[C@@H]([C@@H](O[C@H]5O[C@H](COS(O)(=O)=O)[C@@H](O)[C@H](O)[C@H]5NS(O)(=O)=O)[C@H](O)[C@H]4O)C(O)=O)[C@H](OS(O)(=O)=O)[C@H]3NS(O)(=O)=O)[C@H](O)[C@H]2OS(O)(=O)=O)C(O)=O)[C@H](O)[C@H]1NS(O)(=O)=O
556,[H][C@@]12N(C)C3=CC(OC)=C(C=C3[C@@]11CCN3CC=C[C@@](CC)([C@@H](OC(C)=O)[C@]2(O)C(=O)OC)[C@@]13[H])[C@]1(C[C@@]2([H])CN(C[C@](O)(CC)C2)CCC2=C1NC1=C2C=CC=C1)C(=O)OC
557,CC(C)NCC(O)COC1=CC=CC2=C1C=CC=C2
558,CN1[C@H]2CC[C@@H]1C[C@@H](C2)OC(=O)C(CO)C1=CC=CC=C1
559,CC(C(O)=O)C1=CC(OC2=CC=CC=C2)=CC=C1
560,CCNC(C)CC1=CC=CC(=C1)C(F)(F)F
561,ClC1=CC=CC(Cl)=C1NC1=NCCN1
562,CC1=NN=C(NS(=O)(=O)C2=CC=C(N)C=C2)S1
563,CC(C)[C@H](N)C(=O)OCCOCN1C=NC2=C1NC(N)=NC2=O
564,[H][C@]12SC(C)(C)[C@@H](N1C(=O)[C@H]2NC(=O)C(C(O)=O)C1=CC=CC=C1)C(O)=O
565,OC1(N2CCN=C2C2=CC=CC=C12)C1=CC=C(Cl)C=C1
566,CC1=C(C(=NO1)C1=CC=CC=C1)C1=CC=C(C=C1)S(N)(=O)=O
567,OC[C@H]1O[C@](O)(CO)[C@@H](O)[C@@H]1O[C@@H]1O[C@H](CO)[C@H](O)[C@H](O)[C@H]1O
568,C[C@@H](C1=NC=NC=C1F)[C@](O)(CN1C=NC=N1)C1=C(F)C=C(F)C=C1
569,C[N+](C)(C)C[C@H](O)CC([O-])=O
570,CCOC(=O)[C@H](CCC1=CC=CC=C1)N[C@@H](C)C(=O)N1CCC[C@H]1C(O)=O
571,CNC(NCCSCC1=CSC(CN(C)C)=N1)=C[N+]([O-])=O
572,OC(=O)CC1=CC=CC=C1NC1=C(Cl)C=CC=C1Cl
573,CCC(CC)(CC(=O)NC1=CC(\C=C\C2=NC(=CS2)C2CCC2)=CC=C1)C(O)=O
574,[H][C@@]12C[C@@H](C)[C@](OC(=O)CC)(C(=O)SCF)[C@@]1(C)C[C@H](O)[C@@]1(F)[C@@]2([H])C[C@H](F)C2=CC(=O)C=C[C@]12C
575,[H][C@@]12CC3=CNC4=CC=CC(=C34)C1=C[C@@H](CN2C)NC(=O)N(CC)CC
576,COC1=C(OC)C=C2C(N)=NC(=NC2=C1)N1CCN(CC1)C(=O)C1COC2=CC=CC=C2O1
577,[H][C@@]12C[C@@]3([H])[C@]4([H])C[C@H](F)C5=CC(=O)C=C[C@]5(C)[C@@]4(F)[C@@H](O)C[C@]3(C)[C@@]1(OC(C)(C)O2)C(=O)CO
578,C1CNCCN1
579,CCC1(C)CC(=O)NC1=O
580,NC(=N)NC(=O)C1=NC(Cl)=C(N)N=C1N
581,[H][C@@]12[C@@H](O)[C@@]3([H])C(C(=O)C4=C(C=CC=C4O)[C@@]3(C)O)=C(O)[C@]1(O)C(=O)C(C(N)=O)=C(O)[C@H]2N(C)C
582,[H][C@@]12C[C@H](C)[C@](O)(C(=O)CCl)[C@@]1(C)C[C@H](O)[C@@]1(F)[C@@]2([H])C[C@H](F)C2=CC(=O)C=C[C@]12C
583,[Gd+3].CC(O)CN1CCN(CC([O-])=O)CCN(CC([O-])=O)CCN(CC([O-])=O)CC1
584,CC(CCC1=CC=CC=C1)NCC(O)C1=CC(C(N)=O)=C(O)C=C1
585,CCCC(C)C1(CC)C(=O)NC(=S)NC1=O
586,OC1=CC=C(OCC2=CC=CC=C2)C=C1
587,CC(=O)NC[C@H]1CN(C(=O)O1)C1=CC(F)=C(C=C1)N1CCOCC1
588,[H][C@@]12OC\C3=C/C=C/[C@H](C)[C@H](O[C@H]4C[C@H](OC)[C@@H](O[C@H]5C[C@H](OC)[C@@H](O)[C@H](C)O5)[C@H](C)O4)\C(C)=C\C[C@]4([H])C[C@@]([H])(C[C@]5(CC[C@H](C)[C@]([H])(O5)C(C)C)O4)OC(=O)[C@]([H])(C=C(C)[C@H]1O)[C@@]23O.[H][C@@]12OC\C3=C/C=C/[C@H](C)[C@H](O[C@H]4C[C@H](OC)[C@@H](O[C@H]5C[C@H](OC)[C@@H](O)[C@H](C)O5)[C@H](C)O4)\C(C)=C\C[C@]4([H])C[C@@]([H])(C[C@]5(CC[C@H](C)[C@]([H])(O5)[C@@H](C)CC)O4)OC(=O)[C@]([H])(C=C(C)[C@H]1O)[C@@]23O
589,[H][C@@]12CC[C@](OC(C)=O)(C(C)=O)[C@@]1(C)CC[C@@]1([H])[C@@]2([H])C[C@H](C)C2=CC(=O)CC[C@]12C
590,CO[C@H]1CN(CCCOC2=CC=C(F)C=C2)CC[C@H]1NC(=O)C1=CC(Cl)=C(N)C=C1OC
591,CC1=C(CC(O)=O)C2=CC(F)=CC=C2\C1=C/C1=CC=C(C=C1)S(C)=O
592,NS(=O)(=O)C1=C(Cl)C=C2NC(NS(=O)(=O)C2=C1)C1CC2CC1C=C2
593,[H][C@]12SC(C)(C)[C@@H](N1C(=O)[C@H]2NC(=O)C1=C(OCC)C=CC2=CC=CC=C12)C(O)=O
594,CCN(CC)CCCC(C)NC1=CC=NC2=CC(Cl)=CC=C12
595,CCC1=NC=CC(=C1)C(N)=S
596,C[C@H](N)[C@H](O)C1=CC(O)=CC=C1
597,[H][C@@]12CC3=C(C=C(O)C=C3)[C@]3(CCCC[C@@]13O)CCN2CC1CCC1
598,CC(C)NCC(O)COC1=CC=C(COCCOC(C)C)C=C1
599,CCN(CC)CC1=C(O)C=CC(NC2=C3C=CC(Cl)=CC3=NC=C2)=C1
600,[O-][N+](=O)C1=CC=C(O1)\C=N\N1CCOC1=O
601,CO[C@H]1\C=C\O[C@@]2(C)OC3=C(C2=O)C2=C(C(O)=C3C)C(=O)C(NC(=O)\C(C)=C/C=C/[C@H](C)[C@H](O)[C@@H](C)[C@@H](O)[C@@H](C)[C@H](OC(C)=O)[C@@H]1C)=C1NC3(CCN(CC3)CC(C)C)N=C21
602,COCCOC[C@H](CC1(CCCC1)C(=O)N[C@H]1CC[C@H](CC1)C(O)=O)C(=O)OC1=CC2=C(CCC2)C=C1
603,CCC1(C)OC(=O)N(C)C1=O
604,[H][C@]12C[C@@]3([H])[C@H](N(C)C)C(O)=C(C(N)=O)C(=O)[C@@]3(O)C(O)=C1C(=O)C1=C([C@H]2O)C(Cl)=CC=C1O
605,CN1CCN(CC2=CC=C(C=C2)C(=O)NC2=CC(NC3=NC=CC(=N3)C3=CN=CC=C3)=C(C)C=C2)CC1
606,[H][C@@]12C[C@@H](O)[C@](O)(C(=O)CO)[C@@]1(C)C[C@H](O)[C@@]1(F)[C@@]2([H])CCC2=CC(=O)C=C[C@]12C
607,[H][C@@]12CC[C@](C)(O)[C@@]1(C)CC[C@@]1([H])[C@@]2([H])CC[C@@]2([H])CC(=O)OC[C@]12C
608,COC(=O)C1=C(C)NC(C)=C(C1C1=CC(=CC=C1)[N+]([O-])=O)C(=O)OCCN(C)CC1=CC=CC=C1
609,OCCN1CCN(CCCN2C3=CC=CC=C3SC3=C2C=C(C=C3)C(F)(F)F)CC1
610,[H][C@@]12CC[C@H](O)[C@@]1(C)CC[C@@]1([H])[C@@]2([H])CCC2=CC(=O)CC[C@]12C
611,FC(F)(F)[C@]1(OC(=O)NC2=C1C=C(Cl)C=C2)C#CC1CC1
612,CC[C@H](C)[C@H](N)C1=N[C@@H](CS1)C(=O)N[C@@H](CC(C)C)C(=O)N[C@H](CCC(O)=O)C(=O)N[C@@H]([C@@H](C)CC)C(=O)N[C@H]1CCCCNC(=O)[C@H](CC(N)=O)NC(=O)[C@@H](CC(O)=O)NC(=O)[C@H](CC2=CNC=N2)NC(=O)[C@@H](CC2=CC=CC=C2)NC(=O)[C@@H](NC(=O)[C@@H](CCCN)NC1=O)[C@@H](C)CC
613,OC(=O)C1=CN=CC=C1
614,OC(=O)C1N=C(C2=CC=CC=C2)C2=C(NC1=O)C=CC(Cl)=C2
615,NC(N)=NN=CC1=C(Cl)C=CC=C1Cl
616,NCCCC(O)(P(O)(O)=O)P(O)(O)=O
617,[H][C@]1(F)[C@H](O)[C@@H](CO)O[C@H]1N1C=NC2=C(N)N=C(Cl)N=C12
618,CCCCCCCCCCCCCCCCCCCCCCO
619,C[C@H](C1=CNC=N1)C1=C(C)C(C)=CC=C1
620,CC(=O)NS(=O)(=O)C1=CC=C(N)C=C1
621,[H][C@@]12CC[C@](O)(C(=O)CO)[C@@]1(C)CC(=O)[C@@]1([H])[C@@]2([H])CCC2=CC(=O)C=C[C@]12C
622,CCOC(=O)C(C)(C)OC1=CC=C(Cl)C=C1
623,COC1=CC=C(CCN2CCC(CC2)NC2=NC3=CC=CC=C3N2CC2=CC=C(F)C=C2)C=C1
624,C([C@@H]1[C@H]([C@@H]([C@H]([C@H](O1)O[C@]2([C@H]([C@@H]([C@H](O2)CO)O)O)CO[C@]3([C@H]([C@@H]([C@H](O3)CO)O)O)CO[C@]4([C@H]([C@@H]([C@H](O4)CO)O)O)CO[C@]5([C@H]([C@@H]([C@H](O5)CO)O)O)CO[C@]6([C@H]([C@@H]([C@H](O6)CO)O)O)CO[C@]7([C@H]([C@@H]([C@H](O7)CO)O)O)CO[C@]8([C@H]([C@@H]([C@H](O8)CO)O)O)CO[C@]9([C@H]([C@@H]([C@H](O9)CO)O)O)CO[C@]1([C@H]([C@@H]([C@H](O1)CO)O)O)CO[C@]1([C@H]([C@@H]([C@H](O1)CO)O)O)CO[C@]1([C@H]([C@@H]([C@H](O1)CO)O)O)CO[C@]1([C@H]([C@@H]([C@H](O1)CO)O)O)CO[C@]1([C@H]([C@@H]([C@H](O1)CO)O)O)CO[C@]1([C@H]([C@@H]([C@H](O1)CO)O)O)CO[C@]1([C@H]([C@@H]([C@H](O1)CO)O)O)CO[C@]1([C@H]([C@@H]([C@H](O1)CO)O)O)CO[C@]1([C@H]([C@@H]([C@H](O1)CO)O)O)CO[C@]1([C@H]([C@@H]([C@H](O1)CO)O)O)CO[C@]1([C@H]([C@@H]([C@H](O1)CO)O)O)CO[C@]1([C@H]([C@@H]([C@H](O1)CO)O)O)CO[C@]1([C@H]([C@@H]([C@H](O1)CO)O)O)CO[C@]1([C@H]([C@@H]([C@H](O1)CO)O)O)CO[C@]1([C@H]([C@@H]([C@H](O1)CO)O)O)CO[C@]1([C@H]([C@@H]([C@H](O1)CO)O)O)CO[C@]1([C@H]([C@@H]([C@H](O1)CO)O)O)CO[C@]1([C@H]([C@@H]([C@H](O1)CO)O)O)CO[C@]1([C@H]([C@@H]([C@H](O1)CO)O)O)CO[C@]1([C@H]([C@@H]([C@H](O1)CO)O)O)CO[C@]1([C@H]([C@@H]([C@H](O1)CO)O)O)CO[C@]1([C@H]([C@@H]([C@H](O1)CO)O)O)CO[C@]1([C@H]([C@@H]([C@H](O1)CO)O)O)CO[C@]1([C@H]([C@@H]([C@H](O1)CO)O)O)CO[C@]1([C@H]([C@@H]([C@H](O1)CO)O)O)CO[C@]1([C@H]([C@@H]([C@H](O1)CO)O)O)CO[C@]1([C@H]([C@@H]([C@H](O1)CO)O)O)CO[C@]1([C@H]([C@@H]([C@H](O1)CO)O)O)CO[C@]1([C@H]([C@@H]([C@H](O1)CO)O)O)CO)O)O)O)O
625,ClC1=CC=C(CCC(CN2C=CN=C2)SC2=C(Cl)C=CC=C2Cl)C=C1
626,NC1=C2N=CN([C@@H]3O[C@H](CO)[C@@H](O)[C@H]3O)C2=NC=N1
627,[H][C@]12[C@H](C[C@@H](C)C=C1C=C[C@H](C)[C@@H]2CC[C@@H]1C[C@@H](O)CC(=O)O1)OC(=O)C(C)(C)CC
628,NC1=NC(=O)C2=C(NC=C2CCC2=CC=C(C=C2)C(=O)N[C@@H](CCC(O)=O)C(O)=O)N1
629,COC(=O)NC1=NC2=C(N1)C=C(C=C2)C(=O)C1=CC=CC=C1
630,CC(C)CC(C(=O)NC(CCCN=C(N)N)C(=O)N1CCCC1C(=O)NCC(=O)N)NC(=O)CNC(=O)C(CC2=CC=C(C=C2)O)NC(=O)C(CO)NC(=O)C(CC3=CNC4=CC=CC=C43)NC(=O)C(CC5=CN=CN5)NC(=O)C6CCC(=O)N6
631,CCCCOC1=CC=C(C=C1)C(=O)CCN1CCCCC1
632,[H][C@]12C[C@@H](O[C@@H]3O[C@H](C)[C@@H](O)[C@H](N)[C@@H]3O)\C=C\C=C\C=C\C=C\CC\C=C\C=C\[C@H](C)[C@@H](O)[C@@H](C)[C@H](C)OC(=O)C[C@H](O)C[C@H](O)C[C@H](O)CC[C@@H](O)[C@H](O)C[C@](O)(C[C@H](O)[C@H]1C(O)=O)O2
633,CCC(=O)O[C@@](CC1=CC=CC=C1)([C@H](C)CN(C)C)C1=CC=CC=C1
634,ClC(Cl)C(C1=CC=C(Cl)C=C1)C1=CC=CC=C1Cl
635,CC1=CN([C@@H]2O[C@H](CO)C=C2)C(=O)NC1=O
636,[H]C(=O)N1C(CNC2=CC=C(C=C2)C(=O)N[C@@H](CCC(O)=O)C(O)=O)CNC2=C1C(=O)NC(N)=N2
637,CN1C2=C(N(CC(O)CO)C=N2)C(=O)N(C)C1=O
638,CC1C2CC3=C(C=C(O)C=C3)C1(C)CCN2CC=C(C)C
639,[Mg++].[O-]S([O-])(=O)=O
640,CC(C)OC(=O)CCC\C=C/C[C@H]1[C@@H](O)C[C@@H](O)[C@@H]1CC[C@@H](O)CCC1=CC=CC=C1
641,[H][C@@]12CCC(=O)[C@@]1(C)CC[C@]1([H])C3=C(CC[C@@]21[H])C=C(O)C=C3
642,ClC1=CC=CC(=C1)N1CCN(CCCN2N=C3C=CC=CN3C2=O)CC1
643,CNC1(C)C2CCC(C2)C1(C)C
644,NCC=C.ClCC1CO1
645,CC(=O)NCCCS(O)(=O)=O
646,CC1=CC(OCC2CNC(=O)O2)=CC(C)=C1
647,COC1=C(OC)C=C(CCN(C)CCCC(C#N)(C(C)C)C2=CC(OC)=C(OC)C=C2)C=C1
648,COC1=CC(=CC(OC)=C1OC)C(=O)NCC1=CC=C(OCCN(C)C)C=C1
649,[H][C@@]12C[C@@H](C)[C@](O)(C(=O)CO)[C@@]1(C)C[C@H](O)[C@@]1(F)[C@@]2([H])C[C@H](F)C2=CC(=O)C=C[C@]12C
650,COC1=NC=CN=C1NS(=O)(=O)C1=CC=C(N)C=C1
651,CC1(C)NC(=O)N(C1=O)C1=CC(=C(C=C1)[N+]([O-])=O)C(F)(F)F
652,CC(C)C[C@H](NC(=O)[C@@H](CC1=CC2=C(C=CC=C2)C=C1)NC(=O)[C@H](CC1=CC=C(O)C=C1)NC(=O)[C@H](CO)NC(=O)[C@H](CC1=CNC2=CC=CC=C12)NC(=O)[C@H](CC1=CNC=N1)NC(=O)[C@@H]1CCC(=O)N1)C(=O)N[C@@H](CCCNC(N)=N)C(=O)N1CCC[C@H]1C(=O)NCC(N)=O
653,CNC[C@H](O)C1=CC(O)=C(O)C=C1
654,CNS(=O)(=O)CC1=CC=C2NC=C(CCN(C)C)C2=C1
655,CN1CCN(CC(=O)N2C3=CC=CC=C3C(=O)NC3=C2N=CC=C3)CC1
656,[H][C@]12SCC(C=C)=C(N1C(=O)[C@H]2NC(=O)C(=N/OCC(O)=O)\C1=CSC(N)=N1)C(O)=O
657,CCCNC(=O)NS(=O)(=O)C1=CC=C(Cl)C=C1
658,C[C@@H](O[C@H]1OCCN(CC2=NNC(=O)N2)[C@H]1C1=CC=C(F)C=C1)C1=CC(=CC(=C1)C(F)(F)F)C(F)(F)F
659,[H][C@]12C[C@@H](O)C=C[C@]11CCN(C)CC3=C1C(O2)=C(OC)C=C3
660,CC\C(=C(/C1=CC=CC=C1)C1=CC=C(OCCN(C)C)C=C1)C1=CC=CC=C1
661,O=C(OCC1=CC=CC=C1)C1=CC=CC=C1
662,CC(C)OP(F)(=O)OC(C)C
663,CCCCC1=NC(Cl)=C(CO)N1CC1=CC=C(C=C1)C1=CC=CC=C1C1=NNN=N1
664,CSC1=CC2=C(SC3=CC=CC=C3N2CCC2CCCCN2C)C=C1
665,CCOC(=O)NC1=CC2=C(SC3=CC=CC=C3N2C(=O)CCN2CCOCC2)C=C1
666,[H][C@]12C[C@@H](O[C@@H]3O[C@H](C)[C@@H](O)[C@H](N)[C@@H]3O)\C=C\C=C\C=C\C=C\C=C\C=C\C=C\[C@H](C)[C@@H](O)[C@@H](C)[C@H](C)OC(=O)C[C@H](O)C[C@H](O)CC[C@@H](O)[C@H](O)C[C@H](O)C[C@](O)(C[C@H](O)[C@H]1C(O)=O)O2
667,CC(=O)CC(C1=CC=CC=C1)C1=C(O)C2=C(OC1=O)C=CC=C2
668,CC1=NC=C2CN=C(C3=CC=CC=C3F)C3=C(C=CC(Cl)=C3)N12
669,NC[C@H]1O[C@H](O[C@@H]2[C@@H](N)C[C@@H](N)[C@H](O[C@H]3O[C@H](CO)[C@@H](O)[C@H](N)[C@H]3O)[C@H]2O)[C@H](N)C[C@@H]1O
670,[H][C@@]12CN(C[C@]1([H])[C@H]2N)C1=NC2=C(C=C1F)C(=O)C(=CN2C1=C(F)C=C(F)C=C1)C(O)=O
671,O[C@@H]1CO[C@@H](O[C@@H]2CO[C@@H](O)[C@H](OS(O)(=O)=O)[C@H]2OS(O)(=O)=O)[C@H](OS(O)(=O)=O)[C@H]1OS(O)(=O)=O
672,[H][C@@]12CC[C@](O)(C(=O)CO)[C@@]1(C)C[C@H](O)[C@@]1(F)[C@@]2([H])CCC2=CC(=O)CC[C@]12C
673,COC1=C(C\C=C(/C)CCC(=O)OCCN2CCOCC2)C(O)=C2C(=O)OCC2=C1C
674,[H][C@]12SCC(COC(C)=O)=C(N1C(=O)[C@H]2NC(=O)[C@H](N)C1=CC=CC=C1)C(O)=O
675,CCN(CC)CCN1C2=C(C=C(Cl)C=C2)C(=NCC1=O)C1=CC=CC=C1F
676,CCOC(=O)[C@H](CCC1=CC=CC=C1)N[C@@H](C)C(=O)N1CC2=CC(OC)=C(OC)C=C2C[C@H]1C(O)=O
677,CC1=CC=C(C=C1)N(CC1=NCCN1)C1=CC(O)=CC=C1
678,OC1=CC=C2C(OC3=CC(O)=CC=C3C22OC(=O)C3=C2C=CC=C3)=C1
679,COC1=CC=CC2=C1C(=O)C1=C(O)C3=C(C[C@](O)(C[C@@H]3O[C@H]3C[C@H](N)[C@H](O)[C@H](C)O3)C(C)=O)C(O)=C1C2=O
680,NS(=O)(=O)C1=C(Cl)C=C(NCC2=CC=CO2)C(=C1)C(O)=O
681,[H][C@@]12CCCN1C(=O)[C@H](CC1=CC=CC=C1)N1C(=O)[C@](C)(NC(=O)[C@H]3CN(C)[C@]4([H])CC5=CNC6=CC=CC(=C56)C4=C3)O[C@@]21O
682,ClC1=C(NC2=NCCN2)C2=NSN=C2C=C1
683,[O-][N+](=O)C1=CC=C(O1)\C=N\N1CC(=O)NC1=O
684,[H][C@@]12CC3=CN(C)C4=CC=CC(=C34)[C@]1(C[C@@H](COC(=O)C1=CN=CC(Br)=C1)CN2C)OC
685,[H][C@@]12CC[C@@]3(CCC(=O)O3)[C@@]1(C)C[C@H]1O[C@@]11[C@@]2([H])[C@@H](CC2=CC(=O)CC[C@]12C)C(=O)OC
686,CC(C)CN(C[C@@H](O)[C@H](CC1=CC=CC=C1)NC(=O)O[C@H]1CCOC1)S(=O)(=O)C1=CC=C(N)C=C1
687,
688,CN1N=C(S\C1=N\C(C)=O)S(N)(=O)=O
689,[H][C@@]12OC3=C(O)C=CC4=C3[C@@]11CCN(CC3CC3)[C@]([H])(C4)[C@]1(O)CCC2=O
690,CC(C)NC1=C(N=CC=C1)N1CCN(CC1)C(=O)C1=CC2=C(N1)C=CC(NS(C)(=O)=O)=C2
691,CCOC1=CC=CC=C1OCCN[C@H](C)CC1=CC(=C(OC)C=C1)S(N)(=O)=O
692,
693,CCC(=O)N(C1=CC=CC=C1)C1(COC)CCN(CCC2=CC=CS2)CC1
694,NC1=NC(=O)N(C=C1)[C@@H]1CS[C@H](CO)O1
695,CCCCCN(C)CCC(O)(P(O)(O)=O)P(O)(O)=O
696,CCN(CC)C(=O)N1CCN(C)CC1
697,CC(C(O)=O)C1=CC(F)=C(C=C1)C1=CC=CC=C1
698,[H][C@]12SC(C)(C)[C@@H](N1C(=O)[C@H]2NC(=O)C1=C(C)ON=C1C1=CC=CC=C1)C(O)=O
699,[H][C@]12CC3=C(C(O)=C(O)C=C3)C3=CC=CC(CCN1C)=C23
700,FC1=CC=C(C=C1)[C@@H]1CCNC[C@H]1COC1=CC2=C(OCO2)C=C1
701,CCCC1=C2N(CC)C(=CC(=O)C2=CC2=C1OC(=CC2=O)C(O)=O)C(O)=O
702,[H][C@@]12CC[C@@](O)(C#C)[C@@]1(C)CC[C@]1([H])[C@@]3([H])CCC(=O)C=C3CC[C@@]21[H]
703,CC(C)(C)C(=O)OCOP(=O)(COCCN1C=NC2=C(N)N=CN=C12)OCOC(=O)C(C)(C)C
704,CN1CCC(CC1)=C1C2=CC=CC=C2CCC2=C1N=CC=C2
705,OP(O)(=O)C(Cl)(Cl)P(O)(O)=O
706,CCN(CC)CCOC(=O)C1=CC=C(N)C=C1
707,NCCCC[C@H](N[C@@H](CCC1=CC=CC=C1)C(O)=O)C(=O)N1CCC[C@H]1C(O)=O
708,COC1=CC(C(O)C(C)N)=C(OC)C=C1
709,CC(C)CN1C=NC2=C1C1=C(C=CC=C1)N=C2N
710,[Br-].C[N+]1(C)C2CCC1CC(C2)OC(=O)C(O)C1=CC=CC=C1
711,CC(CN(C)C)CN1C2=CC=CC=C2CCC2=CC=CC=C12
712,[O-][N+](=O)OCC(CO[N+]([O-])=O)O[N+]([O-])=O
713,[H][C@@]12C[C@@H]([C@H](OC(C)=O)[C@@]1(C)CC[C@@]1([H])[C@@]2([H])CC[C@@]2([H])C[C@H](O)[C@H](C[C@]12C)N1CCOCC1)[N+]1(CC=C)CCCC1
714,N1C2=CC=CC=C2N=C1C1=CSC=N1
715,CC(C)[C@H]1CC[C@@H](CC1)C(=O)N[C@H](CC1=CC=CC=C1)C(O)=O
716,[O-]S(=O)(=O)C1=CC=CC=C1.[O-]S(=O)(=O)C1=CC=CC=C1.COC1=CC2=C(C=C1OC)C(CC1=CC(OC)=C(OC)C=C1)[N+](C)(CCC(=O)OCCCCCOC(=O)CC[N+]1(C)CCC3=C(C=C(OC)C(OC)=C3)C1CC1=CC(OC)=C(OC)C=C1)CC2
717,C[N+]1=C(\C=N\O)C=CC=C1
718,CC1=C(CCN2CCC(CC2)C2=NOC3=C2C=CC(F)=C3)C(=O)N2CCCCC2=N1
719,CN(CC=CC1=CC=CC=C1)CC1=CC=CC2=CC=CC=C12
720,COC1=CC2=C(NC(=N2)[S@@](=O)CC2=NC=C(C)C(OC)=C2C)C=C1
721,CC1=CC(CN2CCN(CC2)C(C2=CC=CC=C2)C2=CC=C(Cl)C=C2)=CC=C1
722,NC(=N)C1=CC=C(OCCCCCOC2=CC=C(C=C2)C(N)=N)C=C1
723,[H][C@]12SC(C)(C)[C@@H](N1C(=O)[C@H]2N1C(=O)[C@H](NC1(C)C)C1=CC=CC=C1)C(O)=O
724,NC1=NC2=C(S1)C=C(OC(F)(F)F)C=C2
725,[H][C@@]12CC[C@](O)(C(=O)CO)[C@@]1(C)C[C@H](O)[C@@]1([H])[C@@]2([H])CCC2=CC(=O)CC[C@]12C
726,OC[C@@H](O)[C@@H](O)[C@H](O)[C@H](O)CO
727,[Gd+3].OC(=O)CN(CCN(CCN(CC([O-])=O)CC([O-])=O)CC([O-])=O)C(COCC1=CC=CC=C1)C(O)=O
728,CC(N(O)C(N)=O)C1=CC2=CC=CC=C2S1
729,NC(=O)CS(=O)C(C1=CC=CC=C1)C1=CC=CC=C1
730,CC(=O)N(O)CCCCCNC(=O)CCC(=O)N(O)CCCCCNC(=O)CCC(=O)N(O)CCCCCN
731,CN1[C@H]2C[C@@H](C[C@@H]1[C@H]1O[C@@H]21)OC(=O)[C@H](CO)C1=CC=CC=C1
732,CN(C)CCOC(C1=CC=C(Cl)C=C1)C1=CC=CC=N1
733,CCC1=C2NC3=C(CCOC3(CC)CC(O)=O)C2=CC=C1
734,CCCNC(C)C(=O)NC1=CC=CC=C1C
735,NC1=NCC2N1C1=CC=CC=C1CC1=CC=CC=C21
736,NC1CC1C1=CC=CC=C1
737,FC(F)OC(Cl)C(F)(F)F
738,CCN1C(=O)NC(C1=O)C1=CC=CC=C1
739,C\C(\C=C\C1=C(C)CCCC1(C)C)=C/C=C/C(/C)=C/C(O)=O
740,OC1=C(CC2=C(O)C(Cl)=CC(Cl)=C2Cl)C(Cl)=C(Cl)C=C1Cl
741,[H][C@@]1(C[C@@]2([H])C[C@]3([H])C[C@@]([H])(C1)N2CC3=O)OC(=O)C1=CNC2=C1C=CC=C2
742,[H][C@@](N1CCC2=C(C1)C=CS2)(C(=O)OC)C1=CC=CC=C1Cl
743,[H][C@@]12C[C@@]3([H])C(=C(O)[C@]1(O)C(=O)C(C(N)=O)=C(O)[C@H]2N(C)C)C(=O)C1=C(O)C=CC=C1[C@@]3(C)O
744,[H][C@]1([C@@H](C)O)C(=O)N2C(C(O)=O)=C(S[C@@H]3CN[C@@H](C3)C(=O)N(C)C)[C@H](C)[C@]12[H]
745,[Cl-].[K+]
746,CCC1=C2CN3C(=CC4=C(COC(=O)[C@]4(O)CC)C3=O)C2=NC2=CC=C(OC(=O)N3CCC(CC3)N3CCCCC3)C=C12
747,CN1C=CNC1=S
748,[H][C@@]12C[C@@H](C)[C@](O)(C(=O)CCl)[C@@]1(C)C[C@H](O)[C@@]1(Cl)[C@@]2([H])CCC2=CC(=O)C=C[C@]12C
749,C[C@](N)(CC1=CC=C(O)C=C1)C(O)=O
750,[H][C@@]12CC(=O)N1[C@@H](C(O)=O)\C(O2)=C\CO
751,CCN(CC)C(=O)C1CN2CCC3=CC(OC)=C(OC)C=C3C2CC1OC(C)=O
752,CN(C)CC\C=C1\C2=CC=CC=C2COC2=C1C=C(CC(O)=O)C=C2
753,[H][C@@]12CC[C@](O)(C(=O)COC(=O)CN(CC)CC)[C@@]1(C)C[C@H](O)[C@@]1([H])[C@@]2([H])CCC2=CC(=O)CC[C@]12C
754,CCCCC[C@H](O)\C=C\[C@H]1[C@H](O)CC(=O)[C@@H]1CCCCCCC(O)=O
755,C[N@@+]12CC[C@@H](CC1)C(C2)OC(=O)C(O)(C1=CC=CC=C1)C1=CC=CC=C1
756,CCOC(=O)CC(SP(=S)(OC)OC)C(=O)OCC
757,[H][C@]12COC(=O)[C@]1([H])[C@H](C1=CC(OC)=C(O)C(OC)=C1)C1=CC3=C(OCO3)C=C1[C@H]2O[C@@H]1O[C@]2([H])CO[C@@H](C)O[C@@]2([H])[C@H](O)[C@H]1O
758,NS(=O)(=O)C1=CC2=C(NCNS2(=O)=O)C=C1C(F)(F)F
759,CCCCS(=O)(=O)N[C@@H](CC1=CC=C(OCCCCC2CCNCC2)C=C1)C(O)=O
760,NC(=O)N1C2=CC=CC=C2CC(=O)C2=C1C=CC=C2
761,CCC(=O)C1=CC2=C(SC3=CC=CC=C3N2CC(C)N(C)C)C=C1
762,CC[C@H]1OC(=O)[C@H](C)[C@@H](O[C@H]2C[C@@](C)(OC)[C@@H](O)[C@H](C)O2)[C@H](C)[C@@H](O[C@@H]2O[C@H](C)C[C@@H]([C@H]2O)N(C)C)[C@](C)(O)C[C@@H](C)C(=NOCOCCOC)[C@H](C)[C@@H](O)[C@]1(C)O
763,CCN1C=C(C(O)=O)C(=O)C2=C1N=C(C)C=C2
764,NNCCC1=CC=CC=C1
765,
766,CC(C)[N+](C)(CCOC(=O)C1C2=CC=CC=C2OC2=CC=CC=C12)C(C)C
767,[H][C@@]12CC[C@H](O)[C@@]1(C)CC[C@]1([H])C3=C(CC[C@@]21[H])C=C(O)C=C3
768,CC1=C(C)C(NC2=CC=CC=C2C(O)=O)=CC=C1
769,
770,CNC(=O)[C@@H](NC(=O)[C@H](CC(C)C)[C@H](O)C(=O)NO)C(C)(C)C
771,NC1=NC(=O)C2=C(N1)N(COCCO)C=N2
772,COC1=CC2=C(C=C1)C=C(C=C2)[C@H](C)C(O)=O
773,[Gd+3].OC(=O)CN(CCN(CCN(CC(O)=O)CC([O-])=O)CC([O-])=O)CC([O-])=O
774,[H][C@]12C[C@H](N(C(=O)[C@H](C)N[C@@H](CCC)C(=O)OCC)[C@@]1([H])CCCC2)C(O)=O
775,ClCCN(CCCl)C1=CNC(=O)NC1=O
776,CN(C)CCN(CC1=CC=CC=C1)C1=CC=CC=N1
777,ClC1=CC(Cl)=C(Cl)C=C1OCC#CI
778,CCC1(C(=O)NCNC1=O)C1=CC=CC=C1
779,OC(=O)C1=CC(=CC=C1O)\N=N\C1=CC=C(C=C1)S(=O)(=O)NC1=NC=CC=C1
780,CCOC1=NC2=C(N1CC1=CC=C(C=C1)C1=CC=CC=C1C1=NN=NN1)C(=CC=C2)C(=O)OC(C)OC(=O)OC1CCCCC1
781,C(C1=NCCN1)C1=CC=CC=C1
782,[H][C@@]1(CN)CC[C@@H](N)[C@@H](O[C@]2([H])[C@@H](N)C[C@@H](N)[C@H](O[C@@]3([H])OC[C@](C)(O)[C@H](NC)[C@H]3O)[C@H]2O)O1.[H][C@]1(CC[C@@H](N)[C@@H](O[C@]2([H])[C@@H](N)C[C@@H](N)[C@H](O[C@@]3([H])OC[C@](C)(O)[C@H](NC)[C@H]3O)[C@H]2O)O1)C(C)N.[H][C@]1(CC[C@@H](N)[C@@H](O[C@]2([H])[C@@H](N)C[C@@H](N)[C@H](O[C@@]3([H])OC[C@](C)(O)[C@H](NC)[C@H]3O)[C@H]2O)O1)C(C)NC
783,CCOC(=O)C1=CN=C(C=C1)C#CC1=CC2=C(SCCC2(C)C)C=C1
784,OC1=CC=C(C=C1)C1CNCCC2=C(Cl)C(O)=C(O)C=C12
785,FC(F)(F)CN1C2=C(C=C(Cl)C=C2)C(=NCC1=O)C1=CC=CC=C1
786,CCN1N=NN(CCN2CCC(COC)(CC2)N(C(=O)CC)C2=CC=CC=C2)C1=O
787,CCC(C)CCCC(=O)N[C@@H](CCN)C(=O)N[C@@H]([C@@H](C)O)C(=O)N[C@@H](CCN)C(=O)N[C@H]1CCNC(=O)C(NC(=O)[C@H](NC(=O)[C@@H](NC(=O)[C@H](NC(=O)C(NC(=O)[C@@H](NC1=O)CCN)CC(C)C)CC(C)C)CCN)CCN)[C@@H](C)O
788,CCN(CC)CCOC(=O)C1(CCCCC1)C1CCCCC1
789,CC1=CC(=NN=C1NCCN1CCOCC1)C1=CC=CC=C1
790,CN1C=NC2=C1C(=O)N(CCCCC(C)=O)C(=O)N2C
791,CCCOC1=C(N)C=C(C=C1)C(=O)OCCN(CC)CC
792,CC1CC2=CC=CC=C2N1NC(=O)C1=CC(=C(Cl)C=C1)S(N)(=O)=O
793,CCN(CC1=CC=NC=C1)C(=O)C(CO)C1=CC=CC=C1
794,OC(CCN1CCCCC1)(C1CC2CC1C=C2)C1=CC=CC=C1
795,NC(=O)C1=NN(C=N1)[C@@H]1O[C@H](CO)[C@@H](O)[C@H]1O
796,CCCCC1C(=O)N(N(C1=O)C1=CC=CC=C1)C1=CC=CC=C1
797,CCC(=O)N(C1CCN(CCC2=CC=CC=C2)CC1)C1=CC=CC=C1
798,CN1C(C(=O)NC2=NC=C(C)S2)=C(O)C2=C(C=CC=C2)S1(=O)=O
799,[Na+].CCCCCCCCCCCCOS([O-])(=O)=O
800,CC(C)NCC(O)C1=CC(O)=CC(O)=C1
801,CCN1C=C(C(O)=O)C(=O)C2=C1C=C(C=C2)C1=CC=NC=C1
802,CC(C)C1=CC=CC(C(C)C)=C1O
803,CC(=O)NC1=NN=C(S1)S(N)(=O)=O
804,[H][C@]12CC3=C(NC4=CC=CC=C34)[C@H](N1C(=O)CN(C)C2=O)C1=CC2=C(OCO2)C=C1
805,CC(C(O)=O)C1=CC2=C(C=C1)C1=C(N2)C=CC(Cl)=C1
806,CCN(CC)C(=S)SSC(=S)N(CC)CC
807,[H][C@@]12CC[C@@](OC(C)=O)(C#C)[C@@]1(C)CC[C@]1([H])[C@@]3([H])CC[C@H](OC(C)=O)C=C3CC[C@@]21[H]
808,CCCN1C2=C(NC=N2)C(=O)NC1=O
809,CC(C)[C@@H]1CC[C@@H](C)C[C@H]1O
810,[H][C@@]12C[C@H](O)C[C@]3(O)C[C@H](O)[C@@H](C(O)=O)[C@]([H])(C[C@@H](O[C@]4([H])O[C@H](C)[C@@H](O)[C@H](N)[C@@H]4O)\C=C\C=C\C=C\C=C\C[C@@H](C)OC(=O)\C=C\[C@@]1([H])O2)O3
811,CCN1N=C(C(O)=O)C(=O)C2=CC3=C(OCO3)C=C12
812,C[C@@H]1O[C@@H]1P(O)(O)=O
813,CN1C2=C(C=C(Cl)C=C2)C(=NCC1=O)C1=CC=CC=C1
814,CC1NCCOC1C1=CC=CC=C1
815,CN1CCN(CCCN2C3=CC=CC=C3SC3=C2C=C(C=C3)C(F)(F)F)CC1
816,CN1C(=O)CC(C1=O)C1=CC=CC=C1
817,[H][C@]12SCC(Cl)=C(N1C(=O)[C@H]2NC(=O)[C@H](N)C1=CC=CC=C1)C(O)=O
818,[H][C@@]12CC[C@@](O)(C#CC)[C@@]1(C)C[C@H](C1=CC=C(C=C1)N(C)C)C1=C3CCC(=O)C=C3CC[C@@]21[H]
819,CN(C)CCC(C1=CC=C(Br)C=C1)C1=CC=CC=N1
820,CN(C)C(=O)C(CCN1CCC(O)(CC1)C1=CC=C(Cl)C=C1)(C1=CC=CC=C1)C1=CC=CC=C1
821,OC(=N)CCCN=C(C1=CC=C(Cl)C=C1)C1=C(O)C=CC(F)=C1
822,[H][C@@]12C[C@@H](C)[C@H](C(=O)CO)[C@@]1(C)C[C@H](O)[C@@]1(Cl)[C@@]2([H])C[C@H](F)C2=CC(=O)C=C[C@]12C
823,CC1=CC=C(C=C1)S(=O)(=O)NC(=O)NN1CCCCCC1
824,C[C@@H](C1=CC=CC=C1)OC(=O)CN(C)S(=O)(=O)C2=CC=C(C=C2)F
825,CC(CCC1=CC=C(O)C=C1)NCCC1=CC(O)=C(O)C=C1
826,OC1N=C(C2=CC=CC=C2)C2=C(NC1=O)C=CC(Cl)=C2
827,COC1=C(OC)C=C2C(=O)C(CC3CCN(CC4=CC=CC=C4)CC3)CC2=C1
828,O[C@H]1CC[C@@]2(O)[C@H]3CC4=CC=C(O)C5=C4[C@@]2(CCN3CC2CCC2)[C@H]1O5
829,CC(C)N=C1C=C2N(C3=CC=C(Cl)C=C3)C3=C(C=CC=C3)N=C2C=C1NC1=CC=C(Cl)C=C1
830,CC1(C)O[C@@H]2C[C@H]3[C@@H]4C[C@H](F)C5=CC(=O)CC[C@]5(C)[C@H]4[C@@H](O)C[C@]3(C)[C@@]2(O1)C(=O)CO
831,NCCS
832,C1CN2C[C@@H](N=C2S1)C1=CC=CC=C1
833,CCC1(C(=O)NC(=O)N(C)C1=O)C1=CC=CC=C1
834,OCCN1CCN(CCCN2C3=CC=CC=C3SC3=C2C=C(Cl)C=C3)CC1
835,CN(C)\N=N\C1=C(N=CN1)C(N)=O
836,CN[C@@H](C)[C@@H](O)C1=CC=CC=C1
837,CN1N=NC2=C(N=CN2C1=O)C(N)=O
838,[H][C@@]12CCCC[C@@]11CCN(C)[C@@H]2CC2=C1C=C(O)C=C2
839,NCC(=O)CCC(O)=O
840,OCC(O)COC1=CC=C(Cl)C=C1
841,CN(C\C=C\C#CC(C)(C)C)CC1=CC=CC2=CC=CC=C12
842,[H][C@@]12CC[C@H](O)[C@@]1(C)CC[C@@]1([H])[C@@]2([H])CC[C@@]2([H])CC(=O)[C@H](C)C[C@]12C
843,[H][C@](N)(C(O)=O)C(C)(C)S
844,[H][C@@]12CC[C@](O)(C(=O)CO)[C@@]1(C)C[C@H](O)[C@@]1([H])[C@@]2([H])CCC2=CC(=O)C=C[C@]12C
845,OC(=O)C1=C(O)C=CC(=C1)C1=C(F)C=C(F)C=C1
846,CCCC1=NC(C)=C2N1NC(=NC2=O)C1=C(OCC)C=CC(=C1)S(=O)(=O)N1CCN(CC)CC1
847,CNC(NCCSCC1=CC=C(CN(C)C)O1)=C[N+]([O-])=O
848,CO[C@@H]1C[C@@H](CC[C@H]1O)\C=C(/C)[C@H]1OC(=O)[C@@H]2CCCCN2C(=O)C(=O)[C@]2(O)O[C@@H]([C@H](C[C@H]2C)OC)[C@H](C[C@@H](C)C\C(C)=C\[C@@H](CC=C)C(=O)C[C@H](O)[C@H]1C)OC
849,C[C@@H](CC1=CC=CC=C1)N(C)CC1=CC=CC=C1
850,CC(C)NCC(O)COC1=CC=CC=C1CC=C
851,C[C@@H](NCCC1=CC=C(O)C=C1)[C@@H](O)C1=CC=C(O)C=C1
852,CCCCNC1=CC=C(C=C1)C(=O)OCCOCCOCCOCCOCCOCCOCCOCCOCCOC
853,CCN[C@H]1C[C@H](C)S(=O)(=O)C2=C1C=C(S2)S(N)(=O)=O
854,CC(C(O)=O)C1=CC=C(C=C1)C(=O)C1=CC=CS1
855,CC(C)(C)NCC(O)C1=CC(O)=CC(O)=C1
856,CC1=NC2=C(CCN(C(=O)C3=CC=C(NC(=O)C4=CC=CC=C4C4=CC=CC=C4)C=C3)C3=CC=CC=C23)N1
857,[H][C@@]12CC[C@](O)(C(=O)OCCl)[C@@]1(C)C[C@H](O)[C@@]1([H])[C@@]2([H])CCC2=CC(=O)C=C[C@]12C
858,COC1=CC=CC=C1OCC(O)CO
859,[H]\C(CCN1CCN(CCO)CC1)=C1/C2=CC=CC=C2SC2=C1C=C(C=C2)C(F)(F)F
860,CCCCC1=NC=C(\C=C(/CC2=CC=CS2)C(O)=O)N1CC1=CC=C(C=C1)C(O)=O
861,[H][C@@]1(C[C@@H](C)[C@]2([H])CC(=O)[C@H](C)\C=C(C)\[C@@H](O)[C@@H](OC)C(=O)[C@H](C)C[C@H](C)\C=C\C=C\C=C(C)\[C@H](C[C@]3([H])CC[C@@H](C)[C@@](O)(O3)C(=O)C(=O)N3CCCC[C@@]3([H])C(=O)O2)OC)CC[C@@H](O)[C@@H](C1)OC
862,ClC1=CC=C(NC(=N)NC(=N)NCCCCCCNC(=N)NC(=N)NC2=CC=C(Cl)C=C2)C=C1
863,NC1=NC(=O)N(C=C1F)[C@@H]1CS[C@H](CO)O1
864,NS(=O)(=O)C1=C(Cl)C=C2NC=NS(=O)(=O)C2=C1
865,CCOC(=O)[C@H](CCC1=CC=CC=C1)N[C@@H](C)C(=O)N1CC2=CC=CC=C2C[C@H]1C(O)=O
866,CCN(CC)CCOC1=CC=C(C=C1)C(=C(Cl)C1=CC=CC=C1)C1=CC=CC=C1
867,[H][C@]12OC[C@H](O[N+]([O-])=O)[C@@]1([H])OC[C@H]2O[N+]([O-])=O
868,OC(CC1=CN=CC=C1)(P(O)(O)=O)P(O)(O)=O
869,CC1=CC=CN2C(=O)C(=CN=C12)C1=NNN=N1
870,[H][C@]12CCC[C@H](N1C(=O)[C@H](CCS2)NC(=O)[C@@H](S)CC1=CC=CC=C1)C(O)=O
871,CCCCNC1=C(OC2=CC=CC=C2)C(=CC(=C1)C(O)=O)S(N)(=O)=O
872,CN(CCCl)CCCl
873,CN1N=C(C(=O)N[C@@H]2C[C@@H]3CCC[C@H](C2)N3C)C2=C1C=CC=C2
874,[H]\C(C)=C(/C(=C(\[H])C)/C1=CC=C(O)C=C1)\C1=CC=C(O)C=C1
875,NC1=CC=C(C=C1)S(=O)(=O)NC1=CC=CC=N1
876,CCCCOC1=CC(=CC=C1N)C(=O)OCCN(CC)CC
877,OS(=O)(=O)O.[Fe]
878,[H][C@@]12CCC3=CC(=O)C=C[C@]3(C)[C@@]1([H])CC[C@]1(C)OC(=O)CC[C@@]21[H]
879,CC1([C@@H](N[C@H](S1)C(C(=O)NCCCC[C@H](C(=O)O)N)NC(=O)CC2=CC=CC=C2)C(=O)O)C.C(CCN)C[C@H](C(=O)O)N
880,[H][C@@]12C[C@@H](C)[C@](C)(C(=O)CC)[C@@]1(C)C[C@H](O)[C@@]1([H])[C@@]2([H])CCC2=CC(=O)C=C[C@]12C
881,CC1=NN=C2CN=C(C3=CC=CC=C3Cl)C3=C(C=CC(Cl)=C3)N12
882,CCO
883,CCC(=O)N(C1=CC=CC=C1)C1(CCN(CCC(=O)OC)CC1)C(=O)OC
884,OC[C@@H]1CC[C@@H](O1)N1C=NC2=C1NC=NC2=O
885,CC1=CC=C(C=C1)C(=O)OC1=C(OC(=O)C2=CC=C(C)C=C2)C=C(C=C1)C(O)CNC(C)(C)C
886,CN1CCC(CN2C3=CC=CC=C3SC3=CC=CC=C23)C1
887,CCC(=C)C(=O)C1=C(Cl)C(Cl)=C(OCC(O)=O)C=C1
888,CN1C2=C(C3=CC=CC=C13)C(=O)C(CN1C=CN=C1C)CC2
889,CCNC(=O)CCC\C=C/C[C@H]1[C@@H](O)C[C@@H](O)[C@@H]1\C=C\[C@@H](O)CCC1=CC=CC=C1
890,CC1=C(SC=C1)C(=CCCN1CCC[C@H](C1)C(O)=O)C1=C(C)C=CS1
891,[H][C@]12CC[C@]([H])([C@H]([C@H](C1)OC(=O)C1=CC=CC=C1)C(=O)OC)N2C
892,[H][C@@]12CCN(C[C@@H]1C=C)[C@]([H])(C2)[C@@H](O)C1=C2C=C(OC)C=CC2=NC=C1
893,NS(=O)(=O)CC1=NOC2=CC=CC=C12
894,[H][C@@]1(CC[C@@]2([H])\C(CCC[C@]12C)=C\C=C1C[C@@H](O)C[C@H](O)C1)[C@H](C)\C=C\[C@H](C)C(C)(C)O
895,CCS(=O)(=O)CCN1C(C)=NC=C1[N+]([O-])=O
896,CCOC1=C(C=CC(CC(=O)N[C@@H](CC(C)C)C2=CC=CC=C2N2CCCCC2)=C1)C(O)=O
897,CCOC(=O)C1(CCN(CCC2=CC=C(N)C=C2)CC1)C1=CC=CC=C1
898,NC(=N)NC(=N)NCCC1=CC=CC=C1
899,NC12CC3CC(CC(C3)C1)C2
900,CC1=NC=C(N1CCO)[N+]([O-])=O
901,CCCCC[C@H](O)\C=C\[C@H]1[C@H](O)CC(=O)[C@@H]1C\C=C/CCCC(O)=O
902,CN(C)CCC1=CNC2=C1C=C(CS(=O)(=O)N1CCCC1)C=C2
903,[H][C@@]12O[C@H](C)CC(=O)[C@]1(O)O[C@]1([H])[C@@H](NC)[C@@H](O)[C@@H](NC)[C@H](O)[C@@]1([H])O2
904,CN1CCC(CC1)=C1C2=C(SC=C2)C(=O)CC2=CC=CC=C12
905,CO[C@]12CC[C@@]3(C[C@@H]1[C@](C)(O)C(C)(C)C)[C@H]1CC4=C5C(O[C@@H]2[C@@]35CCN1CC1CC1)=C(O)C=C4
906,C[C@@H]1CC(=O)NN=C1C1=CC=C(NN=C(C#N)C#N)C=C1
907,[H][C@]12SCC(CSC3=NN=NN3CC(O)=O)=C(N1C(=O)[C@H]2NC(=O)CC1=CC=CC=C1CN)C(O)=O
908,CN(C)CCC=C1C2=CC=CC=C2C=CC2=CC=CC=C12
909,CC(COC1=CC=CC=C1)N(CCCl)CC1=CC=CC=C1
910,CCOC(=O)C=C(C)C=CC=C(C)C=CC1=C(C)C(C)=C(OC)C=C1C
911,NC(N)=NC1=NC(CSCCC(N)=NS(N)(=O)=O)=CS1
912,NC1=NC(=O)N(C=N1)[C@@H]1O[C@H](CO)[C@@H](O)[C@H]1O
913,CCCCC(C)(O)C\C=C\[C@H]1[C@H](O)CC(=O)[C@@H]1CCCCCCC(=O)OC
914,CCCCCCCCCCNCC=C.C[N+](C)(C)CCCCCCNCC=C.C=CCN.C1C(O1)CCl.Cl.[Cl-]
915,[H][C@@]12[C@@H](O)[C@]3([H])C(=C)C4=C(C(O)=CC=C4)C(=O)C3=C(O)[C@]1(O)C(=O)C(C(N)=O)=C(O)[C@H]2N(C)C
916,[H][C@@](CC)(C1=CC(NS(=O)(=O)C2=NC=C(C=C2)C(F)(F)F)=CC=C1)C1=C(O)C[C@@](CCC)(CCC2=CC=CC=C2)OC1=O
917,CN1CCCCC1CCN1C2=C(SC3=C1C=C(C=C3)S(C)=O)C=CC=C2
918,CNCCCC12CCC(C3=CC=CC=C13)C1=CC=CC=C21
919,CC1=CC(=C(O)C(C)=C1CC1=NCCN1)C(C)(C)C
920,OC(=O)C1=CC=CC=C1O
921,CCN(CC)C(C)C(=O)C1=CC=CC=C1
922,OCC1=C(O)C=CC(=C1)C(O)CNCCCCCCOCCCCC1=CC=CC=C1
923,CC1=C(Cl)C(NC2=CC=CC=C2C(O)=O)=C(Cl)C=C1
924,CC[N+](C)(CC)CCOC(=O)C1C2=CC=CC=C2OC2=CC=CC=C12
925,C[N+](C)(CCCCCC[N+](C)(C)C1C2=C(C=CC=C2)C2=C1C=CC=C2)C1C2=C(C=CC=C2)C2=C1C=CC=C2
926,OC(CCN1CCCCC1)(C1CCCC1)C1=CC=CC=C1
927,NC1=NC(=O)N(C=C1)[C@H]1CC[C@@H](CO)O1
928,CN(CCCCCCCCCCN(C)C(=O)OC1=CC=CC(=C1)[N+](C)(C)C)C(=O)OC1=CC=CC(=C1)[N+](C)(C)C
929,CC(=O)OC1=CC=CC=C1C(O)=O
930,CCC(C1=CC=CC=C1)C1=C(O)C2=C(OC1=O)C=CC=C2
931,[H][C@@]12CC[C@H](O)[C@@]1(C)CC[C@]1([H])C3=CC=C(O)C=C3C[C@@H](CCCCCCCCCS(=O)CCCC(F)(F)C(F)(F)F)[C@@]21[H]
932,[H][C@]12SC(C)(C)[C@@H](N1C(=O)[C@H]2NC(=O)[C@H](NC(=O)N1CCN(C1=O)S(C)(=O)=O)C1=CC=CC=C1)C(O)=O
933,NC(=O)OCC(COC(N)=O)C1=CC=CC=C1
934,CC(C)(C(O)=O)C1=CC=C(C=C1)C(O)CCCN1CCC(CC1)C(O)(C1=CC=CC=C1)C1=CC=CC=C1
935,NNC(=O)C1=CC=NC=C1
936,CNS(=O)(=O)CCC1=CC2=C(NC=C2C2CCN(C)CC2)C=C1
937,CN(C)CCC1=CNC2=C1C=C(CN1C=NC=N1)C=C2
938,CC[C@H]1OC(=O)[C@H](C)[C@@H](O[C@H]2C[C@@](C)(OC)[C@@H](O)[C@H](C)O2)[C@H](C)[C@@H](O[C@@H]2O[C@H](C)C[C@@H]([C@H]2O)N(C)C)[C@](C)(O)C[C@@H](C)[C@@H]2N[C@@H](COCCOC)O[C@H]([C@H]2C)[C@]1(C)O
939,CCN[C@@H]1C[C@H](N)[C@@H](O[C@H]2OC(CN)=CC[C@H]2N)[C@H](O)[C@H]1O[C@H]1OC[C@](C)(O)[C@H](NC)[C@H]1O
940,[H][C@@]12OC3=C(OC)C=CC4=C3[C@@]11CCN(C)[C@]([H])(C4)[C@]1([H])CCC2=O
941,[H][C@@]12CC[C@@](OC(C)=O)(C#C)[C@@]1(CC)CC[C@]1([H])[C@@]3([H])CC\C(C=C3CC[C@@]21[H])=N/O
942,[H][N]([H])([H])[Pt]1(OC(=O)C2(CCC2)C(=O)O1)[N]([H])([H])[H]
943,[H][C@@]12CC[C@](O)(C(=O)CO)[C@@]1(C)C[C@H](O)[C@@]1([H])[C@@]2([H])C[C@H](C)C2=CC(=O)C=C[C@]12C
944,CC(C)NCC(O)COC1=CC=CC2=C1C=CN2
945,CN1CCCCC1C(=O)NC1=C(C)C=CC=C1C
946,CCN(C(C)=O)C1=CC=CC(=C1)C1=CC=NC2=C(C=NN12)C#N
947,NC1=C(CC(O)=O)C=CC=C1C(=O)C1=CC=C(Br)C=C1
948,NC1=CC(Cl)=C(NC2=NCCN2)C(Cl)=C1
949,CCNC(=O)NC1=NC(=CS1)C2=CC=CO2
950,CCCC1=NC2=C(C=C(C=C2C)C2=NC3=CC=CC=C3N2C)N1CC1=CC=C(C=C1)C1=CC=CC=C1C(O)=O
951,ClC1=CC2=C(C=C1)C(=C1CCNCC1)C1=C(CC2)C=CC=N1
952,C[C@](N)(CC1=CC=C(O)C(O)=C1)C(O)=O
953,CN1C2=C(C3=CC=CC=C13)C(=O)N(CC1=C(C)NC=N1)CC2
954,[H][C@@]12CCCN1C(=O)[C@H](NC(=O)[C@@H](NC(=O)C1=C3N=C4C(OC3=C(C)C=C1)=C(C)C(=O)C(N)=C4C(=O)N[C@H]1[C@@H](C)OC(=O)[C@H](C(C)C)N(C)C(=O)CN(C)C(=O)[C@]3([H])CCCN3C(=O)[C@H](NC1=O)C(C)C)[C@@H](C)OC(=O)[C@H](C(C)C)N(C)C(=O)CN(C)C2=O)C(C)C
955,S=[Se]=S
956,CN1CCCC(CC1)N1N=C(CC2=CC=C(Cl)C=C2)C2=CC=CC=C2C1=O
957,[H][C@]1(CC[C@H](O)C2=CC=C(F)C=C2)C(=O)N(C2=CC=C(F)C=C2)[C@]1([H])C1=CC=C(O)C=C1
958,OC(=O)CN(CCN(CC(O)=O)CC(O)=O)CC(O)=O
959,OCCN(CCO)C1=NC2=C(N=C(N=C2N2CCCCC2)N(CCO)CCO)C(=N1)N1CCCCC1
960,[H][C@@]12[C@@H](C)C(=O)[C@H](C)C[C@@](C)(OC)[C@H](O[C@@H]3O[C@H](C)C[C@@H]([C@H]3O)N(C)C)[C@@H](C)C(=O)[C@@H](C)C(=O)O[C@H](CC)[C@@]1(C)OC(=O)N2CCCCN1C=NC(=C1)C1=CC=CN=C1
961,[H][C@@]12CC[C@@](O)(C#C)[C@@]1(C)CC[C@]1([H])C3=C(CC[C@@]21[H])C=C(O)C=C3
962,CCN1C=C(C(O)=O)C(=O)C2=CC(F)=C(N3CCNC(C)C3)C(F)=C12
963,CN(C)CCOC(=O)C(C1=CC=CC=C1)C1(O)CCCC1
964,CCC(=O)NCC[C@@H]1CCC2=C1C1=C(OCC1)C=C2
965,[H][C@]12N(C)CC[C@@]1(C)C1=C(C=CC(OC(=O)NC)=C1)N2C
966,C\C(\C=C\C1=C(C)CCCC1(C)C)=C/C=C/C(/C)=C\C(O)=O
967,COC1=CC=C(CC(C)NCC(O)C2=CC(NC=O)=C(O)C=C2)C=C1
968,[H][C@@]12CC[C@H](OC(=O)CCC3=CC=CC=C3)[C@@]1(C)CC[C@]1([H])[C@@]3([H])CCC(=O)C=C3CC[C@@]21[H]
969,CN1C2=C(N=C(Cl)N2)C(=O)N(C)C1=O.CN(C)CCOC(C1=CC=CC=C1)C1=CC=CC=C1
970,C[N+]1(C)CCC(C1)OC(=O)C(O)(C1CCCC1)C1=CC=CC=C1
971,NC1=NC(=O)N(C=C1)[C@@H]1O[C@H](CO)[C@@H](O)[C@@H]1O
972,NCCC1=CC(O)=C(O)C=C1
973,CCN(C)C(=O)OC1=CC=CC(=C1)[C@H](C)N(C)C
974,[H][C@@]12CCC(=O)[C@@]1(C)CC[C@@]1([H])[C@@]2([H])CC(=C)C2=CC(=O)C=C[C@]12C
975,OC(=O)CCC1=NC(=C(O1)C1=CC=CC=C1)C1=CC=CC=C1
976,COC(=O)CCC(=O)CN
977,CN1C=NC(=C1SC1=NC=NC2=C1NC=N2)[N+]([O-])=O
978,CC1=C(C2=C(CCN[C@H]2CC#N)C=C1)C
979,CCP(CC)(CC)=[Au]S[C@@H]1O[C@H](COC(C)=O)[C@@H](OC(C)=O)[C@H](OC(C)=O)[C@H]1OC(C)=O
980,NCC1(CC(O)=O)CCCCC1
981,COC1=CC=CC2=C1C(=O)C1=C(O)C3=C(C[C@](O)(C[C@@H]3O[C@H]3C[C@H](N)[C@H](O)[C@H](C)O3)C(=O)CO)C(O)=C1C2=O
982,CN[C@@H]1CCC2=C(C1)C1=C(N2)C=CC(=C1)C(N)=O
983,NS(=O)(=O)C1=C(Cl)C=C2NCNS(=O)(=O)C2=C1
984,[H][C@]12SC(C)(C)[C@@H](N1C(=O)[C@H]2NC(=O)C1(N)CCCCC1)C(O)=O
985,CC(C)(C)NCC(O)C1=CC(CO)=C(O)C=C1
986,CCCCN1CCCC[C@H]1C(=O)NC1=C(C)C=CC=C1C
987,OC(COC1=CC=CC2=C1C(=O)C=C(O2)C(O)=O)COC1=CC=CC2=C1C(=O)C=C(O2)C(O)=O
988,NC1=NC2=C(N=CN2COC(CO)CO)C(=O)N1
989,NC(=O)NO
990,N#CC1=CC=C(C=C1)C(N1C=NC=N1)C1=CC=C(C=C1)C#N
991,ClC1=C(COC(CN2C=CN=C2)C2=C(Cl)C=C(Cl)C=C2)C=CS1
992,CS(=O)(=O)OCCCCOS(C)(=O)=O
993,CC(C(O)=O)C1=CC(=CC=C1)C(=O)C1=CC=CC=C1
994,CC[N+](C)(C)C1=CC(O)=CC=C1
995,CC(C)(C(=O)C1=CN=CC=C1)C1=CC=CN=C1
996,C[C@@H](NCCCC1=CC(=CC=C1)C(F)(F)F)C1=CC=CC2=CC=CC=C12
997,[H][C@@]12C[C@H](C)[C@](OC(=O)CC)(C(=O)CCl)[C@@]1(C)C[C@H](O)[C@@]1(F)[C@@]2([H])CCC2=CC(=O)C=C[C@]12C
998,OC(=O)CCNC(=O)C1=CC=C(C=C1)\N=N\C1=CC=C(O)C(=C1)C(O)=O
999,CC1=CC(NS(=O)(=O)C2=CC=C(N)C=C2)=NO1
1000,COC1=C(C=C(Cl)C=C1)C(=O)NCCC1=CC=C(C=C1)S(=O)(=O)NC(=O)NC1CCCCC1
1001,[H][C@@]12CC3=C(C(O)=CC=C3N(C)C)C(=O)C1=C(O)[C@]1(O)C(=O)C(C(N)=O)=C(O)[C@@H](N(C)C)[C@]1([H])C2
1002,NC(=N)NC(=O)CC1=C(Cl)C=CC=C1Cl
1003,CC(C[N+](C)(C)C)OC(N)=O
1004,[H][C@]12OC[C@@H](O[N+]([O-])=O)[C@@]1([H])OC[C@@H]2O
1005,NS(=O)(=O)C1=C(Cl)C=C2NC(NS(=O)(=O)C2=C1)C(Cl)Cl
1006,CC(C)CCC[C@@H](C)CCC[C@@H](C)CCC\C(C)=C\CC1=C(C)C(=O)C2=C(C=CC=C2)C1=O
1007,CCOC(=O)C1=C(C)NC(C)=C(C1C1=C(Cl)C(Cl)=CC=C1)C(=O)OC
1008,COC1=C(C\C=C(/C)CCC(O)=O)C(O)=C2C(=O)OCC2=C1C
1009,CC(C)C1=CC2=C(OC3=NC(N)=C(C=C3C2=O)C(O)=O)C=C1
1010,CC(=O)N1CCN(CC1)C1=CC=C(OCC2COC(CN3C=CN=C3)(O2)C2=CC=C(Cl)C=C2Cl)C=C1
1011,COC(F)(F)C(Cl)Cl
1012,CCCCC1=NC2(CCCC2)C(=O)N1CC1=CC=C(C=C1)C1=CC=CC=C1C1=NNN=N1
1013,CC[C@@]1(O)C(=O)OCC2=C1C=C1N(CC3=CC4=C(C=CC(O)=C4CN(C)C)N=C13)C2=O
1014,NC(=O)OC1(CCCCC1)C#C
1015,CCCN(CCC)S(=O)(=O)C1=CC=C(C=C1)C(O)=O
1016,S=C1N=CNC2=C1NC=N2
1017,[H][C@]1(O[C@]1([H])C(=O)CC\C=C\C\C=C\C)C(N)=O
1018,CCN(CC)CCNC(=O)C1=CC=C(N)C=C1
1019,CC(C)N(CC[C@H](C1=CC=CC=C1)C1=C(O)C=CC(C)=C1)C(C)C
1020,C[C@H](CC1=CC=CC=C1)N(C)CC#C
1020,C[C@H](CC1=CC=CC=C1)N(C)CC#C
1021,CCC(=O)C1=CC=C2SC3=C(C=CC=C3)N(CCCN3CCN(CCO)CC3)C2=C1
1022,CC(C)OC(=O)C(C)(C)OC1=CC=C(C=C1)C(=O)C1=CC=C(Cl)C=C1
1023,O=C1N(C2CCC(=O)NC2=O)C(=O)C2=CC=CC=C12
1024,N[C@@H](CC1=CC=C(C=C1)N(CCCl)CCCl)C(O)=O
1025,CC12CC3CC(C)(C1)CC(N)(C3)C2
1026,COC1=C2N(C=C(C(O)=O)C(=O)C2=CC(F)=C1N1CCNC(C)C1)C1CC1
1027,CO[C@H]1\C=C\O[C@@]2(C)OC3=C(C2=O)C2=C(O)C(\C=N\N4CCN(C)CC4)=C(NC(=O)\C(C)=C/C=C/[C@H](C)[C@H](O)[C@@H](C)[C@@H](O)[C@@H](C)[C@H](OC(C)=O)[C@@H]1C)C(O)=C2C(O)=C3C
1028,[H][C@@]12CC(=O)[C@H](CCCCCCC(O)=O)[C@@]1([H])CC[C@@](O)(O2)C(F)(F)CCCC
1029,[H][C@@]12C[C@@]3([H])[C@]4([H])C[C@H](F)C5=CC(=O)C=C[C@]5(C)[C@@]4(F)[C@@H](O)C[C@]3(C)[C@@]1(OC(C)(C)O2)C(=O)COC(C)=O
1030,NC1=NC2=C(N=CN2[C@@H]2C[C@H](CO)C=C2)C(NC2CC2)=N1
1031,CCC(C)(C)C1C(=O)N2CCCC2C3(N1C(=O)C(O3)(C(C)C)NC(=O)C4CC5C(CC6=CNC7=CC=CC5=C67)N(C4)C)O
1032,CC(C)CC1=CC=C(C=C1)C(C)C(O)=O
1033,CO[C@@H]1[C@@H](OC(N)=O)[C@@H](O)[C@H](OC2=C(C)C3=C(C=C2)C(O)=C(NC(=O)C2=CC=C(O)C(CC=C(C)C)=C2)C(=O)O3)OC1(C)C
1034,[H][C@]12SC(C)(C)[C@@H](N1C(=O)[C@H]2NC(=O)CC1=CC=CC=C1)C(O)=O
1035,CCOC(=O)C1=C(C)NC(C)=C(C1C1=CC(=CC=C1)[N+]([O-])=O)C(=O)OC
1036,N[C@@H](CN1C=CC(=O)C(O)=C1)C(O)=O
1037,CC(N)C(=O)NC1=C(C)C=CC=C1C
1038,CCOP(=O)(OCC)SCC[N+](C)(C)C
1039,O=C(C1CCCCC1)N1CC2N(CCC3=CC=CC=C23)C(=O)C1
1040,CCN1C=C(C(O)=O)C(=O)C2=CC(F)=C(C=C12)N1CCNCC1
1041,[H][C@]12SC(C)(C)[C@@H](N1C(=O)[C@H]2NC(=O)[C@H](N)C1=CC=C(O)C=C1)C(O)=O
1042,[H][C@](NC(=O)N1CCNC1=O)(C(=O)N[C@@H]1C(=O)N2[C@@H](C(O)=O)C(C)(C)S[C@]12[H])C1=CC=CC=C1
1043,CCN(CC)CC#CCOC(=O)C(O)(C1CCCCC1)C1=CC=CC=C1
1044,CC(=O)C1=CC=C2SC3=C(C=CC=C3)N(CCCN3CCN(CCO)CC3)C2=C1
1045,CC(C)NCC(O)C1=CC(O)=C(O)C=C1
1046,COC1=CC2=C(NC=C2CCNC(C)=O)C=C1
1047,[H][C@]12SCC(\C=C/C3=C(C)N=CS3)=C(N1C(=O)[C@H]2NC(=O)C(=N/OC)\C1=CSC(N)=N1)C(O)=O
1048,CC1=NC=C(N=C1)C(=O)NCCC1=CC=C(C=C1)S(=O)(=O)NC(=O)NC1CCCCC1
1049,[O-][N+](=O)C1=CC2=C(NC(=O)CN=C2C2=CC=CC=C2Cl)C=C1
1050,CC(CN1C2=CC=CC=C2SC2=CC=CC=C12)N(C)C
1051,CC(C)[C@@H](C)\C=C\[C@@H](C)[C@@]1([H])CC[C@@]2([H])\C(CCC[C@]12C)=C\C=C1/C[C@@H](O)CC[C@@H]1C
1052,C(C1CN2CCC1CC2)N1C2=CC=CC=C2SC2=CC=CC=C12
1053,COC(=O)N[C@H](C(=O)N[C@@H](CC1=CC=CC=C1)[C@@H](O)CN(CC1=CC=C(C=C1)C1=CC=CC=N1)NC(=O)[C@@H](NC(=O)OC)C(C)(C)C)C(C)(C)C
1054,NC1=NC(F)=NC2=C1N=CN2[C@@H]1O[C@H](CO)[C@@H](O)[C@@H]1O
1055,C(C(C1CCCCC1)C1CCCCC1)C1CCCCN1
1056,CN(C)CCOC(C1=CC=CC=C1)C1=CC=CC=C1
1057,CC(C)C1=C(C(=O)NC2=CC=CC=C2)C(=C(N1CC[C@@H](O)C[C@@H](O)CC(O)=O)C1=CC=C(F)C=C1)C1=CC=CC=C1
1058,CC(O)(P(O)(O)=O)P(O)(O)=O
1059,C[C@H]1O[C@H](C[C@H](O)[C@@H]1O[C@H]1C[C@H](O)[C@H](O[C@H]2C[C@H](O)[C@H](O[C@@H]3O[C@H](CO)[C@@H](O)[C@H](O)[C@H]3O)[C@@H](C)O2)[C@@H](C)O1)O[C@H]1CC[C@@]2(C)[C@H](CC[C@@H]3[C@@H]2C[C@@H](O)[C@]2(C)[C@H](CC[C@]32O)C2=CC(=O)OC2)C1
1060,CCCCCNC(=N)N\N=C\C1=CNC2=C1C=C(OC)C=C2
1061,NC(CCC(O)=O)C=C
1062,CCOC(=O)C1(CCN(CCC(C#N)(C2=CC=CC=C2)C2=CC=CC=C2)CC1)C1=CC=CC=C1
1063,CN[C@H]1[C@H](O)[C@@H](O)[C@H](CO)O[C@H]1O[C@H]1[C@H](O[C@H]2[C@H](O)[C@@H](O)[C@H](NC(N)=N)[C@@H](O)[C@@H]2NC(N)=N)O[C@@H](C)[C@]1(O)C=O
1064,CCCCCCCCCCC[C@@H](C[C@@H]1OC(=O)[C@H]1CCCCCC)OC(=O)[C@H](CC(C)C)NC=O
1065,CCOCCN1C(=NC2=CC=CC=C12)N1CCCN(C)CC1
1066,CC[C@H]1[C@@H](CC2=CN=CN2C)COC1=O
1067,CCOC(=O)C1=CC=C(N)C=C1
1068,COC1=CC(NC(C)CCCN)=C2N=CC=CC2=C1
1069,[H][C@]12C[C@@H](O)[C@H](\C=C\[C@@H](O)C(C)CC#CC)[C@@]1([H])C\C(C2)=C\CCCC(O)=O
1070,[H][C@]12C[C@@H](OC(=O)C3=CC(OC)=C(OC)C(OC)=C3)[C@H](OC)[C@@H](C(=O)OC)[C@@]1([H])C[C@@]1([H])N(CCC3=C1NC1=CC=CC=C31)C2
1071,C[N+]1(CCCCC[N+]2(C)CCCC2)CCCC1
1072,CN(CC1=CC=C(C=C1)C(C)(C)C)CC1=CC=CC2=CC=CC=C12
1073,[H][C@@]12CC[C@]3(O)C[C@H](C[C@@H](O)[C@]3(CO)[C@@]1([H])[C@H](O)C[C@]1(C)[C@H](CC[C@]21O)C1=CC(=O)OC1)O[C@@H]1O[C@@H](C)[C@H](O)[C@@H](O)[C@H]1O
1074,CS(C)=O
1075,COC1=C(O)C=C(C=C1)[C@@H]1CC(=O)C2=C(O)C=C(O)C=C2O1
1076,CC(C)N1C(\C=C\C(O)CC(O)CC(O)=O)=C(C2=CC=CC=C12)C1=CC=C(F)C=C1
1077,CC(C)NCC1CCC2=CC(CO)=C(C=C2N1)[N+]([O-])=O
1078,CC1=C(C=NO1)C(=O)NC1=CC=C(C=C1)C(F)(F)F
1079,CC(C)C1=NC(=NC(C2=CC=C(F)C=C2)=C1\C=C\[C@@H](O)C[C@@H](O)CC(=O)O)N(C)S(C)(=O)=O
1080,NC1=C(F)C=NC(=O)N1
1081,FC1=CC=C(C=C1)C(CCCN1CCC(CC1)N1C(=O)NC2=CC=CC=C12)C1=CC=C(F)C=C1
1082,CCCCCOC(=O)NC1=NC(=O)N(C=C1F)[C@@H]1O[C@H](C)[C@@H](O)[C@H]1O
1083,O[C@@H](CNCCCCC1=CC=C(O)C=C1)C1=CC(O)=C(O)C=C1
1084,CCN(CC)CCCC(C)NC1=C2C=C(OC)C=CC2=NC2=C1C=CC(Cl)=C2
1085,CN[C@H]1CC[C@@H](C2=CC(Cl)=C(Cl)C=C2)C2=CC=CC=C12
1086,CC(C)CC(N(C)C)C1(CCC1)C1=CC=C(Cl)C=C1
1087,C[C@@H]1CN(CC[C@]1(C(O)=O)C1=CC=CC=C1)[C@H]1CC[C@](CC1)(C#N)C1=CC=C(F)C=C1
1088,CCC1(CC)C(=O)NCC(C)C1=O
1089,[H][C@@]12CC[C@H](O)[C@@]1(C)CC[C@@]1([H])[C@@]2([H])CC[C@@]23O[C@@H]2C(O)=C(C[C@]13C)C#N
1090,C1=CC=C(C=C1)C=CC(=O)O
1091,ClC1=CC(Cl)=C(COC(CN2C=CN=C2)C2=C(Cl)C=C(Cl)C=C2)C=C1
1092,CCC(C)CCCCC(=O)NC(CCNCS([O-])(=O)=O)C(=O)NC(C(C)O)C(=O)NC(CCNCS([O-])(=O)=O)C(=O)NC1CCNC(=O)C(NC(=O)C(CCNCS([O-])(=O)=O)NC(=O)C(CCNCS([O-])(=O)=O)NC(=O)C(CC(C)C)NC(=O)C(CC(C)C)NC(=O)C(CCNCS([O-])(=O)=O)NC1=O)C(C)O
1093,[H][C@]12SCC(COC(N)=O)=C(N1C(=O)[C@H]2NC(=O)C(=N/OC)\C1=CC=CO1)C(O)=O
1094,COC1=C(OC)C=C(CC2=NC=CC3=CC(OC)=C(OC)C=C23)C=C1
1095,CN(C)CCC(C1=CC=C(Cl)C=C1)C1=CC=CC=N1
1096,COC(=O)C1=C(C)NC(C)=C(C1C1=CC=CC=C1[N+]([O-])=O)C(=O)OC
1097,O=C1N(CC2=CC=CC=C2)C2C[S+]3CCCC3C2N1CC1=CC=CC=C1
1098,OC1=C([C@H]2CC[C@@H](CC2)C2=CC=C(Cl)C=C2)C(=O)C2=CC=CC=C2C1=O
1099,CCCCC1=C(C(=O)C2=CC(I)=C(OCCN(CC)CC)C(I)=C2)C2=C(O1)C=CC=C2
1100,CC1=NS(=O)(=O)C2=C(N1)C=CC(Cl)=C2
1101,[H][C@@]12CCC[C@]1([H])CN(C2)NC(=O)NS(=O)(=O)C1=CC=C(C)C=C1
1102,NC(=O)NC(=O)CC1=CC=CC=C1
1103,CC[N+](CC)(CCNC(=O)C(=O)NCC[N+](CC)(CC)CC1=CC=CC=C1Cl)CC1=CC=CC=C1Cl
1104,NC1=CC2=NC3=C(C=CC(N)=C3)C=C2C=C1
1105,CCCCNC(=O)NS(=O)(=O)C1=CC=C(C)C=C1
1106,COC1=CC=C(C=C1)C1C(=O)C2=CC=CC=C2C1=O
1107,[H][C@@]1(CC[C@@]2([H])[C@]3([H])CC[C@@]4([H])NC(=O)C=C[C@]4(C)[C@@]3([H])CC[C@]12C)C(=O)NC1=CC(=CC=C1C(F)(F)F)C(F)(F)F
1108,ClC1=CC=C(COC(CN2C=CN=C2)C2=C(Cl)C=C(Cl)C=C2)C=C1
1109,CC(O)(CS(=O)(=O)C1=CC=C(F)C=C1)C(=O)NC1=CC(=C(C=C1)C#N)C(F)(F)F
1110,COCCCOC1=C(C)C(CS(=O)C2=NC3=CC=CC=C3N2)=NC=C1
1111,[H][C@@]12CC[C@](OC(=O)OCC)(C(=O)COC(=O)CC)[C@@]1(C)C[C@H](O)[C@@]1([H])[C@@]2([H])CCC2=CC(=O)C=C[C@]12C
1112,CC(C)NC(=N)NC(=N)NC1=CC=C(Cl)C=C1
1113,CCC1=CN=C(CCOC2=CC=C(CC3SC(=O)NC3=O)C=C2)C=C1
1114,OP(O)(=O)C(SC1=CC=C(Cl)C=C1)P(O)(O)=O
1115,[H][C@@]1(CC[C@@]2([H])[C@]3([H])CCC4=CC(=O)CC[C@]4(C)[C@@]3([H])CC[C@]12C)C(=O)COC(=O)C(C)(C)C
1116,COC1=CC(CC2C3=C(OC)C(OC)=C(OC)C=C3CC[N+]2(C)CCCOC(=O)CCC(=O)OCCC[N+]2(C)CCC3=CC(OC)=C(OC)C(OC)=C3C2CC2=CC(OC)=C(OC)C(OC)=C2)=CC(OC)=C1OC
1117,COC1=CC=CC=C1OCCNCC(O)COC1=CC=CC2=C1C1=CC=CC=C1N2
1118,C[C@H]1COC2=C3N1C=C(C(O)=O)C(=O)C3=CC(F)=C2N1CCN(C)CC1
1119,O=C1C(CCS(=O)C2=CC=CC=C2)C(=O)N(N1C1=CC=CC=C1)C1=CC=CC=C1
1120,[H][C@]12SCC(COC(C)=O)=C(N1C(=O)[C@H]2NC(=O)CSC1=CC=NC=C1)C(O)=O
1121,[H][C@]12SCC(C)=C(N1C(=O)[C@H]2NC(=O)[C@H](N)C1=CC=C(O)C=C1)C(O)=O
1122,CCCCCOC1=CC=C(C=C1)C1=CC(=NO1)C1=CC=C(C=C1)C(=O)N[C@H]1C[C@@H](O)[C@@H](O)NC(=O)[C@@H]2[C@@H](O)[C@@H](C)CN2C(=O)[C@@H](NC(=O)[C@@H](NC(=O)[C@@H]2C[C@@H](O)CN2C(=O)[C@@H](NC1=O)[C@@H](C)O)[C@H](O)[C@@H](O)C1=CC(OS(O)(=O)=O)=C(O)C=C1)[C@H](O)CC(N)=O
1123,[H]C(CCN(C)C)=C1C2=CC=CC=C2COC2=CC=CC=C12
1124,NCCCNCCSP(O)(O)=O
1125,NS(=O)(=O)C1=CC(=C(Cl)C(Cl)=C1)S(N)(=O)=O
1126,OS(=O)CNC1=CC=C(C=C1)S(=O)(=O)C1=CC=C(NCS(O)=O)C=C1
1127,CN1CCC(CC1)OC(C1=CC=CC=C1)C1=CC=CC=C1
1128,[H][C@]12SC(C)(C)[C@@H](N1C(=O)[C@H]2NC(=O)C1=C(C)ON=C1C1=CC=CC=C1Cl)C(O)=O
1129,CC1=C(OC2=C(C=CC=C2C(=O)OCCN2CCCCC2)C1=O)C1=CC=CC=C1
1130,CCC1=NN(CCCN2CCN(CC2)C2=CC(Cl)=CC=C2)C(=O)N1CCOC1=CC=CC=C1
1131,[H][C@]12SCC(C=CC)=C(N1C(=O)[C@@]2([H])NC(=O)[C@H](N)C1=CC=C(O)C=C1)C(O)=O
1132,CNCCCN1C2=CC=CC=C2CCC2=CC=CC=C12
1133,CC(CC(C)C1OC(=O)CC(=O)CCCC(=O)CC(O)CC(O)CC(O)CC(=O)CC(O)C(C(O)CC(OC2O[C@H](C)[C@@H](O)[C@H](N)[C@@H]2O)\C=C\C=C\C=C\C=C\C=C\C=C\C=C\C1C)C(O)=O)C(O)CC(=O)C1=CC=C(N)C=C1
1134,ClC1=CC(Cl)=C(C=C1)C(CN1C=CN=C1)OCC1=CSC2=C1C=CC=C2Cl
1135,CCCC(C)C1(CC=C)C(=O)NC(=S)NC1=O
1136,CO\N=C1/CN(CC1CN)C1=NC2=C(C=C1F)C(=O)C(=CN2C1CC1)C(O)=O
1137,CC(NC(C)(C)C)C(=O)C1=CC(Cl)=CC=C1
1138,COC1=CC(NCC2=C(C)C3=C(C=C2)N=C(N)N=C3N)=CC(OC)=C1OC
1139,CC[N+](C)(C)CC1=CC=CC=C1Br
1140,[H]C(Cl)(Br)C(F)(F)F
1141,NC(CO)(CO)CO.CCCCC[C@H](O)\C=C\[C@H]1[C@H](O)C[C@H](O)[C@@H]1C\C=C/CCCC(O)=O
1142,CCN(CC)CCOC(=O)C1=C(Cl)C=C(N)C=C1
1143,COC1=C(OC)C=C2C(N)=NC(=NC2=C1)N1CCN(CC1)C(=O)C1CCCO1
1144,[H]C(=N[C@@H]1C(=O)N2[C@@H](C(O)=O)C(C)(C)S[C@]12[H])N1CCCCCC1
1145,[Cl-].[Cl-].[Ca++]
1146,CC1COC2=C3N1C=C(C(O)=O)C(=O)C3=CC(F)=C2N1CCN(C)CC1
1147,O=C1CCC2=C(N1)C=CC(OCCCCC1=NN=NN1C1CCCCC1)=C2
1148,CCC(C)N1N=CN(C1=O)C1=CC=C(C=C1)N1CCN(CC1)C1=CC=C(OC[C@H]2CO[C@@](CN3C=NC=N3)(O2)C2=C(Cl)C=C(Cl)C=C2)C=C1
1149,CNNCC1=CC=C(C=C1)C(=O)NC(C)C
1150,O=[As]O[As]=O
1151,NC(N)=NCCN1CCCCCCC1
1152,ClC1=CC=C(C=C1)C(=O)NCCN1CCOCC1
1153,NC[C@H]1O[C@H](O[C@@H]2[C@@H](N)C[C@@H](N)[C@H](O[C@H]3O[C@H](CO)[C@@H](O)[C@H](N)[C@H]3O)[C@H]2O)[C@H](O)[C@@H](O)[C@@H]1O
1154,CN(C)CCOC(C1=CC=CC=C1)C1=CC=CC=C1C
1155,CCC1(C(=O)NC(=O)NC1=O)C1=CC=CC=C1
1156,CN(C)CCC[C@]1(OCC2=C1C=CC(=C2)C#N)C1=CC=C(F)C=C1
1157,CN1CCN(CC1)C(C1=CC=CC=C1)C1=CC=CC=C1
1158,C[C@@H]1O[C@H](C[C@H](N)[C@@H]1O)O[C@H]1C[C@@](O)(CC2=C1C(O)=C1C(=O)C3=CC=CC=C3C(=O)C1=C2O)C(C)=O
1159,CN1C(C2=CC=C(Cl)C=C2)S(=O)(=O)CCC1=O
1160,[H][C@]12COC(=O)[C@]1([H])[C@H](C1=CC(OC)=C(OC)C(OC)=C1)C1=CC3=C(OCO3)C=C1[C@@H]2O
1161,[H][C@]12C[C@@H](OC(=O)C=CC3=CC(OC)=C(OC)C(OC)=C3)[C@H](OC)[C@@H](C(=O)OC)[C@@]1([H])C[C@@]1([H])N(CCC3=C1NC1=C3C=CC(OC)=C1)C2
1162,ClCCNP1(=O)OCCCN1CCCl
1163,CCCNCC(O)COC1=C(C=CC=C1)C(=O)CCC1=CC=CC=C1
1164,OC1=CC=C2C[C@H]3N(CC=C)CC[C@@]45[C@@H](OC1=C24)C(=O)CC[C@@]35O
1165,ClC1=CC2=C(C=C1)N(C1CCN(CCCN3C(=O)NC4=CC=CC=C34)CC1)C(=O)N2
1166,[H][C@@]12CC[C@](C)(O)[C@@]1(C)C[C@H](O)[C@@]1(F)[C@@]2([H])CCC2=CC(=O)CC[C@]12C
1167,[H][C@@]12CC3=CNC4=CC=CC(=C34)[C@@]1([H])C[C@@H](CSC)CN2CCC
1168,CCOC(=O)CCCCCCCCC(C)C1=CC=CC=C1I
1169,CC1=CC(=O)N(O)C(=C1)C1CCCCC1
1170,FC(F)OC(F)C(F)(F)F
1171,[H][C@@](NC(=O)[C@@H]1C[C@@H](CCC)CN1C)([C@H](C)Cl)[C@@]1([H])O[C@H](SC)[C@H](O)[C@@H](O)[C@H]1O
1172,CCN[C@@H](C)CC1=CC=CC(=C1)C(F)(F)F
1173,[H][C@@]12OC3=C(O)C=CC4=C3[C@@]11CCN(C)[C@]([H])(C4)[C@]1(O)CCC2=O
1174,CCCC(=O)NC1=CC=C(OCC(O)CNC(C)C)C(=C1)C(C)=O
1175,CCN[C@H]1CN(CCCOC)S(=O)(=O)C2=C1C=C(S2)S(N)(=O)=O
1176,FC(F)(F)COC1=CC(C(=O)NCC2CCCCN2)=C(OCC(F)(F)F)C=C1
1177,[H][C@@]12CC[C@H](O)[C@@]1(C)CC[C@]1([H])C3=CC=C(OC(=O)N(CCCl)CCCl)C=C3CC[C@@]21[H]
1178,C[C@H](CS)C(=O)N1CCC[C@H]1C(O)=O
1179,CN1CCN(CC1)C(=O)OC1N(C(=O)C2=NC=CN=C12)C1=NC=C(Cl)C=C1
1180,[H][C@@]12CC3=CC=C(OC4=C5C(CC[N+](C)(C)[C@]5([H])CC5=CC(OC6=C(OC)C=C(CCN1C)C2=C6)=C(O)C=C5)=CC(OC)=C4O)C=C3
1181,[H][C@@]12CCCN1C(=O)[C@H](CC(C)C)N1C(=O)[C@](NC(=O)[C@H]3CN(C)[C@]4([H])CC5=C(Br)NC6=CC=CC(=C56)C4=C3)(O[C@@]21O)C(C)C
1182,CO[C@H]1\C=C\O[C@@]2(C)OC3=C(C2=O)C2=C(C(O)=C3C)C(O)=C(NC(=O)\C(C)=C/C=C/[C@H](C)[C@H](O)[C@@H](C)[C@@H](O)[C@@H](C)[C@H](OC(C)=O)[C@@H]1C)C(\C=N\N1CCN(CC1)C1CCCC1)=C2O
1183,CC[C@H](N1CCCC1=O)C(N)=O
1184,CC(C)(C)NCC(O)COC1=CC=CC2=C1C[C@H](O)[C@H](O)C2
1185,OCCNCCNC1=CC=C(NCCNCCO)C2=C1C(=O)C1=C(C(O)=CC=C1O)C2=O
1186,CCOC(=O)C1=C2CN(C)C(=O)C3=C(C=CC(F)=C3)N2C=N1
1187,ClCCN(N=O)C(=O)NC1CCCCC1
1188,OC(=O)CCCCO\N=C(\C1=CN=CC=C1)C1=CC(=CC=C1)C(F)(F)F
1189,C[C@H]1CN(C[C@@H](C)N1)C1=C(F)C(N)=C2C(=O)C(=CN(C3CC3)C2=C1F)C(O)=O
1190,[H][C@@]12CC3=CC=C(O)C=C3[C@@](C)(CCCCC1)[C@H]2N
1191,CC(C)(C)NC[C@H](O)COC1=CC=CC2=C1CCCC2=O
1192,[H][C@@]1(C[C@@](C)(OC)[C@@H](O)[C@H](C)O1)O[C@H]1[C@H](C)[C@@H](O[C@]2([H])O[C@H](C)C[C@@H]([C@H]2O)N(C)C)[C@@](C)(C[C@@H](C)C(=O)[C@H](C)[C@@H](O)[C@](C)(O)[C@@H](CC)OC(=O)[C@@H]1C)OC
1193,[H][C@]12SCC(CSC3=NC(=O)C(=O)NN3C)=C(N1C(=O)[C@H]2NC(=O)C(=N/OC)\C1=CSC(N)=N1)C(O)=O
1194,CC1=CNN=C1
1195,CC(C)NCC(O)COC1=C(C)C(C)=C(OC(C)=O)C(C)=C1
1196,ClC1=CC2=C(C=C1)N1C=NN=C1CN=C2C1=CC=CC=C1
1197,[H][C@@]12CC[C@H](C(=O)NC(C)(C)C)[C@@]1(C)CC[C@@]1([H])[C@@]2([H])CC[C@@]2([H])NC(=O)C=C[C@]12C
1198,CC(C)(C#N)C1=CC(=CC(CN2C=NC=N2)=C1)C(C)(C)C#N
1199,CCCCN(CCCC)CCC(O)C1=C2C=CC(=CC2=C2C=C(Cl)C=C(Cl)C2=C1)C(F)(F)F
1200,[O-][N+](=O)C1=CC=C(C=C1)C1=CC=C(O1)\C=N\N1CC(=O)NC1=O
1201,CO[C@H]1\C=C\O[C@@]2(C)OC3=C(C)C(O)=C4C(O)=C(NC(=O)\C(C)=C/C=C/[C@H](C)[C@H](O)[C@@H](C)[C@@H](O)[C@@H](C)[C@H](OC(C)=O)[C@@H]1C)C1=C(N=C5C=C(C)C=CN15)C4=C3C2=O
1202,CNC1(CCCCC1=O)C1=CC=CC=C1Cl
1203,[H][C@@]12C[C@H]3OC(CCC)O[C@@]3(C(=O)CO)[C@@]1(C)C[C@H](O)[C@@]1([H])[C@@]2([H])CCC2=CC(=O)C=C[C@]12C
1204,NCCN.CN1C2=C(NC=N2)C(=O)N(C)C1=O.CN1C2=C(NC=N2)C(=O)N(C)C1=O
1205,OCCOCCN1CCN(CC1)C1=NC2=CC=CC=C2SC2=CC=CC=C12
1206,CC1=C(C2=C(CCN[C@H]2[C@H]3C[C@H]4C[C@@H]3C=C4)C=C1)C
1207,COC1=CC(C[C@@H]2C3=CC(OC)=C(OC)C=C3CC[N+]2(C)CCCOC(=O)CC\C=C\CCC(=O)OCCC[N+]2(C)CCC3=CC(OC)=C(OC)C=C3[C@H]2CC2=CC(OC)=C(OC)C(OC)=C2)=CC(OC)=C1OC
1208,CC[C@H](OC(C)=O)C(C[C@H](C)N(C)C)(C1=CC=CC=C1)C1=CC=CC=C1
1209,COC1=CC=C(C=C1)C(=O)NC1=CC=CC=C1CCC1CCCCN1C
1210,[H][C@]12[C@H](OC(=O)C3=CC=CC=C3)[C@]3(O)C[C@H](OC(=O)[C@H](O)[C@@H](NC(=O)C4=CC=CC=C4)C4=CC=CC=C4)C(C)=C([C@@H](OC(C)=O)C(=O)[C@]1(C)[C@@H](O)C[C@H]1OC[C@@]21OC(C)=O)C3(C)C
1211,NC1=NC(=O)C(O1)C1=CC=CC=C1
1212,OC(CCCN1CCCCC1)(C1=CC=CC=C1)C1=CC=CC=C1
1213,[H][C@@]12CCCC[C@]1([H])CN(C[C@@H](O)[C@H](CC1=CC=CC=C1)NC(=O)[C@H](CC(N)=O)NC(=O)C1=NC3=C(C=CC=C3)C=C1)[C@@H](C2)C(=O)NC(C)(C)C
1214,CCN(CC)CCNC(=O)C1=CC(Cl)=C(N)C=C1OC
1215,[H][C@@]12C[C@@H](C)[C@](O)(C(=O)CO)[C@@]1(C)C[C@H](O)[C@@]1(F)[C@@]2([H])CCC2=CC(=O)C=C[C@]12C
1216,N[C@@H](CC1=CC(O)=C(O)C=C1)C(O)=O
1217,FCOC(C(F)(F)F)C(F)(F)F
1218,CN(C)CCOC(C1=CC=CC=C1)C1=CC=C(Br)C=C1
1219,ClC1=CC=CC(N2CCN(CCCCOC3=CC4=C(CCC(=O)N4)C=C3)CC2)=C1Cl
1220,CN(C)CC\C=C1\C2=CC=CC=C2SC2=CC=C(Cl)C=C12
1221,[H][C@]12C[C@@H](O)[C@H](\C=C\[C@@H](O)CCCCC)[C@@]1([H])C\C(O2)=C\CCCC(O)=O
1222,CC1=CC(OCCCC(C)(C)C(O)=O)=C(C)C=C1
1223,CN(C)CCCN1C2=CC=CC=C2CCC2=C1C=C(Cl)C=C2
1224,OC1=C(Cl)C=C(Cl)C2=C1N=CC=C2
1225,CC(C)COCC(CN(CC1=CC=CC=C1)C1=CC=CC=C1)N1CCCC1
1226,C[N+](C)(C)CCCCCCCCCC[N+](C)(C)C
1227,CC(CN(C)C)CN1C2=CC=CC=C2SC2=CC=CC=C12
1228,CC1=CC(=NO1)C(=O)NNCC1=CC=CC=C1
1229,[H][C@@]1(C[C@@]2(O)[C@@H](OC(=O)C3=CC=CC=C3)[C@]3([H])[C@@]4(CO[C@@H]4C[C@H](O)[C@@]3(C)C(=O)[C@H](O)C(=C1C)C2(C)C)OC(C)=O)OC(=O)[C@H](O)[C@@H](NC(=O)OC(C)(C)C)C1=CC=CC=C1
1230,CC(=O)N(CC(O)CN(C(C)=O)C1=C(I)C(C(=O)NCC(O)CO)=C(I)C(C(=O)NCC(O)CO)=C1I)C1=C(I)C(C(=O)NCC(O)CO)=C(I)C(C(=O)NCC(O)CO)=C1I
1231,OC(=O)C1=CC(=CC=C1O)\N=N\C1=CC=C(O)C(=C1)C(O)=O
1232,COC1=CC2=C(C=C1)C(C)(C)C(=O)N(CCC1=CC=C(C=C1)S(=O)(=O)NC(=O)NC1CCCCC1)C2=O
1233,[H][C@@](CC(=O)N1C[C@@]2([H])CCCC[C@@]2([H])C1)(CC1=CC=CC=C1)C(O)=O
1234,[H][C@@]12CC3=CNC4=CC=CC(=C34)C1=C[C@H](CN2C)C(=O)N[C@@H](C)CO
1235,CC1=NC(NC2=NC=C(S2)C(=O)NC2=C(C)C=CC=C2Cl)=CC(=N1)N1CCN(CCO)CC1
1236,C[C@@H](CC1=CC=CC=C1)NC(=O)[C@@H](N)CCCCN
1237,[H][C@@]12C(=O)CC[C@]11CC[C@@H](C)[C@@]2(C)[C@@H](C[C@@](C)(C=C)[C@@H](O)[C@@H]1C)OC(=O)CS[C@H]1C[C@@H]2CC[C@H](C1)N2C
1238,CCCC[C@H](C(=O)O)N(C(=O)[C@@H](CC1=CN(C2=CC=CC=C21)C(=O)OC)N)C(=O)[C@H](CC(C)(C)C)NC(=O)N3[C@@H](CCC[C@@H]3C)C
1239,CS(=O)(=O)CCNCC1=CC=C(O1)C1=CC2=C(C=C1)N=CN=C2NC1=CC(Cl)=C(OCC2=CC(F)=CC=C2)C=C1
1240,[H][C@@]12C[C@H]3OC(C)(C)O[C@@]3(C(=O)CO)[C@@]1(C)C[C@H](O)[C@@]1([H])[C@@]2([H])CCC2=CC(=O)C=C[C@]12C
1241,N[C@@H](CC(=O)N1CCN2C(C1)=NN=C2C(F)(F)F)CC1=CC(F)=C(F)C=C1F
1242,NC1=NC(=O)N(C=N1)[C@H]1C[C@H](O)[C@@H](CO)O1
1243,CC[C@@H]([C@H](C)O)N1N=CN(C1=O)C1=CC=C(C=C1)N1CCN(CC1)C1=CC=C(OC[C@@H]2CO[C@](CN3C=NC=N3)(C2)C2=C(F)C=C(F)C=C2)C=C1
1244,[H][C@@]12CCO[C@]1([H])OC[C@@H]2OC(=O)N[C@@H](CC1=CC=CC=C1)[C@H](O)CN(CC(C)C)S(=O)(=O)C1=CC=C(N)C=C1
1245,CC1=CN([C@@H]2C[C@@H](O)[C@H](CO)O2)C(=O)NC1=O
1246,
1247,CC1=C(CCN2CCC(CC2)C2=NOC3=C2C=CC(F)=C3)C(=O)N2CCCC(O)C2=N1
1248,CCN(CC)CCNC(=O)C1=C(C)NC(\C=C2/C(=O)NC3=C2C=C(F)C=C3)=C1C
1249,
1250,CS(=O)(=O)CC(=O)NC1=CC2=C(C=C1)OCO2
1251,
1252,CCOC1=CC=C(C=C1)C(=O)CN2C(=O)C(=O)N(C2=O)C3CCCCC3C
1253,C1C2CNCC1C1=C2C=C2N=CC=NC2=C1
1254,COC1=CC=C(C[C@@H](C)NC[C@H](O)C2=CC(NC=O)=C(O)C=C2)C=C1
1255,NNC1=NN=CC2=CC=CC=C12
1256,C1=CC2=C(C=CC(=C2)C(=O)O)C=C1C(=O)O
1257,CCOC1=CC=C(C=C1)OCCS(=O)(=O)CC(=O)N
1258,[H]N[C@@H](CCCCN)C(=O)N[C@H]1CSSC[C@H](NC(=O)[C@@]([H])(NC(=O)[C@H](C)NC(=O)[C@@]([H])(NC(=O)[C@H](CC(N)=O)NC1=O)[C@@H](C)O)[C@@H](C)O)C(=O)N[C@@H](C)C(=O)N[C@@]([H])([C@@H](C)O)C(=O)N[C@@H](CCC(N)=O)C(=O)N[C@@H](CCCNC(N)=N)C(=O)N[C@@H](CC(C)C)C(=O)N[C@@H](C)C(=O)N[C@@H](CC(N)=O)C(=O)N[C@@H](CC1=CC=CC=C1)C(=O)N[C@@H](CC(C)C)C(=O)N[C@@H](C(C)C)C(=O)N[C@@H](CC1=CN=CN1)C(=O)N[C@@H](CO)C(=O)N[C@@H](CO)C(=O)N[C@@H](CC(N)=O)C(=O)N[C@@H](CC(N)=O)C(=O)N[C@@H](CC1=CC=CC=C1)C(=O)NCC(=O)N1CCC[C@H]1C(=O)N[C@@]([H])([C@@H](C)CC)C(=O)N[C@@H](CC(C)C)C(=O)N1CCC[C@H]1C(=O)N1CCC[C@H]1C(=O)N[C@@]([H])([C@@H](C)O)C(=O)N[C@@H](CC(N)=O)C(=O)N[C@@H](C(C)C)C(=O)NCC(=O)N[C@@H](CO)C(=O)N[C@@H](CC(N)=O)C(=O)N[C@@]([H])([C@@H](C)O)C(=O)N[C@@H](CC1=CC=C(O)C=C1)C(N)=O
1259,C1CN(CCN1CCCC2(OCCO2)C3=CC=CC=C3)C(C4=CC=CC=C4)C5=CC=CC=C5
1260,COC1=NC(N)=NC2=C1N=CN2[C@@H]1O[C@H](CO)[C@@H](O)[C@@H]1O
1261,C/C=C/C1=C(C(=CC(=C1)C(=O)OCC(=O)C2=C(C(=C(N2)C)C(=O)C)C)OC)OC
1262,[H][C@]1(NC(=O)[C@H](CC2=CC=C(OC)C=C2)NC(=O)CCCSC[C@H](NC(=O)[C@H](CC(N)=O)NC(=O)[C@H](CCC(N)=O)NC1=O)C(=O)N1CCC[C@H]1C(=O)N[C@@H](CC(C)C)C(=O)NCC(N)=O)[C@@H](C)CC
1263,CC1=CC=C(NC2=C(Cl)C=CC=C2F)C(CC(O)=O)=C1
1264,CSCC[C@H](NC(=O)[C@H](CO)NC(=O)[C@H](CC1=CC=C(O)C=C1)NC(=O)[C@@H](N)CO)C(=O)N[C@@H](CCC(O)=O)C(=O)N[C@@H](CC1=CN=CN1)C(=O)N[C@@H](CC1=CC=CC=C1)C(=O)N[C@@H](CCCNC(N)=N)C(=O)N[C@@H](CC1=CNC2=C1C=CC=C2)C(=O)NCC(=O)N[C@@H](CCCCN)C(=O)N1CCC[C@H]1C(=O)N[C@@H](C(C)C)C(=O)NCC(=O)N[C@@H](CCCCN)C(=O)N[C@@H](CCCCN)C(=O)N[C@@H](CCCNC(N)=N)C(=O)N[C@@H](CCCNC(N)=N)C(=O)N1CCC[C@H]1C(=O)N[C@@H](C(C)C)C(=O)N[C@@H](CCCCN)C(=O)N[C@@H](C(C)C)C(=O)N[C@@H](CC1=CC=C(O)C=C1)C(=O)N1CCC[C@H]1C(O)=O
1265,C[C@@H](C(=O)NC1=CC(=CC=C1)Cl)OC(=O)COC2=CC=CC=C2Cl
1266,CC(CC1=CC=C(O)C=C1)NCC(O)C1=CC(O)=CC(O)=C1
1267,CC1=CC(=NO1)C(=O)NCCC1=CC=C(C=C1)S(=O)(=O)NC(=O)NN1CCCCCC1
1268,CC(C)(C)NCC(O)C1=NC(CO)=C(O)C=C1
1269,O[Bi]1OC(=O)C2=CC=CC=C2O1
1270,COC1=C(OC)C=C(CCNCC(O)COC2=CC=CC(C)=C2)C=C1
1271,N[C@H]1C(O)O[C@H](CO)[C@@H](O)[C@@H]1O
1272,CC(C)NCC(O)COC1=CC=C(NC(C)=O)C=C1
1273,CCN1C=CC(NS(=O)(=O)C2=CC=C(N)C=C2)=NC1=O
1274,COC1=NC=NC(NS(=O)(=O)C2=CC=C(N)C=C2)=C1OC
1275,[H][C@@]12C[C@@]3([H])C(C(=O)C4=C(O)C=CC=C4[C@@]3(C)O)=C(O)[C@]1(O)C(=O)C(C(=O)NCN1CCCC1)=C(O)[C@H]2N(C)C
1276,C[N+](C)(C)CCO.CN1C2=C([N-]C=N2)C(=O)N(C)C1=O
1277,CC[C@H](C)[C@@H](C(=O)N[C@@H](C(C)C)C(=O)N[C@@H](CCC(=O)O)C(=O)N[C@@H](CCC(=O)N)C(=O)N[C@@H](CS)C(=O)N[C@@H](CS)C(=O)N[C@@H]([C@@H](C)O)C(=O)N[C@@H](CO)C(=O)N[C@@H]([C@@H](C)CC)C(=O)N[C@@H](CS)C(=O)N[C@@H](CO)C(=O)N[C@@H](CC(C)C)C(=O)N[C@@H](CC1=CC=C(C=C1)O)C(=O)N[C@@H](CCC(=O)N)C(=O)N[C@@H](CC(C)C)C(=O)N[C@@H](CCC(=O)O)C(=O)N[C@@H](CC(=O)N)C(=O)N[C@@H](CC2=CC=C(C=C2)O)C(=O)N[C@@H](CS)C(=O)N[C@@H](CC(=O)N)C(=O)O)NC(=O)CN.C[C@H]([C@@H](C(=O)N[C@@H](CC(=O)O)C(=O)N[C@@H](CCCCN)C(=O)N[C@@H]([C@@H](C)O)C(=O)O)NC(=O)[C@H](CC1=CC=C(C=C1)O)NC(=O)[C@H](CC2=CC=CC=C2)NC(=O)[C@H](CC3=CC=CC=C3)NC(=O)CNC(=O)[C@H](CCCNC(=N)N)NC(=O)[C@H](CCC(=O)O)NC(=O)CNC(=O)[C@H](CS)NC(=O)[C@H](C(C)C)NC(=O)[C@H](CC(C)C)NC(=O)[C@H](CC4=CC=C(C=C4)O)NC(=O)[C@H](CC(C)C)NC(=O)[C@H](C)NC(=O)[C@H](CCC(=O)O)NC(=O)[C@H](C(C)C)NC(=O)[C@H](CC(C)C)NC(=O)[C@H](CC5=CN=CN5)NC(=O)[C@H](CO)NC(=O)CNC(=O)[C@H](CS)NC(=O)[C@H](CC(C)C)NC(=O)[C@H](CC6=CN=CN6)NC(=O)[C@H](CCC(=O)N)NC(=O)[C@H](CC(=O)N)NC(=O)[C@H](C(C)C)NC(=O)[C@H](CC7=CC=CC=C7)N)O
1278,CC(C)C(C)NC(=O)C1=CC=C(C=C1)N(C)C
1279,CC[C@H](C)[C@H]1C(=O)N[C@H]2CSSC[C@@H](C(=O)N[C@@H](CSSC[C@@H](C(=O)NCC(=O)N[C@H](C(=O)N[C@H](C(=O)N[C@H](C(=O)N[C@H](C(=O)N[C@H](C(=O)N[C@H](C(=O)N[C@H](C(=O)N[C@H](C(=O)N[C@H](C(=O)N[C@H](C(=O)N[C@@H](CSSC[C@H](NC(=O)[C@@H](NC(=O)[C@@H](NC(=O)[C@@H](NC(=O)[C@@H](NC(=O)[C@@H](NC(=O)[C@@H](NC(=O)[C@@H](NC(=O)[C@@H](NC2=O)CO)CC(C)C)CC3=CC=C(C=C3)O)CCC(=O)N)CC(C)C)CCC(=O)O)CC(=O)N)CC4=CC=C(C=C4)O)C(=O)N[C@@H](CC(=O)N)C(=O)O)C(=O)NCC(=O)N[C@@H](CCC(=O)O)C(=O)N[C@@H](CCCNC(=N)N)C(=O)NCC(=O)N[C@@H](CC5=CC=CC=C5)C(=O)N[C@@H](CC6=CC=CC=C6)C(=O)N[C@@H](CC7=CC=C(C=C7)O)C(=O)N[C@@H]([C@@H](C)O)C(=O)N8CCC[C@H]8C(=O)N[C@@H](CCC(=O)O)C(=O)N[C@@H]([C@@H](C)O)C(=O)O)C(C)C)CC(C)C)CC9=CC=C(C=C9)O)CC(C)C)C)CCC(=O)O)C(C)C)CC(C)C)CC2=CN=CN2)CO)NC(=O)[C@H](CC(C)C)NC(=O)[C@H](CC2=CN=CN2)NC(=O)[C@H](CCC(=O)N)NC(=O)[C@H](CCCCN)NC(=O)[C@H](C(C)C)NC(=O)[C@H](CC2=CC=CC=C2)N)C(=O)N[C@H](C(=O)N[C@H](C(=O)N1)CO)[C@@H](C)O)NC(=O)[C@H](CCC(=O)N)NC(=O)[C@H](CCC(=O)O)NC(=O)[C@H](C(C)C)NC(=O)[C@H]([C@@H](C)CC)NC(=O)CN
1280,CC(C)CN(C[C@@H](OP(O)(O)=O)[C@H](CC1=CC=CC=C1)NC(=O)O[C@H]1CCOC1)S(=O)(=O)C1=CC=C(N)C=C1
1281,OP(O)(=O)OCN1C(=O)NC(C1=O)(C1=CC=CC=C1)C1=CC=CC=C1
1282,CO[C@H]1[C@@H](CC(=O)O[C@H](C)C\C=C\C=C\[C@H](O)[C@H](C)C[C@H](CC=O)[C@@H]1O[C@@H]1O[C@H](C)[C@@H](O[C@H]2C[C@@](C)(O)[C@@H](OC(=O)CC(C)C)[C@H](C)O2)[C@@H]([C@H]1O)N(C)C)OC(C)=O
1283,COC1=CC(=O)OC(C1)\C=C\C1=CCCC=C1
1284,C1=CC2=C(C=CC(=C2)S(=O)(=O)O)C(=C1)N
1285,CN1C(CSCC(F)(F)F)NC2=CC(Cl)=C(C=C2S1(=O)=O)S(N)(=O)=O
1286,CCC1NC(=O)C2=CC(=C(Cl)C=C2N1)S(N)(=O)=O
1287,[H][C@]12SCC(CSC3=NN=NN3C)=C(N1C(=O)[C@H]2NC(=O)[C@H](O)C1=CC=CC=C1)C(O)=O
1288,[H][C@]12SCC(CSC3=NN=C(C)S3)=C(N1C(=O)[C@H]2NC(=O)CN1C=NN=N1)C(O)=O
1289,[H][C@]12SCC(CSC3=NN=NN3CS(O)(=O)=O)=C(N1C(=O)[C@H]2NC(=O)[C@H](O)C1=CC=CC=C1)C(O)=O
1290,[H][C@]12SCC(CSC3=NN=NN3C)=C(N1C(=O)[C@@]2([H])NC(=O)[C@H](NC(=O)N1CCN(CC)C(=O)C1=O)C1=CC=C(O)C=C1)C(O)=O
1291,[H][C@]12SCC(CSC3=NN=NN3C)=C(N1C(=O)[C@]2(NC(=O)C1SC(S1)=C(C(N)=O)C(O)=O)OC)C(O)=O
1292,[H][C@]12SCC(COC(N)=O)=C(N1C(=O)[C@]2(NC(=O)CC1=CC=CS1)OC)C(O)=O
1293,[H][C@]12SCC=C(N1C(=O)[C@H]2NC(=O)C(=N/OC)\C1=CSC(N)=N1)C(O)=O
1294,[H][C@]12SCC(C)=C(N1C(=O)[C@H]2NC(=O)[C@H](N)C1=CCC=CC1)C(O)=O
1295,[H][C@@]12CC3=CC=C(OC4=C5C(CC[N+](C)(C)[C@]5([H])CC5=CC(OC6=C(OC)C=C(CC[N+]1(C)C)C2=C6)=C(OC)C=C5)=CC(OC)=C4OC)C=C3
1296,[H][C@@]12C[C@@H]([C@H](OC(C)=O)[C@@]1(C)CC[C@@]1([H])[C@@]2([H])CC[C@@]2([H])C[C@H](OC(C)=O)[C@H](C[C@]12C)[N+]1(C)CCCCC1)[N+]1(C)CCCCC1
1297,[H][C@@]12C[C@@H]([C@H](OC(C)=O)[C@@]1(C)CC[C@@]1([H])[C@@]2([H])CC[C@@]2([H])C[C@H](OC(C)=O)[C@H](C[C@]12C)N1CC[N+](C)(C)CC1)N1CC[N+](C)(C)CC1
1298,[H][C@@]12C[C@@H]([C@H](OC(C)=O)[C@@]1(C)CC[C@@]1([H])[C@@]2([H])CC[C@@]2([H])C[C@H](OC(C)=O)[C@H](C[C@]12C)N1CCCCC1)[N+]1(C)CCCCC1
1299,CCOC(=O)[C@H](CCC1=CC=CC=C1)N[C@H]1CCCN2CCC[C@H](N2C1=O)C(O)=O
1300,
1301,CCCCC1=NN(CC2=CN=C(C=C2)C2=CC=CC=C2C2=NNN=N2)C(CCCC)=N1
1302,
1303,[K+]
1304,CCC1(C(=O)NC(=O)NC1=O)C1=CC=CC=C1.COC1=CC2=C(C=CN=C2C=C1)C(O)C1CC2CCN1CC2C=C
1305,CCC1=NC(C2CC2)=C(N1CC1=CC2=C(OC(=C2Br)C2=CC=CC=C2NS(=O)(=O)C(F)(F)F)C=C1)C(N)=O
1306,CCOC(=O)[C@H](CCC1=CC=CC=C1)N[C@@H](C)C(=O)N1CC2(C[C@H]1C(O)=O)SCCS2
1307,CC1=NC(C)=C2CCC(=O)N(CC3=CC=C(C=C3)C3=CC=CC=C3C3=NNN=N3)C2=N1
1308,CCC1(CCC(C)C)C(=O)NC(=O)NC1=O
1309,CC(C)C1(CC=C)C(=O)NC(=O)NC1=O
1310,CCCCC1(CC)C(=O)NC(=O)NC1=O
1311,CCC1(C(=O)NC(=O)NC1=O)C1=CCCCCC1
1312,CN1C(=O)NC(=O)C(C)(C1=O)C1=CCCCC1
1313,[Li+]
1314,[H][C@@]12CC[C@@](O)(C#C)[C@@]1(C)CC[C@]1([H])C3=C(CC[C@@]21[H])C=C(OC)C=C3
1315,CC(C)(C)NC[C@H](O)COC1=CC=CC=C1C1CCCC1
1316,CC(=O)N(CC(O)CO)C1=C(I)C(C(=O)NCC(O)CO)=C(I)C(C(=O)NCC(O)CO)=C1I
1317,
1318,CN[C@@H](C)[C@H](O)C1=CC=CC=C1
1319,CNC(C)(C)CC1=CC=CC=C1
1320,CC[C@@H](NC(C)C)[C@@H](O)C1=CC=C(O)C2=C1C=CC(=O)N2
1321,C#CCN[C@@H]1CCC2=CC=CC=C12
1322,[H][C@@]12CCCN1C(=O)[C@@H](CC)NC(=O)[C@@H](NC(=O)C1=NC=CC=C1O)[C@@H](C)OC(=O)[C@@H](NC(=O)[C@]1([H])CC(=O)[C@]([H])(CS[C@@H]3CN4CCC3CC4)CN1C(=O)[C@H](CC1=CC=C(C=C1)N(C)C)N(C)C2=O)C1=CC=CC=C1
1323,[Al]
1324,[Ca]
1325,CCCCCCCCCCCCCCCCCC(=O)O[Al](O)O
1326,[O--].[Mg++]
1327,[Mg++]
1328,[H][C@@]12CC[C@](O)(C(=O)COC(C)=O)[C@@]1(C)CC(=O)[C@@]1([H])[C@@]2([H])CCC2=CC(=O)CC[C@]12C
1329,
1330,COCCOC1=CN=C(NS(=O)(=O)C2=CC=CC=C2)N=C1
1331,[H][C@@]12C[C@@H](C)[C@](O)(C(=O)CO)[C@@]1(C)C[C@H](O)[C@@]1([H])[C@@]2([H])C[C@H](F)C2=CC(=O)C=C[C@]12C
1332,COCC(=O)O[C@]1(CCN(C)CCCC2=NC3=CC=CC=C3N2)CCC2=C(C=CC(F)=C2)[C@@H]1C(C)C
1333,[Na+].OC([O-])=O
1334,[H][C@@]12CC[C@H](O)[C@H](C(=O)OC)[C@@]1([H])C[C@]1([H])N(CCC3=C1NC1=CC=CC=C31)C2
1335,CC(C)(OC1=CC=C(CCNC(=O)C2=CC=C(Cl)C=C2)C=C1)C(O)=O
1336,COC1=CC2=C(C(OC)=C1OC)C1=CC=C(OC)C(=O)C=C1[C@H](CC2)NC(C)=O
1337,[H][C@@]12C[C@]1([H])[C@@]1([H])[C@]3([H])[C@]4([H])C[C@]4([H])[C@@]4(CCC(=O)O4)[C@@]3(C)CC[C@]1([H])[C@@]1(C)CCC(=O)C=C21
1338,[H][C@@]1(CC[C@]2(O)[C@]3([H])CC[C@]4([H])C[C@H](CC[C@]4(C)[C@@]3([H])CC[C@]12C)O[C@H]1C[C@H](O)[C@H](O[C@H]2C[C@H](O)[C@H](O[C@H]3C[C@H](O)[C@H](O)[C@@H](C)O3)[C@@H](C)O2)[C@@H](C)O1)C1=CC(=O)OC1
1339,[Mg++].OC1=CC=CC=C1C([O-])=O.OC1=CC=CC=C1C([O-])=O
1340,OC(=O)C1=CC=CC=C1OC(=O)C1=CC=CC=C1O
1341,CN(C)C(=O)OC1=CC(=CC=C1)[N+](C)(C)C
1342,[Mg++].C[N+](C)(C)CCO.OC1=CC=CC=C1C([O-])=O.OC1=CC=CC=C1C([O-])=O.OC1=CC=CC=C1C([O-])=O
1343,COC1=CC2=C(SC3=C(C=CC=C3)N2C[C@H](C)CN(C)C)C=C1
1344,
1345,CC1CN(CCN1)C1=C(F)C=C2C(=O)C(=CN(C2=C1)C1=C(F)C=C(F)C=C1)C(O)=O
1346,[H][C@@]12CC[C@@](O)(C#C)[C@@]1(C)CC[C@@]1([H])[C@@]2([H])CCC2=CC3=C(C[C@]12C)C=NO3
1347,CC(C)(C)NCC(O)C1=CC(Cl)=C(N)C(Cl)=C1
1348,CN(C)C(=O)OC1=CC(=CC(OC(=O)N(C)C)=C1)C(O)CNC(C)(C)C
1349,[H][C@]12O[C@@]1([H])[C@]1([H])C[C@@]([H])(C[C@@]2([H])[N+]1(C)C)OC(=O)C(O)(C1=CC=CS1)C1=CC=CS1
1349,[H][C@]12O[C@@]1([H])[C@]1([H])C[C@@]([H])(C[C@@]2([H])[N+]1(C)C)OC(=O)C(O)(C1=CC=CS1)C1=CC=CS1
1350,[H][C@@]12C[C@@]3([H])[C@]4([H])CCC5=CC(=O)C=C[C@]5(C)[C@@]4([H])[C@@H](O)C[C@]3(C)[C@@]1(O[C@@H](O2)C1CCCCC1)C(=O)COC(=O)C(C)C
1351,O=C(NC1=C2OC(=CC(=O)C2=CC=C1)C1=NNN=N1)C1=CC=C(OCCCCC2=CC=CC=C2)C=C1
1352,CN1C=NC2=C1C(=O)NC(=O)N2C
1353,CO\N=C(/C(=O)N[C@@H]1C(=O)N2[C@]1([H])SCC(C[N+]1(C)CCCC1)=C2C([O-])=O)C1=CSC(N)=N1
1354,[H][C@]12SCC(COC(C)=O)=C(N1C(=O)[C@H]2NC(=O)CC#N)C(O)=O
1355,[H][C@]12SCC=C(N1C(=O)[C@H]2NC(=O)C(=C/CC(O)=O)\C1=CSC(N)=N1)C(O)=O
1356,[H][C@]12SCC(COC)=C(N1C(=O)[C@H]2NC(=O)C(=N/OC)\C1=CSC(N)=N1)C(O)=O
1357,CC(=O)CC(C1=CC=C(C=C1)[N+]([O-])=O)C1=C(O)C2=CC=CC=C2OC1=O
1358,FC(F)(F)C1=CC(=CC=C1)N1CCN(CCOC(=O)C2=CC=CC=C2NC2=C3C=CC(=CC3=NC=C2)C(F)(F)F)CC1
1359,[H][C@@]12CC[C@H](OC(=O)CC)[C@@]1(C)CC[C@@]1([H])[C@@]2([H])CCC2=CC(=O)CC[C@]12C
1360,NC[C@@H]1O[C@H](O[C@@H]2[C@@H](CO)O[C@@H](O[C@@H]3[C@@H](O)[C@H](N)C[C@H](N)[C@H]3O[C@H]3O[C@H](CO)[C@@H](O)[C@H](O)[C@H]3N)[C@@H]2O)[C@H](N)[C@@H](O)[C@@H]1O
1361,OC1=C2N=CC=CC2=C(C=C1)[N+]([O-])=O
1362,CC(SC(=O)C1=CC=CS1)C(=O)NCC(O)=O
1363,CN(C)C1=C(C)N(C)N(C1=O)C1=CC=CC=C1
1364,COC1=CC2=NNN=C2C=C1C(=O)NCC1CCCN1CC=C
1365,[H][C@]12C[C@]34[C@H](O)C1[C@@]1([H])C[C@]([H])(N2[C@H](O)[C@H]1CC)[C@]3([H])N(C)C1=CC=CC=C41
1366,NC1=CC(=CNC1=O)C1=CC=NC=C1
1367,COC1=CC(O)=C(C=C1)C(=O)C1=CC=CC=C1
1368,CCN(CC)CCCN(C1CC2=CC=CC=C2C1)C1=CC=CC=C1
1369,FC1=CC=C(C=C1)C(N1CCN(CC1)C1=NC(NCC=C)=NC(NCC=C)=N1)C1=CC=C(F)C=C1
1370,[H][C@@]12CC[C@@](O)(CC=C)[C@@]1(C)CC[C@]1([H])[C@@]3([H])CCCC=C3CC[C@@]21[H]
1371,CCC1=CC=C(C=C1)C(C)CCC2=CC=C(C=C2)[N+](C)(C)C
1372,CCC(OC(C)=O)C(CC(C)N(C)C)(C1=CC=CC=C1)C1=CC=CC=C1
1373,[H][C@@]12CCC(=O)[C@@]1(C)CC[C@]1([H])[C@@]3([H])CCC(=O)C=C3CC[C@@]21[H]
1374,CN1N(C(=O)C=C1C)C1=CC=CC=C1
1375,CC(C)CCC[C@@H](C)[C@@]1([H])CC[C@@]2([H])\C(CCC[C@]12C)=C\C=C1\C[C@@H](O)C[C@H](O)C1=C
1376,CCC1(CCC(=O)NC1=O)C1=CC=CC=C1
1377,NC1=NC(N)=C(C=C1)\N=N\C1=CC=CC=C1
1378,CCC(=O)N(C1CCN(CCC2=CC=CS2)CC1C)C1=CC=CC=C1
1379,OCCCC(O)=O
1380,COC1=CC2=C(NC=C2CCN(C(C)C)C(C)C)C=C1
1381,COC1=CC(CC(C)N)=CC2=C1OCO2
1382,[H][C@@]12CCC(=O)[C@@]1(C)CC[C@]1([H])[C@@]3([H])CCC(=O)CC3=CC[C@@]21[H]
1383,CC(C=C(C1=CC=CS1)C1=CC=CS1)N(C)C
1384,CN(C)CCC1=CNC2=C1C=C(O)C=C2
1385,CC(N)CC1=CNC2=CC=CC=C12
1386,CC1N=C(N)OC1C1=CC=CC=C1
1387,
1388,[H][C@@]12OC3=C(O)C=CC4=C3[C@@]11CCN(C)[C@]([H])(C4)[C@]11CC[C@@]2(OC)[C@]([H])(C1)[C@](C)(O)CCC
1389,[H][C@@]12CCC(=O)[C@@]1(C)CC[C@@]1([H])[C@@]2([H])CC[C@@]2([H])CC(=O)C=C[C@]12C
1390,[H][C@@]12C=C[C@H](OC(C)=O)[C@@H]3OC4=C(OC(C)=O)C=CC5=C4[C@]13CCN(C)[C@@H]2C5
1391,CCC(=O)N(C1CCN(CC(O)C2=CC=CC=C2)CC1)C1=CC=CC=C1
1392,CNC(C)CC1=CC2=C(OCO2)C=C1
1393,[H][C@@]12CC[C@H](O)[C@@]1(C)CC[C@]1([H])[C@@]3([H])CC[C@H](O)CC3=CC[C@@]21[H]
1394,[H][C@@]12CCC(=O)[C@@]1(C)CC[C@@]1([H])[C@@]2([H])CC=C2CC(=O)CC[C@]12C
1395,CCCSC1=CC(OC)=C(CCN)C=C1OC
1396,CCC(=O)N1C(=O)N(C2CCN(CCC(C#N)(C3=CC=CC=C3)C3=CC=CC=C3)CC2)C2=CC=CC=C12
1397,CCN(CC)CCC1=CNC2=CC=CC=C12
1398,CCOC(C(=O)OCCN(C)C)(C1=CC=CC=C1)C1=CC=CC=C1
1399,CCOC1=CC=C(CC2=NC3=C(C=CC(=C3)[N+]([O-])=O)N2CCN(CC)CC)C=C1
1400,CCNC1C2CCC(C2)C1C1=CC=CC=C1
1401,CCOC(=O)C1(CCN(CCOCC2CCCO2)CC1)C1=CC=CC=C1
1402,COC1=CC(CC(C)N)=C(OC)C=C1
1403,[H][C@@]12OC3=C(OCC)C=CC4=C3[C@@]11CCN(C)[C@]([H])(C4)[C@]1([H])C=C[C@@H]2O
1404,CCC1=CC(OC)=C(CC(C)N)C=C1OC
1405,CCN(C)C(C)C=C(C1=CC=CS1)C1=CC=CS1
1406,[H][C@@]12OC3=C(OC(C)=O)C=CC4=C3[C@@]11CCN(C)[C@]([H])(C4)[C@@]11C[C@]([H])([C@](C)(O)CCC)[C@]2(OC)C=C1
1407,CCC(=O)N(C1CCN(CC1)C(C)CC1=CC=CS1)C1=CC=CC=C1
1408,[H][C@@]12CC[C@](C)(O)[C@@]1(C)CC[C@@]1([H])[C@@]2([H])[C@H](C)CC2=CC(=O)CC[C@]12C
1409,COC1=CC=C(CC(C)N)C=C1
1410,[H][C@@]1(C)CN(C)CC[C@]1(OC(=O)CC)C1=CC=CC=C1
1411,C[C@]1(O)CC[C@H]2[C@@H]3CCC4=C[C@@H](O)CC[C@]4(C)[C@H]3CC[C@]12C
1412,CCOC(=O)C(CCN1CCOCC1)(C1=CC=CC=C1)C1=CC=CC=C1
1413,FC1=CC=CC=C1C12OCCN1CC(=O)NC1=C2C=C(Br)C=C1
1414,[Br-].[H][C@@]12OC3=C(OC)C=CC4=C3[C@@]11CC[N+](C)(C)[C@]([H])(C4)[C@]1([H])C=C[C@@H]2O
1415,CCC(=O)OC1(CCN(C)CC1)C1=CC=CC=C1
1416,C[C@]1(O)CC[C@H]2[C@@H]3CC[C@H]4C[C@H](O)CC[C@]4(C)[C@H]3CC[C@]12C
1417,[H][C@@]12OC3=C(O)C=CC4=C3[C@@]11CCN(CC3CC3)[C@]([H])(C4)[C@@]11C[C@]([H])(C(C)(C)O)[C@]2(OC)C=C1
1418,[H][C@@]12CC[C@H](O)[C@@]1(C)CC[C@@]1([H])[C@@]2([H])CC[C@@]2([H])CC(=O)C=C[C@]12C
1419,CC(CC1=CC=CC=C1)NCCN1C=NC2=C1C(=O)N(C)C(=O)N2C
1420,CCC1(CC)C(=O)NC(=O)NC1=O
1421,COC1=CC(Br)=C(OC)C=C1CC(C)N
1422,[H][C@@]12CC[C@H](O)[C@@]1(C)CC[C@@]1([H])[C@@]2([H])CCC2=C(O)C(=O)CC[C@]12C
1423,C[C@H](N)[C@@H](O)C1=CC=CC=C1
1424,CCC(CC)(CNC(=O)CCCO)C1=CC(OC)=CC=C1
1425,CN(C)CCC1=CNC2=CC=CC=C12
1426,CN(C)C(=O)OC1N=C(C2=CC=CC=C2)C2=C(C=CC(Cl)=C2)N(C)C1=O
1427,NC1=NCC(O1)C1=CC=CC=C1
1428,CCC(=O)C(CC(C)N1CCCCC1)(C1=CC=CC=C1)C1=CC=CC=C1
1429,[H][C@@]12CC[C@@](O)(CC)[C@@]1(C)CC[C@]1([H])[C@@]3([H])CCCC=C3CC[C@@]21[H]
1430,OC(O)C(Cl)(Cl)Cl.C[N+](C)(C)CC([O-])=O
1431,OC(O)C(Cl)(Cl)Cl.OC(O)C(Cl)(Cl)Cl.CN1N(C(=O)C=C1C)C1=CC=CC=C1
1432,FC(F)(F)C1=CC=CC=C1C1=CC=C(CC2C(=O)NC(=S)NC2=O)O1
1433,[H][C@]12CC3=C4C(OC5[C@@]4(CCN1C)[C@]21CC(C(C)(O)CCC)C5(OC)C=C1)=C(O)C=C3
1434,CC[C@@H](O)C(C[C@@H](C)N(C)C)(C1=CC=CC=C1)C1=CC=CC=C1
1435,CC[C@H]1CN(C)CC[C@]1(OC(=O)CC)C1=CC=CC=C1
1436,[H][C@@]12CC[C@H](O)[C@@]1(C)CC[C@]1([H])[C@@]3([H])CCC(=O)C(O)=C3CC[C@@]21[H]
1437,OC(=O)C1(CCN(CCC(C#N)(C2=CC=CC=C2)C2=CC=CC=C2)CC1)C1=CC=CC=C1
1438,CCC(=O)N(CC(C)N(C)CCC1=CC=CC=C1)C1=CC=CC=C1
1439,[H][C@@]12CC[C@H](O)[C@@]1(C)CC[C@@]1([H])[C@@]2([H])CC[C@@]2([H])C[C@@H](O)C=C[C@]12C
1440,CCOC(=O)C1(CCN(CCOCCO)CC1)C1=CC=CC=C1
1441,NC1(CCCCC1)C1=CC=CC=C1
1442,CC(N)CC1=CC2=C(OCO2)C=C1
1443,
1444,ClC1=CC2=C(NC(=O)CN=C2C2=CC=CC=C2Cl)C=C1
1445,[H][C@@]12OC3=C(O)C=CC4=C3[C@@]11CCN(C)[C@]([H])(C4)[C@]1(O)CC[C@@H]2O
1446,[H][C@@]12CC[C@](C)(O)[C@@]1(C)CC[C@@]1([H])[C@@]2([H])CC[C@@]2([H])C[C@@H](O)CC[C@]12C
1447,[H][C@@]12CC[C@](C)(O)[C@@]1(C)CC[C@@]1([H])[C@@]2([H])CC[C@@]2([H])CC3=NON=C3C[C@]12C
1448,[H][C@]12CC[C@]([H])([C@H]([C@H](C1)OC(=O)C1=CC=CC=C1)C(O)=O)N2C
1449,COC1=CC(CC(C)N)=CC(OC)=C1OC
1450,CCOC(=O)C1(CCN(CCOCC2=CC=CC=C2)CC1)C1=CC=CC=C1
1451,C1CCN(CC1)C1(CCCCC1)C1=CC=CS1
1452,[H][C@@]12CC[C@H](O)[C@@]1(C)CC[C@@]1([H])[C@@]2([H])CCC2=C(Cl)C(=O)CC[C@]12C
1453,CC[C@H](OC(C)=O)C(C[C@@H](C)N(C)C)(C1=CC=CC=C1)C1=CC=CC=C1
1454,CCN(CC)CCN1C(CC2=CC=C(Cl)C=C2)=NC2=C1C=CC(=C2)[N+]([O-])=O
1455,[H][C@@]12CC[C@H](O)[C@@]1(C)CC[C@@]1([H])[C@@]2([H])CC=C2C[C@@H](O)CC[C@]12C
1456,[H][C@]12CC[C@]([H])([C@H]([C@@H](O)C1)C(O)=O)N2C
1457,[H][C@@]12CC[C@H](O)[C@@]1(C)CC[C@@]1([H])[C@@]2([H])CCC2=C[C@@H](O)CC[C@]12C
1458,CC(C)(N)CC1=CC=CC=C1Cl
1459,COC1=CC(CC(C)N)=C(OC)C=C1C
1460,C[C@H](CN1CCOCC1)C(C(=O)N1CCCC1)(C1=CC=CC=C1)C1=CC=CC=C1
1461,[H][C@@]12CC[C@H](O)[C@@]1(C)CC[C@@]1([H])[C@@]2([H])CC[C@@]2([H])C[C@H](O)CC[C@]12C
1462,[H][C@@]12CCC[C@@]3([H])[C@@]4([H])CC5=CC=C(O)C(O1)=C5[C@@]23CCN4C
1463,CC(CC1=CC=CC=C1)N1CCC(CC1)N(C(C)=O)C1=CC=CC=C1
1464,CCN(CC)C(C)C=C(C1=CC=CS1)C1=CC=CS1
1465,CC(CC(C)(C)O)OC(O)C(Cl)(Cl)Cl
1466,CCC(=O)N(C1=CC=CC=C1)C1(CCN(CCC2=CC=CC=C2)CC1)C(=O)OC
1467,[H][C@@]12CCC(=O)[C@@]1(C)CC[C@@]1([H])[C@@]2([H])CCC2=CC(=O)CC[C@]12C
1468,COC1=CC(Br)=C(OC)C=C1CCN
1469,[H][C@@]12OC3=C(OC)C=CC4=C3[C@@]11CCN(C)[C@]([H])(C4)[C@]1([H])CC[C@@H]2OC(C)=O
1470,N#CC1(CCCCC1)N1CCCCC1
1471,[H][C@@]12CC[C@](C)(O)[C@@]1(C)CC[C@]1([H])[C@@]3([H])CCC(=O)C(O)=C3CC[C@@]21[H]
1472,[H][C@@]12CC[C@H](O)[C@@]1(C)CC[C@@]1([H])[C@@]2([H])CCC2=CC(=O)C=C[C@]12C
1473,CCC(=O)OC1(CCN(C)CC1CC=C)C1=CC=CC=C1
1474,[H][C@@]12CC[C@H](O)[C@@]1(CC)CC[C@]1([H])[C@@]3([H])CCC(=O)C=C3CC[C@@]21[H]
1475,CN1C2=C(C=C(C=C2)[N+]([O-])=O)C(=NCC1=O)C1=CC=CC=C1F
1476,CCOC(=O)C1N=C(C2=CC=CC=C2F)C2=C(NC1=O)C=CC(Cl)=C2
1477,CCC(N)CC1=CNC2=CC=CC=C12
1478,[H][C@]12CC3=C(C(OC)=C(OC)C=C3)[C@@]3(CCN1C)C[C@H](O)CC[C@@]23O
1479,[H][C@@]12OC3=C(O)C=CC4=C3[C@@]11CCN(CC3CC3)[C@]([H])(C4)[C@]11CC[C@@]2(OC)[C@H](C1)C(C)(C)O
1480,C1CCN(C1)C1(CCCCC1)C1=CC=CC=C1
1481,CC(CC1=CC=CC=C1)NCCC#N
1482,[H][C@@]12OC3=C4C(C[C@H]5N(C)CC[C@@]14[C@@]5([H])CC[C@@H]2O)=CC=C3OC
1483,CC[C@@H]1CN(C)CC[C@]1(OC(=O)CC)C1=CC=CC=C1
1484,ClC1=CC2=C(NC(=O)CN3CCOC23C2=CC=CC=C2Cl)C=C1
1485,C[C@]12CC[C@H]3[C@@H](CCC4=C[C@@H](O)CC[C@H]34)[C@@H]1CC[C@@H]2O
1486,CC[C@@H](OC(C)=O)C(C[C@@H](C)N(C)C)(C1=CC=CC=C1)C1=CC=CC=C1
1487,CC(C)(N)CC1=CC=C(Cl)C=C1
1488,CCC(=O)N(C1CCN(CC1)C(C)CC1=CC=CC=C1)C1=CC=CC=C1
1489,BrC1=CC2=C(NC(=O)CN=C2C2=CC=CC=N2)C=C1
1490,CCC1=CC2=C(S1)N(C)C(=O)CN=C2C1=CC=CC=C1Cl
1491,C[C@H](N)C(=O)C1=CC=CC=C1
1492,[H][C@@]12CCC(=O)[C@@]1(C)CC[C@@]1([H])[C@@]2([H])CC[C@@]2([H])CC(=O)CC[C@]12C
1493,CC(=O)OC1(CCN(CCC2=CC=CC=C2)CC1)C1=CC=CC=C1
1494,OC(O)C(Cl)(Cl)Cl
1495,[H][C@@]12CC[C@](C)(O)[C@@]1(C)CC[C@@]1([H])[C@@]2([H])[C@@H](C)CC2=CC(=O)CC[C@]12C
1496,[H][C@@]12OC3=C(O)C=CC4=C3[C@@]11CCN(C)[C@]([H])(C4)[C@]1([H])CC[C@@H]2O
1497,CCNC(C)CC1=CC2=C(OCO2)C=C1
1498,CN1C2=C(C=C(Cl)C=C2)C(=NCC1=O)C1=CC=CC=C1F
1499,[H][C@@]12OC3=C(OC)C=CC4=C3[C@@]11CC[N@+](C)([O-])[C@]([H])(C4)[C@]1([H])C=C[C@@H]2O
1500,[H][C@@]12CC[C@](C)(O)[C@@]1(C)C[C@@H](O)[C@@]1([H])[C@@]2([H])CCC2=CC(=O)C(C=O)=C[C@]12C
1501,CCC(=O)N(C1CCN(CC(O)C2=CC=CC=C2)CC1C)C1=CC=CC=C1
1502,CCC(=O)N(C1CCN(CCC2=CC=CC=C2)CC1C)C1=CC=CC=C1
1503,[H][C@@]12CC[C@](C)(O)[C@@]1(C)CC[C@@]1([H])[C@@]2([H])CC[C@@]2([H])CC(=O)C=C[C@]12C
1504,[H][C@@]12OC3=C(OCC4=CC=CC=C4)C=CC4=C3[C@@]11CCN(C)[C@]([H])(C4)[C@]1([H])C=C[C@@H]2O
1505,[O--].[O--].[O--].[O--].[O--].[O--].[O--].[O--].[O--].[O--].[Mg++].[Al+3].[Si+4].[Si+4].[Si+4].[Si+4].[O-][H].[H]O[H].[H]O[H].[H]O[H].[H]O[H]
1506,O.O.[Al+3].[Al+3].[O-][Si]([O-])([O-])O[Si]([O-])([O-])[O-]
1507,C[C@H](N)CC1=CC=CC=C1
1508,CN[C@@H](C)CC1=CC=CC=C1
1509,CN(C(C)=O)C1=C(I)C(C(=O)N[C@@H](C=O)[C@@H](O)[C@H](O)[C@H](O)CO)=C(I)C(NC(C)=O)=C1I
1510,C[C@H]1[C@@H](OCCN1C)C1=CC=CC=C1
1511,CC(C)NCC(O)COC1=CC=CC=C1OCC=C
1512,CC1=NC(NS(=O)(=O)C2=CC=C(N)C=C2)=NC=C1
1513,CC1=CC(C)=NC(NS(=O)(=O)C2=CC=C(N)C=C2)=N1
1514,[Na+].[Na+].N[C@@H](CC1=CC(I)=C(OC2=CC(I)=C(O)C=C2)C(I)=C1)C([O-])=O.N[C@@H](CC1=CC(I)=C(OC2=CC(I)=C(O)C(I)=C2)C(I)=C1)C([O-])=O
1515,
1516,[H][C@@]1(CC[C@@]2([H])[C@]3([H])[C@@H](O)C[C@]4([H])C[C@H](O)CC[C@]4(C)[C@@]3([H])CC[C@]12C)[C@H](C)CCC(O)=O
1517,CN1C2=C(C=C(Cl)C=C2)C2(OC(C)=CC(=O)N2CC1=O)C1=CC=CC=C1
1518,ClC1=CC2=C(C=C1)N(CC1CC1)C(=O)CN=C2C1=CC=CC=C1
1519,FC1=CC=CC=C1C1=NCC(=S)N(CC(F)(F)F)C2=C1C=C(Cl)C=C2
1520,[H][C@@]1(C[C@@H](C)[C@]2([H])CC(=O)[C@H](C)\C=C(C)\[C@@H](O)[C@@H](OC)C(=O)[C@H](C)C[C@H](C)\C=C\C=C\C=C(C)\[C@H](C[C@]3([H])CC[C@@H](C)[C@@](O)(O3)C(=O)C(=O)N3CCCC[C@@]3([H])C(=O)O2)OC)CC[C@@H](OCCO)[C@@H](C1)OC
1521,O=C(O[C@H]1CN2CCC1CC2)N1CCC2=CC=CC=C2[C@@H]1C1=CC=CC=C1
1522,[Fe]
1523,[Zn]
1524,OC1N=C(C2=CC=CC=C2F)C2=C(C=CC(Cl)=C2)N(CCC#N)C1=O
1525,[O-][N+](=O)C1=CC2=C(NC(=O)CN=C2C2=CC=CC=C2)C=C1
1526,CC1(C)C[C@@H]1C(=O)N\C(=C/CCCCSC[C@H](N)C(O)=O)C(O)=O
1527,[H][C@]12CC(SCC\N=C\N)=C(N1C(=O)[C@]2([H])[C@@H](C)O)C(O)=O
1528,CC(C)(SC1=CC(=C(O)C(=C1)C(C)(C)C)C(C)(C)C)SC1=CC(=C(O)C(=C1)C(C)(C)C)C(C)(C)C
1529,CC(C(O)=O)C1=CC=C(S1)C(=O)C1=CC=CC=C1
1530,CC(C)[C@H](N1CCCNC1=O)C(=O)N[C@H](C[C@H](O)[C@H](CC1=CC=CC=C1)NC(=O)COC1=C(C)C=CC=C1C)CC1=CC=CC=C1
1531,[H][C@]12SC(C)(C)[C@@H](N1C(=O)[C@H]2NC(=O)[C@H](N)C1=CC=CC=C1)C(=O)OC(C)OC(=O)OCC
1532,[H][C@]12SC(C)(C)[C@@H](N1C(=O)[C@H]2NC(=O)C1=C(OC)C=CC=C1OC)C(O)=O
1533,[H][C@]12SC(C)(C)[C@@H](N1C(=O)[C@H]2NC(=O)[C@H](N)C1=CC=CC=C1)C(=O)OCOC(=O)C(C)(C)C
1534,[H]C(=N[C@@H]1C(=O)N2[C@@H](C(=O)OCOC(=O)C(C)(C)C)C(C)(C)S[C@]12[H])N1CCCCCC1
1535,[H][C@@]12CC(=O)N1[C@@H](C(O)=O)[C@](C)(CN1C=CN=N1)S2(=O)=O
1536,[H][C@]12SC(C)(C)[C@@H](N1C(=O)[C@H]2NC(=O)[C@H](C(O)=O)C1=CSC=C1)C(O)=O
1537,OC1CCN(CCCN2C3=CC=CC=C3SC3=C2C=C(C=C3)C#N)CC1
1538,OC(=O)C1=CC=C(C=C1)N1N=C(N=C1C1=CC=CC=C1O)C1=CC=CC=C1O
1539,CC(C)[C@H](N)C(=O)OCC(CO)OCN1C=NC2=C1NC(N)=NC2=O
1540,CCN(CCO)CCCC(C)NC1=C2C=CC(Cl)=CC2=NC=C1
1541,CCCCCON=O
1542,[O-][N+](=O)OC[C@@H](O[N+]([O-])=O)[C@H](CO[N+]([O-])=O)O[N+]([O-])=O
1543,CN(C)CCCN1C2=CC=CC=C2SC2=C1C=C(C=C2)C(C)=O
1544,CC(CN1C2=CC=CC=C2SC2=C1C=C(C=C2)C(C)=O)N(C)C
1545,CCN(CCCC1=CC=CC=C1)CCCC1=CC=CC=C1
1546,CCC1=C(C)NC2=C1C(=O)C(CN1CCOCC1)CC2
1547,CN1CCC2=C(C1)C(C1=CC=CC=C21)C1=CC=CC=C1
1548,CN(C)CCC(C1=CC=CC=C1)C1=CC=CC=N1
1549,CN(C)S(=O)(=O)C1=CC2=C(SC3=CC=CC=C3N2CCCN2CCC(CCO)CC2)C=C1
1550,CN(C)S(=O)(=O)C1=CC2=C(SC3=CC=CC=C3N2CCCN2CCN(C)CC2)C=C1
1551,CN(C)S(=O)(=O)C1=CC2=C(SC3=CC=CC=C3\C2=C\CCN2CCN(C)CC2)C=C1
1552,OCCN1CCN(CC\C=C2\C3=C(SC4=C2C=C(Cl)C=C4)C=CC=C3)CC1
1553,CC(C)[N+](C)(CCC(C(N)=O)(C1=CC=CC=C1)C1=CC=CC=C1)C(C)C
1554,CN(CC#C)CC1=CC=CC=C1
1555,[H][C@]1(C[C@@H](CCC)CN1C)C(=O)N[C@H]([C@@H](C)O)[C@H]1O[C@H](SC)[C@H](O)[C@@H](O)[C@H]1O
1556,CC1=NC=C(C=C1)C1=C(C=C(Cl)C=N1)C1=CC=C(C=C1)S(C)(=O)=O
1557,OC[C@H]1O[C@H]([C@H](O)[C@@H]1O)N1C=C(F)C(=O)NC1=O
1558,CCCCCC1=CC=C(C=C1)C(=O)NC1=CC=C(C=C1)S(=O)(=O)N(CCN1CCOCC1)[C@H](C(C)C)C(=O)NO
1559,CCCCCCCCC(=O)OC
1560,O[C@H]1[C@@H](O)[C@@H](OP(O)(=O)OP(O)(O)=O)O[C@@H]1COP(O)(O)=O
1561,[H][C@]1(F)[C@@H](O)O[C@H](CO)[C@@H](O[C@@H]2O[C@H](CO)[C@@H](O[C@@H]3O[C@H](CO)[C@@H](O)[C@H](O)[C@H]3O)[C@H](O)[C@H]2O)[C@@H]1O
1562,[H][C@](N)(C[C@]1([H])C=C(NNC2=CC=CC=N2)C(O)=CC1=O)C(O)=O
1563,CC1(C)N[C@@H](CS1)C(O)=O
1564,CC(C)CCC[C@H](C)CCC[C@H](C)CCC[C@H](C)CCO
1565,OC[C@H](O)[C@@H](O)[C@H](O)[C@H](O)CO
1566,CC1=C(O)C(C=O)=C(COP(O)(O)=O)C=[N+]1C
1567,C[C@@H]1CC(=O)NN=C1C1=CC=C(NC2=C(CC3=CC(I)=CC=C3)C(=O)CCC2)C=C1
1568,[H]N([H])C1=C2C(\C=C3/N=C(N(CC(O)=O)C3=O)[C@@]([H])(N([H])[H])[C@@]([H])(C)O)=CN([H])C2=CC=C1
1569,CO[C@@H]1O[C@H](CO)[C@@H](O)[C@H](O)[C@H]1O
1570,CC1=CN([C@H]2C[C@H](O)[C@@H](COP(O)(O)=O)O2)C(=O)NC1=O
1571,OC(=O)CCC1C2=CC=C(O)C=C2OC2=C1C=CC(O)=C2
1572,OC1=CC=C(C=C1)C1=COC2=C(C(O)=CC(O)=C2)C1=O
1573,CSCC[C@H](NC(C)=O)C(O)=O
1574,CCCOC1=CC(=CC=C1OC)[C@]1(C)CNC(=O)O1
1575,CO[C@@H]1O[C@H](CO)[C@@H](S)[C@H](O)[C@H]1O
1576,CN1C=[N+]([C@@H]2O[C@H](CO[P@](O)(=O)O[P@](O)(=O)O[P@](O)(=O)OC[C@H]3O[C@H]([C@H](O)[C@@H]3O)N3C=NC4=C(N)N=CN=C34)[C@@H](O)[C@H]2O)C2=C1C(=O)N=C(N)N2
1577,OC(=O)\C=C\C1=CC=CC=C1O
1578,[H][C@@]12CO[C@](C)(O[C@]1([H])[C@H](O)[C@@H](O)[C@H](OC)O2)C(O)=O
1579,CC(C)(COP(O)(=O)OP(O)(=O)OC[C@H]1O[C@H]([C@H](O)[C@@H]1OP(O)(O)=O)N1C=NC2=C1N=CN=C2N)[C@@H](O)C(=O)NCCC(=O)NCCSC(=O)C1=CC=C(O)C=C1
1580,O[C@@H](COP(O)(O)=O)[C@@H](O)[C@H](O)[C@H](O)C(O)=O
1581,FC(F)OC1=C(OCC2CC2)C=C(C=C1)C(=O)NC1=C(Cl)C=NC=C1Cl
1582,NC(CC1C\C(=N/C2CC2C2=CC=CC=C2)C(O)=CC1=O)C(O)=O
1583,CC1=C(CCO[P@](O)(=O)O[P@](O)([O-])=O)SC=[N+]1CC1=CC=C(C)N=C1N
1584,N[C@@H](CC1=CC=C2C=CC3=C(N=CC=C3)C2=N1)C(O)=O
1585,O[C@@H]1[C@@H](COP(O)(=O)OP(O)(=O)OP(O)(O)=O)O[C@H]([C@@H]1O)N1C=NC2=C1N=CN(C1O[C@H](COP(O)(O)=O)[C@@H](O)[C@H]1O)C2=N
1586,[H][C@@](C)(CC1=CC=CC=C1O)C(O)=O
1587,CC1=CC2=C3C=C(CCCCCCCCC(=O)N[C@H]4[C@H]5C[C@@H]6C[C@@H](C[C@H]4C6)C5)C=CN3[Ru++]34(N5C=CC=CC5=C5C=CC=CN35)(N3C=CC=CC3=C3C=CC=CN43)N2C=C1
1588,N[C@@H](CC1=CONC1=O)C(O)=O
1589,NC1N=C2C=CC=CC2=N1
1590,[H][C@]1(OS(O)(=O)=O)[C@]([H])(OS(O)(=O)=O)[C@@]([H])(OS(O)(=O)=O)[C@]([H])(OS(O)(=O)=O)[C@]([H])(OS(O)(=O)=O)[C@]1([H])OS(O)(=O)=O
1591,NC1=NC2=C(N=NN2)C(=O)N1
1592,[H][C@]12CC(=O)O[C@]1([H])C1=C(C(=O)C3=C(C=CC=C3O)C1=O)[C@]([H])(C)O2
1593,CC(C)[C@H]1OC(=O)C2=CCCN2C(=O)C2=COC(=N2)CC(=O)C[C@H](O)\C=C(/C)\C=C\CNC(=O)\C=C\[C@H]1C
1594,CCCOC(C)=O
1595,O[Hg]C1=CC=C(C=C1)C(O)=O
1596,OC(=O)C1=CC=CC(O)=C1O
1597,C[C@H](NC(=O)[C@@H](C)O[C@H]1[C@H](O)[C@@H](CO)O[C@H](OP(O)(=O)OP(O)(=O)OC[C@H]2O[C@H]([C@H](O)[C@@H]2O)N2C=CC(=O)NC2=O)[C@@H]1NC(C)=O)C(O)=O
1598,[H][C@@](C)(O)[C@]([H])(N)C1=NC(CC2=CNC3=CC=CC(F)=C23)=C(O)N1CC(O)=O
1599,CC(=C)C(=O)SCCNC(=O)CCNC(=O)[C@H](O)C(C)(C)COP(O)(=O)OP(O)(=O)OC[C@H]1O[C@H]([C@H](O)[C@@H]1OP(O)(O)=O)N1C=NC2=C1N=CN=C2N
1600,CC1=C(C=C(C=C1[N+]([O-])=O)[N+]([O-])=O)[N+]([O-])=O
1601,OC(=O)\C=C\C(O)=O
1602,CC(=O)N[C@@H](CC1=CC=C(OP(O)(O)=O)C(C=O)=C1)C(=O)N[C@H]1CCCCN(CC2=CC=C(C=C2)C2=CC=CC=C2)C1=O
1603,CCCO[P@](O)(=O)OP(O)(O)=O
1604,OC(=O)C1=C(C(O)=O)C(C(O)=O)=C(C(O)=O)C(C(O)=O)=C1C(O)=O
1605,CC1=C(CCO[P@](O)(=O)O[P@](O)([O-])=O)SC=[N+]1CC1=C(C)N=C(C)N=C1N
1606,CC(C)C[C@H](NC(=O)[C@@H](NC(=O)N[C@@H](CC1=CC=CC=C1)C(O)=O)C1CCNC(=N)N1)C(=O)N[C@@H](CC1=CC=CC=C1)C=O
1607,OC[C@@H](O)CSO
1608,N#CC1=NC=CC(=C1)C1=NNC(=N1)C1=CC=NC=C1
1609,N[C@@H](CCC\N=C(/N)N(C)C)C(O)=O
1610,OC[C@H]1O[C@@H](O[C@H]2[C@H](O)[C@H](O)[C@H](O)O[C@@H]2CO)[C@@H](O)[C@@H](O)[C@@H]1O
1611,CC1=CC=C(O)C=C1
1612,CC1=CC=CC=C1CC(=O)NC1=CC(C)=C(C(C)=C1)S(=O)(=O)NCC(O)=O
1613,[H][C@]1(COP(O)(=O)OP(O)(=O)OP(O)(=O)OC[C@@]2([H])O[C@@]([H])(N3C=NC4=C(N)N=CN=C34)[C@]([H])(O)[C@]2([H])O)O[C@@]([H])(N2C=NC3=C(N)N=CN=C23)[C@]([H])(O)[C@]1([H])O
1614,CN(CC1=CN(C)C2=CC=CC=C12)C(=O)\C=C\C1=CN=C2NC(=O)CCC2=C1
1615,[H][C@](O)(CS)[C@]([H])(O)CS
1616,O[C@@H]([C@H](O)C(O)=O)C(O)=O
1617,ONC(=O)CCCP(O)(O)=O
1618,[H][C@@]1(O)O[C@]([H])(CO)[C@@]([H])(O[C@]2([H])O[C@]([H])(CO)[C@@]([H])(O[C@]3([H])O[C@]([H])(CO)[C@@]([H])(O)[C@]([H])(O)[C@@]3([H])O)[C@]([H])(O)[C@@]2([H])O)[C@]([H])(O)[C@@]1([H])O
1619,C[C@@H]1O[C@@H](OC[C@H]2O[C@@H](OC3=C(OC4=CC(O)=CC(O)=C4C3=O)C3=CC(O)=C(O)C=C3)[C@H](O)[C@@H](O)[C@@H]2O)[C@H](O)[C@H](O)[C@H]1O
1620,[H]\C(C)=C(/N)CCC(O)=O
1621,NC(=O)C1=C(N)N(C=N1)[C@@H]1O[C@H](COP(O)(O)=O)[C@@H](O)[C@H]1O
1622,C[C@@H](Cl)CCl
1623,OC(=O)CC1=CC(O)=C(O)C=C1
1624,N1(C(=O)C=CC1=O)CCC12[Fe]3456789%10C%11C3C4C5C6%11.C7(C8C19)C2%10
1625,OC(=O)\C=C\C1=C(O)C=C(O)C=C1
1626,NC(=[NH2+])C1=CC2=C(C=C1)N=C(CC1=NC3=C(N1)C=C(C=C3)C([NH3+])=[NH2+])N2
1627,[H]N1C=NC2=C1C(Cl)=NC(Br)=N2
1628,CCCCCCCCCCCC(=O)OCC(O)COP(O)(=O)OCC[N+](C)(C)C
1629,[H][C@@]12CCC(=O)[C@@]1(C)CC[C@@]1([H])[C@@]2([H])CC=C2C[C@@]([H])(O)CC[C@]12C
1630,OC[C@@H](OP(O)(O)=O)C(O)=O
1631,[Fe+5].[H]C1=C([H])/C2=C([H])/C3=N/C(/C([H])=C3[H])=C([H])\C3=C([H])C([H])=C([N-]3)/C([H])=C3\N=C(C([H])=C3[H])\C(\[H])=C\1/[N-]\2
1632,OCC1=C(F)C(F)=C(F)C(F)=C1F
1633,CCOC(=O)[C@H](CC1=CC=CC=C1)NC(=O)[C@@H]1CSCCN1S(=O)(=O)C1=CC=C(C)C=C1
1634,O[C@@H]1[C@@H](COP(O)(=O)OP(O)(=O)O[C@H]2OC[C@@H](O)[C@H](O)[C@H]2O)O[C@H]([C@@H]1O)N1C=CC(=O)NC1=O
1635,CNCCCC[C@H](N)C(O)=O
1636,C[C@H](N)[C@H](N)CCCCCC(O)=O
1637,[H]N([C@@H]1[C@@H](O)C[C@@](CC=C)(O[C@@]1([H])[C@H](O)[C@H](O)CO)C(O)=O)C(C)=O
1638,[H][C@]1(COP(O)(=O)OP(O)(=O)OP(O)(=O)OP(O)(=O)OP(O)(=O)OC[C@@]2([H])O[C@@]([H])(N3C=NC4=C(N)N=CN=C34)[C@]([H])(O)[C@]2([H])O)O[C@@]([H])(N2C=NC3=C(N)N=CN=C23)[C@]([H])(O)[C@]1([H])O
1639,CCCCCCCCCCCCCCCC[N+](C)(C)C
1640,[H][C@]1(S)O[C@]([H])(CO)[C@@]([H])(O[C@@]2([H])O[C@]([H])(CO)[C@@]([H])(S[C@@]3([H])O[C@]([H])(CO)[C@@]([H])(O[C@@]4([H])O[C@]([H])(CO)[C@@]([H])(S[C@@]5([H])O[C@]([H])(CO)[C@@]([H])(O)[C@]([H])(O)[C@@]5([H])O)[C@]([H])(O)[C@@]4([H])O)[C@]([H])(O)[C@@]3([H])O)[C@]([H])(O)[C@@]2([H])O)[C@]([H])(O)[C@@]1([H])O
1641,[H]N(\C(=C/C1=CC=C(OC2=CC=CC=C2Br)C=C1)C(O)=O)C(=O)C1=CC=CC=C1
1642,[H]N([C@@H]1[C@H](O)CC2=CC=CC=C12)C(=O)[C@H](C[C@H](O)CN1CCN(CC2=CC3=C(OCO3)C=C2)C[C@H]1C(=O)N([H])C(C)(C)C)[C@H](C)C1=CC=CC=C1
1643,[H][C@](CCC1=CC(OC)=C(OC)C=C1)(OC(=O)[C@]1([H])CCCCN1C(=O)[C@@]([H])(CC)C1=CC(OC)=C(OC)C(OC)=C1)C1=CC(OCC(O)=O)=CC=C1
1644,C[C@@H](O)[C@H](N)CO
1645,NC(=N)C1=CC2=C(NC(=N2)C2=CC=CC(C3=CC=CC=C3)=C2O)C=C1
1646,NC1=CC=CC=C1O
1647,O[C@@H]([C@H](CC(O)=O)C(O)=O)C(O)=O
1648,[H][C@@](COC(=O)CCCCCCCCCCCCCCC)(COP(O)(=O)OCCN)OC(=O)CCCCCCCCCCCCCCC
1649,O[C@@H]1[C@@H](O)[C@H](OP(O)(O)=O)[C@@H](OP(O)(O)=O)[C@@H](O)[C@H]1OP(O)(O)=O
1650,CN(C)C[C@H](O)CN1C2=CC=C(Br)C=C2C2=C1C=CC(Br)=C2
1651,O[C@@H]1[C@@H](O)[C@@H](COC2=CC=CC=C2)N(CC2=CC=CC=C2)C(=O)N(CC2=CC=CC=C2)[C@@H]1COC1=CC=CC=C1
1652,C[C@@H](OP(O)(O)=O)C(O)=O
1653,OC(=O)C(=O)NC1=CC2=C(C=CC=C2)C=C1C(O)=O
1654,[NH3+][C@H](CCl)C([O-])=O
1655,CCCCCCCCCCCC(=O)NCCC[N+](C)(C)[O-]
1656,[H][C@@](CC1=CC=CC(=C1)C(N)=N)(NC(=O)CNS(=O)(=O)C1=CC=C(C)C=C1)C(=O)OC
1657,NCCOP(O)(O)=O
1658,CC[C@@H](C)[C@H](N)C(O)=O
1659,[H]N([H])C1=NC(CCCC)=C(CCC)[Se]1
1660,NC(=[NH2+])C1=CC=C2NC(=NC2=C1)C1=CC(=CC(=C1[O-])C1=C(F)C=CC=C1)[C@@H](CC([O-])=O)C([O-])=O
1661,C[C@@H]1CCCN(C1)C(C)=O
1662,[H][C@@]12CC[C@@](C)(C(=O)C1)C2(C)C
1663,COC(=O)C1CCN(CC1)C(=O)[C@H](CC1=CC=CC(=C1)C(N)=N)NS(=O)(=O)C1=CC=C2C=CC=CC2=C1
1664,CC(C)C[C@@H](N)C(O)=O
1665,[Fe+3].[H][C@@]1(CCCN([O-])C(=O)\C=C(/C)CCO)NC(=O)[C@]([H])(CCCN([O-])C(=O)\C=C(/C)CCOC(=O)[C@H](CCCN([O-])C(=O)\C=C(/C)CCO)NC(C)=O)NC1=O
1666,NS(=O)(=O)C1=CC=C(C=C1)C(=O)NCC1=CC=CC=C1
1667,COCCOC
1668,OC(=O)CC1=C2C=CC=CC2=CC=C1
1669,OC(=O)CC1=CC(I)=C(OC2=CC(I)=C(O)C(I)=C2)C(I)=C1
1670,N[C@@H](CCSC[C@H]1O[C@H]([C@H](O)[C@@H]1O)N1C=NC2=C(N)N=CN=C12)C(O)=O
1671,NC(=O)[C@H]1C=[N+](C=CC1=O)[C@@H]1O[C@H](COP(O)(=O)OP(O)(=O)OC[C@H]2O[C@H]([C@H](OP(O)(O)=O)[C@@H]2O)N2C=NC3=C(N)N=CN=C23)[C@@H](O)[C@H]1O
1672,CN1C(=O)C(O)=C(O)C2=CC=CC=C12
1673,[H]N([H])[C@@H]([C@@H](C)CC)C(=O)N([H])S(=O)(=O)N([H])C[C@H]1O[C@H]([C@H](O)[C@@H]1O)N1C=NC2=C(N=CN=C12)N([H])[H]
1674,O[C@@H](COP(O)(O)=O)[C@@H](O)C(O)=O
1675,N[C@@H](CC1=CC=C(O)C(I)=C1)C(O)=O
1676,OCC1=CC(=O)C(O)=CO1
1677,COC1=NC=CN=C1C(C)C
1678,C[C@H](NC1=NC(=CC=N1)C1=C(N=C(C2CCNCC2)N1C)C1=CC=CC(=C1)C(F)(F)F)C1=CC=CC=C1
1679,CC(=O)CC(O)=O
1680,[H][C@]1(COP(O)(=O)OP(O)(=O)OC[C@@]2([H])O[C@@]([H])([N+]3=CC=CC(=C3)C([S-])=N)[C@]([H])(O)[C@]2([H])O)O[C@@]([H])(N2C=NC3=C(N)N=CN=C23)[C@]([H])(OP(O)(O)=O)[C@]1([H])O
1681,CCN(CC)CCS(=O)(=O)[C@@H]1CCN2[C@H]1C(=O)O[C@H](C(C)C)[C@H](C)\C=C\C(=O)NC\C=C\C(\C)=C\[C@@H](O)CC(=O)CC1=NC(=CO1)C2=O
1682,OC(=O)CC1=C2NC(=O)C3=CC=CC=C3N2C2=C1C=CC=C2
1683,[H][C@](N)(CC1=CC=C2C=CC=CC2=C1)C(O)=O
1684,NC(=N)C1=CC2=C(NC(CC3=NC4=C(N3)C=CC=C4)=N2)C=C1
1685,[H]N([C@@H]1[C@@H](O)C[C@@](OC2=CC3=C(C=C2)C(C)=CC(=O)O3)(O[C@@]1([H])[C@H](O)[C@H](O)CO)C(O)=O)C(C)=O
1686,NC(=[NH2+])C1=C(Cl)C=C2NC(=CC2=C1)C1=CC=CC(OC2CCCC2)=C1[O-]
1687,[H][C@@](O)(CO)CNC1=CC=CC(=C1)C1=C(C(=O)NC1=O)C1=CN(C)C2=CC=C(F)C=C12
1688,CN(CCCC1CCCCC1)C(=O)[C@H](CCC(O)=O)NC(=O)N(CC(O)=O)CC1=CC=C(OP(O)(O)=O)C=C1
1689,NC1=C2N=CN([C@@H]3O[C@H](CO[P@](O)(=O)O[P@](O)(=O)O[C@H]4O[C@H](CO)[C@@H](O)[C@H](O)[C@H]4O)[C@@H](O)[C@H]3O)C2=NC=N1
1690,OCC(=O)CO
1691,CC1=CC=CC(O)=C1
1692,[H]N([H])C1=C2N=CN([C@@H]3O[C@H](COP(O)(=O)OP(O)(=O)OCC(C)(C)[C@@H](O)C(=O)N([H])CCC(=O)N([H])CCSCCCCC(=O)N([H])CCC4=CN([H])C5=CC=CC=C45)[C@@H](OP(O)(O)=O)[C@H]3O)C2=NC=N1
1693,CN1C2=C(NC(=N)N2)C(=O)N(C)C1=O
1694,OCC(CO)OP(O)(O)=O
1695,[H]\C1=C2/[C@@]([H])(COC)CC[C@@]2([H])[C@@]([H])(C)[C@@]([H])(O)[C@]([H])(O[C@@]2([H])O[C@]([H])(COC(C)(C)C=C)[C@@]([H])(O)[C@]([H])(OC(C)=O)[C@@]2([H])O)C2=C(C[C@]([H])(O)[C@]12C)[C@]([H])(C)COC(C)=O
1696,O=C1C2=CC=CC3=C2C(=NN3)C2=C1C=CC=C2
1697,CC(C)(CO)[C@@H](O)C(=O)NCCC(O)=O
1698,NS(=O)(=O)C1=CC=C(F)C=C1
1699,CC(C)=CCO[P@](O)(=O)OP(O)(O)=O
1700,C[C@@H](N)C(O)=O
1701,CC1=NC(=N)C(=C)C=N1
1702,[H][C@]1(N)C=C(CO)C[C@]([H])(O)[C@@]1([H])O
1703,NC1=C2N=CN([C@@H]3O[C@@H]4CO[P@](S)(=O)O[C@H]4[C@H]3O)C2=NC=N1
1704,COC1=CC=C(C=C1OC1CCCC1)C(=O)NC1=C(Cl)C=NC=C1Cl
1705,NC1=NC=NC2=C1N=CN2[C@@H]1O[C@H](CO)[C@@H](OP(O)(=O)OC[C@H]2O[C@H]([C@H](O)[C@@H]2OP(O)(O)=O)N2C=CC(=O)NC2=O)[C@H]1O
1706,OC(=O)C1=CC(NC2=C(C(=O)NC2=O)C2=CC(Cl)=CC=C2)=CC=C1Cl
1707,NC1=NC2=C(NC3C(N2)OC2COP([O-])(=O)O[Mg]OP([O-])(=O)OCC4OC5NC6=C(NC5C5=C4S[W]4(SC2=C3S4)S5)C(=O)NC(N)=N6)C(=O)N1
1708,OB(O)C1=CC=CC=C1
1709,OC(=O)C1=CC=CN=C1C(O)=O
1710,NC[C@@]1(O)NC(=O)C(O)=[N+]1CC(O)=O
1711,CCO[P@](O)(=O)OP(O)(O)=O
1712,C[C@H](CO)CCO[P@](O)(=O)OP(O)(O)=O
1713,OC1=CC=C(C=C1OS(O)(=O)=O)[N+]([O-])=O
1714,CN(C)[C@@H]1CCC(C)=CC1
1715,C[N+](C)(C)CCS
1716,[NH3+][C@H](C=C)C([O-])=O
1717,[H][C@](N)(COP(O)(=O)OC(C)C)C(O)=O
1718,CC[C@@]1(O)C[C@H](O[C@H]2C[C@@H]([C@H](O[C@@H]3C[C@H](O)[C@@H](O[C@H]4CCC(=O)[C@@H](C)O4)[C@H](C)O3)[C@H](C)O2)N(C)C)C2=C(O)C3=C(C=C2C1)C(=O)C1=C(C(O)=CC=C1)C3=O
1719,CC(C)(C)C1=NN(C(NC(=O)NC2=CC=C(Cl)C=C2)=C1)C1=CC=CC=C1
1720,N[C@@H](CS[AsH]O)C(O)=O
1721,CC1=CC=C(C=C1)C1=NN(C2=C1C(N)=NC=N2)C(C)(C)C
1722,[H][C@@](C)(NC(=O)[C@@]([H])(CC1=CC=CC=C1)NC(=O)OCC1=CC=CC=C1)\C=C\C(=O)C=O
1723,OC1=C(O)C=C2C=CNC2=C1
1724,NC1=NC=NC2=C1N=CN2[C@@H]1O[C@H](COP(O)(O)=O)[C@@H](OP(O)(O)=O)[C@H]1O
1725,[H][C@@](CCC(O)=O)(NCC1=C(COP(O)(O)=O)C=[NH+]C(C)=C1O)C(O)=O
1726,[H][C@](CCCCCCCCCCCC)(CC(O)=O)OC(=O)CCCCCCCCCCCC
1727,N[C@@H](CCCCNC(C(O)=O)C(O)=O)C(O)=O
1728,[H][C@]1(O)CCN2C[C@]([H])(O)[C@@]([H])(O)[C@]([H])(O)[C@@]12[H]
1729,[H][C@](N)(C[C@]([H])(O)O[C@]([H])(C)[C@]([H])(N)C(O)=O)C(O)=O
1730,[H][C@@]1(O)O[C@]([H])(CO)[C@]([H])(O)[C@]([H])(OS(O)(=O)=O)[C@@]1([H])O
1731,OC(=O)C(=C)OP(O)(O)=O
1732,[H]N(CCCCC)C(=O)[C@H](CC1=CC=C(N(C(=O)C(O)=O)C2=CC=CC=C2C(O)=O)C2=CC=CC=C12)N([H])C(C)=O
1733,NCC[C@H](NC(=O)[C@@H](N)CCCNC(=N)N[N+]([O-])=O)C(N)=O
1734,O[C@H]1CSSC[C@@H]1O
1735,OC[C@H]1O[C@]2(NC(=O)NC2=O)[C@H](O)[C@@H](O)[C@@H]1O
1735,OC[C@H]1O[C@]2(NC(=O)NC2=O)[C@H](O)[C@@H](O)[C@@H]1O
1736,[H]N([H])[C@@]([H])(O)O[C@]1([H])CC2=CC=CC=C2[C@]1([H])[C@]1([H])CN([H])[C@@](CC2=CC=CC=C2)(CC([H])(O)C([H])(CC2=CC=CC=C2)N([H])C(=O)O[C@@]2([H])CCOC2)C1=O
1737,[H]N([H])C1=NC(=O)C2=CC=CC(C)=C2N1[H]
1738,CCCC[N+]#[C-]
1739,COC1=C(F)C(F)=C(C(N)=O)C(F)=C1F
1740,CN
1741,CCNC(=O)CCNC(=O)[C@H](O)C(C)(C)COP(O)(=O)OP(O)(=O)OC[C@H]1O[C@H]([C@H](O)[C@@H]1OP(O)(O)=O)N1C=NC2=C1N=CN=C2N
1742,CC(=O)N[C@@H](CC1=CC=C(C(=C1)P(O)(O)=O)P(O)(O)=O)C(=O)N[C@H]1CCCCC2=CC(OCC3CCCCC3)=C(C=C12)C(N)=O
1743,N[C@@H](CC1=CNC2=CC=CC=C12)C(=O)OP(O)(=O)OC[C@H]1O[C@H]([C@H](O)[C@@H]1O)N1C=NC2=C(N)N=CN=C12
1744,C[P@@](O)(=O)CC(=O)CC(O)=O
1745,N[C@@H](CCONC(N)=N)C(O)=O
1746,[H][C@](N)(CCC(=O)N[C@@]([H])(CS[C@]1([H])C2=CC=CC=C2C2=CC=CC=C2[C@@]1([H])O)C(=O)NCC(O)=O)C(O)=O
1747,[H]N([H])[C@@H](C[C@@H](F)CC\N=C(/C)N([H])[H])C(O)=O
1748,ClC1=CC=C2C=C(C=CC2=C1)S(=O)(=O)N1CCN(CC1)C(=O)C1CCN(CC1)C1=CC=NC=C1
1749,CC(=O)OC[C@H](N)C(O)=O
1750,CC1=C(OC2=CC=C(O)C=C2C1=O)C1=CC(Br)=C(O)C(Br)=C1
1751,CC(O)CO
1752,OCC[C@@H](O)[C@H](O)[C@H](O)\C=C\P(O)(O)=O
1753,[H][C@@]1(C)C[C@]([H])(O)[C@@]([H])(O)[C@@]([H])(O)O1
1754,[H][C@]1(COP(O)(=O)OP(O)(O)=O)O[C@@]([H])(N2C=NC3=C(N)N=CN=C23)[C@]([H])(O)[C@]1([H])OP(O)(O)=O
1755,[H]N([H])N1C(=O)N([H])[C@@]2(O[C@H](CO)[C@@H](O)[C@H](O)[C@H]2O)C1=O
1756,CN(C)C=O
1757,[H]N([H])C1=C2N=CN([C@@H]3O[C@H](COP(O)(=O)OP(O)(=O)OCC(C)(C)[C@@H](O)C(=O)N([H])CCC(=O)N([H])CCSO)[C@@H](OP(O)(O)=O)[C@H]3O)C2=NC=N1
1758,CC(C)[C@@H](NC(N)=O)C(O)=O
1759,O=C1CCNC(=O)N1
1760,CO[C@H](CC1=CC=CC=C1)[C@H](C)\C=C(/C)\C=C\[C@H](N)[C@H](C)C(O)=O
1761,CCCC[N+](CCCC)(CCCC)CCCC
1762,OC1=CC=C(C=C1)C1=C(O)C(=O)C2=C(O1)C=C(O)C=C2O
1763,[Mg++].CC[C@@H]1[C@@H](C)\C2=C\C3=C(C(C)=O)C(C)=C([N-]3)\C=C3/N=C([C@@H](CCC(=O)OC\C=C(/C)CCC[C@H](C)CCC[C@H](C)CCCC(C)C)[C@@H]3C)C3=C4[N-]\C(=C/C1=N2)C(C)=C4C(=O)[C@@H]3C(=O)OC
1764,NC(=O)C1=CN=CC(Br)=C1
1765,[H][C@@]1(C)C[C@]([H])(N[C@@]1([H])C(O)=O)N(C)O
1766,OC(=O)CCCCCC(O)=O
1767,N[C@@H](CC(=O)OP(O)(O)=O)C(O)=O
1768,[H][C@@](CCCC)(NC(=O)OCC1(CC2=CC=C(F)C=C2)CCC1)C(=O)C(=O)NC1=CC=NN1
1769,C[C@@](CO)(OP(O)(O)=O)[C@H](O)COP(O)(=O)OP(O)(=O)OC[C@H]1O[C@H]([C@H](O)[C@@H]1O)N1C=CC(N)=NC1=O
1770,[H][C@@]1(COP(O)(=O)OP(O)(=O)OP(O)(O)=O)C[C@@]([H])(O)[C@@]([H])(O1)N1C=NC2=C(N)N=CN=C12
1771,OC[C@H]1O[C@H](OP(O)(=O)OP(O)(=O)OC[C@H]2O[C@H]([C@H](O)[C@@H]2O)N2C=CC(=O)NC2=O)[C@H](O)[C@@H](O)[C@@H]1O
1772,CC(C)S[C@@H]1O[C@H](CO)[C@H](O)[C@H](O)[C@H]1O
1773,O[C@H]1[C@@H](OP(O)(O)=O)[C@H](O)[C@@H](OP(O)(O)=O)[C@H](OP(O)(O)=O)[C@H]1OP(O)(O)=O
1774,NC1=NC2=C(N=CN2[C@@H]2O[C@H](COP(O)(=O)OP(O)(=O)OP(O)(O)=S)[C@@H](O)[C@H]2O)C(=O)N1
1775,CN(CC1=CC2=C(C=CC=C2)N1C)C(=O)\C=C\C1=CN=C(N)C=C1
1776,[H][C@](C(O)=O)(C1=CC=CC=C1)S(O)(=O)=O
1777,[H][C@](C)(N=C([O-])CCCC[C@]([H])(N=C(O)CN)C(O)=O)P(O)(O)=O
1778,[H][C@@]1(O)[C@@]([H])(O)[C@]([H])(S)[C@@]([H])(CO)O[C@]1([H])S
1779,[H][C@@](CC1=CC=CC=C1)(NC(=O)[C@]([H])(CC1=CC=CC=C1)NC(=O)OCC1=CC=CC=C1)C(=O)CO
1780,CC(=O)N[C@H]1[C@H](O)O[C@H](CO)[C@H](OS(O)(=O)=O)[C@@H]1O
1781,[H][C@]1(C\C=C(C)/CCC[C@H](C)[C@H](O)[C@@H](C)C(=O)C(C)(C)[C@@H](O)CC(=O)O1)C(\C)=C\C1=CSC(C)=N1
1782,CN1[C@H]2CC[C@@H]1CC(=O)C2
1783,O=C1NC2=C(NN=N2)C(=O)N1
1784,NC(=N)C1=CC2=C(C=C1)N=C(N2)C(=O)C1=NC2=C(N1)C=CC(=C2)C(N)=N
1785,CON[C@H]1C[C@@H](N(C1)S(=O)(=O)C1=CC=C(OC)C=C1)C(=O)NO
1786,O=C(C1=CC=CC=C1)C1=CC=CC=C1
1787,[H][C@@](CC(O)=O)(N(C)C(=O)C1=C(NS(=O)(=O)C2=CC3=CC=CC=C3C=C2)C=CC(OS(=O)(=O)C2=CC3=CC=CC=C3C=C2)=C1)C(O)=O
1788,OC(=O)\C=C\C1=CC(O)=C(O)C=C1
1789,[H][C@@](C)(O)C[C@](C)(O)CO
1790,[H][C@](N)(CCSC)C(O)(O)C1=CC=CC=N1
1791,[H][C@@](CCSC)(NC(=O)[C@]1([H])CCCN1C(=O)[C@]([H])(CC1=CC=C(O)C=C1)NC(=O)CS)C(N)=O
1792,[H][C@](N)(C(C)C)C(=O)N1CCCC1
1792,[H][C@](N)(C(C)C)C(=O)N1CCCC1
1793,[H][C@]1(O)C(=O)O[C@]([H])(CO)[C@]([H])(O)[C@]1([H])O
1794,[H]N([C@@H]1CO[C@H](CO)C1)C(=O)[C@H](OCC1=CC=CC=C1)[C@H](O)[C@@H](O)[C@@H](OCC1=CC=CC=C1)C(=O)N([H])[C@@H]1[C@H](O)CC2=CC=CC=C12
1795,CC(C)C1=C2N=C(N[C@H]3CC[C@H](N)CC3)C=C(NC3=CC=C(C=C3)S(=O)(=O)N(C)C)N2N=C1
1796,[H][C@@]12CC=C[C@@]1(C)CC[C@@]1([H])[C@@]2([H])CC[C@@]2([H])C[C@]([H])(O)CC[C@]12C
1797,[H][C@@]1(CC[C@@]2([H])[C@]3([H])CC[C@]4([H])C[C@H](O)CC[C@]4(C)[C@@]3([H])C[C@H](O)[C@]12C)[C@H](C)CCC(=O)N(CCCNC(=O)[C@H](O)[C@@H](O)[C@H](O)[C@H](O)CO)CCCNC(=O)[C@H](O)[C@@H](O)[C@H](O)[C@H](O)CO
1798,[H][C@@](CO)(CC1=CC=CC=C1)NC(=O)[C@@]([H])(NC(=O)[C@]([H])(C)NC(=O)OCC1=CC=CC=C1)C(C)C
1799,CC(C)C(=O)[C@@]12C(O)=C(CC=C(C)C)C(=O)[C@@](CC=C(C)C)(C[C@H](CC=C(C)C)[C@@]1(C)CCC=C(C)C)C2=O
1800,[H][C@]1(COP(O)(=O)OP(O)(O)=O)O[C@@]([H])(N2C=NC3=C(NCC4=CC=CC=C4)N=CN=C23)[C@]([H])(O)[C@]1([H])O
1801,[H][C@](N)(CC(O)=O)C(=O)OP(O)(=O)OC[C@@]1([H])O[C@@]([H])(N2C=NC3=C(N)N=CN=C23)[C@]([H])(O)[C@]1([H])O
1802,NC1=CC=CC(=C1)B(O)O
1803,O=C1NNC(=O)C2=CC(=CC=C12)[N+]1=NC(\C=C\C2=CC=CC=C2)=NN1C1=NC2=C(S1)C=CC=C2
1804,[H][C@](C)(CC(O)=O)[C@]([H])(N)C(O)=O
1805,N[C@@H](CC1=C[NH+]=CN1P(O)(O)=O)C(O)=O
1806,OS(=O)(=O)OC[C@H]1O[C@@](COS(O)(=O)=O)(O[C@H]2O[C@H](COS(O)(=O)=O)[C@@H](OS(O)(=O)=O)[C@H](OS(O)(=O)=O)[C@H]2OS(O)(=O)=O)[C@@H](OS(O)(=O)=O)[C@@H]1OS(O)(=O)=O
1807,CCN1C(=O)CCC1=O
1808,O[C@H]1C[C@@H](O[C@@H]1COP(O)(O)=O)N1C=C(Br)C(=O)NC1=O
1809,COC1=CC=C(O)C(=C1)C1=NC2=C(N1)C=CC(=C2)C(N)=[NH2+]
1810,NC1=NC2=NN(N=C2C(O)=N1)C1=CC(=CC=C1)C(O)=O
1811,CC(=O)N[C@@H](CC1=CC=C(OCC(O)=O)C(=C1)P(O)(O)=O)C(=O)N[C@H]1CCCCN(CC2=CC=C(C=C2)C2=CC=CC=C2)C1=O
1812,[H][C@]1(CO)O[C@]2([H])O[C@]3([H])[C@@]([H])(CO)O[C@]([H])(O[C@]4([H])[C@@]([H])(CO)O[C@]([H])(O[C@]5([H])[C@@]([H])(CO)O[C@]([H])(O[C@]6([H])[C@@]([H])(CO)O[C@]([H])(O[C@]7([H])[C@@]([H])(CO)O[C@]([H])(O[C@@]1([H])[C@]([H])(O)[C@@]2([H])O)[C@]([H])(O)[C@@]7([H])O)[C@]([H])(O)[C@@]6([H])O)[C@]([H])(O)[C@@]5([H])O)[C@]([H])(O)[C@@]4([H])O)[C@]([H])(O)[C@@]3([H])O
1813,[H][C@](N)(CC[C@]([H])(N)C(O)=O)C[C@@]1([H])O[C@@]([H])(N2C=NC3=C(N)N=CN=C23)[C@]([H])(O)[C@]1([H])O
1814,CCC1=C(C)C2=CC3=C(CC)C(C)=C(C=C4N=C(C=C5N\C(=C/C1=N2)C(C)=C5CCC(O)=O)C(CCC(O)=O)=C4C)N3C
1815,[Cl-].[Pt++].C1=CC=C(N=C1)C1=CC=CC(=N1)C1=CC=CC=N1
1816,[H][C@@](O)(CO)[C@@]([H])(O)[C@]([H])(O)[C@@]([H])(O)C=O
1817,N[C@@H](CSO)C(O)=O
1818,NCCCCN
1819,C[Te]CC([O-])=O
1820,CCCCC=O
1821,[H][C@]1(CO)O[C@@]([H])(OC2=CC=CC=C2N(=O)=O)[C@]([H])(O)[C@@]([H])(O)[C@@]1([H])O
1822,[H]N(O)C1=NC[C@@H](O)[C@H](O)[C@H]1O
1823,[H][C@]1(CO)O[C@]([H])(O[C@]2([H])[C@@]([H])(CO)O[C@]([H])(O[C@]3([H])[C@@]([H])(CO)N=C(NO)[C@]([H])(O)[C@@]3([H])O)[C@]([H])(O)[C@@]2([H])O)[C@]([H])(O)[C@@]([H])(O)[C@]1([H])O
1824,[H][C@](O)(COP(O)(O)=O)[C@@]([H])(O)C(=O)CO
1825,ONC(=O)C1=CC=CC=C1
1826,OC1=CC=CC(=C1O)C1=C(Cl)C=CC=C1
1827,C[C@H]1C[C@H](O)N[C@@H]2CCCCN(O[Fe@@]34O[C@@H](\C=C\CCCCCCC(O)=O)[N@](CCCC[C@H](NC(=O)[C@H]5COC(=N5)C5=CC=CC=C5O3)C(=O)O1)O4)C2=O
1828,CC1=C(C)C(=O)C(C)=C(C)C1=O
1829,NC1=C(C2=C(N)N=C(N)N=C2C=C1)[Cl](=O)=O
1830,CC(C)(CO)[C@@H](O)C([O-])=O
1831,OC(=O)C1=CC(O)=C2C(Cl)=CC(Cl)=CC2=N1
1832,CC1=CNC=C1
1833,[H][C@]12C[C@@H](NC)[C@@H](OC)[C@](C)(O1)N1C3=C(C=CC=C3)C3=C4[C@@H](O)NC(=O)C4=C4C5=C(C=CC=C5)N2C4=C13
1834,CC(C)CCCCCCCCC(=O)N(C)[C@H](CO)C(=O)N[C@H](C)C(=O)NCC(=O)N(C)[C@H]1C2=CC(=C(O)C=C2)C2=CC(C[C@H](NC(=O)[C@H](C)NC1=O)C(O)=O)=CC=C2O
1835,[H][C@](CS)(CC1=CC=CC=C1)NC(=O)CC(O)=O
1836,OC[C@H]1O[C@H](O)[C@@H](O)[C@@H]1O
1837,NC1=NC2=C(N=CN2[C@@H]2O[C@H](CO)[C@@H](O)[C@H]2OP(O)(O)=O)C(=O)N1
1838,[H][C@@](N)(CC1=CN=CN1)C(=O)NC1=CC=C2C=CC=CC2=C1
1839,NC(=[NH2+])C1=CC2=C(C=C1)N=CN2
1840,[H][C@]1(CNCCC[C@@]1([H])OC(=O)C1=CC=C(C=C1)C(=O)C1=CC=CC=C1O)NC(=O)C1=CC=C(O)C=C1
1841,CC1=C(C=C2C(=C1)C(C)(C)CCC2(C)C)C1(CC1)C1=CC=C(C=N1)C(O)=O
1842,[H]C(O)=O
1843,CC1=CC=C2N=C3N(CC[C@@]3(O)C(=O)C2=C1)C1=CC=CC=C1
1844,[H][C@]1(COP(O)([O-])=O)O[C@@]([H])(N2C=NC(C(N)=O)=C2[O-])[C@]([H])(O)[C@]1([H])O
1845,CN1C=C(C2=C1C=CC=C2)C1=C(C(=O)NC1=O)C1=CN(CCCN)C2=C1C=CC=C2
1846,OP(O)(=O)OC1=C(C=O)C=CC=C1
1847,FC1=CC=C(C(F)=C1)C1=CC(=CC2=C1CCC(=O)N2C1=C(Cl)C=CC=C1Cl)C1CCNCC1
1848,CNC(=O)[C@@H](N)C(C)(C)C
1849,COC1=CC=C(CNC(=O)NC2=NC=C(S2)[N+]([O-])=O)C=C1
1850,[H][C@]1(CCCN1C(=O)C(=O)C(C)(C)CC)C(=O)OCCCC1=CN=CC=C1
1851,N1C=NC2=C1N=CN1C=CN=C21
1852,C(CC1=CC=NC=C1)C1=CNC2=CC=CC=C12
1853,COC1=C(OC2CCCC2)C=C(C=C1)C1CNC(=O)C1
1854,OCCCCO
1855,NCCS(O)(=O)=O
1856,OC1=CC=CC(Cl)=C1
1857,CC(C)(C)C1=CC=C(SC2=CC=CC3=C2C(N)=NC(N)=N3)C=C1
1858,CCOC(=O)C1=C(C)N(N=C1C)C1=CC(=CC=C1)[N+]([O-])=O
1859,CN1CN([C@@H]2O[C@H](COP(O)(=O)OP(O)(O)=O)[C@@H](O)[C@H]2O)C2=C1C(=O)NC(N)=N2
1860,NC1=NC(=O)N(C=C1)[C@@H]1O[C@H](CO)[C@@H](OP(O)(O)=O)[C@H]1O
1861,N[C@@H](CC1=CC=C(OP(O)(O)=O)C=C1)C(O)=O
1862,OB(O)CCC1=CC=CC=C1
1863,[H][C@]1(O)CN(C2=CC=C(OC)C=C2)S(=O)(=O)C2=C1C=C(S2)S(N)(=O)=O
1864,[H]N(P(O)(=O)OC[C@H]1O[C@H](C[C@@H]1O)N1C=CC(=O)N([H])C1=O)P(O)(=O)OP(O)(O)=O
1865,CCCCCCCCCCCCCCCCCC(=O)OC[C@@H](CO[P@](O)(=O)OCCN)OC(=O)CCCCCCCCCCCCCCCCC
1866,[H][C@@]12CCCC[N@]1CC(=O)C1=C2N(CCCNS(=O)(=O)C(C)C)C2=C1C=CC=C2
1867,[H]\C(N)=C(/[H])S
1868,[H]N([H])C1=C2N=CN([C@@H]3O[C@H](COP(O)(=O)OP(O)(=O)OCC(C)(C)[C@@H](O)C(=O)N([H])CCC(=O)N([H])CCSCC(=O)C(F)(F)F)[C@@H](OP(O)(O)=O)[C@H]3O)C2=NC=N1
1869,[H][C@](O)(CO)[C@]([H])(O)[C@]([H])(O)[C@]([H])(O)CN(CCO)C(=O)CCCCCCCC
1870,OC(=O)\C=C\C1=CNC=N1
1871,NC1=NC2=C(N=CN2[C@@H]2O[C@H](COP(O)(O)=O)[C@@H](O)[C@H]2O)C(=O)N1
1872,N[C@@H](COS(=O)(=O)CC1=CC=CC=C1)C(O)=O
1873,[H][C@](N)(CS[C@@]1([H])NOC(=C1)[C@]([H])(N)C(O)=O)C(O)=O
1874,[H][C@]1(O)O[C@]([H])(COP(O)(=O)CP(O)(=O)OC[C@@]2([H])O[C@@]([H])(N3C=NC4=C(N)N=CN=C34)[C@]([H])(O)[C@]2([H])O)[C@@]([H])(O)[C@@]1([H])O
1875,NC1=CC=CC2=C1C=C1C=CC=CC1=C2
1876,NC(=N)C1=CC=C2C=C(C=CC2=C1)C(=O)NC1=CC=CC=C1
1877,[H][C@@]1(N)NC2=C([N+](C)=CN2C)[C@]([H])(O)N1
1878,CO[C@H]1O[C@H](CO)[C@@H](O)[C@H](O)[C@@H]1O
1879,[H][C@@](N)(CC1=CC=C(I)C=C1)C(=O)NO
1880,[H][C@@]12CO[C@@]([H])([C@H]1O)[C@@H](OS(O)(=O)=O)[C@@H](O)O2
1881,[H][C@]1(O)O[C@]([H])(C(O)=O)[C@@]([H])(O)[C@]([H])(O)[C@]1([H])O
1882,N[C@@H](CCCC[B-](O)(O)O)C(O)=O
1883,NC(N)=NCCC[C@H](NC(=O)C(=O)[C@@H](CC1CCCCC1)NC(=O)OCC1=CC=CC=C1)C(=O)N[C@@H](CCC(O)=O)C(=O)N[C@@H](CC1CCCCC1)C(O)=O
1884,CC(=O)N[C@@H](CCCNC(N)=N)C(O)=O
1885,CC1=C(N)C=CC=C1F
1886,CC1=C(CCO[P@](O)(=O)O[P@](O)([O-])=O)SC=[N+]1CC1=CN=C(C)N=C1N
1887,C([C@H]1CN(CCN1)C1=NN=C(C2=CC3=CC=CC=C3C=C2)C(=C1)C1=CC=NC=C1)C1=CC=CC=C1
1888,[H]N([C@@H](CCCC[N+]([H])([H])[H])C(=O)N([H])[C@@H](CC1=CC=CC=C1)P(O)(=O)N([H])[C@@H](C)C(=O)N1CCC[C@H]1C(=O)OC)C(=O)[C@@H]1CCCN1C(=O)OCC1=CC=CC=C1
1889,[H][C@@]1(CC[C@@]2([H])[C@]3([H])CC=C4C[C@H](CC[C@]4(C)[C@@]3([H])CC[C@]12C)OS(O)(=O)=O)[C@H](C)CCCC(C)C
1890,[H]N(O)C(=O)C[C@H]1CO[C@H](CO)[C@@H](O)[C@@H]1OC(=O)CCCCCCCCCCCCC
1891,CC(C)(COP(O)(=O)OP(O)(=O)OC[C@H]1O[C@H]([C@H](O)[C@@H]1OP(O)(O)=O)N1C=NC2=C1N=CN=C2N)[C@@H](O)C(=O)NCCC(=O)NCCS
1892,C[C@@H](NCC1=C(O)C(C)=NC=C1COP(O)(O)=O)C(O)=O
1893,OCCNC1=NC=NC2=C1N=C1C=CC=CN21
1894,CC1=CN([C@@H]2O[C@H](COP(O)(O)=O)[C@@H](O)[C@H]2O)C(=O)N=C1N
1895,CC1=CC=CN=C1
1896,BrC1=NNC2=C1C=CC=C2N(=O)=O
1897,[H][C@@](O)(CCCCCCC)C[C@@]1([H])O[C@@](CO)(O[C@@]2([H])O[C@]([H])(CO)[C@@]([H])(O)[C@]([H])(O)[C@@]2([H])O)[C@@]([H])(O)[C@]1([H])O
1898,OS(O)(O)C1=CC=C(C=C1)C-1=C2\C=CC(=N2)\C(=C2/N\C(\C=C2)=C(/C2=N/C(/C=C2)=C(\C2=CC=C\-1N2)C1=CC=C(C=C1)S(O)(O)O)C1=CC=C(C=C1)S([O-])([O-])[O-])\C1=CC=C(C=C1)S(O)(O)[O-]
1899,NC1=NC2=C(C(N)=N1)C(SC1=CC=C(C=C1)N1CCOCC1)=CC=C2
1900,NC(=C)C(N)=O
1901,COC1=CC(=CC(OC)=C1)C1=NC(=C(CN)C(N)=N1)C1=CC=C(Cl)C=C1Cl
1902,[H]\C(C)=C(/[H])C(=O)C(O)=O
1903,[H][C@@]1(CC2=CC=CC=C2)NC(=CN2C(=O)[C@](CC3=CC=C(Br)C=C3)(OO)N=C12)C1=CC=C(O)C=C1
1904,O[C@H]1O[C@H](COP(O)(O)=O)[C@@H](O)[C@H](O)[C@H]1O
1905,CCCCN1C2=C(NC(CC3=CC=C(NC(C)=O)C=C3)=N2)C(=O)N(CC2=CC=CC=C2F)C1=O
1906,CC(C)(C)NC(=O)[C@@H]1CN(CC2=CC3=C(O2)C=CC=C3)CCN1C[C@@H](O)C[C@@H](CC1=CC=CC=C1)C(=O)NC1[C@H](O)CC2=C1C=CC=C2
1907,[H][C@]1(C[C@@]2([H])O[C@](C)(N3C4=CC=CC=C4C4=C5CNC(=O)C5=C5C6=CC=CC=C6N2C5=C34)[C@]1([H])OC)NC
1908,N[C@@H](CCCNC(=O)CP(O)(O)=O)C(O)=O
1909,O.[Fe].[Fe].[N-]=[N+]=[N-]
1910,COC(=O)C1=C(O)C=CC=C1OC\C=C\C1=CC(C2=CC(=NO2)C(O)=O)=C(F)C=C1
1911,NC1=NC2=C(N=C(CNC3=CC=C(C=C3)C(=O)N[C@@H](CCC(O)=O)C(O)=O)CN2)C(=O)N1
1912,CN(CCCCCCOC1=CC=C(C(=O)C2=CC=C(Br)C=C2)C(F)=C1)CC=C
1913,[H][C@]1(CO)O[C@@]([H])(O[C@]2([H])[C@@]([H])(CO)N3C=CN=C3[C@]([H])(O)[C@@]2([H])O)[C@]([H])(O)[C@@]([H])(O)[C@]1([H])O
1914,NC(=N)C1=CC=C(CC(=O)C(O)=O)C=C1
1915,OC(=O)CC1=C(O)C2=C(CC3=C(C(O)=CC=C3)C2=O)C=C1
1916,OC(=O)CN1C(=O)C2=CC=CC3=CC=CC(C1=O)=C23
1917,NC(=O)[C@@H]1C[C@]2(NC(=O)NC2=O)C2=C(O1)C=CC(F)=C2
1918,CC1=NC=C(CO)C(N)=N1
1919,NC1=NC2=C(NC(=O)N2[C@H]2C[C@H](O)[C@@H](COP(O)(O)=O)O2)C(=O)N1
1920,OC(=O)CCC1=CC=CC=C1
1921,CC(C)[C@@H](NC(=O)[C@H](CS)NC(=O)CCC[C@H](N)C(O)=O)C(O)=O
1922,[H][C@@](CCC(O)=O)(NC(=O)C1=CC=C(C=C1)N(C)CC1=COC2=NC(N)=NC(N)=C12)C(O)=O
1923,NCCNC[C@@H](N)CCCNC(=N)N[N+]([O-])=O
1924,OCC(=O)COP(O)(=O)OC1[C@H](O)[C@H](O)[C@@H](OP(O)(O)=O)[C@H](OP(O)(O)=O)[C@H]1O
1925,IC1=CC=C(NC(=O)NC2CCCCC2)C=C1
1926,CC1=CC2=C(C=C1C)N(C=N2)[C@H]1O[C@H](COP(O)(O)=O)[C@@H](O)[C@H]1O
1927,NC1=NC2=C(N[C@@H](CNC3=CC=C(C=C3)C(=O)N[C@@H](CCC(O)=O)C(O)=O)CN2)C(=O)N1
1928,C[C@@H](CS)C(=O)N1CCC[C@H]1C(O)=O
1929,OC1=C([C@@H](C2CC2)C2=CC=CC(NS(=O)(=O)C3=CC=CC=C3)=C2)C(=O)OC2=C1CCCCCC2
1930,[H][C@@]1(O)CN2CCC[C@@]([H])(O)[C@]2([H])[C@]1([H])O
1931,CCCCCCCCCCCCCCCCS(F)(=O)=O
1932,[H][C@]1(CC(=O)NO)SC2=CC=CC=C2NC1=O
1933,NC1=NC(O)=C(N)C(O)=N1
1934,CC1=NC=C(COP(O)(O)=O)C(CN[C@@H]2CONC2=O)=C1O
1935,[H][C@](N)(CSC(C)=O)C(O)=O
1936,NC1=CC=C2C(=O)NNC(=O)C2=C1
1937,COCCOCCOCCOCCOCCO
1938,CCCCCCCCCCCCCCCC(=O)OCC(COP(O)(=O)OCC(O)CO)OC(=O)CCCCCCCCCCCCCCC
1939,CC(=N)NCC1=CC(CN)=CC=C1
1940,CCCCCN
1941,[H][C@@](CC(C)C)(NC(=O)C1=CC=CO1)C(=O)N[C@@]([H])(CC1=CNC2=C1C=CC=C2)P(O)(O)=O
1942,C[C@H](C(O)=O)C1=CC=C(C=C1)C1=CC=CC=C1
1943,NC(=[NH2+])N1C=NC=N1
1944,ONC(=O)CC1(CCOCC1)S(=O)(=O)C1=CC=C(OC2=CC=C(Cl)C=C2)C=C1
1945,[H]N([C@@H](CC1=CC=CC=C1)C(=O)N([H])[C@@H](CCC1=CC=CC=C1)CCS(=O)(=O)OC1=CC=C(C=C1)[N+]([O-])=O)C(=O)OCC1=CC=CC=C1
1946,O\N=C1\C(\NC2=C\1C=CC=C2)=C1\C(=O)NC2=C1C=CC=C2
1947,[H][C@@](O)(COP(O)(O)=O)[C@@]([H])(O)[C@@]([H])(O)C=O
1948,NC1=CC=CC(=C1)C(O)=O
1948,NC1=CC=CC(=C1)C(O)=O
1949,CCCCNS(=O)(=O)C1=CC=CC=C1
1950,[H][C@](O)(CCCCC)\C=C\[C@@]1([H])C(=O)C[C@]([H])(O)[C@]1([H])C\C=C/CCCC(O)=O
1951,CC1=C(C[C@H](N)C(O)=O)C(O)=NO1
1952,[H]N1C(=O)C(CC2=CC=C(C=C2)N2CCN(CC2)C=O)C2=CC=CC=C12
1953,NC1=C2N=CN([C@@H]3O[C@H](CO[P@@](O)(=O)O[P@@](O)(=O)OC[C@H]4O[C@H](O)[C@H](O)[C@@H]4O)[C@@H](O)[C@H]3O)C2=NC=N1
1954,O=C1CCCCC1
1955,OC[C@H]1O[C@@H](O[C@H]2[C@H](O)[C@@H](O)C(O)O[C@@H]2CO)[C@H](O)[C@@H](O)[C@@H]1O
1956,[H][C@@](C)(N)[P@](O)(=O)C[C@@]([H])(CC1=CC=C(C=C1)C1=CC=CC=C1)C(=O)N[C@@]([H])(C)C(O)=O
1957,[H][C@](CC([O-])=O)(C(O)=O)C1=CC(C2=NC3=C(N2)C=C(C=C3)C(N)=N)=C([O-])C(Br)=C1
1958,[H][C@@]1(CO)C[C@]([H])(O)[C@@]([H])(O)[C@]([H])(O[C@]2([H])[C@@]([H])(CO)O[C@@]([H])(O)[C@]([H])(O)[C@@]2([H])O)O1
1959,[H][C@]1(CO)O[C@@]([H])(C2=C3N=CN=C(NC)C3=NN2)[C@]([H])(O)[C@]1([H])O
1960,[H]N([H])C1=NC(=O)C2=C(N([H])C[C@H](CN([H])C3=CC=C(C=C3)C(=O)N([H])[C@@H](CCC(=O)N([H])[C@@H](CCC(=O)N([H])[C@@H](CCC(O)=O)C(O)=O)C(O)=O)C(O)=O)N2C=O)N1[H]
1961,[NH3+]CCCCC(O)=O
1962,NS(=O)(=O)C1=CC=C(C=C1)C(=O)NCC1=CC=CC=C1F
1963,N[C@@H](CC(=O)C1=CC=CC=C1N)C(O)=O
1964,COC1=CC=C(C=C1)S(=O)(=O)N(CC1=CC=CN=C1)C1=C(C=CC=C1C)C(=O)NO
1965,OC(=O)C(=O)NC1=C(C(O)=O)C2=C(CSCC2)S1
1966,CC1=C(C=C)\C(NC1=O)=C\C1=C(C)C(CCC(O)=O)=C(N1)\C=C1/N=C(/C=C2\NC(=O)C(C=C)=C2C)C(C)=C1CCC(O)=O
1967,C\C=C\C(O)=O
1968,[H]N1C=C([C@@H]2N([H])[C@H](COP(O)(O)=O)[C@@H](O)[C@H]2O)C2=C1C(=O)N=CN2[H]
1969,O[C@H](COP(O)(O)=O)[C@@H](O)[C@H](O)[C@@H](O)C(O)=O
1970,N[C@@H](CCC\N=C(/N)N[N+]([O-])=O)C(=O)N[C@H]1CN[C@@H](C1)C(N)=O
1971,COCCOCCOCCOC
1972,NOCC(O)=O
1973,COCCOCCOCCOC1=CC=C(C=C1)C(C)(C)CC(C)(C)C
1974,[H][C@@]1(CC2=CC=C(C=C2)C(N)=N)CCCC[C@@]([H])(CC2=CC=C(C=C2)C(N)=N)C1=O
1975,NC1=NC2=C(N=CN2[C@@H]2O[C@H](COP(O)(=O)OP(O)(=O)NP(O)(O)=O)[C@@H](O)[C@H]2O)C(=O)N1
1976,CN(C)CC(O)=O
1977,[H][C@](CC([O-])=O)(C(O)=O)C1=CC(=C([O-])C(=C1)C1=NC2=C(N1)C=C(C=C2)C(N)=N)C1=CC=CC=C1OC
1978,NC1(CC1)C(O)=O
1979,OC1=CC=C(C=C1O)[As+](C1=CC=CC=C1)(C1=CC=CC=C1)C1=CC=CC=C1
1980,NS(=O)(=O)C1=CC(F)=CC(F)=C1
1981,CCCC[C@H](N)P(O)(O)=O
1982,ClC1=CC2=C(NC(=C2)C(=O)NCCOCCOCCNC(=O)C2=CC3=C(N2)C=CC(Cl)=C3)C=C1
1983,[H][C@@](CCCO)(C(=O)NO)[C@@]([H])(CC(C)C)C(=O)N[C@@]1([H])CCCCN(CCOC)C1=O
1984,CC1=NC(C)=C(S1)C1=NC(N)=NC=C1
1985,CCCCC\C=C/C\C=C/CCCCCCCC(=O)O[C@H]1CC[C@@]2(C)C(=CC[C@@]3([H])[C@]4([H])CC[C@]([H])([C@H](C)CCCC(C)C)[C@@]4(C)CC[C@]23[H])C1
1986,[H]N(O)C(=O)[C@@H](O)[C@H](O)[C@H](O)COP(O)(O)=O
1987,OB(O)CNC(=O)CC1=CC=CS1
1988,O=C1NC2=CC=CC=C2C1=O
1989,[H][C@](CO)(CCC1=CC=CC=C1)N1C=NC(=C1)C(N)=O
1990,NC1=NC(=O)N(C=C1)[C@@H]1O[C@H](CO)[C@@H](O)[C@H]1O
1991,[H][C@]1(COP(O)(O)=O)O[C@@]([H])(N2C=NC3=C(N)N=CN=C23)[C@]([H])(OP(O)(O)=O)[C@]1([H])O
1992,C[N@H+](CCC=C(C)C)[C@@H]1CCC(C)=CC1
1993,CO[C@H]1O[C@H](CO)[C@H](O)[C@H](O)[C@H]1O
1994,[H]N([H])C(=O)[C@@H]1C[C@@]2(N([H])C(=O)N([H])C2=O)C2=C(O1)C=CC(F)=C2
1995,NC1=CC(CN2[C@H](CC3=CC=CC=C3)[C@H](O)[C@@H](O)[C@@H](CC3=CC=CC=C3)N(CC3=CC(N)=CC=C3)C2=O)=CC=C1
1996,[H][C@@]1(CO)CC[C@@]([H])(O1)N1C=NC2=C1N=C(Cl)N=C2N
1997,COC1=CC(=CC(OC)=C1OC)N(C)CC1=C(C)C2=C(N)N=C(N)N=C2N=C1
1998,OC1=CC(=CC(=C1O)[N+]([O-])=O)[N+]([O-])=O
1999,OC(O)CC1=CC(Br)=C(OC2=CC(C(O)NCCC3=CC=CC=C3)=C(O)C=C2)C(Br)=C1
2000,CC(C)C[C@@H](C)N
2001,NCC=N
2002,ON(CC(O)=O)C=O
2003,CC1=C(CCC(O)=O)C2=CC3=C(CCC(O)=O)C(C)=C4C=C5N6C(=CC7=C(C=C)C(C)=C8C=C1N2[Co]6(N34)N78)C(C)=C5C=C
2004,OC(=O)C1=CON=C1O
2005,CC(=N)N1CCC(CC1)OC1=CC=C2C(=C1)N(CC1=CC=C3C=CC(=CC3=C1)C(N)=N)C1=C2C=CC=C1
2006,CC1=C2NC=NC2=NC=N1
2007,CC(C)C1=CC=C(N)C=C1
2008,[H][C@]1(CO)O[C@@]([H])(OC2=CC=C3C(=O)C(=COC3=C2)C2=CC=C(O)C=C2)[C@]([H])(O)[C@@]([H])(O)[C@]1([H])O
2008,[H][C@]1(CO)O[C@@]([H])(OC2=CC=C3C(=O)C(=COC3=C2)C2=CC=C(O)C=C2)[C@]([H])(O)[C@@]([H])(O)[C@]1([H])O
2009,CN1C=NC2=C1N=C(NCCO)N=C2NCC1=CC=CC=C1
2010,[H][C@@]1(CN(CC2=CC=CC=C2)C(=O)CO1)C1=CC2=C(C=C1)N(C)S(=O)(=O)C2
2011,NC1=NC2=C(N=C(CO)CN2)C(=O)N1
2012,[H][C@]1(N)C=C(CO)[C@@]([H])(O)[C@]([H])(O)[C@@]1([H])O
2013,CCCC(N)=O
2014,OB(O)C1=CC=CC(NC(=O)CI)=C1
2015,C[C@H](CCC(=O)NCC(O)=O)[C@H]1CC[C@H]2[C@@H]3[C@H](O)C[C@@H]4C[C@H](O)CC[C@]4(C)[C@H]3CC[C@]12C
2016,[H][C@]1(O)C=CC=C(C(O)=O)[C@]1([H])N
2017,O=C1[C@H]2C[C@@H]3C[C@@H](C[C@H]1C3)C2
2018,OC(=O)\C=C\C1=CC=C(C=C1)C(O)=O
2019,CC(C)OP(C)(=O)OC(C)C
2020,[H]N([C@@H](CC1=CC=CC=C1)C(=O)N([H])[C@@H](CCC1=CC=CC=C1)C(=O)CO)C(=O)OCC1=CN=CC=C1
2021,OC(=O)[C@@H]1CC(=O)NC(=O)N1
2022,COC1=CC(=CC=C1O)C([O-])=O
2023,[H]N(C=O)[C@H](C)CCCCCC
2024,OC(=O)CN1C(=O)N(CC2=C(F)C=C(Br)C=C2)C(=O)C2=C1C=C(Cl)C=C2
2025,[Mg++].CCC1=C(C)C2=N\C\1=C/C1=C(C)C3=C([N-]1)\C([C@@H](C(=O)OC)C3=O)=C1/N=C(/C=C3\[N-]/C(=C\2)C(C=C)=C3C)[C@@H](C)[C@@H]1CCC(=O)OC\C=C(/C)CCC[C@H](C)CCC[C@H](C)CCCC(C)C
2026,O=C1NC2=C(NC=N2)C(=O)N1
2027,[H]N1C2=C(N(CCCCOP(O)(O)=O)C(=O)N2C[C@@H](O)[C@H](O)[C@H](O)CO)C(=O)N([H])C1=O
2028,[H][C@]1(NC(C(O)=O)=C(CC[C@H](NC(=O)CC[C@@H](NC(C)=O)C(O)=O)C(=O)N[C@H](C)C(=O)N[C@H](C)C(O)=O)CS1)[C@H](NC(=O)CC1=CC=CC=C1)C(O)=O
2029,O=[Mo++]=O.NC1=NC2=C(N[C@@H]3[C@H](N2)O[C@H](COP([O-])([O-])=O)C([S-])=C3[S-])C(=O)N1
2030,CCOP(=O)(CC1=CC=C(C)C=C1)OCC
2031,CN(CC=C)C\C=C\COC1=CC2=C(C=C1F)C(=NN2C)C1=CC=C(Br)C=C1
2032,[H][C@@](CC1=CC=CC=C1)(NC(=O)C(=O)CC(=O)NCCC1=NC=CC=C1)C(=O)N(C)C
2033,NC(=N)SCCC1=CC=C(CCSC(N)=N)C=C1
2034,CC1=NC=C(COP(O)(O)=O)C(CN)=C1O
2035,CC(C)\N=C(/N)NO
2036,[H]\C(CCCCCCCC)=C(\[H])CCCCCCCC(=O)O[C@]([H])(COC(=O)CCCCCCCCCCCCCCC)COP([O-])(=O)O[C@@]1([H])[C@]([H])(O)[C@@]([H])(O)[C@]([H])(O)[C@@]([H])(O)[C@@]1([H])O
2037,CCCCO
2038,CCNC1=NC(SC[C@H](NC(=O)CC[C@H](N)C(O)=O)C(=O)NCC(O)=O)=NC(NC(C)C)=N1
2039,[O-][V]1(=O)O[V]([O-])(=O)O[V]([O-])(=O)O[V]([O-])(=O)O1
2040,CC(=O)[C@@H](N)COCC1=CC=CC=C1
2041,CSCC[C@H](N)P(O)(O)=O
2042,[H][C@]12C[C@](O)(C(=O)OC)[C@](C)(O1)N1C3=C(C=CC=C3)C3=C4CNC(=O)C4=C4C5=CC=CC=C5N2C4=C13
2043,N[C@@H](C[S@@](O)=O)C(O)=O
2044,[H][C@@](CC1=CC=C2OCOC2=C1)(C(O)=O)[C@]([H])(CC1=CC=C2OCOC2=C1)C(O)=O
2045,[H]N([C@@H]1CN([H])CCC[C@H]1OC(=O)C1=CC=C(C=C1)C(=O)C1=C(O)C=CC(OC)=C1)C(=O)C1=CC([C@@H](C)CC)=C(O)C=C1
2046,OC(=O)C(=O)CS(O)(=O)=O
2047,CSC[C@H]1N[C@H]([C@H](O)[C@@H]1O)C1=CNC2=C1N=CNC2N
2048,C[C@@H](O)CO
2049,[H][C@](N)(CSC(=O)CCC)C(O)=O
2050,[H][C@](O)(C(=O)O[C@@]1([H])C[C@]2([H])CC[C@]([H])(C1)N2C)C1=CC=CC=C1
2051,[H][C@]1(COS(=O)(=O)NCC)O[C@@]([H])(N2C=NC3=C(N)N=CN=C23)[C@]([H])(O)[C@]1([H])O
2052,CC1=CC=C(C)C(N)=C1
2053,[H]N1C(=O)N=C2N(C[C@H](O)[C@H](O)[C@H](O)COP(O)(O)=O)C3=C(C=C(C)C(C)=C3)[N+](=C2C1=O)S([O-])(=O)=O
2054,[Zn].[H]O[H].[H]O[H].[H]O[H]
2055,CC[N+](C)(CC)CCC[N+]1=C(C2=CC=CC=C2)C2=C(C=CC(N)=C2)C2=C1C=C(N)C=C2
2056,[H][C@@](C)(N(C)C)C(O)=O
2057,BrC1=NC=NC2=C1NC=N2
2058,[H]\C(=C(\[H])[C@@]1([H])CC[C@@]2(CC[C@@]3([H])O[C@@]([H])(C(=C)[C@@]([H])(O)[C@]3([H])O2)[C@@]([H])(O)C[C@]([H])(C)[C@@]2([H])O[C@@]3(CCCCO3)CC[C@@]2([H])C)O1)[C@@]([H])(C)[C@]1([H])CC(C)=C[C@@]2(O[C@]([H])(C[C@@](C)(O)C(O)=O)CC[C@@]2([H])O)O1
2059,OC1=CC=C(C2=C1C(=O)C1=C(O)C=CC=C1O2)[N+]([O-])=O
2060,OC[C@@H]1N[C@@H](CO)[C@H](O)[C@H]1O
2061,[Co+7].[H]\C-1=C2\[N-]\C(=C([H])/C3=N/C(=C([H])\C4=C(CCC([O-])=O)C(C)=C(N4)\C([H])=C4\C=C(C)C-1=N4)/C(CCC(O)=O)=C3C)C(C)=C2
2062,N[C@H](CCC(N)=O)C(O)=O
2063,OC(=O)CC(O)=O
2064,CC(=O)O[Hg+]
2065,CCOC1=CC=CC=C1SC1=C(C=C(C=C1)C1=CC(=NC=C1)N1CCN(CC1)C(C)=O)N(=O)=O
2066,O=CCC1=CC=CC=C1
2067,OC(=O)C1=CC=CC=C1NC1=C(C=CC=C1)C(F)(F)F
2068,CCCCCCCCCCCCCC(=O)SCCNC(=O)CCNC(=O)[C@H](O)C(C)(C)COP(O)(=O)OP(O)(=O)OC[C@H]1O[C@H]([C@H](O)[C@@H]1OP(O)(O)=O)N1C=NC2=C1N=CN=C2N
2069,NC1=NC2=C(N=CN2[C@H]2C[C@H](O)[C@@H](COP(O)(=O)OP(O)(=O)OP(O)(O)=O)O2)C(=O)N1
2070,CCC1=C2C=C3N4C(=CC5=C(C)C(CCC(O)=O)=C6C=C7N8C(=CC(N2[Fe]48N56)=C1C)C(C)=C7CCC(O)=O)C(C=C)=C3C
2071,NC1=C2N=CN(C3OC(CO[W](O)(=O)O[W](O)(O)=O)C(O)C3O)C2=NC=N1
2072,O[C@H](CS)[C@H](O)CS
2073,[H][C@@]1(O)OC2=C(C=CC(OC)=C2)N(O)C1=O
2074,CC(=O)N[C@H]1[C@H](O)O[C@H](COS(O)(=O)=O)[C@H](O)[C@@H]1O
2075,[H][C@@]12CCC(=O)[C@@]1(C)CC[C@]1([H])C3=C(CC=C21)C=C(O)C=C3
2076,[Cu+].CCC1=C(C)\C2=C\C3=C(CC)C(C)=C(\C=C4/N=C(/C=C5\[N-]\C(=C/C1=N2)C(C)=C5CCC(O)=O)C(CCC(O)=O)=C4C)N3C
2077,NC1=C2N=CN([C@H]3CC[C@@H](COP(O)(=O)OP(O)(=O)OP(O)(O)=O)O3)C2=NC=N1
2078,[H][C@@](CC(O)=O)(C(O)=O)C(=O)C(O)=O
2079,[H][C@@]12CCCC[N@]1CC(=O)C1=C2NC2=C1C=CC=C2
2080,OCCC1=CC=CC=C1
2081,OC1=CC=C(C[C@@]2(O)N=C3N(C=C(N=C3CC3=CC=CC=C3)C3=CC=C(O)C=C3)C2=O)C=C1
2082,ON1C2=CC=CN=C2C(=C1C1=CC=NC=C1)C1=CC=C(F)C=C1
2083,CC(=O)N[C@@H]1[C@@H](O)[C@@H](O)[C@@H](CO)O[C@@H]1O[P@](O)(=O)O[P@](O)(=O)OC[C@H]1O[C@H]([C@H](O)[C@@H]1O)N1C=CC(=O)NC1=O
2084,NS(=O)(=O)C1=CC=C(NC2=NC(=CC=N2)C2=CN=C3C=CC=CN23)C=C1
2085,OC(=O)CBr
2086,CC1=C(CCC(O)=O)C2=CC3=C(CCC(O)=O)C(C)=C4C=C5N6C(=CC7=C(C=C)C(C=C)=C8C=C1N2[Fe]6(N34)N78)C(C=C)=C5C=C
2087,[H]N([C@@H](CCC1=CC=CC=C1)CCS(=O)(=O)CC1=CC=CC=C1)C(=O)[C@H](CC1=CC=CC=C1)N([H])C(=O)OCC1=CC=CC=C1
2088,[O-]C(=O)CC([O-])=O
2089,C[C@H](O)CCO
2090,CC(C)(O)C#N
2091,CC(C)(O)[C@@H]1CC2=C(O1)C=C1OC(=O)C(=CC1=C2)C(C)(C)C=C
2092,O=N(=O)C1=CC=CC2=CNN=C12
2093,CC1=NC=C(COP(O)(O)=O)C(CO)=C1O
2094,OCCCCCCO
2095,CN(CC#C)[C@@H]1CCC2=C1C=CC=C2
2096,[H][C@]1(CO)O[C@]([H])(OC2=CC=CC(=C2)N(=O)=O)[C@]([H])(O)[C@@]([H])(O)[C@@]1([H])O
2097,[H]N1C(=O)N([H])C2=C(N([H])C(=O)C(=O)N2C[C@H](O)[C@H](O)[C@H](O)CO)C1=O
2098,[H][C@@](CC(C)C)(NC(=O)C1=CC=CO1)C(O)=O
2099,CSC[C@H](N)C(O)=O
2100,[H][C@]1(C[C@]2([H])O[C@@](OC[C@]2([H])O1)(C1=CC=CC=C1)P(O)(O)=O)N1C=C(C)C(=O)NC1=O
2101,[H][C@]1(C)O[C@]([H])(O)[C@]([H])(O)[C@@]([H])(O)[C@]1([H])N[C@@]1([H])C=C(CO)[C@@]([H])(O)[C@]([H])(O)[C@@]1([H])O
2102,OS(=O)(=O)CCCNC1CCCCC1
2103,CN[C@H]1CN(C2=CC(OC)=CC=C2)S(=O)(=O)C2=C1C=C(S2)S(N)(=O)=O
2104,NS(=O)(=O)C1=CC=C(C=C1)C(=O)NCC1=C(F)C=C(F)C=C1F
2105,C[C@@H](CN1C=NC2=C1N=C(N)N=C2N)OCP([O-])([O-])=O
2106,NC1=NC(=O)C2=C(NC=C2CCC2=CC=C(C=C2)C(=O)N[C@@H](CCC(=O)N[C@@H](CCC(=O)N[C@@H](CCC(=O)NC(CCC(O)=O)C(O)=O)C(O)=O)C(O)=O)C(O)=O)N1
2107,O[C@@H]1[C@H](OC2=CC(O)=CC(O)=C2C1=O)C1=CC=C(O)C(O)=C1
2108,CCCCC(=O)OC[C@H](CO[P@@]([S-])(=S)OCC[N+](C)(C)C)OC(=O)CCCC
2109,NC1=CC2=C(C=C1)C1=CC=C(N)C=C1C(C1=CC=CC=C1)=[N+]2CCCCCCC1=CN(CCNC2=C3CCCCC3=NC3=C2C=CC=C3)N=N1
2110,O[C@H]1CO[C@@H](C[C@@H]1O)C(O)=O
2111,[H][C@@]1(O)O[C@]([H])(CO)[C@]([H])(O)[C@]([H])(O)[C@@]1([H])F
2112,CSCC[C@H](N)C(=O)NS(=O)(=O)OC[C@H]1O[C@H]([C@H](O)[C@@H]1O)N1C=NC2=C(N)NC=NC12
2113,NC1=NC2=C(NC=C2[C@@H]2N[C@H](CO)[C@@H](O)[C@H]2O)C(=O)N1
2114,OC1=CC=CC=C1O
2115,[H][C@@](N)(CCCCO)C(O)=O
2116,CCSC(N)=N
2117,C[S@@](=O)CC[C@H](N)C(O)=O
2118,NCC(=O)NC1O[C@H](COP(O)(O)=O)[C@@H](O)[C@H]1O
2119,OC[C@@H](O)[C@@H](O[C@H]1O[C@H](CO)[C@@H](O[C@H]2O[C@H](CO)[C@@H](O[C@H]3O[C@H](CO)[C@@H](O)[C@H](O)[C@H]3O)[C@H](O)[C@H]2O)[C@H](O)[C@H]1O)[C@H](O)[C@@H](O)C=O
2120,CSCCC(=O)C(O)=O
2121,CC(=O)CCC(O)=O
2122,COC1=CC2=C(NC(C)CCCN(CCCl)CCCl)C3=CC=C(Cl)C=C3N=C2C=C1
2123,OO[C@]1(CC2=CC=C(O)C=C2)N=C2N(C=C(N=C2CC2=CC=CC=C2)C2=CC=C(O)C=C2)C1=O
2124,OC(=O)CCC1CCCCC1
2125,[H][C@](CCC)(C=CS(=O)(=O)C1=CC=CC=C1)N=C(O)[C@]([H])(CC1=CC=CC=C1)N=C(O)N1CCC(CC1)N1CCOCC1
2126,NC1=NC2=C(CC=N2)C(=O)N1
2127,[H][C@@](NC(=O)CC1=CC=CS1)(C(O)=O)[C@@]1([H])NC(C(O)=O)=C(C)CS1
2128,[H][C@@]1(C)C[C@@]([H])(N[C@@]1([H])C(O)=O)S(O)(=O)=O
2129,CCOCCO
2130,OC(=O)CCC(=O)C1=C(C=CC=C1)C(O)=O
2131,IC1=CC=CC=C1
2132,OC\C(C)=C\C=C\C(\C)=C/C=C/C=C(/C)\C=C\C=C(/C)\C=C\C1=C(C)C[C@@H](O)CC1(C)C
2133,CC1=C(CCOP([O-])([O-])=O)SC=[N+]1CC1=CN=C(N=C1N)C(F)(F)F
2134,CNC(=O)[C@H](CC1=CNC2=CC=CC=C12)NC(=O)[C@H](CC(C)C)CC(=O)NO
2135,OC[C@H]1O[C@H](C[C@@H]1O)N1C=CC(=O)NC1=O
2136,CC(=O)N(Br)CCOP(O)(O)=O
2137,CC1(C)CCC(C)(C)C2=CC(=CC=C12)C(=N/O)\C1=CC=C2C=C(C=CC2=C1)C(O)=O
2138,CCC1=C(C(=O)C2=CC(Br)=C(O)C(Br)=C2)C2=C(O1)C=C(C=C2)S(=O)(=O)NC1=CC=C(C=C1)S(N)(=O)=O
2139,OC(=O)CCCCCC(=O)CCC(O)=O
2140,CCCCCCCCCCCCCCCCOC[C@H](CO[P@@]([O-])(=O)OCC[N+](C)(C)C)OC(C)=O
2141,OC(=O)C1=CC(=O)NC(=O)N1
2142,[H]C(=O)[C@H](O)COP(O)(O)=O
2143,[H][C@@]1(O)O[C@@]([H])(C(O)=O)[C@@]([H])(O)[C@]([H])(O)[C@@]1([H])OS(O)(=O)=O
2144,CC[Si](C)(C)C
2145,OC(=O)C1=CC=CC=C1NC1=CC(=CC=C1)C(F)(F)F
2146,N[C@@H](CCC\N=C(/N)N[C@H](CC(O)=O)C(O)=O)C(O)=O
2147,CC(=O)NC1=C(N)C=C(C=C1)C(O)=O
2148,C[N+](C)(C)C1=CC=C(CNC(=O)C2=CC3=C(C=CC(OCC4=CC=CC=C4)=C3)N2CC2=CC=CC(=C2)C(N)=N)C=C1
2149,CC(C)CCS[P@](O)(=O)OP(O)(O)=O
2150,[H]N([H])C1=C2N=CN([C@@H]3O[C@H](COP(O)(=O)OP(O)(=O)OCC(C)(C)[C@H](O)C(=O)N([H])CCC(=O)N([H])CCSCC(=O)CCCCCCCCCCCCC)[C@@H](OP(O)(O)=O)[C@H]3O)C2=NC=N1
2151,NCC1=C(CC(O)=O)C(CCC(O)=O)=CN1
2152,C[C@@H](CCCC(C)(C)O)C=C
2153,[H][C@@](C)(N)C(=O)CCCCCC(O)=O
2154,[H][C@@]1(CC2C=CC(=O)C=C2)N=C(CN)N(CC=O)C1=O
2155,[H][C@@](CC(C)C)(NC(=O)[C@]([H])(CCCC)OP(O)(O)=O)C(=O)NC1=CC=C(C=C1)[N+]([O-])=O
2156,CN1N=C(C=C1NC(=O)NC1=CC=C(Cl)C=C1)C(C)(C)C
2157,[H]N([H])C1=NC(=O)C2=C(N1[H])N([H])C(C)(C)C(=O)N2[H]
2158,OC(=O)C(=O)C1=CC=CC=C1
2159,O[C@@H](C(O)=O)C1=CC=CC=C1
2160,[H][C@]1(CO)O[C@@]([H])(C2=C3N=CN=C(N)C3=NN2)[C@]([H])(O)[C@]1([H])O
2161,CSC[C@H]1O[C@H]([C@H](O)[C@@H]1O)N1C=NC2=C1N=CN=C2N
2162,OS(=O)(=O)CCNC1=CC=CC=C1
2163,CC1=C(CCC(O)=O)/C2=C/C3=N/C(=C\C4=C(C)C(C=C)=C(N4)/C=C4\N=C(\C=C\1/N\2)C(C=C)=C4C)/C(C)=C3CCC(O)=O
2164,[H][C@](N)(CC1=CNC2=CC=CC(N)=C12)C(O)=O
2165,NC(=[NH2+])C1=CC2=C(C=C1)N=C(N2)C1=CC=CC=C1O
2166,CC1=CC(Br)=C([O-])C(=C1)C1=NC2=CC(=CC=C2N1)C(N)=[NH2+]
2167,NC(C(O)=O)C(O)=O
2168,[H]N1C2=C(N(CCCOP(O)(O)=O)C(=O)N2C[C@H](O)[C@H](O)[C@H](O)CO)C(=O)N([H])C1=O
2169,NS(=O)(=O)OC1=CC=C2C3=C(CCCCC3)C(=O)OC2=C1
2170,[H]C(C)(CCCC(C)C)CCC[C@@]([H])(C)CCC[C@@]([H])(C)CCOC[C@@]([H])(COP(O)(=O)OC[C@]([H])(O)COP([O-])([O-])=O)OCC[C@]([H])(C)CCC[C@]([H])(C)CCCC([H])(C)CCCC(C)C
2171,[H][C@]1(O)C2=NN=NN2[C@]([H])(CO)[C@]([H])(O)[C@]1([H])O
2172,CC(C)C1=C(N=C(NC(=O)C2=CC(NC(=O)C3=CC(NC=O)=CN3C)=CN2C)S1)C(=O)NCCCN(C)C
2173,CC(C)CCO
2174,NC1=CN=CC(Cl)=N1
2175,[H][C@@]1(C)C[C@@]([H])(NO)N[C@@]1([H])C(O)=O
2176,N[C@@H](CCCNC(N)=[NH2+])C(N)=O
2177,O[C@H](\C=C\[C@@H](C)[C@@]1([H])CC[C@@]2([H])\C(CCC[C@]12C)=C\C=C1\C[C@@H](O)C[C@H](O)C1=C)C1CC1
2178,NC1=NC(=O)C2=C(N1)N=C[C@@H]1CN(CN21)C1=CC=C(C=C1)C(=O)N[C@H](CCC(O)=O)C(O)=O
2179,CN\C(NCCC[C@H](N)C(O)=O)=N\C
2180,[H]N1C[C@H](I)C(=O)N([H])C1=O
2181,CCCCC[C@H](O)\C=C\C1=C(C\C=C/CCCC(O)=O)C(=O)CC1
2182,[H][C@@]1(O)OC(=C[C@]([H])(O)[C@@]1([H])O)C(O)=O
2183,CCCCCCCCCCCCCCCC(=O)OC[C@]([H])(COP([O-])(=O)OCC[N+](C)(C)C)OC(=O)CCCCCCC\C=C/C\C=C/CCCCC
2184,[H]N([H])C(=O)[C@H](CC(O)=O)N([H])C(=O)[C@H](CC1=CC=CC=C1)N([H])[C@@H](CCC1=CC=CC=C1)C(O)=O
2185,[NH3+]CCCCOB1OCCO1
2186,O[C@H]1[C@@H](O)[C@@H](O[C@@H]1COP(O)(O)=O)[N+]1=CNC2=C1NC(=O)NC2=O
2187,CC1=CN=C2C(=C1)C(C)=C(C)C1=C2[N+](C)=CC(C)=C1
2188,CSC[S@](C)=O
2189,O[C@@H]1O[C@H](COP(O)(O)=O)[C@H](O)[C@H](O)[C@H]1O
2190,[H]N([C@H](CCC(=O)OCC)C[C@@H]1CCN([H])C1=O)C(=O)[C@H](CC(=O)[C@@H](N([H])C(=O)C1=NOC(C)=C1)C(C)C)CC1=CC=C(F)C=C1
2191,C[C@H](NC(=O)[C@@H](C)O[C@H]1[C@H](O)[C@@H](CO)O[C@H](OP(O)(=O)OP(O)(=O)OC[C@H]2O[C@H]([C@H](O)[C@@H]2O)N2C=CC(=O)NC2=O)[C@@H]1NC(C)=O)C(=O)N[C@H](CCC(O)=O)C(O)=O
2192,NC1=NC2=C(N=CN2[C@@H]2O[C@@H]3COP(O)(=O)O[C@H]3[C@H]2O)C(=O)N1
2193,OC(=O)CCCCCN1C(=CC2=C1C=CC(OCC1=C(Cl)C=CC=C1Cl)=C2)C(O)=O
2194,OC[C@H]1O[C@H](OP(O)(O)=O)[C@H](O)[C@@H](O)[C@H]1O
2195,[H][C@]1(O)[C@]([H])(O)[C@@]([H])(CO)OC([H])(F)[C@@]1([H])F
2196,[H]N([H])C(=O)C1=CN([C@@H]2O[C@H](COP(O)(=O)OP(O)(=O)OC[C@H]3O[C@H]([C@H](OP(O)(O)=O)[C@@H]3O)N3C=NC4=C(N=CN=C34)N([H])[H])[C@@H](O)[C@H]2O)[C@@H](O)[C@@H](O)C1
2197,[H]N([C@@H]1O[C@H](CO)[C@@H](O)[C@H](O)[C@H]1O)C(C)=O
2198,N[C@@H](CCSC[C@H]1O[C@@H](O)[C@H](O)[C@@H]1O)C(O)=O
2199,[H][C@]1(O)O[C@]([H])(COS([O-])(=O)=O)[C@@]([H])(O[C@]2([H])OC(=C[C@]([H])(O)[C@@]2([H])OS([O-])(=O)=O)C([O-])=O)[C@]([H])(O)[C@@]1([H])NS([O-])(=O)=O
2200,[H][C@]1(CCCCCCCCC(=O)OC[C@@]2([H])O[C@@]([H])(N3C=NC4=C(N)N=CN=C34)[C@]([H])(O)[C@]2([H])O)C[C@@]2([H])[C@]3([H])CCC4=CC(O)=CC=C4[C@@]3([H])CC[C@]2(C)[C@@]1([H])O
2201,[H][C@]1(O)C[C@@]([H])(O[C@]1([H])COP(O)(O)=O)N1C=C(I)C(=O)NC1=O
2202,CC(C)O
2203,CC(C)C[C@@H](C(O)=O)C(=O)NO
2204,OCCOCCOCCO
2205,[H]\C(CP(O)(O)=O)=C(\[H])/C(=N\CC1=C(COP(O)(O)=O)C=NC(C)=C1O)/C(O)=O
2206,[H][C@@]1(CC[C@@]2(C)[C@@]([H])(CC[C@]3(C)[C@]2([H])C(=O)C=C2[C@]4([H])C[C@](C)(CC[C@]4(C)CC[C@@]32C)C(O)=O)C1(C)C)OC(=O)CCC(O)=O
2207,[H][C@@](CC1=CC=CC=C1)(N(CC1=CC=C(S1)C1=CC2=CC=CC=C2O1)C(=O)C1=C(Cl)C=C(Cl)C=C1)C(O)=O
2208,CC1=CC2=C(C=C1C)N(C[C@H](O)[C@H](O)[C@H](O)COP(O)(=O)OP(O)(=O)OC[C@H]1O[C@H]([C@H](O)[C@@H]1O)N1C=NC3=C([NH3+])N=CN=C13)C1=NC(=O)NC(=O)C1=N2
2209,O[C@H]1C[C@@H](O[C@@H]1COP(O)(=O)OP(O)(=O)OP(O)(O)=O)N1C=CC(=O)NC1=O
2210,O[C@@H](CS(O)(=O)=O)C(O)=O
2211,NC1=NCCS1
2212,CC(=O)N[C@@H](CC1=CC(=C(C=C1)P(O)(O)=O)P(O)(O)=O)C(=O)N[C@H]1CCCCN(CC2=CC=C(C=C2)C2=CC=CC=C2)C1=O
2213,N[C@@H](CCSCCCCC(O)=O)C(O)=O
2214,NC(=O)C1=CN(C=CC1)[C@@H]1O[C@H](COP(O)(=O)OP(O)(=O)OC[C@H]2O[C@H]([C@H](OP(O)(O)=O)[C@@H]2O)N2C=NC3=C2N=CN=C3N)[C@@H](O)[C@H]1O
2215,CN(CCCCCCOC1=CC=C2C(OC=C2C2=CC=C(Br)C=C2)=C1)CC=C
2216,CC(=O)N[C@@H](CO)C(O)=O
2217,CC(C)[C@@H](NC(=O)C1=CC=C(C=C1)C(=O)N1CCOCC1)C(=O)N1CCC[C@@H]1C(=O)N[C@H](C(C)C)C(=O)C(F)(F)C(F)(F)F
2218,[H][C@@]12CC[C@H](O)[C@@]1(C)CC[C@]1([H])C3=C(CC[C@@]21[H])C=C(O)C(OC)=C3
2219,CCOCCOCCOCCOCCOCC
2220,N[C@@H](C[SeH])C(O)=O
2221,[H][C@]1(CO)O[C@@](CO)(O[C@@]2([H])O[C@]([H])(CO)[C@@]([H])(O)[C@]([H])(OC(=O)CCCCCCC)[C@@]2([H])O)[C@@]([H])(O)[C@]1([H])O
2222,CC(C)(C)C1=C(C[C@H](N)C(O)=O)C(OCP(O)(O)=O)=NO1
2223,[O-]P([O-])(F)=O
2224,[H]N([H])[C@@H](CC(=O)[C@@H](O)C1=C(C=[N+](C=C1)[C@@H]1O[C@H](COP(O)(=O)OP(O)(=O)OC[C@H]2O[C@H]([C@H](O)[C@@H]2O)N2C=NC3=C(N=CN=C23)N([H])[H])[C@@H](O)[C@H]1O)C(=O)N([H])[H])C(O)=O
2225,[H][C@@]1(N(CCCSC1(C)C)S(=O)(=O)C1=CC=C(OC)C=C1)C(=O)NO
2226,NC1=NC=CC=C1OCC1=CC=CC=C1
2227,[H][C@]1(O)O[C@]([H])(CO)[C@@]([H])(O[C@]2([H])OC(=C[C@]([H])(O)[C@@]2([H])OS([O-])(=O)=O)C([O-])=O)[C@]([H])(O)[C@@]1([H])NS([O-])(=O)=O
2228,CN1C(CNC2=CC=C(C=C2)C(N)=N)=NC2=C1C=CC(CN1C(C)=NC3=C1C=CC=C3)=C2
2229,[H][C@]1(CO[P@@](O)(=S)OP(O)(=O)OP(O)(O)=O)O[C@@]([H])(N2C=NC3=C(N)N=CN=C23)[C@]([H])(O)[C@]1([H])O
2230,[H][C@](N)(CO)[C@@]1([H])N=C(CC2=CN=CN2)C(=O)N1CC(O)=O
2231,[H][C@]1(O)[C@]([H])(O)[C@@]([H])(CO)O[C@]([H])(O[C@@]2([H])[C@]([H])(O)[C@@]([H])(CO)O[C@]([H])(OC)[C@@]2([H])O)[C@@]1([H])O
2232,[H]N([H])C1=NC(=O)C(N([H])[H])=C(N([H])C(=O)N([H])C2=CC=C(C=C2)C(=O)N([H])[C@@H](CCC(O)=O)C(O)=O)N1[H]
2233,CCCCN1C(CC2=CC(OC)=CC=C2OC)=NC2=C(N)N=CN=C12
2234,[H][C@](C(=O)C1=CC2=CC=CC=C2C=C1)(C1=CC=CC2=CC=CC=C12)P(O)(O)=O
2235,[H][C@](N)(CSSC)C(O)=O
2236,NC1=CC=C(C=C1)C(O)=O
2237,[H][C@]1(COP(O)(=O)OP(O)(O)=O)O[C@@]([H])(N2C=NC3=C(N)N=CN=C23)[C@]([H])(OP(O)(O)=O)[C@]1([H])O
2238,[H][C@](N)(COP(=O)(OCC)OCC)C(O)=O
2239,C1=CC2=CC=C3C=CC=NC3=C2N=C1
2240,NC(=N)C1=CC2=C(NC(=N2)C2=CC=CC(C3=CC=CC=C3)=C2O)C=C1Cl
2241,CCCCOC1=CC=C(C=C1)S(=O)(=O)N1C[C@H](C[C@@H]1C(=O)NO)NS(C)(=O)=O
2242,CC(=O)N[C@@H](CCCNC(N)=O)C(O)=O
2243,CN(CCO[P@]([O-])(=O)OP([O-])([O-])=O)CCC=C(C)C
2244,C[C@@H](NCCCC[C@H](N)C(O)=O)C(O)=O
2245,OCC(CO)(CO)NCCS(O)(=O)=O
2246,CC1=CN=C(C)N=C1N
2247,[H]N([H])C1=NC=NC2=C1N=CN2[C@]1([H])O[C@@]([H])(CO[W](O)(O)=O)[C@]([H])(O)[C@@]1([H])O
2248,[H][C@@]1(O)CN2C=CN=C2[C@]([H])(O)[C@@]1([H])O
2249,OC1=CC(O)=C2C(OC(=C(O)C2=O)C2=CC(O)=C(O)C(O)=C2)=C1
2250,[H][C@]1(O)C(NO)=N[C@]([H])(CO)[C@@]([H])(O)[C@]1([H])O
2251,NC1=NC(=O)C2=C(N1)N=CN2
2252,CC(C)C[C@H](NC(=O)[C@@H]1CC(=O)NCCCCCCOC(=O)N[C@@H](C(C)C)C(=O)N1)[C@@H](O)C[C@@H](C)C(=O)N[C@@H](C(C)C)C(=O)NCC1=CC=CC=C1
2253,OC[C@H]1O[C@@H](O)[C@H](O)[C@@H](O)[C@@H]1O
2254,OC[C@H]1O[C@H](C[C@@H]1O)N1C=NC2=C1N=CNC2=O
2255,N[C@@H](CCNC(=N)NO)C(O)=O
2256,[H][C@]1(COP(O)([O-])=O)O[C@@]([H])([N+]2=CC=CC(=C2)C(O)=O)[C@]([H])(O)[C@]1([H])O
2257,COC1=C(C2=CC=CC(C(=S)N(C)CC(O)=O)=C2C=C1)C(F)(F)F
2258,[H]\C(=C(/F)C(O)=O)C1=CC=C([O-])C=C1
2259,NC1=NC2=NC=C(N=C2C(=O)N1)[C@@H](O)[C@H](O)CO
2260,CC(C)C[C@H](N)P(O)(O)=O
2261,CCCN1C(=NC(=C1C1=CC=NC(NC2CCCCC2)=N1)C1=CC=C(Cl)C(Cl)=C1)C1CCNCC1
2262,C[NH+](C)CCNC(=O)C1=CC=CC2=C(N)C3=C([NH+]=C12)C(Br)=CC=C3
2263,NC1=NC2=C(N(CCNC(CO)CO)C=N2)C(=O)N1
2264,[H][C@]1(O)[C@]([H])(O)[C@]([H])(CP(O)(O)=O)O[C@]1([H])COP(O)(O)=O
2265,[H][C@@]12C[C@]([H])(O)[C@@]([H])(O)[C@]([H])(O)[C@]1(CO)O2
2266,CN1C(CCCO)=C(CO)C2=C1C(=O)C=C(N1CC1)C2=O
2267,CCNC
2268,CC(=O)N[C@@H]1[C@@H](O)[C@@H](O)[C@@H](CO)O[C@@H]1OC[C@H](N)C(O)=O
2269,NCC1=CC=C(NC(=O)C2=CC=C3C=C(C=CC3=C2)C(N)=N)C=C1
2270,C[C@H](O)[C@H](O)[C@@H](O)[C@@H](O)CO
2271,COC1=CC(=O)C2=C(C(COC3=CC=C(C=C3)[N+]([O-])=O)=C(C)N2C)C1=O
2272,OC(=O)C1=NON=C1O
2273,COC1=CC=C(OC2=CC=CC3=NC(N)=NC(N)=C23)C=C1
2274,NC1=CC=CC=C1F
2275,OCCOCCOCCOCCOCCOCCOCCS
2276,OC(=O)CCCCCCCCCCCBr
2277,CCCCC(O)=O
2278,NC1=NC(OCC2CCCCC2)=C2N=CNC2=N1
2279,[H][C@](N)(CCCC)C(O)(O)CNC1CC1
2280,[H][C@@]12CC[C@@](C)(NC1)C2(C)C
2281,CC(=O)C1=[N+](CC2=CN=C(C)N=C2N)C(C)=C(CCOP(O)(=O)OP(O)(O)=O)S1
2282,CC(C)CCN(C[C@@H](O)[C@@H]1CC2=CC=C(OCCCC(=O)N[C@@H](CC(N)=O)C(=O)N1)C=C2)S(=O)(=O)C1=CC=CC=C1
2283,C1CCOCC1
2284,N[C@@H](CSCCO)C(O)=O
2285,[H][C@@]12CCCN1C(=O)[C@H](CC1=CN=CN1)NC2=O
2286,CCCCCCCC[S@@](=O)CCO
2287,[H][C@]1(I)NN(C2=NC=NC(N)=C12)[C@]1([H])O[C@]([H])(CO)[C@@]([H])(O)[C@@]1([H])O
2288,OC1=C(Br)C=C(Br)C=C1Br
2289,C[C@@H](O)[C@H](C)O
2290,CCOC(=O)C(=O)N1CCCCC1
2291,NCC1=CC=C(NC(=O)C(O)=O)C=C1
2292,[H]N1C(=O)C=CN([C@@H]2O[C@H](COP(O)(=O)OP(O)(=O)O[C@H]3O[C@H](CO)[C@@H](O)[C@H](O)[C@@H]3O)[C@@H](O)[C@H]2O)C1=O
2293,[H][C@]1(CO)O[C@]([H])(OC)[C@@]([H])(S[C@@]2([H])O[C@]([H])(CO)[C@@]([H])(O)[C@]([H])(O)[C@]2([H])O)[C@@]([H])(O)[C@]1([H])O
2294,OP(O)(=O)OP(O)([O-])=S
2295,CO[C@H]1C[C@H](C)CC2=C(OC)C(=O)C=C(NC(=O)\C(C)=C\C=C/[C@H](OC)[C@@H](OC(N)=O)\C(C)=C\[C@H](C)[C@H]1O)C2=O
2296,CCCCCCCCCCCCCCCOC(=O)CCCCCCC
2297,CC(C)CC(=O)O[C@H]1[C@@H](O[C@@H]2C[C@]3(C)[C@H]4CC[C@@H]5C[C@@]4(CC[C@H]3C(C2)(C(O)=O)C(O)=O)[C@@H](O)C5=C)O[C@@H](COO)[C@H](OS(O)(=O)=O)[C@@H]1OS(O)(=O)=O
2298,COC1=CC(CN(C)C2=CC=C3N=C(N)N=C(N)C3=C2)=C(OC)C=C1
2299,OC(=O)C1=NC2=C(C=CC=C2)C=C1
2300,NS(=O)(=O)C1=CC=C(C=C1)C(=O)NCC1=CC=C(F)C=C1
2301,OC[C@H]1O[C@H](O[C@H]2O[C@H](COP(O)(O)=O)[C@@H](O)[C@H](O)[C@H]2O)[C@H](O)[C@@H](O)[C@@H]1O
2302,NC1=NC(=O)N(C=C1)[C@@H]1O[C@H](COP(O)(=O)OP(O)(=O)OP(O)(O)=O)[C@@H](O)[C@H]1O
2303,COC(=O)C1=C(C=CC(C[C@H](NC(C)=O)C(=O)N[C@H]2CCCCN(CC3=CC=C(C=C3)C3=CC=CC=C3)C2=O)=C1)C(F)(C(O)=O)C(O)=O
2304,[H][C@@](O)(COP(O)(O)=O)[C@@]([H])(O)[C@]([H])(O)[C@]([H])(O)CN(CC(O)O)CP(O)(O)=O
2305,OC(=O)CCCC1=CC=CS1
2306,[NH3+]CC1CCCCC1
2306,[NH3+]CC1CCCCC1
2307,CCCCCNC(=O)[C@H](CC1=CC=C(OC(C(O)=O)C(O)=O)C=C1)NC(=O)N[C@@H](CC1=CC=CC=C1)C(O)=O
2308,N[C@H](CO)CCCCNC(O)=O
2309,[H][C@@](O)(CO)[C@@]([H])(O)[C@]([H])(OC)C(=O)CO
2310,CCCCC1=NC2=C(N1)C(=O)NNC2=O
2311,[H][C@](N)(C[SeH](=O)=O)C(O)=O
2312,[H][C@](N)(COC(=O)[C@@]([H])(N=C([O-])C1=C(OC)C=CC=C1OC)[C@]1([H])N[C@@]([H])(C(O)=O)C(C)(C)S1)C([O-])=O
2313,[H][C@](N)(CO)[C@@]([H])(O)[C@]([H])(O)[C@]([H])(O)COP(O)(O)=O
2314,N[C@@H](CCC(=O)NO)C(O)=O
2315,[H]N1C(=O)N(O)C(=O)[C@]11O[C@H](CO)[C@@H](O)[C@H](O)[C@H]1O
2316,CCCCCCCCCCCCC(O)=O
2317,[H][C@@](CC1=CNC2=CC=CC=C12)(NS(=O)(=O)C1=CC=C(C=C1)N1CCC(CC1)C1=CC=CC=C1)C(O)=O
2318,[H][C@@](CC1=CC=CC=C1)(C(O)=O)[C@]([H])(CC1=CC2=C(OCO2)C=C1)C(O)=O
2319,CCCCCCCCCO[C@@H]1O[C@H](CO)[C@@H](O)[C@H](O)[C@H]1O
2320,CC1=CN([C@H]2C[C@H](O)[C@@H](COP(O)(=O)OP(O)(=O)OP(O)(O)=O)O2)C(=O)NC1=O
2321,[H]O[Sb](O[H])O[H]
2322,[H][C@@]1(CO[C@@]([H])(N2C=NC3=C(N)N=CN=C23)[C@]1([H])O)OP(O)(O)=O
2323,[H]N(CC)C(=S)N([H])C1=CC=C(C(=C1)C(O)=O)C1=C2C=CC(=O)C=C2OC2=C1C=CC(O)=C2
2324,NC1=NC(=O)N(C=C1)[C@@H]1O[C@H](COP(O)(O)=O)[C@@H](O)[C@@H]1O
2325,[H][P@@](=O)(CCCCCCCCCCC)OCCCC
2326,[H][C@](N)(CCC(=O)N[C@@]([H])(CSC1=C(C=C(C=C1)N(=O)=O)N(=O)=O)C(=O)NCC(O)=O)C(O)=O
2327,NC(=N)NC1=CC=C(C=C1)C(O)=O
2328,[H][C@]12N=C(\C(C)=C3/N=C(/C=C4\N=C(\C(\C)=C5/N[C@]1(C)[C@@](C)(CC(O)=O)[C@@H]5CCC(O)=O)[C@@](C)(CC(O)=O)[C@@H]4CCC(O)=O)C(C)(C)[C@@H]3CCC(O)=O)[C@](C)(CCC(O)=O)[C@H]2CC(O)=O
2329,N[C@@H](CSCP(O)(O)=O)C(O)=O
2330,CN(C)CCCOC1=CC(=O)SC2=CC=CC=C12
2331,NC(=[NH2+])C1=CC2=C(NC(=C2)C2=CC=CC=C2O)C=C1
2332,NCC1=CC=CC=C1
2333,[H]\C(CCCCC)=C(/[H])C\C([H])=C(\[H])C\C([H])=C(\[H])C\C([H])=C(\[H])CCCC[P@](F)(=O)OC
2334,CC1(C)CCC(C)(C)C2=CC(=CC=C12)C(=O)\C=C\C1=CC=C(C=C1)C(O)=O
2335,[H]C([H])([H])[S@](=O)C([H])([H])C([H])([H])[C@@]([H])(C([O-])=O)[N+]([H])([H])[H]
2336,CC1C(C=C)C2=CC3=C(C)C(CCC(O)=O)=C4C=C5N6C(=CC7=C(C)C(C=C)=C8N7[Fe++]6(N34)N2C1=C8C1=CC=CC=C1)C(C)=C5CCC(O)=O
2337,[H][C@]1(C)O[C@@]([H])(O)[C@]([H])(O)[C@@]([H])(O)[C@]1([H])N
2338,[H][C@@](O)(COP(O)(O)=O)[C@@]1([H])O[C@]([H])(O)[C@@]([H])(O)[C@@]([H])(O)[C@]1([H])O
2339,[H][C@]1(O)C2=NN=NN2[C@]([H])(CO)[C@@]([H])(O)[C@]1([H])O
2340,[H]N1CN([C@@H]2O[C@H](CO)[C@@H](O)[C@H]2O)C2=C1C(=O)N=CN2[H]
2341,CC(C)C1=NCCC2=C1C=C(NC(=O)C1=CC=C3C=C(C=CC3=C1)C(N)=N)C=C2
2342,[H]N(CCCCCC(=O)N([H])[C@@H]1O[C@H](CO)[C@H](O)[C@H](O)[C@H]1O)C(=O)OC
2343,NC(=N)NCCC[C@H](N1CCC1=O)C(O)=O
2344,CC1=NC=CN1CCCCC1=CC=C(CC(=O)N[C@@H](CO)C(=O)N[C@@H](CCCCN)C(=O)NCCC2CCCCC2)C=C1
2345,[H]N([H])S(=O)(=O)C1=CC=C(C=C1)C(=O)N([H])C[C@@H](C)CN1C=CC2=CC=CC=C12
2346,C[C@@](O)(CBr)CCOP(O)(=O)OP(O)(O)=O
2347,O=CNCC1=CC=CC=C1
2348,C[C@H](OP(O)(O)=O)[C@@H](N)C(O)=O
2349,[H]N([H])C(=O)C1=C[N+](=CC=C1)[C@@H]1O[C@H](COP([O-])(=O)OP(O)(=O)OC[C@H]2O[C@H]([C@H](O)[C@@H]2O)N2C=NC3=C2N=CN2C=CN=C32)[C@@H](O)[C@H]1O
2350,[H]N([H])C1=NC(=O)N(C=C1)[C@@H]1O[C@H](COP(O)(=O)OP(O)(=O)OC[C@@H](O)CO)[C@@H](O)[C@H]1O
2351,[H][C@]1(O[C@](C[C@H](O)[C@H]1NC(C)=O)(OP(O)(=O)OC[C@H]1O[C@H]([C@H](O)[C@@H]1O)N1C=CC(N)=NC1=O)C(O)=O)[C@H](O)[C@H](O)CO
2352,OCCSSCCO
2353,[H][C@](C)(O)[C@]([H])(N)[C@@]1(O)N=C(CC(C)C)C(=O)N1CC=O
2354,CN1C=NC2=C1N=C(N)NC2=O
2355,CN(CC(O)=O)C(N)N
2356,CC(C)(N)C1=CC=C(C=C1)C1=NC(NC2=CC=C(CCN3CCOCC3)C=C2)=NC=C1Cl
2357,[H][C@@](O)(CN1C[C@@]([H])(O)[C@]([H])(O)[C@@]1([H])CO)C([H])(CO)OS([O-])([O-])[O-]
2358,[H]N1C(=O)N([H])[C@@]2(O[C@H](COP(O)(O)=O)[C@@H](O)[C@H]2O)C1=O
2359,O[C@@H](CC1=CC=CC=C1)C(O)=O
2360,OCCCCN1C=NC2=C1N=C(NC1=CC=CC=C1)NC2=O
2361,CC(=O)[C@@H](O)[C@H](O)COP(O)(O)=O
2362,[H][C@@](O)(CO)COP(O)(=O)OC[C@]([H])(N)C(O)=O
2363,[H]N([H])C(=O)C1=C[N+](=CC=C1)[C@@H]1C[C@H](COP(O)(=O)OP(O)(=O)OC[C@H]2O[C@H]([C@H](O)[C@@H]2O)N2C=NC3=C(N=CN=C23)N([H])[H])[C@@H](O)[C@H]1O
2364,N[C@@H](C\N=C(/N)NO)C(O)=O
2365,CC1=C(CC(CO)CO)NC(=O)NC1=O
2366,NC(=N)NCCC[C@H](NC(=O)CCC(O)=O)C(O)=O
2367,NC1=NC2=C(N=C(O)N2[C@H]2C[C@H](O)[C@@H](CO)O2)C(=O)N1
2368,OB(O)C1=CC=C(\C=C\C(O)=O)C=C1
2369,CC1=C(CC(N)=O)C2=C(C=CC(OCCCP(O)(O)=O)=C2)N1CC1=CC=CC=C1
2370,CCCCCC1=CC=C(C=C1)C(=O)N(CC1=CC=C(C=C1)C1=CC=C(CC(=O)OC)C=C1)C1CCN(CC2=NC=CN2)CC1
2371,[H][C@@](C)(CC[C@]([H])(N)[C@]([H])(C)C(O)=O)C[C@]([H])(C)[C@]([H])(CC1=CC=CC=C1)OC
2372,CC(C)CCO[P@](O)(=O)OP(O)(O)=O
2373,CC(C)=CCC\C(C)=C/CC\C(C)=C/CO
2374,[H]N([H])C1=C2N=CN([C@@H]3O[C@H](COS(=O)(=O)N([H])C(=O)[C@@H]4CCCN4[H])[C@@H](O)[C@H]3O)C2=NC=N1
2375,[H][C@](N)(CC1=C(O)C=C(O)C(N\C(COC2=CC=C3C=CC=CC3=C2)=C\C=O)=C1)C(O)=O
2376,O[C@H](COP(O)(O)=O)[C@H](O)[C@H](O)C(=O)COP(O)(O)=O
2377,CC(C)C1=CC=C(C)C=C1O
2378,[O-]C(=O)C(=C/OP(=O)=O)\C1=CC=CC=C1
2379,OC[C@@H](O)COP(O)(O)=O
2380,CC(C)(COP([O-])(=O)OP(O)(=O)OC[C@H]1O[C@H]([C@H](O)[C@@H]1OP(O)(O)=O)N1C=NC2=C1N=CN=C2N)[C@@H](O)C(=O)NCCC(=O)NCCSC(=O)C[C@@H](O)C[N+](C)(C)C
2381,N[C@H](CCC(O)=O)C(O)=O
2382,C[C@H](NC(C)=O)C(O)=O
2383,[H]N1C(=O)\C(C2=C1C=CC(=C2)S(O)(=O)=O)=C1/N([H])C2=CC=CC=C2C1=O
2384,CCN(CC)C(S)=S
2385,OC1=CC2=C(C(O)=C1)C(=O)C=C(O)C2=O
2386,OC(=O)C(=O)CP(O)(O)=O
2387,[H][C@@]1(C[S+](C)CCON)O[C@@]([H])(N2C=NC3=C(N)N=CN=C23)[C@]([H])(O)[C@]1([H])O
2388,[H]N([H])C1=C2N=CN([C@@H]3O[C@H](COP(O)(=O)OP(O)(=O)OP(O)(O)=O)[C@@]4([H])OC5(O[C@@]34[H])C(=CC(C=C5[N+]([O-])=O)=[N+](O)[O-])[N+]([O-])=O)C2=NC=N1
2389,[H][C@]1(O)C(NO)=N[C@]([H])(CO)[C@]([H])(O)[C@]1([H])O
2390,NC(=[NH2+])C1=CC=C2NC(=NC2=C1)C1=CC=CC(OC2CCCC2)=C1[O-]
2391,NC1=C2N=CN([C@@H]3O[C@@H]4COP(O)(=O)O[C@H]4[C@H]3O)C2=NC=N1
2392,[H][C@](N)(CC1=CN(C=N1)C1=NNN=N1)C=O
2393,CCN(CC)C(=O)[C@@H]1O[C@H](C[C@H](N)[C@H]1NC(C)=O)C(O)=O
2394,NCCCC(O)=O
2395,CC(C)C(O)=O
2396,NC1=CC=C2N=C(N)N=C(N)C2=C1
2397,OC1=CC=CC=C1CC=C
2398,NCCOCCOCCNC(=O)C1=CC=C(C=C1)S(N)(=O)=O
2399,OC[C@@H](O)C=O
2400,[H]\C(C=O)=C(\COC1=CC=C(C)C=C1)NC1=C(O)C=C(O)C(C[C@]([H])(N)C(O)=O)=C1
2401,CC(=O)NC1=NC(=CC=N1)C1=C(C)N=C2C=CC=CN12
2402,[H]N([H])C1=NC(=O)C2=C(C=CC(C[C@H](C(O)=O)C3=CC=C(C=C3)C(=O)N([H])[C@@H](CCC(O)=O)C(O)=O)=C2)N1[H]
2403,[NH3+]CCCCO
2404,C[C@H](CF)C[C@H](N)C(O)=O
2405,OC(=O)C1=CC=CN1
2406,CN(CCCCCCOC1=CC=C2C(SN=C2C2=CC=C(Br)C=C2)=C1)CC=C
2407,COC(=O)\C=C\C1=CC(=CC=C1)N(CC1=CC=C(C=C1)C1=CC=C(C=C1)N(C)C)C(=O)C1CCCCC1
2408,ONC(=O)CCCCCCC(=O)NC1=CC=CC=C1
2409,C[C@H]1O[C@H](OP(O)(=O)OP(O)(=O)OC[C@H]2O[C@H]([C@H](O)[C@@H]2O)N2C=NC3=C2NC(N)=NC3=O)[C@@H](O)[C@@H](O)[C@@H]1O
2410,OC[C@H](O)[C@@H](O)[C@H](O)[C@H](O)COP(O)(O)=O
2411,[H]N1C(=O)N(C=C(C)C1=O)[C@H]1C[C@H](OC(C)=O)[C@@H](COP(O)(=O)OP(O)(O)=O)O1
2412,COC1=C(OC)C(OC)=C(Cl)C(CC2=NC3=C(N)N=C(F)N=C3N2CCCC#C)=C1
2413,[H][C@]1(CC)CNCC2=C1C=C(NC(=O)C1=CC=C3C=C(C=CC3=C1)C(N)=N)C=C2
2414,CC(C)=CCC\C(C)=C\CO[P@@](=O)(O)OP(=O)(O)O
2415,[H]N([H])CCCCN([H])CCCN([H])C(=O)CN([H])C(=O)[C@H](CSSC[C@H](N([H])C(=O)CC[C@@H](N([H])[H])C(O)=O)C(=O)N([H])CC(=O)N([H])CCCN([H])CCCCN([H])[H])N([H])C(=O)CC[C@@H](N([H])[H])C(O)=O
2416,O[C@@H]1[C@@H](COP(O)(=O)OP(O)(=O)O[C@H]2O[C@H](CS(O)(=O)=O)[C@@H](O)[C@H](O)[C@H]2O)O[C@H]([C@@H]1O)N1C=CC(=O)NC1=O
2417,CC(C)C[C@@H](N=C(N)N)C(=O)NCC(=O)N1CCC(CC1)C1=CC(=NN1C)C1=C(Cl)C(Cl)=C(OCC2=CC=C(NC(C)=O)C=C2)C=C1
2418,N[C@H](CC1=CC=CC=C1)C(O)=O
2419,CC(C)C[C@H](NP(O)(=O)O[C@@H]1O[C@@H](C)[C@H](O)[C@@H](O)[C@H]1O)C(=O)N[C@@H](CC1=CNC2=CC=CC=C12)C(O)=O
2420,[H][C@@](C)(NC(=O)[C@]([H])(CC1=CC=CC=C1)NC(=O)[C@]([H])(S)CC1=CC=CC=C1)C(O)=O
2421,[H][C@@]12CCN(C[C@@]3([H])CC[C@]4([H])N[C@@]([H])(N)N[C@@]([H])(N)[C@]4([H])C3)[C@@]1([H])CCCC2
2422,CC(=O)N[C@H](CC1=CC=C(Cl)C=C1)[B-](O)(O)OC[C@H](N)C(O)=O
2423,OC[C@]1(O)OC[C@H](O)[C@@H](O)[C@@H]1O
2424,[H][C@@]1(CN=C2NC(N)=NC(=O)C2=N1)[C@@H](O)[C@H](C)O
2425,CCCCCC(=O)SCCNC(=O)CCNC(=O)[C@H](O)C(C)(C)COP(O)(=O)OP(O)(=O)OC[C@H]1O[C@H]([C@H](O)[C@@H]1OP(O)(O)=O)N1C=NC2=C1N=CN=C2N
2426,CN(C)C1=CC=C(C=C1)C(=O)NCCCCCCC(=O)NO
2427,[H][C@@](C)(O)C1=CC(=NC2=C1C=CC[C@]2([H])O)C(O)=O
2428,CSC1=CC=CC(NC2=NC=C3C=C(C(=O)N(C)C3=N2)C2=C(Cl)C=CC=C2Cl)=C1
2429,NC1=NC(=O)C2=C(N1)C(CC1=CN=CC=C1)=CN2
2430,CC1=CN([C@@H]2O[C@H](CO[P@@](O)(=O)OP(O)(O)=O)C=C2)C(=O)NC1=O
2431,[H][C@](S)(CC1=CC=C(I)C=C1)C(O)=O
2432,[H]C(=O)CCC[C@H](N)C(O)=O
2433,NC(CO\C(O)=N\CCCOCCOCCOCCCNC1=C(NCCCN2CCN(CCC\N=C(/O)C3=CC(=CC(OC4OC(CO)C(O)C(O)C4O)=C3)[N+]([O-])=O)CC2)C(=O)C1=O)CO\C(O)=N\CCCOCCOCCOCCCNC1=C(NCCCN2CCN(CCC\N=C(/O)C3=CC(=CC(O[C@H]4O[C@H](CO)[C@H](O)[C@H](O)[C@H]4O)=C3)[N+]([O-])=O)CC2)C(=O)C1=O
2434,[H]N([H])C1=NC(=O)N(C=C1)[C@H]1C[C@H](OP(O)(=O)OC[C@H]2O[C@H](C[C@@H]2O)N2C=NC3=C(N=CN=C23)N([H])[H])[C@@H](CO)O1
2435,C1CN(CCN1CCCNC(=O)C2=CC(=CC(=C2)O[C@@H]3[C@@H]([C@H]([C@H]([C@H](O3)CO)O)O)O)[N+](=O)[O-])CCCNC(=O)OCC(COC(=O)NCCCN4CCN(CC4)CCCNC(=O)C5=CC(=CC(=C5)OC6C(C(C(C(O6)CO)O)O)O)[N+](=O)[O-])N
2436,C[C@H](O)C[NH3+]
2437,CC1=C(CCC(O)=O)C2=CC3=C(CCC(O)=O)C(C)=C4C=C5N6C(=CC7=C(C=C)C(C)=C8C=C1N2[Fe++]6(N34)N78)C(C)=C5C=C
2438,[H]N([H])CC(=O)N([H])[C@@H](CCCCC(=O)N([H])[C@H](C)C(=O)N([H])[C@H](C)C(O)=O)C(O)=O
2439,OC(=O)C=C
2440,COCCOCCOCCOCCOCCOC
2441,CC(C)C[C@@H](NC(N)=N)C(=O)NCC(=O)N1CCC(CC1)C1=CC(=NN1C)C1=CC=C(OCC2=CC=C(O2)C(O)=O)C(Cl)=C1Cl
2442,[H][C@@](N=C(O)C(CS)N=C(O)CCCC(N)C(O)=O)(C(C)=C)C(O)=O
2443,COC1=CC(CN(C)C2=CC3=C(N=C2)N=C(N)N=C3N)=C(OC)C=C1
2444,NC(=N)C1=CC=C(CO)C=C1
2445,CC1=CC=NC2=C3N=CC=C(C)C3=CC=C12
2446,[H][C@]1(O)CCC(C)(C)[C@]2([H])[C@]([H])(O)[C@]([H])(OC(C)=O)[C@@]3(C)O[C@](C)(CC(=O)[C@]3(O)[C@@]12C)C=C
2447,COC(NC(=O)[C@@H](C(O)=O)C1=CC=C(O)C=C1)(C=O)[C@H]1OCC(=C)C(=N1)C(O)=O
2448,CC[Se]C(N)=N
2449,[H][C@@]1(O)C[C@@]([H])(O)[C@@]([H])(O)O[C@]1([H])C
2450,CC1=CC2=C(C=C1C)N=CN2
2451,[H][C@@]1(O)C[C@@](O)(C[C@]([H])(CP(O)(O)=O)[C@@]1([H])O)C(O)=O
2452,[H][C@]1(C)CC2=C(C(=O)C3=C(O2)C=C(O)C(O)=C3C(O)=O)[C@]([H])(OC)O1
2453,NC1=NC(=O)N(C=C1)[C@H]1C[C@H](O)[C@@H](CO)O1
2454,[H]N(CCS(O)(=O)=O)C(=O)[C@@H]1C[C@H](O[C@@H]2O[C@H](CO)[C@@H](OS(O)(=O)=O)[C@H](O)[C@H]2N([H])C(C)=O)[C@@H](CO)[N+]1([H])[H]
2455,NC1=NC=NC2=C1N=CN2[C@@H]1O[C@H](COP(O)(=O)CP(O)(=O)OP(O)(O)=O)[C@@H](O)[C@H]1O
2456,[H][C@@](C)(NC(=O)[C@]([H])(CC1=CC=CC=C1)NC(=O)[C@@]([H])(S)CCCCC)C(O)=O
2457,CC(=O)N[C@@H](CC1=CC(I)=C(O)C(I)=C1)C(=O)NCC(O)=O
2458,CCCSCC1=CC(N)=CC2=C1N=C(N)NC2=O
2459,CCC(CC)O[C@@H]1C=C(C[C@H](N)[C@H]1NC(C)=O)C(O)=O
2460,NC(C(O)=O)C1=CC=C(O)C=C1
2461,COC1=CC(=CC=C1)N1CCC2=C(SC(=C2)S(N)(=O)=O)S1(=O)=O
2462,NC1=NC(OCC2CCCCC2)=C2N=CNC2=C1
2463,O[C@H]1C[C@@H](O)[C@H](O)[C@@H](COP(O)(O)=O)O1
2464,CC[C@@H](C)O
2465,[H][C@]1(COC(=O)CP(O)(O)=O)O[C@@]([H])(N2C=NC3=C(N)N=CN=C23)[C@]([H])(O)[C@]1([H])O
2466,[H]N([C@H](CO)[C@H](O)C1=CC=C(C=C1)[N+]([O-])=O)C(C)=O
2467,N[C@@H]([C@H](O)COP(O)(O)=O)C(O)=O
2468,NS(=O)(=O)C1=CC=C(C=C1)C(=O)NCC1=C(F)C(F)=C(F)C(F)=C1F
2469,[H][C@]1(CNCCC[C@@]1([H])OC(=O)C1=CC=C(O)C=C1)NC(=O)C1=CC=C(O)C=C1
2470,CCCCCCCCCC[N+](C)(C)[O-]
2471,[H][C@@](CC1=CC=CC(=C1)C(O)=O)(NC(C)=O)B(O)O
2472,[H][C@@](C)(COC1=CC=C(C=C1)[C@]1([H])OC2=C(S[C@]1([H])C1=CC=C(O)C=C1)C=C(O)C=C2)N1CCCC1
2473,NC(N)=NC1=NC(=CS1)C1=CC=C(CNC2=NC3=C(N2)C=CC=C3)S1
2474,CCCCCC[C@](O)(CN1C=CN=C1)C1=CC=C(Cl)C=C1Cl
2475,CC[N+](C)(C)CCCS([O-])(=O)=O
2476,[H]OCCCCCCCCCCCCBr
2477,CC(=O)NCCSSCCNC(=O)C1CCC(CC1)NC(=O)C1=NC=CN=C1C(O)=O
2478,[H][C@]1(CSC(=O)N1)[C@@]1(O)C[C@H]2C[C@@H](CC[C@H](C)\C=C/C=C/CC\C(C)=C/C(=O)O2)O1
2479,OC(=O)C(=O)NC1=C(C=CC=C1)C(O)=O
2480,[H]N([H])C1=NC(=O)C2=C(N1[H])N(C=N2)[C@@H]1O[C@H](COP(O)(=O)OP(O)(=O)N([H])[H])[C@@H](O)[C@H]1O
2481,N[C@@H]1CCOC1=O
2482,[H][C@@](CCCC)(CN(O)C=O)C(O)=O
2483,[Fe].CC(=O)N(O)CCC[C@@H]1NC(=O)CNC(=O)[C@@H](CC2=CC=CC=C2)NC(=O)CNC(=O)[C@H](CCCN(O)C(C)=O)NC(=O)[C@H](CCCN(O)C(C)=O)NC1=O
2484,OB(O)C1=CC=C(C=C1)C1=CC=C(C=C1)B(O)O
2485,[H][C@@](C)(NC)C(=O)N[C@]([H])(C(=O)N1CCC[C@@]1([H])C(=O)N[C@]1([H])CCCC2=C1C=CC=C2)C(C)(C)C
2486,O[C@H]([C@@H](O)[C@@H](OCC1=C(F)C=CC=C1)C(=O)N[C@@H]1[C@H](O)CC2=CC=CC=C12)[C@@H](OCC1=CC=CC=C1F)C(=O)N[C@@H]1[C@H](O)CC2=C1C=CC=C2
2487,OC[C@@H](O)[C@H](O)[C@@H](O)COP(O)(O)=O
2488,OC[C@H]1O[C@@H](OC2=CC=C(C=C2)[N+]([O-])=O)[C@H](O)[C@@H](O)[C@H]1O
2489,NC1=C(C=C(NC2=CC=C(NC3=NC(Cl)=NC(NC4=CC=CC=C4S(O)(=O)=O)=N3)C(=C2)S(O)(=O)=O)C2=C1C(=O)C1=CC=CC=C1C2=O)S(O)(=O)=O
2490,[H][C@](C)(CC)[C@@]([H])(NCC1=C(COP(O)(O)=O)C=NC(C)=C1O)C(O)=O
2491,COC1=C(O)C=CC2=C1C=C(C1=C2C2=C(OCO2)C=C1C(O)=O)[N+]([O-])=O
2492,OC(=O)C(=O)CC([O-])=O
2493,C1C[C@H](N(C1)C(=O)[C@@H]2CSSC[C@@H](C(=O)N[C@H](C(=O)N[C@H](C(=O)N[C@H](C(=O)N[C@H](C(=O)N2)CC(=O)N)CCC(=O)N)CC3=CC=CC=C3)CC4=CC=C(C=C4)O)NC(=O)CNC(=O)CNC(=O)CN)C(=O)N[C@@H](CCCCN)C(=O)NCC(=O)N
2494,CC1=CC(=O)OC2=C1C=CC(O[C@H]1O[C@H](CO)[C@@H](O)[C@H](O)[C@H]1O)=C2
2495,CO[C@@H]1[C@@H](CC[C@]2(CO2)[C@H]1[C@@]1(C)O[C@@H]1CC=C(C)C)OC(=O)\C=C\C=C\C=C\C=C\C(O)=O
2496,CCCCCCC(N)=O
2497,OP(O)(=O)CNC(=O)OCC1=CC=CC=C1
2498,CCCCCCCCCCCC[N+](C)(C)CCCS(O)(=O)=O
2499,[H]N([H])[C@@H](CCCN([H])C(\N([H])[H])=[N+](/[H])CCC)C(O)=O
2500,[H][C@]1(CCO[C@@]2([H])O[C@]([H])(CO)[C@@]([H])(O)[C@]([H])(O)[C@@]2([H])O)CO1
2501,CCN=O
2502,O=C(NC1=CC(=NN1)C1CC1)C1=CC=CC=C1
2503,C[N+](C)(C)C[C@H](O)CC(O)=O
2504,NC(=O)CC(O)=O
2505,[H]C(=O)C(Cl)(Cl)Cl
2506,OP(O)(=O)C(F)(F)C1=CC=C(CC(CC2=CC=C(C=C2)C(F)(F)P(O)(O)=O)(N2N=NC3=C2C=CC=C3)C2=CC=C(F)C(F)=C2)C=C1
2507,[H]N(O)C(=O)N([H])[C@@H](CC1=CC=CC=C1)C(O)=O
2508,CC1=CC2=C(N=C3C(=O)NC(=O)N=C3N2C[C@H](O)[C@H](O)[C@H](O)COP(O)(=O)OP(O)(=O)OC[C@H]2O[C@H]([C@H](O)[C@@H]2O)N2C=NC3=C2N=CN=C3N)C(O)=C1C
2509,N[C@H](CC(O)=O)C(O)=O
2510,O=C1C=C(OC2=C1C=CC=C2C1=CC=CC=C1)N1CCOCC1
2511,N[C@H]1[C@@H](O)O[C@H](COP(O)(O)=O)[C@@H](O)[C@@H]1O
2512,[H][C@]1(CO)O[C@@]([H])(OC2=C(C=C(C=C2)[N+]([O-])=O)[N+]([O-])=O)[C@]([H])(F)[C@@]([H])(O)[C@]1([H])O
2513,[H][C@@](C)(CCC(O)=O)[C@@]1([H])CC[C@@]2([H])[C@]3([H])[C@]([H])(O)C[C@]4([H])C[C@]([H])(O)CC[C@]4(C)[C@@]3([H])C[C@]([H])(O)[C@]12C
2514,COC1=CC=C(C=C1OC1CCCC1)C(\C)=N\OC(N)=O
2515,NC1=NC=NC2=C1N=CN2[C@@H]1O[C@@H](CO[P@](O)(=O)OP(O)(O)=O)[C@H]2O[V](=O)(=O)O[C@H]12
2516,OC(=O)C(=O)NC1=C(C=C(I)C=C1)C(O)=O
2517,C[P@@](O)(=O)CC[C@@H](N)C(O)=O
2518,CCCCB(O)O
2519,[NH3+][C@@H]1C[C@H]1C1=CC=CC=C1
2520,[H]N1C(=O)N(CCC[C@@H](N(O)CO)C(O)=O)C(=O)[C@]11O[C@H](COP(O)(O)=O)[C@@H](O)[C@H]1O
2521,COC1=CC=C2N(C=NC2=C1)[C@H]1O[C@H](CO)[C@@H](O[P@]([OH-])(=O)O[C@H](C)CNC(=O)CC[C@]2(C)[C@@H](CC(N)=O)C3=[N+]4C2=C(C)C2=[N+]5C(=CC6=[N+]7C(=C(C)C8=[N+]([C@]3(C)[C@@](C)(CC(N)=O)[C@@H]8CCC(N)=O)[Co@@]457)[C@@](C)(CC(N)=O)[C@@H]6CCC(N)=O)C(C)(C)[C@@H]2CCC(N)=O)[C@H]1O
2522,CC1=CC=CC=C1CNC(=O)[C@H]1N(CSC1(C)C)C(=O)[C@@H](O)[C@H](CC1=CC=CC=C1)NC(=O)C1=CC=CC(O)=C1C
2523,[H][C@](S)(CC1=CC=CC=C1)C(=O)NCC(=O)N1[C@@]([H])(CC[C@]1([H])C1=CC=CC=C1)C(O)=O
2524,[H][C@]1(O)C[C@@]([H])(CO)O[C@]([H])(O)[C@]1([H])O
2525,CN1C=C[NH+]=C1
2526,COC1=CC=C2C=[N+](CCCCCCCCN3C(=O)C4=C(C=CC=C4)C3=O)CC[C@@]34C=C[C@H](O)C[C@@H]3OC1=C24
2527,[H][C@]12CS[C@@]([H])(CCCC(O)=O)[C@@]1([H])NC(=O)N2
2528,[H][C@@](N)(C(O)=O)C1=CC=C(O[C@@]2([H])O[C@]([H])(CO)[C@@]([H])(O)[C@]([H])(O)[C@]2([H])O[C@@]2([H])O[C@]([H])(CO)[C@@]([H])(O)[C@]([H])(O)[C@]2([H])O)C=C1
2529,OCC(CO)(CO)NCCCNC(CO)(CO)CO
2530,CC(=O)N[C@H](CC1=CC=CC2=C1C=CC=C2)[B-](O)(O)OC[C@H](N)C(O)=O
2531,N[C@H]1[C@H](O)O[C@H](CO)[C@H](O)[C@@H]1O
2532,NC#N
2533,[O-][N+](=O)C1=CC(=CC=C1)[N+]([O-])=O
2534,[O-][V](=O)[O+]([V](=O)O[V](=O)(=O)O[V](=O)(=O)[O+]([V]([O-])=O)[V](=O)(=O)=O)[V](=O)(=O)=O
2535,[H][C@@](O)([C@@]([H])(O)[C@@]([H])(OCC1=CC=C(C=C1)C1=CN=CC=C1)C(O)=N[C@@]([H])(C(C)C)C(O)=NC)[C@@]([H])(OCC1=CC=C(C=C1)C1=CN=CC=C1)C(O)=N[C@@]([H])(C(C)C)C(O)=NC
2536,[H]N([H])[C@@H](CS)C(=O)N([H])S(=O)(=O)OC[C@H]1O[C@H]([C@H](O)[C@@H]1O)N1C=NC2=C(N=CN=C12)N([H])[H]
2537,CC1=CC=CC(C[C@H](N)C(O)=O)=C1
2538,[H][C@]1(O)[C@]([H])(O)[C@@]([H])(CO)O[C@]([H])(O[C@@]2([H])[C@]([H])(O)[C@@]([H])(O)[C@]([H])(OCCCCCCCCCCC)O[C@]2([H])CO)[C@]1([H])O
2539,NC(=C)C(O)=O
2540,[H][C@](N)(CSCCS(N)(=O)=O)C(O)=O
2541,CC1=NC2=C(C=CC=C2O)C(=O)N1
2542,[H][C@@]1(CC[C@@]2([H])[C@]3([H])[C@H](O)C[C@]4([H])C[C@H](O)CC[C@]4(C)[C@@]3([H])C[C@H](O)[C@]12C)[C@H](C)CCC(=O)NCC([O-])=O
2543,[H][C@@]1(O)CSSC[C@@]1([H])O
2544,[H][C@](O)(C(=O)OP(O)(=O)OC[C@@]1([H])O[C@@]([H])(N2C=NC3=C(N)N=CN=C23)[C@]([H])(O)[C@]1([H])O)C(C)(C)CO
2545,[H][C@]1(O)[C@]([H])(O)[C@@]([H])(CO)O[C@]([H])(OCCCCC)[C@@]1([H])O
2546,[H]N([H])CCCCCCOP(O)(=O)OP(O)(=O)OC[C@H]1O[C@H]([C@H](O)[C@@H]1O)N1C=CC(=O)N([H])C1=O
2547,CC(C)[C@@H](N)C(=O)NO
2548,OC(=O)C1=CC=CC2=C1OC1=C(C=CC=C1C(O)=O)N2C1=CC(=CC=C1)C(F)(F)F
2549,C\C(=C/CO)\C=C\C=C(/C)\C=C\C1=C(C)C(=O)CCC1(C)C
2550,[H][C@@]1(N)C[C@]([H])(O)[C@@]([H])(CO)O[C@]1([H])O
2551,NC(=O)C1=CC=CN=C1
2552,[H][C@]1(CC2=CC=CC=C2)N(CC2=CC(=CC=C2)C(=O)NC2=NC=CS2)C(=O)N(CC2=CC(=CC=C2)C(=O)NC2=NC=CS2)[C@]([H])(CC2=CC=CC=C2)[C@]([H])(O)[C@@]1([H])O
2553,[H][C@@]12C[C@@H](O)[C@@]3([H])[C@@]4(C)CC[C@@H](O)[C@@H](C)[C@]4([H])CC[C@]3(C)[C@@]1(C)C[C@H](OC(C)=O)\C2=C(\CCC=C(C)C)C(O)=O
2554,O[C@@H]([C@H](O)[C@@H](CCC1=CC=CC=C1)C(=O)N[C@@H]1[C@H](O)CC2=C1C=CC=C2)[C@@H](CCC1=CC=CC=C1)C(=O)N[C@@H]1[C@H](O)CC2=C1C=CC=C2
2555,[H][C@]1(NCCC2=C1C=C(NC(=O)C1=CC=C3C=C(C=CC3=C1)C(N)=N)C=C2)C(C)C
2556,[H][C@](CS)(CCC1=CC=CC=C1)C(=O)N=C(C(O)=O)C1=CC=C(CN2C=NN=N2)S1
2557,CCCCCO[P@](O)(=O)OP(O)(O)=O
2558,OC1=CC=C(\C=C\C2=CC(O)=CC(O)=C2)C=C1
2559,[H][C@@](CO)(NC(=O)C1=C(O)C(O)=CC=C1)C(O)=O
2560,OC[C@@H](O)[C@H](O)[C@@H](O)CN1C(=O)N(CCCCOP(O)(O)=O)C2=C1NC(=O)NC2=O
2561,FC1=CC=C2OCC[C@]3(NC(=O)NC3=O)C2=C1
2562,CC(=O)NCC(O)=O
2563,OC[C@H]1O[C@H]([C@H](O)[C@@H]1OP(O)(O)=O)N1C=CC(=O)NC1=O
2564,[H][C@](C)(COC1=CC=C(C=C1)[C@]1([H])OC2=C(S[C@]1([H])C1=CC=C(O)C=C1)C=C(O)C=C2)N1CCCC1
2565,C[N+]1=CN([C@@H]2O[C@H](COP(O)(=O)OP(O)(=O)OP(O)(O)=O)[C@@H](O)[C@H]2O)C2=C1C(=O)NC(N)=N2
2566,[H][C@@]1(O)O[C@]([H])(CO)[C@@]([H])(O[C@]2([H])O[C@]([H])(CO)[C@@]([H])(O[C@]3([H])O[C@]([H])(CO)[C@@]([H])(O[C@]4([H])O[C@]([H])(CO)[C@@]([H])(O)[C@]([H])(O)[C@@]4([H])O)[C@]([H])(O)[C@@]3([H])O)[C@]([H])(O)[C@@]2([H])O)[C@]([H])(O)[C@@]1([H])O
2567,[H]N([H])C(=O)[C@]1(O)O[C@H](CO)[C@@H](O)[C@H](O)[C@H]1O
2568,[H]N([H])C(=O)[C@H]1O[C@H](CO)[C@@H](O)[C@H](O)[C@H]1O
2569,IC1=CNN=C1
2570,CO[C@H]1[C@H](O)[C@@H](O)[C@H](O)O[C@@H]1C(O)=O
2571,O\N=C(/N)N1CCC(CC1)CNC(=O)[C@@H]1CC[C@H]2CN(CC(=O)N12)S(=O)(=O)CC1=CC=CC=C1
2572,O1N2C(=[O+][Fe-3]1134ON(C(=[O+]1)C)CCC[C@](C(=O)N[C@@](C(=O)N[C@@](C(O)=O)([C@@]([C@]1(S[C@@](N5C=C\C(=N\C(N)=O)N(C5=O)C)([C@@]([C@]1([H])O)([H])O)[H])[H])([H])O)[H])([H])CO)([H])NC([C@@]([H])(CCCN(O3)C(=[O+]4)C)NC([C@]([H])(N)CCC2)=O)=O)C
2573,[H][C@](N)(CC[C@@]1([H])C=CC([H])(N)C=C1)C(O)=O
2574,OC(=O)COP(O)(O)=O
2575,CCCC\N=C(/N)NO
2576,CCOC(=O)C1=CC2=CC=C(O)C=C2OC1=O
2577,O[C@@H]1[C@@H](O)[C@@H](CC2=CC=CC=C2)N(CC2=CC=CC(=C2)C(=O)NC2=NC3=C(N2)C=CC=C3)C(=O)N(CC2=CC(=CC=C2)C(=O)NC2=NC3=C(N2)C=CC=C3)[C@@H]1CC1=CC=CC=C1
2578,[H][C@]1(O)O[C@]([H])(CO)[C@@]([H])(SC)[C@]([H])(O)[C@@]1([H])O
2579,CC[Hg]SC1=CC=CC=C1C(O)=O
2580,[H]N([H])C(=O)C1=C(CC(C)=O)C=C[N+](=C1)[C@@H]1O[C@H](COP([O-])(=O)OP(O)(=O)OC[C@H]2O[C@H]([C@H](O)[C@@H]2O)N2C=NC3=C(N=CN=C23)N([H])[H])[C@@H](O)[C@H]1O
2581,[H][C@@](CO)(NC1=NC2=C(N=CN2C(C)C)C(NC2=CC=C(C(O)=O)C(Cl)=C2)=N1)C(C)C
2582,[H][C@@]1(O)OC(=C[C@]([H])(O)[C@]1([H])O)C(O)=O
2583,[H][C@@](N)(C(O)=O)[C@@]([H])(O)OS(O)(=O)=O
2584,CC(N)=O
2585,NC1=C2N=CN([C@@H]3O[C@H](CO[P@@](O)(=O)O[P@](O)(=O)O[P@@](O)(=O)O[P@@](O)(=O)OP(O)(O)=O)[C@@H](O)[C@H]3O)C2=NC=N1
2586,OC(=O)CCCC1=CNC2=C1C=CC=C2
2587,CC1(C)CCC(C)(C)C2=C1C=CC(=C2)C(=O)C1=CC2=C(C=C1)C=C(C=C2)C(O)=O
2588,[H][C@]12NC(=O)C(=O)N1[C@]([H])(CO)[C@@]([H])(O)[C@]([H])(O)[C@]2([H])O
2589,[H][C@@]1(O)O[C@]([H])(CO)[C@]([H])(O[C@]2([H])O[C@]([H])(CO)[C@]([H])(O)[C@]([H])(O)[C@@]2([H])O)[C@]([H])(O)[C@@]1([H])O
2590,NC(=N)C1=CC=C(O)C(CN2CC[C@H](NS(=O)(=O)C3=CC4=C(S3)C=CC=N4)C2=O)=C1
2591,OC[C@H]1O[C@H]([C@H](O)[C@@H]1O)N1C=CC(=O)NC1=O
2592,OC(=O)C1=CC=CC=C1C(O)=O
2593,[H]N([H])C(N([H])[H])=[N+]([H])CCC[C@H](N([H])C(=O)[C@H](CCC1=CC=CC=C1)N([H])[C@H](C)C(O)=O)C(=O)N([H])C1=CC=CC=C1
2594,OC(=O)C1=CC(C(O)=O)=C(C=C1C(O)=O)C(O)=O
2595,C[Hg]SC[C@@H](N)C(O)=O
2596,NC(N)=NCC(O)=O
2597,[H][C@@]1(CCCN1S(=O)(=O)C1=CC=C(C)C=C1)C(O)=O
2598,[H][C@]1(CO)O[C@@]([H])(N2C=NC3=C2N=CN=C3[SeH])[C@]([H])(O)[C@]1([H])O
2599,CCCCN1C(CC2=CC(OC)=C(OC)C(OC)=C2)=NC2=C(N)N=CN=C12
2600,[H][C@]1(O)O[C@]([H])(CO)[C@@]([H])(O)[C@]([H])(O[C@@]2([H])O[C@]([H])(CO)[C@@]([H])(O)[C@]([H])(O[C@@]3([H])O[C@]([H])(COP(O)(O)=O)[C@@]([H])(O)[C@]([H])(O)[C@]3([H])O)[C@]2([H])O)[C@]1([H])O
2601,O=C1CCC2=CC=CC3=C2N1CC3
2602,N1C=CC=N1
2603,OC(=O)CCC1=CNC2=CC=CC=C12
2604,[H]N([C@H]1[C@H](O[C@@H]2[C@@H](CO)O[C@@H](OC3=CC4=C(C=C3)C(C)=CC(=O)O4)[C@H](N([H])C(C)=O)[C@H]2O)O[C@H](CO)[C@@H](O)[C@@H]1O)C(C)=O
2605,[H][C@](O)(COP(O)(O)=O)[C@]([H])(O)[C@]([H])(O)[C@]([H])(O)COP(O)(O)=O
2606,N[C@@H](CSS)C(O)=O
2607,OP(O)(=O)OC1=CC=CC2=CC=C(N=C12)C#N
2608,OC(=O)C1=CC(S)=CC=C1[N+]([O-])=O
2609,C[C@@H](O)CN1C=NC2=C1N=CN=C2N
2610,O=C(N[C@H](CC1=CC=CC=C1)C(=O)C[N+]#N)OCC1=CC=CC=C1
2611,CCCCCCCCCCC[C@@H](O)CC(O)=O
2612,CC(C)(C)OC=O
2613,[H]N([H])C1=NC=C2N(C=NC2=N1)[C@H]1O[C@H](COP(O)(O)=O)[C@@H](O)[C@H]1O
2614,OC[C@H]1O[C@@](CO)(O[C@H]2O[C@H](CO)[C@@H](O)[C@H](O)[C@H]2O)[C@@H](O)[C@@H]1O
2615,CCCOC1=CC=C(CC(O)=O)C=C1Cl
2616,OCCCO
2617,CCCCCCCCCCCCCCCCS(O)(=O)=O
2618,[H][C@@](COC(=O)CCCCCCCCCCC)(COP(O)(=O)OCC[N+](C)(C)C)OC(=O)CCCCCCCCCCC
2619,[H][C@]1(O)[C@]([H])(O)[C@]([H])(COP(O)(O)=O)O[C@]1([H])COP(O)(O)=O
2620,CCCCCCCCCCCC[N+](C)(C)C
2621,[H][C@](N)(CS)CC(O)=O
2622,[H]\C(=C1/N=C(N(CC=O)C1=O)C(=O)CCSC)C1=CC=C([O-])C=C1
2623,CC1=NC=C(COP(O)(O)=O)C(CNOCC(O)=O)=C1O
2624,[H]N(CCC(=O)N([H])[C@@]([H])(CO)C(=O)N([H])CCC1=CC=C(C=C1)N([H])C(=O)C(O)=O)C(=O)CBr
2625,[H]N([C@H]1[C@@H](C)CC[C@H]1O)C(=O)[C@@H](C[C@H](O)CN1CCN(C[C@H]1C(=O)N([H])C(C)(C)C)C(=O)C1=CN=C(N2CCN(C)CC2)C(Cl)=N1)CC1=CC=CC=C1
2626,[H][C@@]1(O)C[C@@](O)(C=C(F)[C@@]1([H])O)C(O)=O
2627,[H][C@@](C)(O)N[C@]([H])(CO)[C@@]([H])(O)[C@]([H])(O)[C@]([H])(O)CO
2628,C[C@H](O)C(C)=O
2629,[H][C@@]12CC[C@H](C(C)=O)[C@@]1(C)CC[C@@]1([H])[C@@]2([H])CC=C2C[C@@H](O)CC[C@]12C
2630,[H]N1C(=O)C=CN([C@@H]2O[C@H](COP(O)(=O)OP(O)(=O)OC3=CC=CC=C3)[C@@H](O)[C@H]2O)C1=O
2631,[H]N([H])C(=O)C[C@@H]1N([H])C(=O)[C@H](N([H])C(=O)[C@@H](CC(C)C)N([H])C)[C@H](O)C2=CC(Cl)=C(OC3=C(O)C4=CC(=C3)[C@@]([H])(N([H])C1=O)C(=O)N([H])[C@]1([H])C3=CC(=C(O)C=C3)C3=C(C=C(O)C=C3O)[C@H](N([H])C(=O)[C@@]([H])(N([H])C1=O)[C@H](O[C@H]1C[C@](C)(N([H])[H])C(O)(O)[C@H](C)O1)C1=CC(Cl)=C(O4)C=C1)C(O)=O)C=C2
2632,[H][C@]1(O)C(=CC=C[C@]1([H])OC(=C)C([O-])=O)C([O-])=O
2633,[H]N([H])C1=NC(=O)C2=C(C=CC(CC(O)(CN([H])CC(=O)N([H])[C@@H]3O[C@H](COP(O)(O)=O)[C@@H](O)[C@H]3O)C3=CC=C(C=C3)C(=O)N([H])[C@@H](CCC(O)=O)C(O)=O)=C2)N1[H]
2634,COC1=CC=C(C=C1)C(O)=O
2635,[H]N1C=C([C@@H]2O[C@H](CO)[C@@H](O)[C@H]2O)C2=C1C(=O)N=CN2[H]
2636,OB(O)C1=CC=CC(=C1)[N+]([O-])=O
2637,[H][C@]1(COP(C)(O)=O)O[C@@]([H])(N2C=NC3=C(N)N=CN=C23)[C@]([H])(O)[C@]1([H])O
2638,CCN(CC)C1=CC2=C(C=C1)C=C(C(=O)N\C=C/N1C(=O)CCC1=O)C(=O)O2
2639,NC1=NC2=C(N(CO)[C@@H](CNC3=CC=C(C=C3)C(=O)N[C@@H](CCC(O)=O)C(O)=O)C=N2)C(=O)N1
2640,[H][C@@]1(O)C[C@@](O)(C=C[C@@]1([H])O)C(O)=O
2641,[H]N([H])C(=O)C1=CC(=CC(O[C@H]2O[C@H](CO)[C@H](O)[C@H](O)[C@H]2O)=C1)[N+]([O-])=O
2642,OC[C@@H](O)CC1=CC=CC=C1
2643,[H][C@@]1(O)CN(CC2=CC=CC=C2)N(CC2=CC(OC)=C(O)C=C2)C(=O)N(CC2=CC(OC)=C(O)C=C2)[C@]1([H])CC1=CC=CC=C1
2644,[H]N1C(=O)C=CN([C@@H]2O[C@H](CO)[C@@H](OP(O)(O)=O)[C@@H]2O)C1=O
2645,COCCO
2646,[H][C@](O)(C[C@@]([H])(O)[C@]([H])(O)CO)C(O)=O
2647,CC(C)=CCC\C(C)=C\CC\C(=C\CO[P@@](=O)(O)OP(O)(O)=O)C(F)(F)F
2648,COC1=CC(CC2=C[NH+]=C(N)N=C2N)=CC(OCCC[C@@H](CCC([O-])=O)C([O-])=O)=C1Br
2649,NC(=O)CN(CC(O)=O)CC(O)=O
2650,[H]P(=O)(OCC)OCC
2651,[H]N([H])C(=NCCC[C@H](N([H])C(=O)[C@@H]1C[C@@H](O)CN1C(C)=O)C(=O)C1=NC2=CC=CC=C2S1)N([H])[H]
2652,CC(=O)N[C@@H]1[C@@H](O)[C@H](O)[C@@H](CO)OC1=O
2653,CC1=C(CCO[P@](O)(=O)O[P@](O)([O-])=O)SC=[N+]1CC1=C(N)C=C(C)N=C1
2654,[H][C@@]1(SC=C(NC=C1C=O)C(O)=O)C1=CN(C)N=N1
2655,[H][C@@]1(O)C[C@@]2(C)C(=O)C[C@]1([H])C2(C)C
2656,N[C@@H](CN1C=C(I)C(=O)NC1=O)C(O)=O
2657,[H][C@]1(COP(O)(O)=O)O[C@]([H])(N2C=NC3=C2C=CC(C)=C3)[C@]([H])(O)[C@]1([H])O
2658,C1CCCN(CC1)C(=O)[C@H](C2=CC=CC=C2)N3C=NC4=NN(C=C4C3=S)[C@H]5C=CN(C=C5C(=N)[O-])[C@H]6[C@@H]([C@@H]([C@H](O6)COP(=O)([O-])OP(=O)(O)OC[C@@H]7[C@H]([C@H]([C@@H](O7)N8C=NC9=C(N=CN=C98)N)[O-])[O-])O)O
2659,NOCC[C@H](N)C(O)=O
2660,OCC1=CC=C(Br)C=C1
2661,OC(=O)CP(O)(O)=O
2662,CC1=NC=C(COP(O)(O)=O)C(CNCC(O)=O)=C1O
2663,CP([O-])=O
2664,[H][C@@]1(COC2=NS(=O)(=O)C3=C2C=CC=C3)OCCC2=C1SC(NC(=O)C(O)=O)=C2C(O)=O
2665,OC(=O)CCC(=O)CF
2666,CC(=O)NC1=CC=C(C=C1NC(=O)C[NH3+])C(O)=O
2667,[H][C@](CO)(CCN1C=CC2=C1C=C(NC(=O)NCC1=CC=CC=C1)C=C2)N1C=NC(=C1)C(N)=O
2668,[H]OP([O-])(=O)O[H]
2669,C[C@@]1(CC(O)=O)C2=CC3=C(CC(O)=O)C(CCC(O)=O)=C4C=C5N6C(=CC7=C(CCC(O)=O)[C@](C)(CC(O)=O)C8=CC(N2[Fe@]6(N34)N78)=C1CCC(O)=O)C(CC(O)=O)=C5CCC(O)=O
2670,CC1=C(SC(N)=N1)C1=NC(NC2=CC=CC(=C2)[N+]([O-])=O)=NC=C1
2671,OC(=O)COC1=CC(F)=CC=C1C(=O)NCC1=NC2=C(S1)C(F)=CC(F)=C2F
2672,O[C@H]1[C@H](O)[C@@H](COP(O)(O)=O)O[C@H](OP(O)(O)=O)[C@@H]1O
2673,[H]N([H])C1=NC(=O)C2=C(N1[H])N(C=N2)[C@@H]1O[C@H](COP(O)(=O)OP(O)(O)=O)[C@@]2([H])O[P@](O)(=O)O[C@@]12[H]
2674,OC[C@H]1O[C@@H](O)[C@H](O)[C@@H](O)[C@H]1OS(O)(=O)=O
2675,[O-]C(=O)C1=[NH+]CCC1
2676,OC(=O)C1=CC=C(O)C=C1O
2677,CCC1=C(O)C=C(O)C(=C1)C1=NNC(C(O)=O)=C1C1=CC=C2OCOC2=C1
2678,CCOC1=C(C(=O)NCB(O)O)C2=C(C=CC=C2)C=C1
2679,CN(C)CCCNC(=O)C1=CC=CC2=C(N)C3=C(C=CC=C3)N=C12
2680,OC[C@H]1O[C@H](OP(O)(O)=O)[C@H](O)[C@@H](O)[C@@H]1O
2681,[H][C@]1(CSC(CCCCCN)=CCN)O[C@@]([H])(N2C=NC3=C(N)N=CN=C23)[C@]([H])(O)[C@]1([H])O
2682,CP(O)=O
2683,[H][C@]1(CSCN1)C(O)=O
2684,[H][C@](C)(O)[C@@](C)(O)CN
2685,CCOC1=C(OCC)C=C2C(NC3=CC=CC(=C3)C3=CSC(CO)=N3)=NC=NC2=C1
2686,CC1=NC=C(COP(O)(O)=O)C(CNC2(CC2)C(O)=O)=C1O
2687,COC1=CC=C(C=C1)C1=C(C)C(=CC=C1S(C)(=O)=O)C(=O)C1=C(O)N(N=C1)C(C)(C)C
2688,[H][C@@]12CC[C@@](C)(C(=S)C1)C2(C)C
2689,[H]\C(\C(\[H])=C(\C)[C@@]1([H])CN[C@]([H])(C(O)=O)[C@@]1([H])CC(O)=O)=C(\[H])[C@@]([H])(C)C(O)=O
2690,OC(=O)[C@H]1CCCN1
2691,[H][C@@]12CCC(=O)[C@@]1(C)CC[C@@]1([H])[C@@]2([H])CC[C@]2([H])C[C@]([H])(O)CC[C@]12C
2692,[H][C@](O)(CC(=O)N[C@]([H])(C(=O)N1CCC[C@@]1([H])C(O)=O)[C@@]([H])(C)CC)C(=O)NCCC
2693,CCOC(=O)NC
2694,NC1=NC2=C(N=CN2[C@@H]2O[C@H](CO)[C@@H](O)[C@H]2O)C(=O)N1
2695,OB(O)C1=CC(NS(=O)(=O)C2=CC(=CS2)S(=O)(=O)C2=CC=CC=C2)=CC=C1
2696,[H]\C1=C([H])/[C@@]([H])(OC)[C@]([H])(CCCC[C@]([H])(OC(=O)[C@@]([H])(C)[C@@]2(O)O[C@]([H])([C@@]([H])(C)[C@]([H])(O)[C@@]2([H])OC)[C@@]1([H])C)C1=CC=CC=C1)OC
2697,[H][C@@]1(O[C@]2(C[C@@H](O)[C@H](C)[C@H](C\C=C\C3=COC(=N3)[C@@H](C)CCNC(=O)[C@@H](O)[C@@H](O)[C@H](COC)N(C)C)O2)C(C)(C)[C@H]1OP(O)(O)=O)[C@H](C[C@H](O)[C@H](C)[C@H](O)[C@H](C)\C=C(/C)\C(\C)=C\C=C\C(\C)=C/C#N)OC
2698,NS(=O)(=O)C1=CC=C(C=C1)C(=O)NCC1=CC(F)=C(F)C(F)=C1
2699,[H][C@]1(CO)N2C=C(N=C2[C@]([H])(O)[C@@]([H])(O)[C@]1([H])O)C1=CC=CC=C1
2700,[H]\C(=C1\N\C(=C(\[H])C2=NC(=O)C(CCC(O)=O)=C2C)C(C=C)=C1C)C1=C(C=C)C(C)=C(N1)C(\[H])=C1/N=C(O)C(CCC(O)=O)=C1C
2701,N[C@H]1[C@H](O)O[C@H](CO)[C@@H](OP(O)(O)=O)[C@@H]1O
2702,CN(C)C1=C2C=CC=C(C2=CC=C1)S(N)(=O)=O
2703,OC[C@H]1OC(OP(O)(O)=O)[C@@H](O)[C@@H](O)[C@@H]1O
2704,[H][C@@]12N(C)C3=CC(OC)=C(C=C3[C@@]11CCN3CC=C[C@@](CC)(C[C@@]22OC(=O)N(CCCl)C2=O)[C@@]13[H])[C@]1(C[C@H]2CN(C[C@](O)(CC)C2)CCC2=C1NC1=CC=CC=C21)C(=O)OC
2705,[H][C@](N)(CCC1=CC=CC=C1)C=CS(=O)(=O)C1=CC=CC=C1
2706,C=CCNC1=CC=CC=C1
2707,[H][C@]1(CCCC)CC[S@](=O)C1
2708,[H][C@]1(N=C(N(C(=O)N2CCN(CCO)CC2)[C@]1([H])C1=CC=C(Br)C=C1)C1=C(OCC)C=C(OC)C=C1)C1=CC=C(Br)C=C1
2709,FC1=CC=C(C(F)=C1)C1=C2CNC(=O)N(C2=CC(=C1)N1CCNCC1)C1=C(Cl)C=CC=C1Cl
2710,NC(=[NH2+])C1=CC=C2NC(=NC2=C1)C1=CC(F)=CC=C1[O-]
2711,[H]C(=C([H])C(\CS(=O)=O)=C(\NC1=C(C=O)C=C2C=CC=CN12)C(O)=O)C(O)=N
2712,C\C(=C/C1=CC=C(C=C1)C(O)=O)C1=CC=C2C(=C1)C(C)(C)CCC2(C)C
2713,[H][C@](CN)(CCC(O)=O)[C@]([H])(CCN)CC(O)=O
2714,[H][C@]1(O)O[C@]([H])(CO)[C@@]([H])(O)[C@]([H])(OS(O)(=O)=O)[C@@]1([H])OS(O)(=O)=O
2715,[H]N([C@H](C)C1=CC=C(Br)C=C1)C(=O)C1=C(O)C=CC(F)=C1
2716,CC(C)C1=CC(SC2=CC=C(O)C(=C2)C(C)C)=CC=C1O
2717,NCC1=C(N=CC=C(C2=CC=CC=C2)C2=CC=CC=C2)C2=CC=CC=C2N=N1
2718,NC1=NC(=O)N(C=C1)[C@H]1CC[C@@H](COP(O)(O)=O)O1
2719,N[C@@H](CC1CCCCC1)C(O)=O
2720,FC(F)(F)C1=NC(=N)C(=C)C=N1
2721,CC1=CN([C@@H]2O[C@H](COP(O)(=O)OP(O)(=O)OP(O)(O)=O)C=C2)C(=O)NC1=O
2722,COC1=CC(=CC(OC)=C1OC)C(F)(F)C(=O)N1CCCC[C@H]1C(=O)O[C@@H](CCCC1=CC=CC=C1)CCCC1=CN=CC=C1
2723,[H][C@]1(C)O[C@]([H])(O[C@]2([H])[C@@]([H])(CO)O[C@]([H])(O)[C@]([H])(O)[C@@]2([H])O)[C@]([H])(O)[C@@]([H])(O)[C@]1([H])N[C@@]1([H])C=C(CO)[C@@]([H])(O)[C@]([H])(O)[C@@]1([H])O
2724,O[C@H]1[C@@H](O)[C@@H](O[C@@H]1COP(O)(O)=O)N1C(=O)NC(=O)C=C1O
2725,CC1=C2N3C=NN=C3SC2=CC=C1
2726,N[C@@H](CCCC(=C)C(O)=O)C(O)=O
2727,CSCC[C@@H](N)C(O)=O
2728,[H][C@@]12CO[C@@]3(COS(N)(=O)=O)OC(C)(C)O[C@@]3([H])[C@]1([H])OS(=O)(=O)O2
2729,S\C=C\C[S@](=O)CC=C
2730,CSC1=NC=NC2=C1N=CN2[C@@H]1O[C@H](CO)[C@@H](O)[C@H]1O
2731,CC(=O)OP(O)(O)=O
2732,NC1=NC2=C(N=CN2)C(OC[C@H]2CCC(=O)N2)=N1
2733,[H][C@@](CCSC)(NC(O)=O)C(O)=O
2734,O[C@H]1O[C@H](COP(O)(O)=O)[C@@H](O)[C@H](O)[C@@H]1O
2735,[H][C@@]12CC[C@H](O)[C@@]1(C)CC[C@@]1([H])[C@@]2([H])CC[C@@]2([H])CC(=O)CC[C@]12C
2736,NC1=NC=NC2=C1N=CN2[C@@H]1O[C@H](COP(O)(=O)OS(O)(=O)=O)[C@@H](OP(O)(O)=O)[C@H]1O
2737,NC(CO\C(O)=N\CCNC1=C(NCCCN2CCN(CCC\N=C(/O)C3=CC(=CC(OC4OC(CO)C(O)C(O)C4O)=C3)[N+]([O-])=O)CC2)C(=O)C1=O)CO\C(O)=N\CCNC1=C(NCCCN2CCN(CCC\N=C(/O)C3=CC(=CC(O[C@H]4O[C@H](CO)[C@H](O)[C@H](O)[C@H]4O)=C3)[N+]([O-])=O)CC2)C(=O)C1=O
2738,[H][C@](CN)(CO)C(O)=O
2739,O[C@@H]1[C@@H](COP(O)(O)=O)O[C@@H]([C@@H]1O)N1C=NC2=C1C=NC(=O)N2
2740,[H][C@@]1(C)C(=O)C[C@@]([H])(CC(O)O)C1(C)C
2741,N\C=C\OP(O)(O)=O
2742,OP(O)(=O)C(C1=CC=CC=C1)P(O)(O)=O
2743,OC(=O)C1=CC=C(O1)C1=CC=CC=C1Cl
2744,CCCCCCCC(=O)SCCNC(=O)CCNC(=O)[C@H](O)C(C)(C)COP(O)(=O)OP(O)(=O)OC[C@H]1O[C@H]([C@H](O)[C@@H]1OP(O)(O)=O)N1C=NC2=C1N=CN=C2N
2745,[H][C@]1(CNC2=C(N1)C(N)=NC(N)=N2)C1=CC=CC=C1
2746,CCC(=O)SCCNC(=O)CCNC(=O)[C@H](O)C(C)(C)COP(O)(=O)OP(O)(=O)OC[C@H]1O[C@H]([C@H](O)[C@@H]1OP(O)(O)=O)N1C=NC2=C1N=CN=C2N
2747,C\C(C=C)=C/C=C/C(/C)=C/C=C1/C(C)=CCCC1(C)C
2748,CC1=NC(C)=C(S1)C1=CC=NC(NC2=CC=C(C=C2)C(F)(F)F)=N1
2749,[H][C@]1(COS(N)(=O)=O)O[C@@]([H])(N2C=NC3=C(N)N=CN=C23)[C@]([H])(O)[C@]1([H])O
2750,CN(C1=CC=C(C=C1)C(=O)NO)S(=O)(=O)C1=CC=C(S1)C1=NC=CC=C1
2751,COC1=CC(=CC=C1OC(F)F)C1=NNC(=O)C=C1
2752,COC1=CC(CN(C)C2=CN=C3N=C(N)N=C(N)C3=C2)=CC(OC)=C1OC
2753,CC1=C(CCC(O)=O)C2=CC3=C(CCC(O)=O)C(C)=C4N3[Zn]35N2C1=CC1=C(C=C)C(C)=C(C=C2N3C(C(C)=C2C=C)=C4O)N51
2754,CC1=CN(C(=O)NC1=O)[C@]12C[C@H]1[C@H](CO)[C@@H](O)C2
2755,OC(O)(C(F)(F)F)C(F)(F)F
2756,OC1=C(O)C(=CC=C1)C1=CC=CC=C1
2757,CC(=C)[C@@H]1CC[C@@]2(C)O[C@H]2C1
2758,NS(=O)(=O)C1=CC(=CC(N2CCCC2)=C1OC1=CC=CC=C1)C(O)=O
2759,C[C@H](N)[C@@H](CCCCCC(O)=O)NC(=O)OP(O)(O)=O
2760,N[C@@H](CC1=CC(N)=C(O)C=C1O)C(O)=O
2761,COC1=CC=C2SCCN(CC2=C1)C(=O)CCN1CCC(CC2=CC=CC=C2)CC1
2762,NC1=NC=NC2=C1N=CN2[C@@H]1O[C@H](COP(O)(=O)OP(O)(=O)OP(O)(O)=S)[C@@H](O)[C@H]1O
2763,[H]N([H])C1=C2N=CN([C@@H]3O[C@H](COP(O)(=O)OP(O)(=O)OCC(C)(C)[C@@H](O)C(=O)N([H])CCC(=O)N([H])CCSCC(=O)N([H])CCC4=CN([H])C5=CC=CC=C45)[C@@H](OP(O)(O)=O)[C@H]3O)C2=NC=N1
2764,C[C@](O)(CS(=O)(=O)C1=CC=C(F)C=C1)C(=O)NC1=CC(=C(C=C1)C#N)C(F)(F)F
2765,[H][C@]1(CSC)O[C@@]([H])(N2C=CC3=C(N)N=CN=C23)[C@]([H])(O)[C@]1([H])O
2766,[H][C@@](C)(O)[C@@]1([H])O[C@@]([H])(N2C=NC3=C(C)N=CN=C23)[C@]([H])(O)[C@]1([H])O
2767,COCCOCCOC
2768,CC1=C(CC(N)=O)C2=C(C=CC(OCCCC(O)=O)=C2)N1CC1=CC=CC=C1
2769,[H][C@]1(COP(O)(=O)OP(O)(=O)C[As](O)(O)=O)O[C@@]([H])(N2C=NC3=C(N)N=CN=C23)[C@]([H])(O)[C@]1([H])O
2770,CCCCCCC(O)=O
2771,[H][C@@]1(CSC(=N1)C(\N)=C\C)C(O)=O
2772,[H][C@@](C)(N)[C@@]([H])(CCCCCC(O)=O)CC(O)=O
2773,O[C@H]1[C@H](O)[C@@H](OP(O)(O)=O)[C@@H](O)[C@@H](OP(O)(O)=O)[C@@H]1O
2774,[H]N([H])CCCC(=O)N([H])[C@@H](CSCC1=CC=C(OC)C=C1)C(=O)N([H])CC(O)=O
2775,[H][C@@]1(O)O[C@@]([H])(C(O)=O)[C@@]([H])(O)[C@]([H])(O)[C@@]1([H])O
2776,CC[C@]1([C@@H](C)C1(Cl)Cl)C(=O)N[C@H](C)C1=CC=C(Cl)C=C1
2777,[H][C@]1(O)C[C@@]([H])(O[C@]1([H])CO)N1C=NC2=C(N)N=C(F)N=C12
2778,ON(CCCP(O)(O)=O)C=O
2779,CC1=C2C=C3[C@@H](C(O)=C)C(C)=C4C=C5N6C(=CC7=C(CCC(O)=O)C(C)=C8C=C([C@@H]1C=C)N2[Fe@@]6(N34)N78)C(CCC(O)=O)=C5C
2780,[H][C@@]12C=C(Br)N=C1C(=O)NCC[C@]2([H])C1=NC(N)=NC1=O
2781,OCC(=O)C(O)=O
2782,CC(C)(N)C(O)=O
2783,[H][C@](CS)(CC1=CC=CC=C1)C(O)=O
2784,ON(CC(O)=O)C(O)=O
2785,CCCCCC[C@@H](O)C\C=C/CCCCCCCC(O)=O
2786,[S-]SSS[S-]
2787,O[C@H]1[C@@H](O)[C@@H](O[C@@H]1COP(O)(O)=O)N1C(=O)NC(=O)C=C1C(O)=O
2788,[H][C@](N)(CC[Se](C)=O)C(O)=O
2789,N[C@@H](CC1=CNC2=C1C=C(O)C=C2)C(O)=O
2790,[NH3+]CC1=CC=C(CNCCC(O)=O)C=C1
2791,[H][C@@](C)(O)[C@]([H])(O)[C@@]([H])(O)[C@@]([H])(O)C=O
2792,N1C=NC2=CC=CC=C12
2793,CS(=O)(=O)C1=CC=C(NC2=CC(Cl)=NC3=CC=NN23)C=C1
2794,OC[C@H]1O[C@@]2(NC(=S)NC2=O)[C@H](O)[C@@H](O)[C@@H]1O
2795,[H][C@](N)(CCCN[P@@](N)(=O)NS(O)(=O)=O)C(O)=O
2796,N[C@@H](CN1C=C(F)C(=O)NC1=O)C(O)=O
2797,CCN1C(=O)C=CC1=O
2798,[H][C@](N)(COC(=O)[C@@]([H])(N=C([O-])CC1=CC=CC=C1)[C@]1([H])N[C@@]([H])(C(O)=O)C(C)(C)S1)C([O-])=O
2799,CC1=C(CCO)SC=N1
2800,CCCC1=CC=CC=C1N
2801,[H][C@](N)(CCOCCN)C(O)=O
2802,CC[C@H](N)CC1=CC=CC=C1
2803,NS(=O)(=O)C1=CC=C(C=C1)\N=N\C1=C2C=C(Br)C=CC2=NC1=O
2804,ClC1=CC=C(C=C1)C1=CN=CN1
2805,[H][C@]1(NC(=O)CNC(=O)C2=C(COC)SC(=N2)[C@@H](NC(=O)C2=C(C)SC(=N2)[C@H](CC(=O)NC)NC(=O)C2=CSC(=N2)C2=CC=C(N=C2C2=CSC(=N2)C2=CSC1=N2)C1=NC(=CS1)C1=N[C@@H](CO1)C(=O)N1CCC[C@H]1C(N)=O)C(C)C)[C@@H](O)C1=CC=CC=C1
2806,[H]N1C(=O)C=CN([C@@H]2O[C@H](COP(O)(=O)OP(O)(=O)O[C@H]3O[C@H](CO)[C@H](O)[C@H](O)[C@@]3([H])F)[C@@H](O)[C@H]2O)C1=O
2807,[H][C@@](O)(N[C@@]([H])(CC1=CC=CC=C1)[C@]([H])(O)N[C@@]([H])(CC1=CC(C(O)=O)=C(OCC(O)=O)C=C1)[C@@]([H])(O)NCCCCC)OC(C)(C)C
2808,CC(C)[C@H](O)[C@H](N)C(O)=O
2809,CS\C(N)=N\CCCCCCCCCCCCCC\N=C(/N)SC
2810,[H]N1C(=O)N(C=C(C)C1=O)[C@H]1C[C@H](O)[C@@H](COP(O)(S)=S)O1
2811,[H][C@@](CCCC)(NCC1=C(COP(O)(O)=O)C=NC(C)=C1O)C(O)=O
2812,[H]\C(CCC)=C(/[H])\C(\[H])=C(/[H])CCCCCCCCCO
2813,OS(=O)(=O)C1=CC=C([Hg])C=C1
2814,COC1=CC2=NC=NC(NC3=CC(SC)=CC=C3)=C2C=C1OC
2815,NC1=NC(=O)C2=C(N1)N=C(I)N2
2816,NS(=O)(=O)C1=CC=C(S1)S(=O)(=O)NCC1=CC=CS1
2817,N[C@@H](CSCC(N)=O)C(O)=O
2818,[H]N=C(CC1=CNC2=CC=CC=C12)C(O)=O
2819,CC(C)COC1=CC=CC(C2=NC3=C(N2)C=C(Cl)C(=C3)C(N)=N)=C1O
2820,CCCCCCCCCCCCCCCC(=O)SCCNC(C)=O
2821,CCS\C(N)=N\C1=CC=C(C=C1)C(F)(F)F
2822,[H][C@@](O)(CNCP(O)(O)=O)[C@@]([H])(O)[C@]([H])(O)[C@]([H])(O)COP(O)(O)=O
2823,CC1=NC2=C(O1)N=C(N)NC2=O
2824,C[As](C)(O)=O
2825,[NH3+]C1CCCCC1
2826,[H][C@](CS)(CC(C)C)C(O)=O
2827,[H][C@@]12CC[C@](C)(O)[C@@]1(C)C=CC1=C3CCC(=O)C=C3CC[C@@]21[H]
2828,N[C@@H](CN1OC(=O)NC1=O)C(O)=O
2829,[H][C@@](C)(O)CN1C=NC2=C(N)N=CN=C12
2830,CC(=O)O[C@H]1CC(C)(C)C(=C=C\C(C)=C\C=C\C=C\C=C(/C)\C=C2/OC(=O)C(\C=C\[C@@]34O[C@]3(C)C[C@@H](O)CC4(C)C)=C2)[C@](C)(O)C1
2831,OC1=CC=C(I)C=C1
2832,[H]N([H])[C@@H](CCC(=O)N([H])[C@@H](CS(O)(=O)=O)C(=O)N([H])CC(O)=O)C(O)=O
2833,[H]N([H])[C@@H](CCCC(=O)N([H])[C@@H]1C(=O)N([C@H](C[S@](C)=O)C(O)=O)[C@]1([H])S)C(O)=O
2834,NC1=CC2=C(C=C1)C1=CC=C(N)C=C1C(C1=CC=CC=C1)=[N+]2CCCCCCC1=CN=NN1CCNC1=C2CCCCC2=NC2=C1C=CC=C2
2835,NC1=CC=C(C=C1)[As](O)(O)=O
2836,[H][C@@]1(CCCCCCCC(O)=O)C=CC(=O)[C@]1([H])CC=CCC
2837,[H][C@]1(O)[C@@]([H])(O)[C@]([H])(O)[C@](F)(CO)OC1([H])F
2838,[H]N1C(SCC(=O)N2CCCCC2)=NC(=O)C=C1C(F)(F)F
2839,[H]\C(=C(\C)[C@]1([H])C[C@]2([H])O[C@]2(C)CCC[C@]([H])(C)[C@]([H])(O)[C@@]([H])(C)C(=O)C(C)(C)[C@@]([H])(O)CC(=O)O1)C1=CSC(C)=N1
2840,[H][C@]1(COP(O)(S)=S)O[C@@]([H])(N2C=NC3=C(N)N=CN=C23)C([H])(O)[C@]1([H])O
2841,[H][C@@](CC1=CC=CC=C1)(NS(N)(=O)=O)C(O)=O
2842,CC(=O)N[C@H]1[C@H](O)O[C@H](CO)[C@@H](O[C@@H]2O[C@H](CO)[C@@H](O)[C@H](O)[C@H]2NC(C)=O)[C@@H]1O
2843,[H]N1C=[N+]([C@@H]2O[C@H](CO)[C@@H](O)[C@H]2O)C2=C1[C@H](O)N=CN2[H]
2844,NC(=N)C1=CC2=C(C=C1)N=C(N2)C1=C(O)C=CC=N1
2845,CCCCCCCCCCCC(O)=O
2846,CC1=CC=C(N)C=C1C
2847,NC1=NC=CC(=N1)C1=C(Cl)SC(Cl)=C1
2848,NC(=O)C1=C[NH+]=CC(=C1)[C@@H]1O[C@H](COP([O-])(=O)OP(O)(=O)OC[C@H]2O[C@H]([C@H](O)[C@@H]2O)N2C=NC3=C2N=CN=C3N)[C@@H](O)[C@H]1O
2849,[H]C(=C([H])C([H])(C)C([H])(OC(C)=O)[C@]([H])(C)C(=O)CC[C@]([H])(C)[C@]([H])(C[C@]1([H])OC(=O)C[C@@]([H])(O)CCCC(=O)C[C@]([H])(C)C2=COC(=N2)C2=COC(=N2)C2=COC(=N2)\C([H])=C([H])\C[C@]([H])(OC)[C@@]1([H])C)OC)N(C)CO
2850,[H]N1C2=C(N(CCCOP(O)(O)=O)C(=O)N2C[C@@H](O)[C@H](O)[C@H](O)CO)C(=O)N([H])C1=O
2851,CC(C)(C)N1[NH+]=C(C2=C1N=CN=C2N)C1=CC=C(Cl)C=C1
2852,[H][C@](C)(CC1=CSC(N)=N1)C=O
2853,CCCCC[C@H](O)C=C
2854,ONC(=O)COP(O)(O)=O
2855,OC(=O)C1=NC2=CC=CC=C2N1
2856,CC1=CC=C(CN2C=NC(=C2)C2=CC=CS2)C=C1
2857,CN(C)C1=CC=CC2=C1C=CC=C2S(=O)(=O)NCCCCCCCCNC(=O)C12CC3CC(CC(C3)C1)C2
2858,CCCCCCCCSC[C@H](NC(=O)CC[C@H](N)C(O)=O)C(=O)NCC(O)=O
2859,COC1=CC=C(C=C1)S([O-])=O
2860,C[C@@H]1COC2=C(N3CCN(C)CC3)C(F)=CC3=C2N1C=C(C(O)=O)C3=O
2861,OC1=CC=CC2=C1C(=O)C1=C(O)C=CC(=C1C2=O)[N+]([O-])=O
2862,OC(=O)CC1=C(O)C2=C(C=C1)C(=O)C1=C(C(O)=CC=C1)C2=O
2863,[H]N([H])C1=NC(=O)C2=C(N([H])C=C2CCC2=CC=C(C=C2)C(=O)N([H])[C@@H](CCC2=NN([H])N=N2)C(O)=O)N1[H]
2864,NS(=O)(=O)C1=CC=C(C=C1)C(=O)NCC1=CC(F)=CC=C1F
2865,OC(=O)CN(CC(O)=O)CC(O)=O
2866,O[C@@H]1[C@@H](COP(O)(=O)OP(O)(=O)O[C@H]2O[C@@H]([C@@H](O)[C@H](O)[C@H]2O)C(O)=O)O[C@H]([C@@H]1O)N1C=CC(=O)NC1=O
2867,[H][C@@](O)(COP(O)(O)=O)[C@@]([H])(O)[C@]([H])(O)C(O)=O
2868,[H][C@](N)(CC1=CNC2=C1C=C[Se]2)C(O)=O
2869,CC1=CC=C(C=C1)N1N=C(C=C1NC(=O)NC1=CC=C(OCCN2CCOCC2)C2=C1C=CC=C2)C(C)(C)C
2870,CC(=O)OCCNC(=O)CCNC(=O)[C@H](O)C(C)(C)COC(=O)C(C)(C)C
2871,COC1=CC=C2C=CC(=CC2=C1C1=CN(N=C1)S(C)(=O)=O)C(N)=N
2872,[H]\C(C)=C(\[H])CCC([H])=C([H])CC\C([H])=C(/[H])CCCCCCC(=O)OC[C@]([H])(COP(O)(=O)OCCN)OC(=O)CCCCCCC\C([H])=C(/[H])C\C([H])=C(/[H])CCC
2873,OC(=O)CC1=CC(=O)NC(=O)N1
2874,N[C@@H](CS[SeH])C(O)=O
2875,OC(=O)[C@H]1CCCO1
2876,OC(=O)C1=CC=C(OCCN2C=CN=C2)C=C1
2877,NC1(CC1)[P@](O)([O-])=O
2878,BrC(Br)Br
2879,C1CCN(CC1)C1CCNCC1
2880,[H]C(=O)CC([H])=O
2881,NC1=CC=CC=C1CO
2882,CC(=O)CC(=O)SCCNC(=O)CCNC(=O)[C@H](O)C(C)(C)COP(O)(=O)OP(O)(=O)OC[C@H]1O[C@H]([C@H](O)[C@@H]1OP(O)(O)=O)N1C=NC2=C1N=CN=C2N
2883,COC1=CC(\C=C/C2=C(C)C3=C(N)N=C(N)N=C3N=C2)=C(OC)C=C1
2884,CCCCC[C@H](C)NC=O
2885,CN1C=CN=C1C(=O)C1=C(C)C2=C(O1)C=CC=C2OCCCNCC1=CN=CC=C1
2886,COC1=CC(=CC(OC)=C1OCC1=CC=CC=C1)C(=O)N[C@@H](CC1=CC=CC=C1)[C@@H](O)CN(CC[C@@H]1CCC2OCOC2C1)C(=O)CCN1C(=O)C2=CC=CC=C2C1=O
2887,CCCCCCCCCCC1=C(O)C(=O)NC1=O
2888,NC(=N)N1C=C2C=CC=C(C2=N1)[N+]([O-])=O
2889,C[C@@H](O)C(O)=O
2890,OC(=O)C1=C(C=C(OC2=C(NC(=O)C3=CC(=CC=C3)[N+]([O-])=O)C=C(NC(=O)C3=CC(=CC=C3)[N+]([O-])=O)C=C2)C=C1)C(O)=O
2891,OC[C@H]1O[C@H]([C@H](O)[C@@H]1O)N1C=CC=NC1=O
2892,NC1=NC(=O)N(C=C1)[C@@H]1O[C@H](COP(O)(=O)OP(O)(=O)O[C@H]2OC[C@@H](O)[C@H](O)[C@H]2O)[C@@H](O)[C@H]1O
2893,[H]N([H])C(=O)C1=C[Se]C(=N1)[C@]1([H])O[C@H](COP(O)(=O)OP(O)(=O)OC[C@H]2O[C@H]([C@H](O)[C@@H]2O)N2C=NC3=C(N=CN=C23)N([H])[H])[C@@H](O)[C@H]1O
2894,C[C@H](N)C1=NC(C)=C(O)N1CC(O)=O
2895,CC1=CC=CC2=C1N=C(CCCN1CCC(=CC1)C1=CC=C(F)C=C1)NC2=O
2896,COC1=CC(=CC=C1)C(N)=O
2897,NC1=NC2=C(C(=CN2)C#N)C(=O)N1
2898,OP(O)(=O)N[P@](O)(=O)OP(O)(O)=O
2899,CNC(=O)C1=CC=CC(CN2[C@H](COC3=CC=CC=C3)[C@H](O)[C@@H](O)[C@@H](COC3=CC=CC=C3)N(CC3=CC=CC=C3)S2(=O)=O)=C1
2900,CCCOCCOCCOCCCNC1=C(N)C(=O)C1=O
2901,O[P@@](=O)(OCC1=CC=CC=C1)OC1=C(C=O)C=CC=C1
2902,[H][C@]1(COP(O)(O)=O)O[C@]([H])(N2C=NC3=CC=CC=C23)[C@]([H])(O)[C@]1([H])O
2903,COC1=C(C)C(C)=C(C(C)=C1)S(=O)(=O)N[C@@H](CC(O)=O)C(=O)N[C@H](CC1=CC=C(C=C1)C(N)=N)C(=O)N1CCCCC1
2904,NCC1=CC=C(NC(=O)C2=CC(NC3=NC=CC=N3)=C3C=C(C=CC3=C2)C(N)=N)C=C1
2905,COC1=CC(OC)=C(\C=C2\C(=O)NC3=CC=CC=C23)C(OC)=C1
2906,CCCN1C(=NC(=C1C1=CC=NC(NC2CC2)=N1)C1=CC=C(Cl)C(Cl)=C1)C1CCN(C)CC1
2907,OCC(O)=O
2908,[H][C@@](N)(CC1CCCCC1)[C@]([H])(O)C(=O)NNC1=CC=C(C)C=C1
2909,CC[C@@H](C)C1=NC=CS1
2910,OC(=O)[C@@H]1CCC(=O)N1
2911,[H][C@@](CCCC)(N1CCN[C@]([H])(CC2=CC=CC=C2)C1=O)C(O)=O
2912,N[C@@H](CCC(O)=O)C(N)=O
2913,[H][C@]1(O)C=C(CO)[C@@]([H])(O)[C@]([H])(O)[C@@]1([H])O
2914,COC1=CC(CC2=NC3=NC(F)=NC(N)=C3N2)=C(OC)C=C1
2915,[H][C@@](C)(N)[C@@]1([H])N[C@@]([H])(CN)C(=O)N1CC(O)=O
2916,C[N+](C)(C)C
2917,NCCN1CCOCC1
2918,[H]N(CC1=C(O)C(C)=NC=C1COP(O)(O)=O)C1=CON([H])C1=O
2919,C[Se]CC([O-])=O
2920,NC1=C(NC(=O)NC1=O)[N+]([O-])=O
2921,O=N(=O)C1=CC2=NNC=C2C=C1
2922,OC[C@H]1O[C@H](OP(O)(O)=O)[C@H](O)[C@@H]1O
2923,OC(=O)C(=O)NC1=C(C(O)=O)C2=C(COCC2)S1
2924,CC1=CN([C@H]2C[C@H](O)[C@@H](COP(O)(=O)OP(O)(O)=O)O2)C(=O)NC1=O
2925,CC(=O)N\C(=C/C1=CC=C(CC(O)=O)C(C=O)=C1)C(=O)N[C@H]1CCCCN(CC2=CC=C(C=C2)C2=CC=CC=C2)C1=O
2926,N[C@@H](CCCO)C(O)=O
2927,O[C@H]1[C@H](O)[C@@H](O)[C@H](O)[C@@H](O)[C@@H]1O
2928,NCCC(O)=O
2929,[H][C@@](O)(COP(O)(O)=O)[C@@]([H])(O)C(O)=O
2930,[H]N([C@H]1[C@H](O)O[C@H](CO)[C@@H](O)[C@H]1O)C(C)=O
2931,OC1=CC=CC=C1Cl
2932,N[C@@H]1[C@@H](O)[C@H](O)[C@@H](CO)O[C@@H]1OP(O)(O)=O
2933,[H][C@]12CS[C@@]([H])(CCCCCC(O)=O)[C@@]1([H])NC(=O)N2
2934,[H][C@@](CF)(OP(O)(O)=O)C(O)=O
2935,O[P@@](=O)(OCC1CCCCC1)OC1=C(C=O)C=CC=C1
2936,[H]N(OC[C@@H](O)CO)C(=O)C1=CC(Br)=C(F)C(F)=C1N([H])C1=C(F)C=C(I)C=C1
2937,[H][C@]1(CC(=C[C@@]([H])(OP(O)(O)=O)[C@@]1([H])O)C(O)=O)O[C@@](C)(OP(O)(O)=O)C(O)=O
2938,[H]N([H])C1=C2N=CN([C@@H]3O[C@H](COP(O)(=O)OP(O)(=O)OCC(C)(C)[C@@H](O)C(=O)N([H])CCC(=O)N([H])CCSC[C@H](C)C(O)=O)[C@@H](OP(O)(O)=O)[C@H]3O)C2=NC=N1
2939,O\C(=C/C(=O)C1=CNC2=CC=C(Cl)C=C12)C1=NN=NN1
2940,CC1=CC=C(C=C1)S(O)(=O)=O
2941,COC1=CC2=C(C=C1)N(CC1=CC=CC=C1)C(C)=C2CC(O)=O
2942,[H][C@@](CC(O)=O)(NC(=O)C1=CC=C(CNS(=O)(=O)C2=CC(C(O)=O)=C(O)C=C2)C=C1)C(C)=O
2943,COC1=CC(CC2=C[NH+]=C(N)N=C2N)=CC(OC)=C1OC
2944,[H][C@@]1(C[C@]([H])(OC(=O)C2=CC=CC=C2NC)[C@@]([H])(COP(O)(=O)OP(O)(O)=O)O1)N1C=NC2=C(N)N=CN=C12
2945,NC(=[NH2+])C1=CC=CC=C1
2945,NC(=[NH2+])C1=CC=CC=C1
2946,CC(=O)OCC[N+](C)(C)C
2947,[H]N([H])C(N([H])[H])=[N+]([H])CCCOB1OCCO1
2948,[H]N([H])[C@@H](CCC(=O)N([H])[C@@H](CSC(O)OCC1=CC=C(C=C1)[N+]([O-])=O)C(=O)N([H])CC(O)=O)C(O)=O
2949,OS(=O)(=O)CCCSC1=NC2=C(S1)C=CC=C2
2950,[H][C@]1(CO)O[C@@]([H])(C2=NC3=C(N2)C=C(C)C=C3)[C@]([H])(O)[C@@]([H])(O)[C@]1([H])O
2951,N[C@@H](CCCCC(O)=O)C(O)=O
2952,ON(CCP(O)(O)=O)C=O
2953,NC(=[NH2+])C1=CC2=C(S1)C=CC=C2I
2953,NC(=[NH2+])C1=CC2=C(S1)C=CC=C2I
2954,COC1=CC(CC2=NC3=C(N)N=C(F)N=C3N2CCCC#C)=C(OC)C=C1
2955,[O-][Cl](=O)(=O)=O
2956,[H][C@@]1(CCCCC(=O)NCCCCCC(O)=O)SC[C@]2([H])NC(=O)N[C@]12[H]
2957,OB(O)C1=CC=C(C=C1)C(O)=O
2958,O[C@@H]1CN(N(CC2=CC=C(O)C=C2)C(=O)N(CC2=CC=C(O)C=C2)[C@@H]1CC1=CC=CC=C1)S(=O)(=O)C1=CC(=CC=C1)C#N
2959,OC[C@@H]1O[C@@H](O)[C@H](O)[C@H]1O
2960,CCCCCCCCCO
2961,N[C@@H](CCCNC(=N)NO)C(O)=O
2962,CC1=C(CCOP(O)(O)=O)SC=N1
2963,[H][C@]1(COP(O)(O)=O)O[C@@]([H])(N2C=NC3=C2[NH+]=CN=C3SP(O)(O)=O)[C@]([H])(O)[C@]1([H])O
2964,CC1=CC2=C(C=C1C)N(C[C@H](O)[C@H](O)[C@H](O)CO[P@](O)(=O)O[P@@](O)(=O)OC[C@H]1O[C@H]([C@H](O)[C@@H]1O)N1C=NC3=C1N=CN=C3N)C1=NC(=O)NC(=O)C1=N2
2965,NC1=NC=NC2=C1N=CN2[C@@H]1O[C@H](COP(O)(=O)CP(O)(O)=O)[C@@H](O)[C@H]1O
2966,CC1=CN([C@H]2CC[C@@H](COP(O)(O)=O)O2)C(=O)NC1=O
2967,[Cu]12[Cu]3[Cu]4[Cu]1S234
2968,[H][C@@]1(O)O[C@]([H])(CO)[C@@]([H])(O)[C@]([H])(O)[C@@]1([H])OCCCCCCCC
2969,OC1=NC=NC2=C1N=NC2
2970,OP(O)(=O)C(F)(F)C1=CC2=CC(=CC=C2C=C1)C(F)(F)P(O)(O)=O
2971,[H]N1C(=O)C=CN([C@@H]2O[C@H](CO)[C@@H](OP(O)(O)=O)[C@@]2([H])F)C1=O
2972,O[C@@H]1O[C@@H]([C@@H](O)[C@H](O)[C@H]1O)C(O)=O
2973,[H]N([C@@H](CC1=CC=C(OS(=O)(=O)C2=CC=CC3=C2C=CC=C3N(C)C)C=C1)C(O)=O)S(=O)(=O)C1=CC=CC2=C1C=CC=C2N(C)C
2974,O[C@H]1[C@@H](O)[C@@H](OP(O)(O)=O)[C@H](O)[C@@H](O)[C@@H]1OP(O)(O)=O
2975,NC(=[NH2+])C1=CC=C2NC(=CC2=C1)C1=CC=CC(=C1[O-])C1=CC=CC=C1
2976,[H][C@@](C)(NCC1=C(COP(O)(O)=O)C=NC(C)=C1O)C(=O)CCCCCC(O)=O
2977,[H]N1C(=O)N(C=C(C)C1=O)[C@H]1C[C@H](O)[C@@H](COP(O)(=O)OP(O)(=O)O[C@H]2OC[C@@H](O)[C@H](O)[C@H]2O)O1
2978,OC(=O)C1=NSN=C1O
2979,CC(=O)CSCCS(O)(=O)=O
2980,[H]N([H])C1=[N+](C)C=NC2=C1N([H])C=N2
2981,CN(C)CCO[P@](O)(=O)OP(O)(O)=O
2982,CC(O)=O
2983,OC1=C(Br)C(Br)=C(Br)C(Br)=C1Br
2984,[H]N([H])C(=O)C1=C(C=C[N+](=C1)[C@@H]1O[C@H](COP([O-])(=O)OP(O)(=O)OC[C@H]2O[C@H]([C@H](O)[C@@H]2O)N2C=NC3=C(N=CN=C23)N([H])[H])[C@@H](O)[C@H]1O)[C@@H]1CCCCC1=O
2985,[H][C@](O)(C([O-])=NCCC([O-])=NCCSC(=O)C[C@@](C)(O)CC([O-])=O)C(C)(C)COP(O)(=O)OP(O)(=O)OC[C@@]1([H])O[C@@]([H])(N2C=NC3=C(N)N=CN=C23)[C@]([H])(O)[C@]1([H])OP([O-])([O-])=O
2986,CC(C)(COP(O)(=O)OP(O)(=O)OC[C@H]1O[C@H]([C@H](O)[C@@H]1O)N1C=NC2=C1N=CN=C2N)[C@@H](O)C(=O)NCCC(=O)NCCS
2987,OP(O)(=O)OCCCC1=CNC2=C1C=CC=C2
2988,NC1=NC=NC2=C1C=CN2[C@@H]1O[C@H](CO)[C@@H](O)[C@H]1O
2989,NC(=[NH2+])C1=CC=C2NC(=CC2=C1)C1=CC=CC(OC2CCCC2)=C1[O-]
2990,OP(O)(=O)CC=O
2991,CCCO
2992,CC(C)C1=CC(OC2=C(Cl)C=C(CC(O)=O)C=C2Cl)=CC=C1O
2993,CC1=CC2=C(C=C1)N=CN2
2994,[H]N([H])C1=NC(=O)C2=C(N1[H])N(C=N2)[C@@H]1O[C@H](CO)[C@@]2([H])O[P@](O)(=S)O[C@@]12[H]
2995,COC1=CC(\C=C\C(=O)SCCNC(=O)CCNC(=O)C2(O)[C@H](OP(O)(=O)OP(O)(=O)OC[C@H]3O[C@H]([C@@H](O)[C@@H]3OP(O)(O)=O)N3C=NC4=C(N)N=CN=C34)C2(C)C)=CC(OC)=C1O
2996,CC1=CC(N)=C(N)C=C1C
2997,CC(C)C1=CC(OC2=C(C)C=C(C=C2C)N2N=CC(=O)NC2=O)=CC=C1O
2998,[H]N([H])C1=C2N=CN([C@@H]3O[C@H](COP(O)(=O)OP(O)(=O)OCC(C)(C)[C@@H](O)C(=O)N([H])CCC(=O)N([H])CC[C@@H](F)C(O)=O)[C@@H](OP(O)(O)=O)[C@H]3O)C2=NC=N1
2999,CCOC(=O)C1=C(C)N(N=C1C)C1=CC=C(N)C=C1
3000,[H][C@]1(N)C[C@@]([H])(C)[C@@]([H])(N1)C(O)=O
3001,[H][C@]1(CO)O[C@@]([H])(N2C=CC=CNC2=O)[C@]([H])(O)[C@]1([H])O
3002,[H]N([H])C1=C2N=CN([C@@H]3O[C@H](COP(O)(=O)OP(O)(=O)O[C@H]4C[C@@H](O[C@@H]4COP(O)(O)=O)N4C=CC(=O)N([H])C4=O)[C@@H](OP(O)(O)=O)[C@H]3O)C2=NC=N1
3003,[H][C@](CCCCC(O)=O)(CCSCN)SSCCO
3004,[Cu].C1CNCCNCCCNCCNC1
3005,[H][C@]1(COC(=O)CCCCCCC)O[C@@](CO)(O[C@@]2([H])O[C@]([H])(CO)[C@@]([H])(O)[C@]([H])(O)[C@@]2([H])O)[C@@]([H])(O)[C@]1([H])O
3006,[H][C@](N)(C[C@@]1([H])CO1)C(O)=O
3007,CCCCCCC[C@@H](O)CC(=O)SCCNC(=O)CCNC(=O)[C@H](O)C(C)(C)COP(O)(=O)OP(O)(=O)OC[C@H]1O[C@H]([C@H](O)[C@@H]1OP(O)(O)=O)N1C=NC2=C1N=CN=C2N
3008,CCCCCCCCCCCCCCCCCC(O)=O
3009,CO[C@H]1O[C@@H](C)[C@@H](O)[C@@H](O)[C@@H]1O
3010,CC1=CN([C@H]2C[C@H](F)[C@@H](COP(O)(O)=O)O2)C(=O)NC1=O
3011,[H][C@@]1(CO)O[C@@]([H])(OC2=CC=C(C=C2)[N+]([O-])=O)[C@]([H])(O)[C@@]1([H])O
3012,NC1=NC(=O)C2=NC(CO)=CN=C2N1
3013,[H][C@]1(O)O[C@]([H])(CO)[C@@]([H])(S[C@@]2([H])O[C@]([H])(CO)[C@@]([H])(O[C@@]3([H])O[C@]([H])(CO)[C@@]([H])(S[C@@]4([H])O[C@]([H])(CO)[C@@]([H])(O[C@@]5([H])O[C@]([H])(CO)[C@@]([H])(S[C@@]6([H])O[C@]([H])(CO)[C@@]([H])(O)[C@]([H])(O)[C@@]6([H])O)[C@]([H])(O)[C@@]5([H])O)[C@]([H])(O)[C@@]4([H])O)[C@]([H])(O)[C@@]3([H])O)[C@]([H])(O)[C@@]2([H])O)[C@]([H])(O)[C@@]1([H])O
3014,[H][C@@]1(C[C@]([H])(N(C)C)[C@]([H])(O)[C@]([H])(C)O1)O[C@@]1([H])C[C@](O)(CC)[C@]([H])(C(=O)OC)C2=C(O)C3=C(C(O)=C12)C(=O)C1=C(C=CC=C1OC)C3=O
3015,[H][C@]1(COP(O)(O)=O)O[C@]([H])(N2C=NC3=NC=NC=C23)[C@]([H])(O)[C@]1([H])O
3016,N[C@H](CS)C(O)=O
3017,[H][C@](NC(=O)CN1C(=O)C(NS(C)(=O)=O)=CN=C1C1=CC=C(N)C=C1)(C(C)C)C(=O)C(F)(F)F
3018,[H]\C(CCCCCCCCCCCCC)=C(\[H])[C@@]([H])(O)[C@@]([H])(N)CO
3019,CC1=NC=C(CN)C(N)=N1
3020,OC(=O)C1=CC2=C(N1)C1=C(N=C(C=C1C(O)=O)C(O)=O)C(=O)C2=O
3021,OC[C@H]1NC[C@H](O)[C@@H](O)[C@@H]1O
3022,[H][C@@]1(CC2=C(CN1S(=O)(=O)C1=CC=C(C=C1)C1=CC=CC=C1)C=CC=C2)C(O)=O
3023,[H][C@@]1(COC(=O)C2=CC(O)=C(O)C(O)=C2)O[C@@]([H])(OC(=O)C2=CC(O)=C(O)C(O)=C2)[C@@]([H])(OC(=O)C2=CC(O)=C(O)C(O)=C2)[C@@]([H])(OC(=O)C2=CC(O)=C(O)C(O)=C2)[C@]1([H])OC(=O)C1=CC(O)=C(O)C(O)=C1
3024,OC(=O)C1=NC(=O)NC(=O)N1
3025,NC1=CC=C(CCC(O)=O)C=C1
3026,OP(O)(=O)CCC(=C)C=O
3027,[H][C@](O)(C[C@]([H])(O)[C@@]([H])(O)C([O-])=O)C([O-])=O
3028,NC(=N)C1=CC2=C(C=C1)N=C(N2)C(=O)C1=NC2=C(N1)C=CC(=C2)C([NH3+])=[NH2+]
3029,N[C@@H](C=C)C(O)=O
3030,[H][C@@]1(CC(O)=O)CC[C@]([H])(N1)C(O)=O
3031,NC1=NC=NC2=C1N=CN2[C@@H]1C=C[C@H](O)[C@H]1O
3032,[H][C@@](O)(C1=CC=CC2=CC=CC=C12)P(O)(O)=O
3033,CC(=O)NC(=O)N[C@@H]1O[C@H](CO)[C@@H](O)[C@H](O)[C@H]1O
3034,[H][C@]1(O)C[C@]([H])(O[C@]2([H])[C@]([H])(C)O[C@]([H])(C[C@]2([H])N(C)C)O[C@@]2([H])C[C@](O)(CC)[C@]([H])(O)C3=C2C(O)=C2C(=O)C4=C(C=CC=C4O)C(=O)C2=C3)O[C@@]([H])(C)[C@]1([H])O[C@@]1([H])CCC(=O)[C@@]([H])(C)O1
3035,C[C@H](O)[C@@H](CCC1=C2C=CC=CC2=CC=C1)N1C=NC(=C1)C(N)=O
3036,CN[C@@H]1CN(C2=CC(OC)=CC=C2)S(=O)(=O)C2=C1C=C(S2)S(N)(=O)=O
3037,NC1=NC=NC2=C1N=CN2[C@H]1C[C@H](O)[C@@H](COP(O)(=O)OP(O)(=O)OP(O)(O)=O)O1
3038,C[N+](C)(C)[C@@H](CCC1=NC(C[C@H](N)C(O)=O)=CN1)C(N)=O
3039,[Fe+4].[H]\C(O)=C1/C(C)=C2[N-]/C/1=C([H])\C1=C(C)[C@@]([H])(C=C)\C([N-]1)=C([H])\C1=C(C)C(CCC(O)=O)=C([N-]1)\C([H])=C1/[N-]/C(=C\2/[H])C(C)=C1CCC(O)=O
3040,N[C@H](CC1=CNC2=CC=CC=C12)C(O)=O
3041,OCC(F)(F)F
3042,NC(=O)C1=CC=C[N+](=C1)[C@@H]1O[C@@H](COP(O)(O)=O)[C@H](O)[C@H]1O
3043,NC(=O)C1=C(C=C(C(=C1)N(CCCl)CCCl)[N+]([O-])=O)[N+]([O-])=O
3044,CC(C)CC(=O)C(O)=O
3045,[H][C@]1(COP(O)(=O)OCCC)O[C@@]([H])(N2C=NC3=C(N)N=CN=C23)[C@]([H])(O)[C@]1([H])O
3046,[H]N([H])C1=NC(=O)C2=NN(N([H])C2=N1)C1=CC=CC(=C1)C(=O)N([H])CC1=CC=CC=C1SC1=CC=CC=C1CO
3047,CC(C)=CCC\C(C)=C\CC\C(C)=C\CC\C(C)=C\CC\C(C)=C\CC\C(C)=C\CC\C(C)=C\CC\C(C)=C\CC1=CC=CC=C1O
3048,[H]N([H])[C@H]1C[C@@H](O[C@@H]1COP(O)(O)=O)N1C=C(C)C(=O)N([H])C1=O
3049,CN(CC=C)CC1=CC=C(C=C1)C1=CC=C(C=C1)C(=O)C1=CC=C(Br)C=C1
3050,[H]N([H])CCCN1CCN(CCCN([H])C(=O)C2=CC(=CC(O[C@H]3O[C@H](CO)[C@H](O)[C@H](O)[C@H]3O)=C2)[N+]([O-])=O)CC1
3051,NCCC(=O)NCC[C@H](N)C(O)=O
3052,O[C@@H](CC(=O)C([O-])=O)[C@@H](O)C([O-])=O
3053,NC1=CC(F)=CC(F)=C1
3054,[H][C@@](CC1=CC=C(OC2=CC(=C(O)C(=C2)[N+]([O-])=O)[N+]([O-])=O)C=C1)(NC(C)=O)C(O)=O
3055,N[C@@H](CN1C2=C(CCC2)C(=O)NC1=O)C(O)=O
3056,[H][C@](N)(CCCC)C=O
3057,[H][C@]1(CO)O[C@]([H])(OC2=CC=C(N)C=C2)[C@]([H])(O)[C@@]([H])(O)[C@@]1([H])O
3058,[NH3+]CC1=CC=C(F)C=C1
3059,[H][C@@](CC(C)C)(N1C=C(CN)N=N1)C(O)=O
3060,[H]N([H])C1=C2N=CN([C@@H]3O[C@H](COP(O)(=O)OP(O)(=O)OCC(C)(C)[C@@H](O)C(=O)N([H])CCC(=O)N([H])CCSC(=O)CCC[N+]([O-])=O)[C@@H](OP(O)(O)=O)[C@H]3O)C2=NC=N1
3061,O[C@H]1CO[C@H](O)[C@H](O)[C@H]1O
3062,CC1=CC2=C(C=C1C)N(C[C@H](O)[C@H](O)[C@H](O)COP(O)(O)=O)C1=NC(=O)NC(=O)C1=N2
3063,CC[C@@H](OP(O)(O)=O)C(O)=O
3064,[H][C@]1(COP(O)(O)=O)O[C@@]([H])(N2C=C(C)C(=O)NC2=O)[C@]([H])(OC)[C@]1([H])C
3065,[H][C@]1(CO)O[C@@]([H])(C2=NC3=CC(C)=CC=C3S2)[C@]([H])(O)[C@@]([H])(O)[C@]1([H])O
3066,[H]N([H])C(=NCCC[C@H](N([H])C(=O)C1CCCC1)C(=O)C1=NC2=CC=CC=C2S1)N([H])[H]
3067,[H][C@@](N)(CCCCN)C(O)=O
3068,NC[C@@H]1CCCN1
3069,N1C=NC=C1C1=CC=CC=C1
3070,OC1=CC=CC=C1
3071,[H]N([H])C1=NC(=O)C2=C(N([H])C[C@@H](CN([H])C3=CC=C(C=C3)C(=O)N([H])[C@@H](CCC(O)=O)C(O)=O)N2C=O)N1[H]
3072,[H][C@@](CC(C)C)(NC(C)=O)[C@]1([H])O[C@]([H])(C[C@@]1([H])C(=O)OC)C(O)=O
3073,NC1=NC(=O)N(C=C1)[C@H]1C[C@H](O)[C@@H](COP(O)(=O)OP(O)(=O)OP(O)(O)=O)O1
3074,OC1=CC=CC(=C1O)C1=C(Cl)C=CC=C1Cl
3075,NCCCCCCN
3076,NS(=O)(=O)C1=CC2=C(S1)S(=O)(=O)N(C(CN1CCOCC1)=C2)C1=CC(O)=CC=C1
3077,[H][C@@]1(O)O[C@]([H])(CO)[C@@]([H])(S[C@]2([H])O[C@]([H])(CO)[C@@]([H])(O)[C@]([H])(O)[C@@]2([H])O)[C@]([H])(O)[C@@]1([H])O
3078,CCCCCCCCCCCC(=O)SCCNC(=O)CCNC(=O)[C@H](O)C(C)(C)COP(O)(=O)OP(O)(=O)OC[C@H]1O[C@H]([C@H](O)[C@@H]1OP(O)(O)=O)N1C=NC2=C(N)N=CN=C12
3079,O=CCCCC=O
3080,CCCCN1C2=C(NC(CC3=CC=C(NC(C)=O)C=C3)=N2)C(=O)N(CC=C)C1=O
3081,CC(=O)N[C@@H](CC1=CC(C=O)=C(C=C1)C(O)=O)C(=O)N[C@H]1CCCCN(CC2=CC=C(C=C2)C2=CC=CC=C2)C1=O
3082,[H][C@]1(C)O[C@@]([H])(O)[C@]([H])(O)[C@@]([H])(O)[C@]1([H])N[C@@]1([H])C=C(CO)C([H])(O)[C@]([H])(O)[C@@]1([H])O
3083,NS(=O)(=O)C1=C(F)C=CC=C1F
3084,CN1N=C(C(Br)=C1C(F)(F)F)C1=CC(C(O)=O)=C(Cl)C=C1F
3085,[H][C@]1(CO)O[C@@]([H])(N2C=NC3=C(N)N=CN=C23)[C@]([H])(O)C1=O
3086,[H]N1C(=O)C=CN([C@H]2C[C@H](O)[C@@H](C)O2)C1=O
3087,N[C@@H](CS)C(N)=O
3088,NC(=O)C[C@@H]1NC(=O)C2(CCCCC2)NC(=O)C[C@H](\C=C\C[C@H](CNC1=O)CC1=CC=CC2=CC=CC=C12)C1=CC=C(C=C1)CP(O)(O)=O
3089,[H][C@]1(O)O[C@]([H])(CO)[C@@]([H])(O[C@@]2([H])O[C@]([H])(CO)[C@@]([H])(O[C@@]3([H])O[C@]([H])(CO)[C@@]([H])(O)[C@]([H])(O)[C@@]3([H])O)[C@]([H])(O)[C@@]2([H])O)[C@]([H])(O)[C@@]1([H])O
3090,OC[C@H](O)[C@@H](O)CO
3091,[H][C@]1(O)[C@]([H])(O)[C@@]([H])(CO)O[C@]([H])(O[C@@]2([H])[C@]([H])(O)[C@@]([H])(O)[C@@]([H])(OCCCCCCCCCCCC)O[C@]2([H])CO)[C@]1([H])O
3092,[H]N([H])C1=C2N=CN([C@@H]3O[C@H](COP(O)(=O)OP(O)(=O)OP(O)(=O)OP(O)(=O)OP(O)(=O)OC[C@H]4O[C@H](C[C@@H]4O)N4C=C(C)C(=O)N([H])C4=O)[C@@H](O)[C@H]3O)C2=NC=N1
3093,[H][C@@]1(O)C[C@@]([H])(O)[C@]([H])(O[C@@]2([H])O[C@]([H])(CO)[C@@]([H])(O)[C@]([H])(O)[C@@]2([H])O)[C@@]([H])(CO)O1
3094,C[C@@H]1O[C@H](O)[C@@H](O)[C@H](O)[C@@H]1O
3095,[H][C@]1(O)COC(=C[C@]1([H])O)C(O)=O
3096,OC1=CC=C(\C=C\C(=O)C2=C(O)C=C(O)C=C2)C=C1
3097,[H]C(N)(O)[C@]1(O[C@]([H])(CO)[C@@]([H])(O)[C@]([H])(O)[C@@]1([H])O)N=[N+]=[N-]
3098,[H]\C(OCCN)=C(\[H])/C(=N\CC1=C(COP(O)(O)=O)C=NC(C)=C1O)/C(O)=O
3099,[H][C@@](O)(CNC(=O)C1=CC2=CC(Cl)=CC=C2N1)N(CCO)C1CCCC1
3100,[H][C@](N)(CS[As](O)O)C(O)=O
3101,CC(=O)N[C@@H](CC1=CC=CC2=CC=CC=C12)[B-](O)(O)OC[C@H](N)C(O)=O
3102,[H][C@]1(N)[C@]([H])(O)[C@@]([H])(O)[C@@]([H])(O)O[C@]1([H])CO
3103,[H][C@@](N)(CP(O)(O)=O)C(O)=O
3104,CN1C(=O)NC2=C1NC(=O)NC2=O
3105,CN1SC(=O)C2=CC(=CC=C12)S(N)(=O)=O
3106,NCCCCNCCCNC(=O)CNC(=O)[C@H](CS)NC(=O)CC[C@H](N)C(O)=O
3107,[H]N([C@@H]1[C@@H](O)C[C@@](O[C@H]2[C@@H](O)[C@@H](CO)O[C@@H](O[C@@H]3[C@@H](CO)O[C@H](O)[C@H](O)[C@H]3O)[C@@H]2O)(O[C@@]1([H])[C@H](O)[C@H](O)CO)C(O)=O)C(C)=O
3108,OS(=O)(=O)CC1=CC=CC=C1
3109,OP(O)(=O)OC1=CC=CC=C1
3110,[H][C@](NC(=O)CCC(O)=O)(C(O)=O)C1=CC=CC=C1
3111,[H][C@]12NC3=C(N[C@@]1([H])C(S)=C(S)[C@@H](COP(O)(=O)OP(O)(=O)OC[C@H]1O[C@H]([C@H](O)[C@@H]1O)N1C=CC(N)=NC1=O)O2)C(=O)NC(N)=N3
3112,CC1=CC=CC(CC=C)=C1O
3113,ClC1=C2COC(=O)C2=C(Cl)C(Cl)=C1Cl
3114,OC[C@@H](O)[C@@H](O)C[C@H](O)C(O)=O
3115,NCC1=CNC2=C1C(=O)NC(N)=N2
3116,CC(=N)NCCC[C@H](N)C(O)=O
3117,COC1=CC=CC(C=O)=C1OP(O)(O)=O
3118,NC1=NC=NC(NC2=CC=C(C=C2)S(N)(=O)=O)=C1
3119,CC(C)C[C@H](N)C(=O)NO
3120,OS(=O)(=O)CCNC1CCCCC1
3121,N[C@@H](CCC(=O)N[C@@H](CSSC[C@H](NC(=O)CC[C@H](N)C(O)=O)C(=O)NCC(O)=O)C(=O)NCC(O)=O)C(O)=O
3122,CCC1=C(C(=O)C2=CC(Br)=C(O)C(Br)=C2)C2=C(O1)C=C(C=C2)S(=O)(=O)NC1=CC=C(C=C1)S(=O)(=O)NC1=NC=CS1
3123,OC[C@H]1O[C@H](C[C@@H]1O)N1C=C(\C=C\Br)C(=O)NC1=O
3123,OC[C@H]1O[C@H](C[C@@H]1O)N1C=C(\C=C\Br)C(=O)NC1=O
3124,[H][C@]12SCC(COC(C)=O)=C(N1C(=O)[C@H]2NC(=O)CCC[C@@H](N)C(O)=O)C(O)=O
3125,N[C@@H](CC1=CNC2=C1C=C(F)C=C2)C(O)=O
3126,NC1=NC2=C(N=CN2[C@@H]2O[C@H](CO)[C@@H](OP(O)(O)=O)[C@H]2O)C(=O)N1
3127,C1COCCO1
3128,CC(S)C1=C2C=C3C(C)=C(C(C)S)C4=[N+]3[Fe--]35N6C(=C4)C(C)=C(CCC(O)=O)C6=CC4=[N+]3C(=CC(N25)=C1C)C(C)=C4CCC(O)=O
3129,[H]N=C1N(C)C=NC2=C1N=CN2[C@]1([H])O[C@]([H])(COP(O)(O)=O)[C@@]([H])(O)[C@@]1([H])O
3130,[H][C@](N)(CC1=C(ON=C1[O-])C(C)(C)C)C(O)=O
3131,N[C@@H](C[NH3+])C(O)=O
3132,[H][C@]1(OC(=C[C@H](N)[C@H]1NC(C)=O)C(O)=O)[C@H](O)[C@H](O)CO
3133,CC(C)NC[C@@H](O)COC1=CC=CC2=C1C=CC=C2
3134,OC[C@H]1O[C@H](O[C@H]2[C@H](O)[C@@H](O)C(O)O[C@@H]2CO)[C@H](O)[C@@H](O)[C@@H]1O
3135,[H]N([H])[C@@H](CC1=CC=C(O)C=C1)C(=O)N([H])S(=O)(=O)OC[C@H]1O[C@H]([C@H](O)[C@@H]1O)N1C=NC2=C(N=CN=C12)N([H])[H]
3136,NC1=NC(=O)C2=C(N1)N(C=N2)[C@H]1C[C@H](O)[C@@H](COP(O)(=O)OC2CC(OC2CO)N2C=CC(N)=NC2=O)O1
3137,[H][C@@](C)(NCC1=C(COP(O)(O)=O)C=NC(C)=C1O)P(O)(O)=O
3138,S[Mo](=O)=O
3139,SC1=NC=CC=C1
3140,N[C@@H](CCC(=O)N[C@@H](CS[C@@H](O)N(O)C1=CC=C(I)C=C1)C(=O)NCC(O)=O)C(O)=O
3141,[H]N(CC1=CC=CC2=CC=CC=C12)C1=C2N=CN([C@@H]3O[C@H](CO)[C@@H](O)[C@H]3N([H])C(=O)C3=CC(OC)=CC(OC)=C3)C2=NC=N1
3142,NC1=NC2=C(N3[C@@H](COC3=O)CN2)C(=O)N1
3143,NS(=O)(=O)C1=CC=C(NC(=S)OCCC2=CSC=C2)C=C1
3144,C[C@H](O)CBr
3145,OC1=CC(=CC(=C1O)[N+]([O-])=O)C(=O)CCN1CCN(CC1)C1=CC(=CC=C1)C(F)(F)F
3146,NC(=N)C1=CC=C(NC(=O)NC2=CC=C(OC3=CC=CC=C3)C=C2)C=C1
3147,CCCCCCCO[C@@H]1O[C@H](CO)[C@@H](O)[C@H](O)[C@H]1O
3148,OCC1=CC=CC(I)=C1
3149,[H][C@@](C)(CP(O)(=O)[C@@]([H])(N)CC(O)=O)C(O)=O
3150,[H]N([H])C1=C2N=CN([C@@H]3O[C@H](COP(O)(=O)OP(O)(=O)OCC(C)(C)[C@@H](O)C(=O)N([H])CCC(=O)N([H])CCSCC(=O)N([H])CCC4=CN([H])C5=C4C=C(Br)C=C5)[C@@H](OP(O)(O)=O)[C@H]3O)C2=NC=N1
3151,CC(=O)NC1=CC=C(C=C1NC(N)N)C(O)=O
3152,O[C@H](\C=C(/O)[O-])C([O-])=O
3153,[H][C@]1(O)[C@]([H])(OP(O)(O)=O)[C@@]([H])(OP(O)(O)=O)[C@@]([H])(OP(O)(O)=O)[C@]([H])(OP(O)(O)=O)[C@@]1([H])OP(O)(O)=O
3154,OCCS
3155,OC1=C(Cl)C=C(C=C1Cl)C1=CC(Cl)=C(O)C(Cl)=C1
3156,CCOP(=O)(OCC)OCC
3157,[H][C@]12CCCN[C@]11CC(C)=C[C@H]2CC2=C1C=CC(=O)N2
3158,[H][C@]1(COP(O)(O)=O)O[C@@]([H])(N2C(Br)=NC3=C(N)N=CN=C23)[C@]([H])(O)[C@]1([H])O
3159,[NH3+][Co-3]([NH3+])([NH3+])([NH3+])([NH3+])[NH3+]
3160,CC1=C(CNC2=CC=CC3=NC=CC=C23)C=NC2=NC(N)=NC(N)=C12
3161,N[C@@H](CS[As](O)(O)=O)C(O)=O
3162,[H][C@]12CS[C@@H](CCCCC(O)=O)[C@@]1([H])N=C(N)N2
3163,[H][C@]1(CO)O[C@@]([H])(C2=NN=C(C)O2)[C@]([H])(O)[C@@]([H])(O)[C@]1([H])O
3164,[H]N([H])[C@@H]([C@@H](C)O)C(=O)N([H])S(=O)(=O)OC[C@H]1O[C@H]([C@H](O)[C@@H]1O)N1C=NC2=C(N=CN=C12)N([H])[H]
3165,O[C@H](C(O)=O)C1=CC=CC=C1
3166,[H]N([H])C1=NC(=O)C2=C(N1[H])N(CN2C)[C@@H]1O[C@H](COP(O)(=O)OP(O)(=O)OP(O)(O)=O)[C@@H](O)[C@H]1O
3167,C[N+](C)(C)C1=CC=CC(=C1)C(O)(O)C(F)(F)F
3168,[H][C@]1(CCCN1C(C)=O)C(O)=O
3169,[H][C@@](C)(O)[C@]12NC3=NC(C)=NC=C3CN1C(C)=C(CCOP(O)(=O)OP(O)(O)=O)S2
3170,[H][C@](N)(CCCCN(C)C)C(O)=O
3171,[H][C@]1(COP([O-])(=O)OP(O)(=O)OC[C@@]2([H])O[C@@]([H])([N+]3=CC=CC(=C3)C(C)=O)[C@]([H])(O)[C@]2([H])O)O[C@@]([H])(N2C=NC3=C(N)N=CN=C23)[C@]([H])(O)[C@]1([H])O
3172,CSCC[C@@H](NC(N)=O)C(O)=O
3173,COC1=CC2=NC=NC(NC3=CC(O)=CC=C3)=C2C=C1OC
3174,N1C=CN=C1
3175,[H][C@](CC(O)=O)(NC(=O)C1=CC(=CS1)C1=CC=C(C=C1)C1=CC=NC=C1)C1=CC=CC=C1
3176,CC1(C(=O)NC(=O)NC1=O)C1=CC=C(OC2=CC=CC=C2)C=C1
3177,NC1=CC2=CC=CC=C2C2=CC=CC=C12
3178,[H][C@@](C)(O)[C@@]([H])(CCC1=CC=CC(Cl)=C1Cl)N1C=NC(=C1)C(N)=O
3179,[H][C@](N)(CCC(=O)O[C@@]1([H])O[C@]([H])(CO)[C@@]([H])(O)[C@]1(O)F)C(O)=O
3180,SCCC(=O)N1CCC2=C(C1)NC1=C2C=CC=C1
3181,[H]N=C(C)N1CCC(CC1)OC1=CC2=C(C=C1)N=C(C)N2CC1=CC2=C(C=C1)C=CC(=C2)C(N)=[NH2+]
3182,[H][C@](N)(CC1=CC(I)=C(O)C(I)=C1)C(O)=O
3183,[H]N([H])[C@@H](C)C(=O)N([H])S(=O)(=O)OC[C@H]1O[C@H]([C@H](O)[C@@H]1O)N1C=NC2=C(N=CN=C12)N([H])[H]
3184,
3185,OC(=O)CCP(O)(O)=O
3186,[H][C@](N)(CC1=CC=C(O)C=C1)C(N)=O
3187,CCCCCCCCCCCCCCCC=O
3188,[H][C@](N)(CS=O)C(O)=O
3189,OC1CCN(CC1)C(=O)[C@H](CC1=CC=C(F)C=C1)NC(=O)C1=CC2=C(N1)C=CC(Cl)=C2
3190,FC1=CC2=C(NC(=C2)C(=O)NCCS)C=C1
3191,CC1=CNC=N1
3192,N[C@@H](CC1=CNC2=C1C(F)=CC=C2)C(O)=O
3193,CC(C)N(O)C(=O)C(O)=O
3194,CC(C)N(C(=O)C1=C(Cl)C=C(Cl)C=C1)C1=C(SC(=C1)C1=CC=CC=C1)C(O)=O
3195,O[C@@H]1CO[C@H](O)[C@H](O)[C@H]1O
3196,[H]N(CCC)C(=O)[C@H](O)[C@@H](O)C(O)=O
3197,[H]\C(=C1\N=C(N(CC(O)=O)C1=O)[C@@]([H])(N)CCSC)C1=CC=C(O)C=C1
3198,[H][C@]1(O)[C@]([H])(O)[C@@]([H])(CO)O[C@@]([H])(NP(=O)(OC)OC)[C@]1([H])O
3199,[H][C@@]12CCCN(N1)C(=O)[C@H](CC1=CC(O)=CC=C1)NC(=O)[C@@H](NC(=O)[C@H](CCC(C)=O)[C@H](O)[C@@H](C)[C@@H](O)\C=C\C=C\C[C@H](OC2=O)C(\C)=C\C=C\CC[C@H](C)[C@@H](O)C[C@@H]1O[C@@]2(NC(=O)[C@@H](CC)C[C@@H]2C)[C@@H](C)[C@@H](O)[C@H]1C)C(C)C
3200,OCCOCCOCCOCCOCCOCCOCCO
3201,COC1=CC=C(C[C@H](NC(=O)CC(C)(C)N)C(=O)N[C@@H](CC2=CN=CN2)C(=O)N[C@@H](CC2CCCCC2)[C@@H](O)[C@@H](O)CC(C)C)C=C1
3202,[H]N([C@H]1CC[C@@H](O)CN([H])C1=O)C(=O)[C@H](OC)[C@H](O)[C@@H](O)[C@H](O)\C=C\C(C)(C)C
3203,CC(=O)N[C@@H]1[C@@H](O)[C@H](O)[C@@H](CO)O[C@@H]1OP(O)(=O)OP(O)(=O)OC[C@H]1O[C@H]([C@H](O)[C@@H]1O)N1C=CC(=O)NC1=O
3204,CC[N+]#C
3205,CC1=CC=C(CCC(O)=O)C=C1
3206,O[C@@H]1[C@H](O)[C@@H](OP(O)(O)=O)[C@H](OP(O)(O)=O)[C@@H](O)[C@@H]1OP(O)(O)=O
3207,[H][C@@](C)(CCCC(C)C)CCC[C@@]([H])(C)CCC[C@@]([H])(C)CCOC[C@@]([H])(COP(O)(O)=O)OCC[C@]([H])(C)CCC[C@]([H])(C)CCC[C@]([H])(C)CCCC(C)C
3208,NC1=NC(=O)N(C=C1)[C@@H]1O[C@H](COP(O)(O)=O)[C@@H](O)[C@H]1O
3209,
3210,[H]N([C@@H](CC(C)C)C(=O)N([H])[C@@H]1CN(CC1=O)C(=O)[C@H](CC(C)C)N([H])C(=O)OCC1=CC=CC=C1)C(=O)OCC1=CC=CC=C1
3211,[H][C@@]1(O)[C@@]([H])(O)[C@@]([H])(OC)O[C@]([H])(CO)[C@@]1([H])S
3212,OC1=CC=C(C=C1O)[N+]([O-])=O
3213,N[C@@H](CCC(=O)N[C@@H](CS)C(O)=O)C(O)=O
3214,[H][C@]12C[C@H](N[C@@]1([H])CCCC2)C(O)=O
3215,OC1=CC(=O)OC2=CC=CC=C12
3216,OC[C@@H]1NC[C@H](O)[C@H]1O
3217,N[C@@H](CCCCO)C(O)=O
3218,O[C@H]1C[C@@H](O[C@@H]1COP(O)(=O)OP(O)(O)=O)N1C=CC(=O)NC1=O
3219,[H][C@]1(N)S[C@]([H])(CO)[C@@]([H])(O)[C@]([H])(O)[C@]1([H])O
3220,CCCCCSCC(=O)SCCNC(=O)CCNC(=O)[C@H](O)C(C)(C)COP(O)(=O)OP(O)(=O)OC[C@H]1O[C@H]([C@H](O)[C@@H]1OP(O)(O)=O)N1C=NC2=C1N=CN=C2N
3221,CC1=C(CCO[P@](O)([O-])=O)SC=[N+]1CC1=CN=C(C)N=C1N
3222,[H]N([H])C(=NCCC[C@@H](C=O)[C@H](N([H])C(=O)N1CCN(CC1)C(=O)N([H])C(C)(C)C)C(O)=O)N([H])[H]
3223,CC(=O)C1=C(C)C2=CC3=C(C(O)=C)C(C)=C4C=C5N6C(=CC7=C(CCC(O)=O)C(C)=C8C=C1N2[Fe]6(N78)N34)C(CCC(O)=O)=C5C
3224,O=C1NC=CC(=O)N1
3225,[H][C@]1(O[C@H](C[C@H](N=C(N)N)[C@H]1NC(C)=O)C(O)=O)[C@H](O)[C@H](O)CO
3226,O=C1NN(CCC2=CC=CC=C2)C(=O)C2=C1C=CC=C2
3227,OC(=O)C1=CSC=N1
3228,[H][C@](N)(CC[Se]C[C@@]1([H])O[C@@]([H])(N2C=NC3=C(N)N=CN=C23)[C@]([H])(O)[C@]1([H])O)C(O)=O
3229,CC(C)C[C@H](NC(=O)[C@@H](O)[C@H](N)CC1=CC=CC=C1)C(O)=O
3230,[H][C@@](C)(C[C@]([H])(N)C(O)=O)C([O-])=O
3231,[H][C@@](COC(=O)CCCCCCCCCCCCCCCCC)(CO[C@]1([H])O[C@]([H])(CO[C@@]2([H])O[C@]([H])(CO)[C@]([H])(O)[C@]([H])(O)[C@@]2([H])O)[C@]([H])(O)[C@]([H])(O)[C@@]1([H])O)OC(=O)CCCCCCCCCCCCCCCCC
3232,[H]N([H])[C@@H](CCCC(=O)N([H])[C@@H](CS)C(=O)N([H])[C@H](C=C)C(O)=O)C(O)=O
3233,COC1=CC=C2NC(=O)\C(=C/C3=CN=CN3)C2=C1
3234,CCCCCCCCCCCCCCCCCC(=O)OC[C@H](COP(O)(=O)OCC(O)COP(O)(=O)OC[C@@H](COC(=O)CCCCCCCCCCCCCCCCC)OC(=O)CCCCCCCCCCCCCCCCC)OC(=O)CCCCCCCCCCCCCCCCC
3235,O[C@H](C#N)C1=CC=C(O)C=C1
3236,C[C@H](CN)C([O-])=O
3237,C[C@H](CNCC1=C(O)C(C)=NC=C1COP(O)(O)=O)OP(O)(O)=O
3238,OS(=O)(=O)CCCN1CCOCC1
3239,O[C@H]1[C@@H](O)[C@@H](O[C@@H]1COP(O)(=O)OP(O)(O)=O)N1C=CC(=O)NC1=O
3240,[Ga+3].CC(=O)N([O-])CCC[C@H]1\N=C(O)\C\N=C(O)\[C@H](CO)\N=C(O)\C\N=C(O)\[C@H](CCCN([O-])C(C)=O)\N=C(O)\C(CCCN([O-])C(C)=O)\N=C1/O
3241,[H]N([H])C1=NC(=CS1)C(=N\OC)\C(=O)N([H])[C@H](C=O)[C@@]1([H])SC(C)(C)[C@@H](N1[H])C(O)=O
3242,[H][C@](O)(CO)COP([O-])(=O)OC[C@@]([H])(O)COC(=O)CCCCCCCCCCCCCCC
3243,[H][C@]1(C)O[C@]([H])(O)[C@]([H])(O)[C@@]([H])(O)[C@]1([H])N
3244,CCCCCCCCCCCCCCCC(=O)NCC(O)=O
3245,[H][C@@](CI)(CC1=CC=CC=C1)C(O)=O
3246,CC1=NN(C(O)=C1\N=N\C1=CC(=CC=C1C(O)=O)S(O)(=O)=O)C1=C(C)C=C(C=C1)S(O)(=O)=O
3247,NC(N)C1=CC2=C(C=C1)[N+]1=C(N2)C(=O)C2=[N+]([Zn]1)C1=C(N2)C=C(C=C1)C(N)N
3248,O\N=C1\C(\NC2=C\1C=CC=C2)=C1\C(=O)NC2=CC(Br)=CC=C12
3249,CC(CN1C=CN=N1)([C@@H](N\C=C\C=O)C(O)=O)[S](=O)=O
3250,[H][C@]1(CO)O[C@]([H])(OC2=CC=CC(=C2)C(=O)NCC2=CC=CC=C2)[C@]([H])(O)[C@@]([H])(O)[C@@]1([H])O
3251,NC1=C2N=CN([C@@H]3O[C@H](COP(O)(=O)O[C@@H]4[C@H](O)[C@@H](CO)O[C@H]4N4C=CC(=O)NC4=O)[C@@H](O)[C@H]3O)C2=NC=N1
3252,OC[C@H]1O[C@H](C[C@@H]1OP(O)(O)=O)N1C=CC(=O)NC1=O
3253,[H]N([H])C(=N/C1=CC=C(CCN([H])CC2=CC(Cl)=CC=C2)C=C1)\C1=CC=CS1
3254,[H][C@@](NC(=O)CC1=CC=CS1)(C=O)[C@]1([H])NC(C(O)=O)=C(CC(=O)OC)CS1
3255,[H][C@@]1(CC[C@@]2([H])\C(CCC[C@]12C)=C\C=C1\C[C@@H](O)C[C@H](O)C1=C)[C@@H](C)OCCCC(O)(CC)CC
3256,C[Si](C)(C)C(CC(O)=O)C(O)=O
3257,[H]N=C(N([H])[H])N1CCC[C@H](CC(=O)N([H])[C@@H](CC2=CC=C(C=C2)C#CC2=CC=CC=C2)C(=O)OC)C1
3258,CC1=CC=CC(O)=C1O
3259,[H][C@](NOCCS)(C(O)=O)C1=CNC2=C1C=CC=C2
3260,[H][C@@](CC(C)C)(NC(=O)OCC1=CC=CC=C1)C(=O)N[C@]1([H])CCN(C1)C#N
3261,CN(CC[C@H](N)C(O)=O)C[C@H]1O[C@H]([C@H](O)[C@@H]1O)N1C=NC2=C(N)N=CN=C12
3262,[H]N([C@@H](CC(O)=O)C(O)=O)C(=O)CP(O)(O)=O
3263,C\C(\C=C\C=C(/C)\C=C\[C@@]12O[C@]1(C)C[C@@H](O)CC2(C)C)=C/C=C/C=C(\C)/C=C/C=C(\C)/C=C/[C@@]12O[C@]1(C)C[C@@H](O)CC2(C)C
3264,NC(=O)C1=CC=C[N+](=C1)[C@@H]1O[C@H](COP([O-])(=O)OP(O)(=O)OC[C@H]2O[C@H]([C@H](OP(O)(O)=O)[C@@H]2O)N2C=NC3=C2N=CN=C3N)[C@@H](O)[C@H]1O
3265,CC1=CNC(=O)NC1=O
3266,[H][C@]1(COP(O)(O)=O)O[C@@]([H])(C2=C3N=CN=C(N)C3=NN2)[C@]([H])(O)[C@]1([H])O
3267,CC1(C)CCC(C)(C)C2=C1C=CC(=C2)[C@@H](O)C1=CC2=C(C=C1)C=C(C=C2)C(O)=O
3267,CC1(C)CCC(C)(C)C2=C1C=CC(=C2)[C@@H](O)C1=CC2=C(C=C1)C=C(C=C2)C(O)=O
3268,[H][C@]1(CC(=O)C2=C(O1)C=C(O)C=C2O)C1=CC=C(O)C=C1
3269,NS(=O)(=O)C1=CC2=C(CCNC2)C=C1
3270,CC1=C(CCC(O)=O)C2=CC3=C(CCC(O)=O)C(C)=C4C=C5[N+]6=C(C=C7N8C(C=C1N2[Fe]68N34)=C([O-])[C@]7(C)CC(O)=O)C(=O)[C@]5(C)CC(O)=O
3271,N[C@@H](CCC(=O)N[C@@H](CS)C(=O)NCC(=O)NCCCCNCCCNC(=O)CNC(=O)[C@H](CS)NC(=O)CC[C@H](N)C(O)=O)C(O)=O
3272,[H]N([C@@H](CCC(O)=O)CCC1=CC=CC=C1)C(=O)CCCCCCC1=CC=CC=C1
3273,[H][C@]1(CO)O[C@]([H])(O[C@]2([H])[C@@]([H])(CO)O[C@@]([H])(OCCCCCCC3CCCCC3)[C@]([H])(O)[C@@]2([H])O)[C@]([H])(O)[C@@]([H])(O)[C@]1([H])O
3274,CNC(=O)CC[C@H](N)C(O)=O
3275,NC1=NC(NC2=CC(=CC3=C2C(O)=C(\N=N\C2=CC=CC=C2S(O)(=O)=O)C(=C3)S(O)(=O)=O)S(O)(=O)=O)=NC(N)=N1
3276,CCC(CC)NC1=CC(=CC=C1N1C(=O)CCC1(CO)CO)C(O)=O
3277,[H][C@]1(C[C@@]1([H])C1=CC2=CC=C(C=C2C=C1)C(N)=N)C1=CC=CC=C1
3278,NS(=O)(=O)C1=CC=C(C=C1)N1N=C(C=C1C1=CC=C(Br)C=C1)C(F)(F)F
3279,[H][C@]1(O)O[C@]([H])(COP(O)(=O)OP(O)(=O)OC[C@@]2([H])O[C@@]([H])(N3C=NC4=C(N)N=CN=C34)[C@]([H])(O)[C@]2([H])O)[C@@]([H])(O)[C@@]1([H])OC(C)=O
3280,CN1C(=O)N[C@@]2(O[C@H](CO)[C@@H](O)[C@H](O)[C@H]2O)C1=O
3281,CC1=C(N=C2C=CC(F)=CC2=C1C(O)=O)C1=CC=C(C=C1)C1=CC=CC=C1
3282,C[C@H]1[C@@H]2[C@@H](C)NC3=C(N2CN1C1=CC=C(C[C@@H](O)[C@@H](O)[C@H](O)CO[C@H]2O[C@H](CO[P@@](O)(=O)O[C@@H](CCC(O)=O)C(O)=O)[C@@H](O)[C@@H]2O)C=C1)C(=O)NC(N)=N3
3283,[H]N([H])C1=C2N=CN([C@@H]3O[C@H](COP(O)(=O)OP(O)(=O)OC[C@@H](O)[C@@H](O)[C@@H](O)CN4C5=C(C=C(C)C(=C5)N(C)C)N=C5C(=O)N([H])C(=O)N=C45)[C@@H](O)[C@H]3O)C2=NC=N1
3284,[H]N([H])C(=O)[C@H](CC1=CC=C(C=C1)C(F)(F)P(O)(O)=O)N([H])C(=O)[C@H](CC1=CC=C(C=C1)C(F)(F)P(O)(O)=O)N([H])C(=O)[C@H](CCC(O)=O)N([H])C(=O)C1=CC=CC=C1
3285,[H][C@](O)(CO)COP(O)(=O)OCCN
3286,C[C@H]1O[C@H](O)[C@H](O)[C@@H](O)[C@H]1O
3287,NC1=NC2=C(N=CN2[C@@H]2O[C@H](COP(O)(=O)CP(O)(O)=O)[C@@H](O)[C@H]2O)C(=O)N1
3288,[H]N1C(=O)C[C@H](N)C1=O
3289,OC[C@H]1O[C@H](OP(O)(=O)OP(O)(=O)OC[C@H]2O[C@H]([C@H](O)[C@@H]2O)N2C=CC(=O)NC2=O)[C@H](F)[C@@H](O)[C@@H]1O
3290,OC[C@H](O)[C@@H](O)CC(=O)C(O)=O
3291,C1C2=C(C=CC=C2)C2=NNC(=C12)C1=CC=NC=C1
3292,NC1=NC2=C(N=CN2[C@H]2C[C@H](O)[C@@H](COP(O)(=O)OP(O)(O)=O)O2)C(=O)N1
3293,C1=CN(C=N1)[Os++]123[N]4=CC=CC=C4C4=[N]1C=CC=C4.C1=CC(C4=CC=CC=[N]24)=[N]3C=C1
3294,CN1C=[N+]([C@@H]2O[C@H](CO)[C@@H](O)[C@H]2O)C2=C1C(=O)N=C(N)N2
3295,[H][C@]1(C)O[C@]([H])(O[C@]2([H])[C@@]([H])(CO)O[C@]([H])(OC[C@@]3([H])O[C@@]([H])(O)[C@]([H])(O)[C@@]([H])(O)[C@]3([H])O)[C@]([H])(O)[C@@]2([H])O)[C@]([H])(O)[C@@]([H])(O)[C@]1([H])N[C@@]1([H])C=C(CO)[C@@]([H])(O)[C@]([H])(O)[C@@]1([H])O
3296,CN1CC[C@@H]([C@H](O)C1)C1=C(O)C=C(O)C2=C1OC(=CC2=O)C1=CC=CC=C1Cl
3297,N[C@@H](COS(O)(=O)=O)C(O)=O
3298,[O-]P([O-])(=O)CS
3299,O[C@H](CC(O)=O)C(O)=O
3300,CCCCCCCCCCCCCCCCCCCCCCC(O)=O
3301,OC[C@H]1O[C@H](O[P@@](O)(=O)O[P@@](O)(=O)OC[C@H]2O[C@H]([C@H](O)[C@@H]2O)N2C=CC(=O)NC2=O)[C@H](O)[C@@H](O)[C@H]1O
3302,[H][C@](O)(C[C@]([H])(N)C(O)=O)SC[C@]([H])(N)C(O)=O
3303,CCCN(C)C(=O)[C@@H]1OC(=C[C@H](NC(N)=N)[C@H]1NC(C)=O)C(O)=O
3304,CCCCN1C(CC2=CC(OC)=C(OC)C(OC)=C2Cl)=NC2=C(N)N=CN=C12
3305,NC1=CC2=C(O)N=C(N)N=C2C=C1
3306,NC1=NC=NC2=C1NC=C2
3307,[O-][N+](=O)C1=CC(=CC=C1)C1=CC2=C(S1)C=C1N2C(=S)N(CCCN2CCOCC2)C1=O
3308,CCOCCOCCOC
3309,NC(=O)C1=CC=CC2=NC=C(N=C12)C1=CC=C(Cl)C=C1
3310,[H][C@]1(COP(O)(O)=O)O[C@@]([H])(N2C=NC3=C2N=CN=C3OP(O)(O)=O)[C@]([H])(O)[C@]1([H])O
3311,O[C@H]1O[C@@H]([C@H](O)[C@H](O)[C@H]1O)C(O)=O
3312,OC[C@@H]1O[C@H]([C@H]2O[V](O)(O)(=O)O[C@H]12)N1C=CC(=O)NC1=O
3313,[H][C@](N)(CC1=CNC2=C1[Se]C=C2)C(O)=O
3314,COC1=C(O)C=CC(C=C)=C1
3315,[H][C@@]12CCC(=O)[C@@]1(C)CCC1=C2C=CC2=C1C=CC(O)=C2
3316,O=C1NC=C(C#C)C(=O)N1
3317,CSCC([O-])=O
3318,C[C@@](O)(CCO)CC(O)=O
3319,FC1=NC2=C(N=CN2)C(Cl)=N1
3320,N[C@@H](CC(=O)OCC(O)=O)C(O)=O
3321,CC1=C(N=C2C=CC(F)=CC2=C1C(O)=O)C1=CC=C(C=C1)C1=CC=CC=C1F
3322,NCCCN1CCN(CCCNC(=O)C2=CC(NC(=O)CC3=CC=CS3)=CC(O[C@H]3O[C@H](CO)[C@H](O)[C@H](O)[C@H]3O)=C2)CC1
3323,OP(O)(=O)OC1=C2NCCCC2=CC=C1
3324,COC1=CC=C(CNS(=O)(=O)C2=CC=C(S2)S(N)(=O)=O)C=C1
3325,[H][C@]1(CO)O[C@@]([H])(N2C=NC3=C(N)N=CN=C23)[C@]([H])(O)[C@@]1([H])O
3326,[H]N([H])C1=NC(=CS1)C(=N\OC(C)(C)C(O)=O)\C(=O)N([H])[C@H](C=O)[C@@]1([H])SCC(=C)C(=N1)C(O)=O
3327,CC(C)C(=O)N1C2=C(C=C(C)C(C)=C2)N(C[C@H](O)[C@H](O)[C@H](O)COP(O)(=O)OP(O)(=O)OC[C@H]2O[C@H]([C@H](O)[C@@H]2O)[N+]2=CN=C3C2=NC=NC3=N)C2=C1C([O-])=NC(=O)N2
3328,NC1=NC(=O)C2=C(N1)N(C=N2)[C@@H]1O[C@H](COP(O)(=O)CP(O)(=O)OP(O)(O)=O)[C@@H](O)[C@H]1O
3329,[H][C@@]12NC(=O)N[C@]1([H])NC(=O)N2
3330,CN(CC1=C(N)C=CC(=C1)C(=O)N(C)CC1=CC2=C(C=CC=C2)N1C)C(C)=O
3331,[H][C@]1(CCCN1C(=O)[C@]1([H])CCCN1C(=O)OCC1=CC=CC=C1)C=O
3332,C[C@H](NC(=O)[C@H](CCCNC(N)N)NC(=O)OCC1=CC=CC=C1)C(=O)CF
3333,[H]\C(=C1\N=C(N(CC(O)=O)C1=O)[C@@]([H])(N)CO)C1=CC=C(O)C=C1
3334,[H][C@]1(O)[C@]([H])(O)[C@@]2([H])N=C(O[C@@]2([H])[C@]1([H])CO)N=C
3335,[H][C@]12CC[C@]([H])(C1)C(=O)C2
3336,[H][C@@](CCC(O)=O)(NC(=O)C1=CC=C(C=C1)N(CC#C)CC1=CC=C2NC(N)=NC(=O)C2=C1)C(O)=O
3337,[H][C@]1(O)[C@]([H])(O)[C@]([H])(O)[C@]([H])(OP([O-])([O-])=O)[C@@]([H])(O)[C@]1([H])O
3338,[H][C@@](O)(CNC1=CC=CC=C1C(O)=O)[C@]([H])(O)[C@]([H])(O)COP(O)(O)=O
3339,N[C@@H](CSP(O)(O)=O)C(O)=O
3340,[H][C@@](CCC(O)=O)(NC(=O)C1=CC=C(C=C1)[C@@]([H])(CCCC1C(O)=N[C@]([H])(N)N[C@]1([H])N)C(O)(O)C(F)(F)F)C(O)=O
3341,[H][C@@]1(O[C@](O)(C[C@@H](O)[C@H]1O)C(O)=O)[C@H](O)CO
3342,[H][C@@]1(CCCCC(=O)NC2=CC=C(C=C2)[N+]([O-])=O)SC[C@]2([H])NC(=O)N[C@]12[H]
3343,[H][C@]12SC(C)(C)[C@@H](N1C(=O)[C@H]2NC(=O)CCC[C@H](N)C(O)=O)C(O)=O
3344,[H]N1C=C(C[N+]2([H])C[C@H](O)[C@@H](CO)C2)C2N=CN([H])C(=O)C12
3345,N[C@@H](CC1=CC=CC(O)=C1)C(O)=O
3346,OC(=O)CCCC(O)=O
3347,IC1=CNC(=O)NC1=O
3348,[H][C@]1(C)CCCC[C@]1([H])OC1=CC=CC(C2=NC3=C(N2)C=C(F)C(=C3)C(N)=N)=C1O
3349,CCOCCOCCOCCOCCOCCOCCOCCOCCO
3350,NC(=O)C(CS)NC(=O)CCCCCNC(=O)[C@H](CC1=CC=C(C=C1)C(F)(F)P(O)(O)=O)NC(=O)C(CC(O)=O)NC(=O)CC1=CC=C(C=C1)C(F)(F)P(O)(O)=O
3351,OC(=O)CCNC(=O)[C@H]1CCCN1S(=O)(=O)C1=CC=C(C=C1)C(=O)N[C@@H](CCC(O)=O)C(O)=O
3352,[H]C(=O)NC1CCCCC1
3353,OC1=CC=C(C=O)C=C1
3354,[H]N1C(=O)CCN(C2C[C@H](O)[C@@H](CO)O2)C1=O
3355,C[C@H](O)CC(C)(C)O
3356,[H][C@@](COCCCCCCCC)(COP(O)(=O)OCCN)OP(O)(=O)CCCCCCC
3357,NCCCCNCCCN
3358,CC(=O)N[C@H]1[C@@H](O)O[C@H](CO)[C@H](O)[C@@H]1O
3359,CCCC(O)=O
3360,[H][C@@]1(O)OC(C(O)=O)=C(O)[C@]([H])(O)[C@@]1([H])O
3361,C[N+](CO)(CO)CO
3362,NC1=NC2=NN(N=C2C(O)=N1)C1=CC(=CC=C1)C(=O)NCC1=CC(Cl)=CC(Cl)=C1
3363,[H][C@](CO)(CCC1=CC=CC2=C1C=CC=C2)N1C=NC(=C1)C(N)=O
3364,[H][C@](O)(CC(O)=O)C(=O)N[C@]([H])(CCC1=CC=CC=C1)C(=O)NCCC(C)C
3365,[Fe].[H][C@@]1(CCCN(O)C(C)=[OH+])NC(=O)CNC(=O)[C@@H](CO)NC(=O)CNC(=O)[C@]([H])(CCCN(O)C(C)=[OH+])NC(=O)[C@]([H])(CCCN(O)C(C)=[OH+])NC1=O
3366,C1CCN(CC1)C1(CCCCC1)C1=CC=CC=C1
3367,CC(O)C(NCC1=C(COP(O)(O)=O)C=NC(C)=C1O)C(O)=O
3368,[H][C@](NCC1=CC=CC=C1)(C1=CC=CC=C1)P(O)(O)=O
3369,CC(=O)C(N)=O
3370,[H]C(=O)[C@H](O)[C@@H](O)[C@H](O)[C@H](O)COP(O)(O)=O
3371,NCCC[C@H](NC(=O)CCC(O)=O)C(O)=O
3372,[H]N1C(=O)\C(C2=C1C=CC(=C2)S(=O)(=O)N1CCC(O)CC1)=C1/N([H])C2=CC=CC=C2[C@]1(C)O
3373,[H][C@@]1(O)O[C@]([H])(CO)[C@@]([H])(S)[C@]([H])(O)[C@@]1([H])O
3374,CCCCC1C(=O)N(N(C1=O)C1=CC=C(O)C=C1)C1=CC=CC=C1
3375,[H][C@]1(F)OC([O-])[C@H](O)[C@@H](O)[C@@H]1O
3376,CC(=O)C=O
3377,OC(=O)C(C1=CC=CC=C1)C1=CC=CC=C1
3378,OC(=O)C(=O)C(O)=O
3379,N[C@@H](CCC[C@H](N)C(O)=O)C(O)=O
3380,CC(=O)N[C@@H](CC1=CC=C(C=C1)C(F)(F)P(O)(O)=O)C(=O)N[C@H]1CCCCN(CC2=CC=C(C=C2)C2=CC=CC=C2)C1=O
3381,NC1=NC2=NC=C(COP(O)(O)=O)N=C2C(=O)N1
3382,C[N+]1=CN([C@@H]2O[C@H](COP(O)(O)=O)[C@@H](O)[C@H]2O)C2=C1C(=O)NC(N)=N2
3383,N1C=NC=N1
3384,NC(=[NH2+])C1=CC=C2NC(=NC2=C1)C1=CC(OC(F)(F)F)=CC=C1[O-]
3385,[H][C@@](CC)(CNC(=O)C1=CC=C(C=C1)S(N)(=O)=O)C1=CC2=C(NC=C2)C=C1
3386,[H]N([H])[C@@H](CCC(=O)N([H])[C@@H](CSCC1=CC=CC=C1I)C(=O)N([H])CC(O)=O)C(O)=O
3387,COC1=CC=CC(=C1)N1C(CN2CCOCC2)=CC2=C(SC(=C2)S(N)(=O)=O)S1(=O)=O
3388,CCCCCCCCCC(O)=O
3389,OC1=CC=C(C=C1)[C@@H]1CC(=O)C2=CC=C(O)C=C2O1
3390,[H]N([H])[C@@H](CCC(=O)N([H])[C@@H](CSCC1=CC=CC=C1)C(=O)N([H])CC(O)=O)C(O)=O
3391,O[C@@H]([C@H](O)[C@@H](O)C(O)=O)[C@H](O)C(O)=O
3392,OC(=O)CC1=CC(I)=C(OC2=CC=C(O)C(I)=C2)C(I)=C1
3393,[H][C@@](CC1=CC=CC=C1)(N(CC1=CC(=CC=C1)C(F)(F)F)C(=O)C1=C(Cl)C=C(Cl)C=C1)C(O)=O
3394,[H][C@@]1(CNC(=O)C1)C1=CC=C(OC)C(OC2CCCC2)=C1
3395,CC(=O)N[C@@H](CC1=CC=C(Cl)C=C1)[B-](O)(O)OC[C@H](N)C(O)=O
3396,NC(=N)C1=CC=C(N\N=N\C2=CC=C(C=C2)C(N)=N)C=C1
3397,[H]N([H])C1=NC(=O)C2=C(N1[H])N(C=N2)[C@@H]1O[C@H](CO)C[C@H]1O
3398,OC1=CC=C(C=C1)C(F)(F)F
3399,[H]\C(OC)=C(/[H])[C@]([H])(N)C(O)=O
3400,CC(O)CC(=O)SCCNC(=O)CCNC(=O)[C@H](O)C(C)(C)COP(O)(=O)OP(O)(=O)OC[C@H]1O[C@H]([C@H](O)[C@@H]1OP(O)(O)=O)N1C=NC2=C1N=CN=C2N
3401,[H]N([H])C1=C2N=CN([C@@H]3O[C@H](COP(O)(=O)OP(O)(=O)OCC(C)(C)[C@@H](O)C(=O)N([H])CCC(=O)N([H])CCSCC(=O)C4=CC=C(O)C=C4)[C@@H](OP(O)(O)=O)[C@H]3O)C2=NC=N1
3402,C1(CC[C@@]2([C@@H](CC(N)=O)[C@@]3([C@@]4([N+]5=C([C@H]([C@@]4(CC(N)=O)C)CCC(N)=O)C(C)=C4[N+]6=C(C=C7[N+]8=C([C@H](C7(C)C)CCC(N)=O)C(C)=C2N3[Co-3]568([N+]2=CN([C@H]3O[C@@H]([C@@H](OP(O[C@@H](CN1)C)([O-])=O)[C@H]3O)CO)C1=CC(C)=C(C=C21)C)C)[C@H]([C@@]4(CC(N)=O)C)CCC(N)=O)C)[H])C)=O
3403,[H][C@@]1(O[C@@H]2[C@@H](O)[C@H](N)C[C@H](N)[C@H]2O[C@H]2O[C@H](CN)[C@@H](O)[C@H](O)[C@H]2N)O[C@H](CO)[C@@H](O)[C@H]1O
3404,[H]\C(=C(\[H])[C@@]([H])(C)[C@@]([H])(OC)[C@@]([H])(C)C(=O)CC[C@]([H])(C)[C@]([H])(C[C@]1([H])OC(=O)C[C@]([H])(C[C@]([H])(C)C[C@]([H])(O)[C@]([H])(C)[C@@]([H])(OC)C2=COC(=N2)C2=COC(=N2)C2=COC(=N2)\C([H])=C([H])\C[C@]([H])(OC)[C@@]1([H])C)O[C@]([H])(N)O)OC)N(C)CO
3405,[H][C@]1(C)O[C@]([H])(O[C@]2([H])[C@@]([H])(CO)O[C@]([H])(O[C@]3([H])C(CO)=C[C@]([H])(N[C@]4([H])[C@@]([H])(C)O[C@]([H])(O[C@]5([H])[C@@]([H])(CO)O[C@]([H])(O[C@]6([H])[C@@]([H])(C)O[C@@]([H])(O)[C@]([H])(O)[C@@]6([H])O)[C@]([H])(O)[C@@]5([H])O)[C@]([H])(O)[C@@]4([H])O)[C@]([H])(O)[C@@]3([H])O)[C@]([H])(O)[C@@]2([H])O)[C@]([H])(O)[C@@]([H])(O)[C@]1([H])O
3406,[H]N([C@H]1[C@@H](O)O[C@H](CO)[C@@H](O[C@@H]2O[C@H](CO)[C@H](O)[C@H](O)[C@H]2O)[C@@H]1O)C(C)=O
3407,[H][C@@]12CC[C@H]([C@H](C)CCC(O)=O)[C@@]1(C)[C@@H](O)C[C@@]1([H])[C@@]2([H])CC[C@]2([H])C[C@H](O)CC[C@]12C
3408,[H]\C(=C(\C)[C@@]1([H])OC(=O)[C@]2([H])CCCCN2C(=O)C(=O)[C@]2(O)O[C@@]([H])([C@]([H])(C[C@@]2([H])C)OC)[C@]([H])(C[C@@]([H])(C)[C@]([H])(O)\C(C)=C([H])\[C@@]([H])(CC)C(=O)C[C@]([H])(O)[C@@]1([H])C)OC)[C@]1([H])CC[C@@]([H])(OC2=CC=C3N(C)C=CC3=C2)[C@@]([H])(C1)OC
3409,OCCC1CCN(CC1)[C@@]1(C(=O)NC(O)=NC1=O)C1=CC=CC=C1
3410,OC1=CC=C(C=C1)C1=CC2=C(C=CC3=C2C=NC=C3)N=C1
3411,C[C@H](N)[C@@H](CCCCCC(O)=O)NC(O)=O
3412,COC1=CC(=O)C2=C(C(COC3=CC=CC=C3)=C(C)N2C)C1=O
3413,C1C2CC3CC1CC(C2)C3
3414,CCC1=CC=C(NC(=O)P(O)(O)=O)C=C1
3415,CC1=C(O)C(C=O)=C(COP(O)(O)=O)C=[N+]1[O-]
3416,SCC1=CC=CC=C1I
3417,[H]N=C1C=C(C[C@H](N)C(O)=O)C(=O)C=C1O
3418,CNC(=O)NC(=N)NCCC[C@@H]1NC(=O)[C@@H](C)NC(=O)C[C@H](NC(=O)C[C@H](NC(=O)[C@H](CC2=CC=CC=C2)N(C)C1=O)C(O)=O)C(O)=O
3419,CCCCCCCCCCCCCCCCCCOC[C@@H](O)CO[P@@](O)(=O)OCC[N+](C)(C)C
3420,[H]N(CCCO[C@H]1O[C@H](CO)[C@@H](O)[C@H](O)[C@@H]1O)C(=O)C1=CC(=CC(CN=[N+]=[N-])=C1)C(=O)N([H])CCCO[C@H]1O[C@H](CO)[C@@H](O)[C@H](O)[C@@H]1O
3421,CCS(O)(=O)=O
3422,NCC(N)=O
3423,[H]N([H])C(N([H])[H])=[N+]([H])CCCO
3424,[H]N([H])C1=NC(=O)N(C=C1)[C@@H]1O[C@H](CO)[C@@H](O)[C@H]1OP(O)(=O)OC[C@H]1O[C@H]([C@H](O)[C@@H]1O)N1C=NC2=C1N([H])C(=NC2=O)N([H])[H]
3425,NCCCCCCCNC(N)N
3426,N[C@@H]([C@@H](O)C(O)=O)C(O)=O
3427,[H]N(P(O)(O)=O)P(O)(=O)OC[C@H]1O[C@H](C[C@@H]1O)N1C=CC(=O)N([H])C1=O
3428,CC(C)C[C@H](NC(=O)C1=CC2=C(O1)C=CC=C2)C(=O)N[C@H]1CCCN(CC1=O)S(=O)(=O)C1=CC=CC=N1
3429,NC(=[NH2+])C1=CC=C2NC(=NC2=C1)C1=CC=CC=C1[O-]
3430,NC1=C(O)C=CC=C1C(O)=O
3431,ONC(=O)CP(O)(O)=O
3432,[H][C@@](C)(CCCC(C)C)CCC[C@@]([H])(C)CCC[C@@]([H])(C)CCOC[C@@]([H])(CO)OCC[C@]([H])(C)CCC[C@]([H])(C)CCC[C@]([H])(C)CCCC(C)C
3433,CC(C)N(C(=O)C1=CC=C(C)C=C1)C1=C(SC(=C1)C1=CC=CC=C1)C(O)=O
3434,[H]N([H])CCCC[C@H](N([H])C(=O)[C@@H](CCCC)CN([H])N([H])C[C@@H](CCCC)C(=O)N([H])[C@@H](CCCCN([H])[H])C(=O)N([H])C1=CC=CC=C1)C(=O)N([H])C1=CC=CC=C1
3435,OP(O)(=O)C(NC1=CC=C(Cl)C=N1)P(O)(O)=O
3436,OC1=CC=C(C=C1)\N=C1/C(=O)NC2=CC=CC=C12
3437,OC1=C(C=C(C=C1[N+]([O-])=O)[N+]([O-])=O)[N+]([O-])=O
3438,O[C@@H]1O[C@@H]([C@H](O)[C@H](O)[C@H]1O)C(O)=O
3439,CCN(C)CC1=CN=C(C)N=C1N
3440,[H][C@](N)(CSSCCC)C=O
3441,COC(=O)C1=CC=CC=C1S(=O)(=O)NC(=O)N(C)C1=NC(C)=NC(OC)=N1
3442,COC(=O)N[C@@H]1O[C@H](CO)[C@@H](O)[C@H](O)[C@H]1O
3443,[H]N([H])[C@@H](C(=O)N([H])[C@H](C=O)[C@@]1([H])SC(C)(C)[C@@H](N1[H])C(O)=O)C1=CC=C(O)C=C1
3444,CCCCN
3445,[H][C@](N)(CC1=CC=C(I)C=C1)C(O)=O
3446,N[C@@H](CS(O)(=O)=O)C(O)=O
3447,CCC[C@H](NCC1=C(O)C(C)=NC=C1COP(O)(O)=O)C(O)=O
3448,CC(C)C(=O)COC1=NC(N)=NC2=C1NC=N2
3449,[H]N([H])C1=C2N=CN([C@@H]3O[C@H](COP(O)(=O)OP(O)(=O)OP(O)(=O)OP(O)(=O)OP(O)(=O)OC[C@H]4O[C@H]([C@H](O)[C@@H]4O)N4C=CC(=O)N([H])C4=O)[C@@H](O)[C@H]3O)C2=NC=N1
3450,CC1=CN([C@H]2C[C@H](N=[N+]=[N-])[C@@H](COP(O)(O)=O)O2)C(=O)NC1=O
3451,CC(=O)ONC(=O)C1=C(O)C=CC=C1
3452,O[C@H]1[C@@H](O)[C@@H](O[C@@H]1COP(O)(O)=O)N1C(=O)CC(=O)NC1=O
3453,OCCC1=CC=C(F)C=C1
3454,OC(=O)C(=O)NC1=C(C(O)=O)C2=C(CNCC2)S1
3455,[H][C@@]1(CC[C@]2(O)[C@]3([H])CC[C@]4([H])C[C@@H](O)CC[C@]4(C)[C@@]3([H])C[C@@H](O)[C@]12C)C1=CC(=O)OC1
3456,C(NC1=C2C=CC=CC2=NC2=C1CCCC2)C1=CC=CC=C1
3457,N[C@@H](CC1=CC=CS1)C(O)=O
3458,CC[C@@](C)(O)[C@@H](O)C(O)=O
3459,[H][C@](N)(CS[As](C)(C)=O)C(O)=O
3460,CCCCCCCCCCNC(=O)NC1CCCCC1
3461,C[C@H](NC1=NC=NC2=C1C=C(F)C(F)=C2)C(C1=CC=CC=C1)C1=CC=CC=C1
3462,[H][C@](N)(CC1=C(O)NC2=CC=CC=C12)C(O)=O
3463,OC(C([O-])=O)C([O-])=O
3464,OC(=O)C1=CC=CC2=C1OC1=C2C=CC=C1C(O)=O
3465,[H][C@@](CC(C)C)(CN(O)C=O)C(O)=O
3466,O[C@H]1[C@@H](O)[C@@H](O[C@@H]1COP(O)(O)=O)N1C=CC(=O)NC1=O
3467,N[C@@H](CCC(=O)N[C@@H](CSCC1=CC=C(C=C1)[N+]([O-])=O)C(=O)NCC(O)=O)C(O)=O
3468,C[C@](O)(CO)[C@H](O)COP(O)(=O)OP(O)(=O)OC[C@H]1O[C@H]([C@H](O)[C@@H]1O)N1C=CC(N)=NC1=O
3469,OCCC(O)=O
3470,CCCCCCCC\C=C/CCCCCCCC(=O)OC[C@H](COP(=O)(O)OCC[N+](C)(C)C)OC(=O)CCCCCCC\C=C/CCCCCCCC
3471,[H][C@](O)(CC(O)=O)C(=O)N[C@@]([H])(CCC1=CC=CC=C1)C(=O)NCCC(C)C
3472,[H][C@](N)(COS(=O)(=O)CCCCCCCCCCCCCCCC)C(O)=O
3473,NCCNS(=O)(=O)C1=CC=C(Cl)C2=C1C=NC=C2
3474,NC(=S)NC1=CC=CC=C1
3475,COC1=CC(CC2=C(C)C3=C(N=C2)N=C(N)N=C3N)=C(OC)C=C1
3476,[H][C@@]1(CC[C@@]2(C)C3=C(CC[C@]12C)[C@@]1(C)CC[C@H](O)C(C)(C)[C@]1([H])CC3)[C@H](C)CCC=C(C)C
3477,NCCCCNC(=O)C1=CC=C(C=C1)S(N)(=O)=O
3478,CCCCC[C@@H](C\C=C\C(=O)SCCNC(=O)CCN[C@H](O)C(=O)C(C)(C)COP(O)(=O)OP(O)(=O)OC[C@H]1O[C@H]([C@H](O)[C@@H]1OP(O)(O)=O)[N+]1=CNC2=C(N)N=CN=C12)SCC=O
3479,CC(C)(COP(O)(=O)OP(O)(=O)OC[C@H]1O[C@H]([C@H](O)[C@@H]1OP(O)(O)=O)N1C=NC2=C1N=CN=C2N)[C@@H](O)C(=O)NCCC(=O)NCCSC(=O)CCC(O)=O
3480,C[C@@H](O)[C@@H](N)C(O)=O
3481,FC1=CC=C(C=C1)C(OCCN1CCN(CCCC2=CC=CC=C2)CC1)C1=CC=C(F)C=C1
3482,[H]N(CC(O)=O)C(=O)C1=CC=C(C=C1)C(=O)N([H])[C@@H](C(C)C)C(=O)N1CCC[C@H]1C(=O)N([H])[C@@H](C(C)C)C(=O)C(F)(F)F
3483,OC1CCCCC1
3484,OCCCCCCCCCCCC(O)=O
3485,CNC1=C(C(=O)NC(N)=N1)[N+]([O-])=O
3486,N[C@@H](CCC(=O)N[C@@H](CS[C@@H](CO)COC1=CC=C(C=C1)[N+]([O-])=O)C(=O)NCC(O)=O)C(O)=O
3487,CCS\C(N)=N\C1=CC=CC=C1
3488,NC1=NC=NC2=C1N=CN2[C@@H]1O[C@H](COP(O)(=O)OS(O)(=O)=O)[C@@H](O)[C@H]1O
3489,OCCN(CCO)CC(O)=O
3490,CCC\C(N)=N/CCC[C@H]([NH3+])C(O)=O
3491,CCC(=O)CCC(C)(C)O
3492,CC(=O)N[C@@H](CC1=CC(C(O)=O)=C(CC(O)=O)C=C1)C(=O)N[C@H]1CCCCN(CC2=CC=C(C=C2)C2=CC=CC=C2)C1=O
3493,[H][C@@](CCC(O)=O)(NC(=O)C1=CC2=C(C=C1)C=C(C=C2)C(F)(F)P(O)(O)=O)C(N)=O
3494,NC1=C2N=CN([C@@H]3O[C@H](CF)[C@@H](O)[C@H]3O)C2=NC=N1
3495,[H]N1CC[C@@H](O[C@@H]2OC[C@@H](O)[C@H](O)[C@H]2O)[C@H](O)C1=O
3496,[H][C@@]1(O)[C@@H](COP(O)(O)=O)O[C@H]([C@@H]1O)N1N=CC(=O)NC1=O
3497,CCNC(=O)[C@@H]1O[C@H]([C@H](O)[C@H]1O)N1C=NC2=C1N=CN=C2N
3498,C\C=C(/N)C(O)=O
3499,[H][C@]1(O[C@](O)(C[C@H](O)[C@H]1NC(C)=O)C(O)=O)[C@H](O)[C@H](O)CO
3500,CC1=CC=CC2=C1CCNC2=O
3501,C[C@@H]1O[C@H](OP(O)(=O)OP(O)(=O)OC[C@H]2O[C@H](C[C@@H]2O)N2C=C(C)C(=O)NC2=O)[C@H](O)[C@H](O)[C@H]1O
3502,[H][C@](C)(O)[C@]([H])(N)C1=NC=CS1
3503,NC1=NC2=C(N=CN2[C@@H]2O[C@H](COP(O)(=O)OP(O)(=O)CP(O)(O)=O)[C@@H](O)[C@H]2O)C(=O)N1
3504,[H][C@]1(COP(O)(O)=O)O[C@@]([H])(N2C=NC3=CN=CN=C23)[C@]([H])(O)[C@]1([H])O
3505,CC1=C(CCC(O)=O)/C2=C/C3=N/C(=C\C4=C(C)C(CCC(O)=O)=C(N4)/C=C4\N=C(\C=C\1/N\2)C(CCC(O)=O)=C4C)/C(CCC(O)=O)=C3C
3506,OC(=O)C1=CC=C(Cl)C=C1
3507,NC1=NC2=C(N1)C=C(O)C=C2
3508,CN1C=NC2=C1[N+](C)=CN=C2N
3509,[H][C@](N)(CSCC[B-](O)(O)O)C(O)=O
3510,[H][C@@]1(O)O[C@]([H])(COP(O)(=O)OP(O)(=O)OC[C@@]2([H])O[C@@]([H])(N3C=NC4=C3N=CN3C=CN=C43)[C@]([H])(OP(O)(O)=O)[C@]2([H])O)[C@@]([H])(O)[C@@]1([H])O
3511,ClCCCl
3512,ONC(=O)[C@@H](O)[C@H](O)[C@@H](O)C([O-])=O
3513,[H][C@]1(O)C[C@@]([H])(O[C@]1([H])CO)N1C=NC2=C(C)N=CN=C12
3514,[H][C@](C)(CC1CC1)C=O
3515,[H][C@](C)(O)[C@]([H])(N)[C@]([H])(O)C#CC1=C(F)C=CC2=C1\C(=C\C1=C(OC)C=CN1)C(=O)N2
3516,[H]N(CCC(=O)N([H])\C=C/S)C(=O)[C@H](O)C(C)(C)CO
3517,[H][C@@]1(O)C[C@@](O)(C\C(=N/O)[C@@]1([H])O)C(O)=O
3518,CC(=O)N[C@H]1[C@@H](O)O[C@H](CO)[C@@H](O)[C@@H]1O
3519,CC[C@@H](C)C(O)=O
3520,[H][C@]1(OC2=C(S[C@]1([H])C1=CC=C(O)C=C1)C=C(O)C=C2)C1=CC=C(OCCN2CCCCC2)C=C1
3521,[H][C@@](CC1=CC=CC=C1)(NC(=O)C1=CC2=C(N1)C=CC(Cl)=C2)C(=O)N1CC(C1)C(O)=O
3522,[H][C@@](O)(CO)[C@]([H])(O)[C@]([H])(O)COP(O)(O)=O
3523,N[C@H]1C=C(C[C@@H](O)[C@@H]1O)C([O-])=O
3524,[H][C@]12O[C@H](CO)[C@@H](O)[C@H](O)[C@@]1([H])N=C(C)S2
3525,CN([C@H]1CC[C@@H](CC1)C1=CC=C(CN2CCCCC2)C=C1)C(=O)OC1=CC=C(Cl)C=C1
3526,CCC1=C(O)C=C(O)C(=C1)C1=NNC=C1C1=CNC=N1
3527,CC(C)CC(O)=O
3528,CC1=CN([C@H]2C[C@H](O)[C@@H](COP(O)(=O)OP(O)(=O)O[C@H]3O[C@H](CO)[C@@H](O)[C@H](O)[C@H]3O)O2)C(=O)NC1=O
3529,[H][C@@](C)(C(O)=O)C1=CC=C(C=C1)C(=O)C1=CC=C(I)S1
3530,COC(=O)[C@@H](C)C1=CC=C(C(F)=C1)C1=CC=CC=C1
3531,NC(CO)(CO)CO
3532,[H][C@]1(COP(O)(=O)OP(O)(=O)CP(O)(=O)OP(O)(O)=O)O[C@@]([H])(N2C=NC3=C(N)N=CN=C23)[C@]([H])(O)[C@]1([H])O
3533,CC\C=C/C\C=C/C\C=C/C\C=C/C\C=C/C\C=C/CCC(O)=O
3534,[H]N([H])C(=O)[C@H](C)N([H])C(=O)[C@H](C)N([H])C(=O)OC(C)(C)C
3535,C[C@@H]1C[C@H]2O[C@@H]2\C=C/C=C/C(=O)CC2=C(Cl)C(O)=CC(O)=C2C(=O)O1
3535,C[C@@H]1C[C@H]2O[C@@H]2\C=C/C=C/C(=O)CC2=C(Cl)C(O)=CC(O)=C2C(=O)O1
3536,[O-][N+](=O)C1=C(C=C2NC(=O)C(=O)NC2=C1)[N+]([O-])=O
3537,[H][C@](S)(CCS)CCCCC(O)=O
3538,O[C@H]1C[C@@H](O[C@@H]1COP(O)(O)=O)N1C=C(F)C(=O)NC1=O
3539,CN1C=C([C@H]2C[C@H](O)[C@@H](CO)O2)C(=O)NC1=O
3540,COC1=CC(OO)=CC=C1O
3541,NC1=NC(=O)N(C=C1)[C@@H]1O[C@H](CO)[C@@H](O)[C@H]1OP(O)(O)=O
3542,CCC(O)=O
3543,[H][C@@](COCC1=CC=CC=C1)(NC(=O)[C@]([H])(CC(C)C)NC(=O)N1CCOCC1)C#N
3544,CC(C)CCN(C[C@@H](O)[C@@H]1CC2=CC=C(OCCCC(=O)N[C@@H](C(C)C)C(=O)N1)C=C2)S(=O)(=O)C1=CC=CC=C1
3545,[H][C@@](O)(CN1C=NC2=C(N)N=CN=C12)[C@@]([H])(O)C(O)=O
3546,NC(=N)NO
3547,CN(CC=C)C\C=C\COC1=CC2=C(C=C1)C(=CO2)C1=CC=C(Br)C=C1
3548,[H][C@@]1(O)C[C@@]([H])(O)[C@]([H])(OCCCCCC)O[C@]1([H])CO
3549,[H][C@]1(C)O[C@]([H])(O)[C@]([H])(O)[C@@]([H])(O)[C@]1([H])O
3550,[NH3+][C@@H](CCC=O)C(O)=O
3551,C[C@@H]1NC(=O)N[C@@H]1CCCCCC(O)=O
3552,[H]C(=O)[C@H](C)O
3553,CN(C)CCCN1C=C(C2=C1C=CC=C2)C1=C(C(=O)NC1=O)C1=CNC2=C1C=CC=C2
3554,N[C@@H]1[C@@H](O)[C@H](O)[C@@H](CO)O[C@@H]1O[C@@H]1[C@@H](O)[C@H](O)[C@@H](O)[C@@H](O)[C@H]1O
3555,NC1=NC2=CC=CC=C2C(=O)N1
3556,[H][C@](C)(OC1=CC=C(OC2=CC=C(Cl)C=C2Cl)C=C1)C(O)=O
3557,NC(N)=NC1=CC=C(CNC(=O)NC23CC4CC(CC(C4)C2)C3)C=C1
3558,CCOC1=CC=C(NC(C)=O)C=C1
3559,CCCCCCCC\C=C\CCCCCCCC(N)=O
3560,[H][C@]12[C@H](C[C@@H](C)C=C1C=C[C@H](C)[C@@H]2CC[C@@H](O)C[C@@H](O)CC(O)=O)OC(=O)[C@@H](C)CC
3561,CC1=NC=C(COP(O)(O)=O)C(C\N=C2/CONC2=O)=C1O
3562,CC1=CC(OCC(O)=O)=CC(C)=C1CC1=CC=C(O)C(CC2=CC=CC=C2)=C1
3563,CN1C=C[NH+]=C1C
3564,CS(=O)(=O)CC[C@H](N)C(O)=O
3565,OC(=O)CC1=CC=CC(OCCCN(CC(C2=CC=CC=C2)C2=CC=CC=C2)CC2=CC=CC(=C2Cl)C(F)(F)F)=C1
3566,NC1=CNC(=O)NC1=O
3567,OC(=O)C1=CC=CC=C1
3568,[H][C@](N)(C(O)=O)C(F)(F)F
3569,CC(C)(CO)C(=O)C(O)=O
3570,CCCCCCCCCCCCCCCC(O)=O
3571,[H][C@]1(COP([O-])(=O)OP(O)(=O)OC[C@@]2([H])O[C@@]([H])([N+]3=CC=CC(CN)=C3)[C@]([H])(O)[C@]2([H])O)O[C@@]([H])(N2C=NC3=C(N)N=CN=C23)[C@]([H])(O)[C@]1([H])O
3572,NC1=NC(=O)N(C=C1)[C@H]1C[C@H](O)[C@@H](COP(O)(O)=O)O1
3573,N[C@@H](CCSC(F)(F)F)C(O)=O
3574,O[C@H]1C[C@@H](O[C@@H]1COP(O)(O)=O)N1C=CC(=O)NC1=O
3575,N[C@@H](CCCCNC(O)=O)C(O)=O
3576,[H][C@@]12CCCCN1CCN(C2)C1=CC=C(C=C1)[C@@]1([H])N(CCC2=CC(O)=CC=C12)C1=CC=CC=C1
3577,CC(C)[C@H](NC(=O)[C@H](OCC1=CC=CC=C1)[C@H](O)[C@@H](O)[C@@H](OCC1=CC=CC=C1)C(=O)N[C@@H](C(C)C)C(=O)NCC1=NC=CC=C1)C(=O)NCC1=CC=CC=N1
3578,[H][C@]1(O)C[C@@]([H])(O[C@]1([H])CO)N1C=C(C2=CC=C(Br)S2)C(=O)NC1=O
3579,CCOC(=O)C1=C(C)N(N=C1C)C1=C(Cl)C=CC=C1
3580,NC(=N)C1=CC=C(OCCCCCCOC2=CC=C(C=C2)C(N)=N)C=C1
3581,CCCCN1C(CC2=CC=CC(OC)=C2)=NC2=C(N)N=CN=C12
3582,[H][C@@](C)(CC(O)=O)[C@]([H])(N)C(O)=O
3583,[H][C@@]([NH3+])(CO)CC1=CN=CN1
3584,OC[C@@H](O)[C@H](O)[C@@H](O)CN1C(=O)N(CCCOP(O)(O)=O)C2=C1NC(=O)NC2=O
3585,[H]N(CCSC(=O)\C=C/CCCCCCC)C(C)=O
3586,OS(=O)(=O)CCN1CCOCC1
3587,[H][C@@](C)(O)[C@@]([H])(O)[C@@]([H])(O)[C@]([H])(O)CO
3588,N[C@@H](CCSC(F)F)C(O)=O
3589,NCC[C@H](N)C(O)=O
3590,[H][C@@]1(CCCN1S(=O)(=O)C1=CC=C(C)C=C1)C(=O)NCCS
3591,ONC(=O)C1=CC=CC=C1O
3592,[H]N([C@@H](CCCCC(=O)N([H])[C@@H]1C(=O)N2[C@@H](C([O-])=O)C(C)(C)S[C@]12[H])C([O-])=O)C(=O)C[N+]([H])([H])[H]
3593,[H][C@@](N)(C(O)=O)[C@@]([H])(O)OP(O)(O)=O
3594,CCOP(O)(O)=O
3595,O[C@@H]1CC2=C(O[C@@H]1C1=CC(O)=C(O)C(O)=C1)C=C(O)C=C2O
3596,IC1=CC2=C(CCNC2)C=C1
3597,[Cl-].CCNC1=CC2=[O+]C3=C(C=C(C)C(NCC)=C3)C(C3=CC=CC=C3C(=O)OCC)=C2C=C1C
3598,NC1=C(N)C(=O)NC(=O)N1
3599,[H][C@](CCP([O-])(=O)OCC[N+](C)(C)C)(COC(=O)CCCCC)OC(=O)CCCCC
3600,CC1=CC(C=O)=C(OP(O)(O)=O)C(C=O)=C1
3601,O[C@H]1[C@@H](O)[C@@H](O[C@@H]1COP(O)(O)=O)C1=CNC(=O)NC1=O
3602,NC1=NC2=NC=C(CNC3=CC=C(C=C3)C(=O)OP(O)(O)=O)N=C2C(=O)N1
3603,[H]\C(CCCCCCCC)=C(/[H])CCCCCCCCOC(=O)[C@]([H])(O)CO
3604,[H][C@@](CC(O)=O)(C[N+](C)(C)C)OC(=O)CCCCCCC
3605,[H][C@]1(CCCN1)C(=O)C1=NN=C(O1)C(C)(C)C
3606,CC(CN1C=CN=N1)([C@@H](N\C=C/C=O)C(O)=O)S([O-])=O
3607,CC(=O)NN1C(=O)N[C@@]2(O[C@H](CO)[C@@H](O)[C@H](O)[C@H]2O)C1=O
3608,ClC1=CC(Cl)=CC(Cl)=C1
3609,C(C)(C)C[C@H](C(=O)N[C@H](CCC1=CC=CC=C1)\C=C\S(=O)(=O)C1=CC=CC=C1)NC(=O)N1CCOCC1
3610,N[C@H](CC1=CC=C(O)C=C1)C(O)=O
3611,O.O.[Cu+4].[N-]1C=CN=C1.[N-]1C=CN=C1.[N-]1C=CN=C1.[N-]1C=CN=C1
3612,CC(C)(C)COC1=C(C=C(C=C1)N1C=C(C=N1)C(O)=O)C#N
3613,CC1=CC=CC(=C)[C@H]1N
3614,[H]C([H])=O
3615,NS(=O)(=O)C1=CC=C(C=C1)C(=O)NCC1=C(F)C=CC=C1F
3616,[H][C@@]1(C[C@]([H])(N=[N+]=[N-])[C@@]([H])(COP([O-])(=O)OP([O-])(=O)OP(O)(=O)OP([O-])(=O)OP([O-])(=O)OC[C@@]2([H])O[C@@]([H])(N3C=NC4=C(N)N=CN=C34)[C@]([H])(O)[C@]2([H])O)O1)N1C=C(C)C([O-])=NC1=O
3617,[H]N1C(=O)N(C=C(CO)C1=O)[C@H]1C[C@H](O)[C@@H](COP(O)(O)=O)O1
3618,N[C@@H](CC(C(O)=O)C(O)=O)C(O)=O
3619,O[S@@](=O)C1=CC=CC=C1
3620,COC1=C(OC2CCCC2)C=C(C=C1)[C@]1(CC[C@@H](CC1)C(O)=O)C#N
3621,[H]\C(C[C@@]([H])(OC)[C@@]([H])(C)C(=O)CC[C@]([H])(C)[C@]([H])(C[C@]1([H])OC(=O)C[C@@]([H])(O)C[C@]([H])(O)CC(=O)[C@]([H])(C)[C@]([H])(OC)C2=COC(=N2)C2=COC(=N2)C2=COC(=N2)\C([H])=C([H])\CC[C@@]1([H])C)OC)=C(\[H])N(C)CO
3622,OC(=O)CCCN1C2=CC=CC=C2C2=C1C=CC=C2
3623,C[C@@]12CC[C@@H](CC1)C(C)(C)O2
3624,OC1=C(C=C(C=C1)S(O)(=O)=O)\N=N\C1=C(C=C2C(C=CC(NC3=NC(NC4=C(C5=CC(=C(\N=N\C6=C(O)C=CC(=C6)S(O)(=O)=O)C(O)=C5C=C4)S(O)(=O)=O)S(O)(=O)=O)=NC=N3)=C2S(O)(=O)=O)=C1O)S(O)(=O)=O
3625,NCCCCCN
3626,[H][C@](O)(COP(O)(O)=O)[C@@]([H])(O)[C@]([H])(O)NO
3627,NCCC[C@@](N)(C(F)F)C(O)=O
3628,OC[C@H]1O[C@@H](S)[C@H](O)[C@@H](O)[C@@H]1S
3629,CC(=O)CSC[C@H](N)C(O)=O
3630,OC[C@H]1O[C@@H](S)[C@H](O)[C@@H](O)[C@@H]1O
3631,[H][C@@]12CC[C@H](O)[C@@]1(C)CC[C@]1([H])C3=CC=C(O)C=C3C[C@@H](CCCCCCCCCCC(=O)N(C)CCCC)[C@@]21[H]
3632,[H]N([C@H]1N([H])C[C@H](CO)[C@H](O)[C@@H]1O)C(C)=O
3633,OC[C@H]1ONC[C@@H](O)[C@@H]1O
3634,CO[C@@H]1[C@@H](O)O[C@@H](C)[C@@H](O)[C@H]1O
3635,OC[C@@H](O)CS
3636,NC(=[NH2+])C1=CC2=C(NC(=C2)C2=CC=CC(=C2O)C2=CC=CC=C2)C=C1Cl
3637,[H][C@@](CCCCC)(OO)\C=C\[C@@]1([H])[C@@]2([H])C[C@]([H])(OO2)[C@]1([H])C\C=C/CCCC(O)=O
3638,N[C@@H](CC1=CC(=C(O)C=C1)[N+]([O-])=O)C(O)=O
3639,O[C@@H]1C[C@@](O)(CC(=O)[C@H]1O)C(O)=O
3640,[H]N([H])[C@@H](CO)C(=O)N([H])S(=O)(=O)OC[C@H]1O[C@H]([C@H](O)[C@@H]1O)N1C=NC2=C(N=CN=C12)N([H])[H]
3641,[H][C@@]1(CO)O[C@@]([H])(O[C@@]2([H])[C@]([H])(O)CO[C@@]([H])(O)[C@]2([H])O)[C@]([H])(O)[C@@]1([H])O
3642,[Ru+3].[N-]1C=CN=C1.C1=CC=C(N=C1)C1=CC=CC=N1.C1=CC=C(N=C1)C1=CC=CC=N1
3643,[H][C@]1(O)CC[C@]([H])(O)[C@@]([H])(C)O1
3644,CN(C)CCC\C(C)=C\CC\C(C)=C\CC\C=C(/C)CC\C=C(/C)CCC=C(C)C
3645,NC(=[NH2+])C1=CC2=C(S1)N=CC=C2
3646,CCN[C@H]1CN(CCOC)S(=O)(=O)C2=C1C=C(S2)S(N)(=O)=O
3647,CC1=CC=C(NC(=O)C2=CC=CN=C2)C=C1NC1=NC=CC(=N1)C1=CC=CN=C1
3648,CO[C@@H]1O[C@@H](C)[C@@H](O)[C@@H](O)[C@@H]1O
3649,[H][C@@](CC1=CC=CC=C1)(NC(=O)[C@]([H])(CC(C)C)[C@]([H])(CSC1=CC=CS1)C(=O)NO)C(=O)NC
3650,[H]N1C=C([C@H]2[C@H](O)[C@H](O)[C@@H](CSC)[N+]2([H])[H])C2=C1C(=O)N=CN2[H]
3651,[H][C@]1(O)CC[C@@]2([H])[C@]3([H])CC[C@@]4([H])C[C@@]([H])(O)CC[C@]4(C)[C@@]3([H])CC[C@]12C
3652,[H]N1C(=O)N([H])C2=C(N=C(CCC(O)=O)C(=O)N2C[C@H](O)[C@H](O)[C@H](O)CO)C1=O
3653,OC(=O)C(=O)CC1=CC=CC=C1
3654,[H]N([H])[C@@H](CCC(=O)N([H])[C@@H](CSCC1=CC=CC2=CC=CC=C12)C(=O)N([H])CC(O)=O)C(O)=O
3655,C[C@@H](O)[C@@H](O)C1=CN=C2N=C(N)NC(=O)C2=N1
3656,[H][C@]1(COP(O)(O)=O)O[C@]([H])(N2C=NC3=NC=NC(N)=C23)[C@]([H])(O)[C@]1([H])O
3657,CN(CCCCCCOC1=CC2=C(C=C1)C(=NN2C)C1=CC=C(Br)C=C1)CC=C
3658,N[C@@H](CCC(=O)N[C@@H](CS[C@H](O)N(O)C1=CC=C(Br)C=C1)C(=O)NCC(O)=O)C(O)=O
3659,O=C[C@@]([H])(C(C)C)[C@]1([H])N(CC[C@@]1([H])NS(=O)(=O)C)C(=O)\C=C\CN1CCCCC1
3660,[H]N(N([H])C(=O)[C@H](CC(C)C)N([H])C(=O)OCC1=CC=CC=C1)C(=O)N([H])N([H])C(=O)[C@H](CC(C)C)N([H])C(=O)OCC1=CC=CC=C1
3661,N[C@@H](CCC\[NH+]=C(/N)NCC=C)C(O)=O
3662,[H][C@]1(COP(O)(=O)OP(O)(=O)OC[C@@]2([H])O[C@@]([H])([N+]3=CC=CC(=C3)C([S-])=N)[C@]([H])(O)[C@]2([H])O)O[C@@]([H])(N2C=NC3=C(N)N=CN=C23)[C@]([H])(O)[C@]1([H])O
3663,[H][C@@]1(CCC2=C1C=CC=C2)NCC#C
3664,CN(C)C1=CC=C(C=C1)C(C1=CC=CC=C1)=C1C=CC(C=C1)=[N+](C)C
3665,OP(O)(=O)OP(O)(=O)OP(O)(O)=O
3666,OC(=O)CCC1=CC=C(O)C=C1
3667,N[C@H](C(O)=O)C1=CC(Cl)=C(O)C=C1
3668,CCCCN1C(CC2=CC=C(OC)C=C2)=NC2=C(N)N=CN=C12
3669,CC(C)(C)O
3670,O=C[C@@H]1CCC(=O)N1
3671,OC(=O)C(O)=O
3672,CN(C)C1=CCC2=C(C3=CC=C(C=C3OC2=C1)N(C)C)C1=CC=C(C=C1C(O)=O)N1C(=O)C=CC1=O
3673,NC(N)=O
3674,[H]N([H])C1=C2N=CN([C@@H]3O[C@H](COP(O)(=O)OP(O)(=O)OCC(C)(C)[C@@H](O)C(=O)N([H])CCC(=O)N([H])CCN([H])C(=O)CCC(O)=O)[C@@H](OP(O)(O)=O)[C@H]3O)C2=NC=N1
3675,CC1=C(C=C)C2=CC3=[N+]4C(=CC5=C(C)C(CCC(O)=O)=C6N5[Fe]44N2C1=CC1=[N+]4C(C(CCC(O)=O)=C1C)=C6C1=CC=CC=C1)C(C=C)=C3C
3676,[H]N([H])C1=C2N=CN([C@@H]3O[C@H](\C=C\CN([H])C(=O)C4=C(O)C(O)=CC(=C4)[N+]([O-])=O)[C@@H](O)[C@H]3O)C2=NC=N1
3677,[H]N(C)C(=O)[C@@H](N([H])C(=O)[C@H](OCC1=CC=CC=C1)[C@H](O)[C@@H](O)[C@@H](OCC1=CC=CC=C1)C(=O)N([H])[C@@H]([C@@H](C)CC)C(=O)N([H])C)[C@@H](C)CC
3678,[H][C@]1(COP(O)(=O)OP(O)(=O)CP(O)(O)=O)O[C@@]([H])(N2C=NC3=C(N)N=CN=C23)[C@]([H])(O)[C@]1([H])O
3679,NC(=N)SCCC1=CC(CCSC(N)=N)=CC=C1
3680,O[C@H]1COC(O)[C@@H](O)[C@@H]1O
3681,CC(C)(COP(O)(O)=O)[C@@H](O)C(=O)NCCC(=O)NCCS
3682,C[C@H](OP(O)(=O)OC[C@@H](O)[C@@H](O)[C@@H](O)CN1C2=CC(O)=CC=C2C=C2C(=O)NC(=O)N=C12)C(=O)N[C@@H](CCC(=O)N[C@@H](CCC(O)=O)C(O)=O)C(O)=O
3683,[H]\C(C1=CNC2=CC=CC=C12)=C1\N=C(N(CC(O)=O)C1=O)[C@@]([H])(N)[C@@]([H])(C)O
3684,CC(=O)[C@H](N)C(O)=O
3685,CC1=C(Cl)C=C(NC2=NC(=CC=N2)C2=CC(=NC=C2)N2CCN(CCN)CC2)C=C1
3686,CCNC(=O)\C=C(/C)\C=C\C=C(/C)\C=C\C1=C(C)CCCC1(C)C
3687,[H][C@@]1(CNC2=C(N1)C(=O)N=C(N)N2)[C@H](O)[C@@H](C)O
3688,CCNC(=O)OC
3689,CNC(=C)C(O)=O
3690,N1C=C(C(=N1)C1=NC=CC=C1)C1=C2C=CC=CC2=NC=C1
3691,COC1=CC(\C=C\C(=O)SCCNC(=O)CCNC(=O)[C@H](O)C(C)(C)CO[P@@](=O)(O)O[P@](O)(=O)OC[C@H]2O[C@H]([C@H](O)[C@@H]2OP(O)(O)=O)N2C=NC3=C(N)N=CN=C23)=CC(O)=C1O
3692,NC1=CC=C(N)C2=C1C(=O)C1=C(O)C=CC(O)=C1C2=O
3693,CC(C)[C@@H](NC(=O)CN1C(=O)C(N)=CN=C1C1=CC=CC=C1)[C@@H](O)C1=NN=C(O1)C(C)(C)C
3694,[H][C@@]12CC[C@@H](O)[C@@]1(C)CC[C@@]1([H])[C@@]2([H])CC[C@@]2([H])C[C@@H](O)CC[C@]12C
3695,[H]N([H])CC(=O)N([H])[C@@H](CCCCC(=O)N([H])[C@H](C)C(O)=O)C(O)=O
3696,OC(=O)CSC1=NC(=NO1)C1=CC=CC(Cl)=C1
3697,N[C@H](CO)C(O)=O
3698,[H][C@@]1(C)C=CN[C@@]1([H])C(O)=O
3699,NC1=NC(=O)C2=C(N1)N(C=N2)[C@@H]1O[C@H](COP(O)(=O)OP(O)(=O)OP(O)(=O)OC[C@H]2O[C@H]([C@H](O)[C@@H]2O)N2C=NC3=C2NC(N)=NC3=O)[C@@H](O)[C@H]1O
3700,[H][C@](C)(CC)C(=O)O[C@@]1([H])C[C@@]([H])(C)C=C2C=C[C@]([H])(C)[C@]([H])(CC[C@@]3([H])C[C@@]([H])(O)CC(=O)N3CC3=CC4=C(C=C3)C(CO)=C(OC)C=C4)[C@@]12[H]
3701,[H]N1C(=O)C(=C)OC2=CC(OC)=CC(C(=O)O[C@H]3COC(=O)C[C@@H](C4=CC(O)=C(O[C@]5([H])C6=C(C=C3C=C6)C3=CC=C[C@]53O[C@@H]3OC(C)(C)[C@H]([C@@H](O)[C@H]3O)N(C)C)C(Cl)=C4)[N+]([H])([H])[H])=C12
3702,[Zn++].CC1=C(CCC(O)=O)/C2=C/C3=N/C(=C\C4=C(C=C)C(C)=C([N-]4)/C=C4\N=C(\C=C\1/[N-]\2)C(C)=C4C=C)/C(C)=C3CCC(O)=O
3703,[H][C@]1(O)O[C@@]([H])(C(O)=O)[C@]([H])(O)[C@]([H])(O)[C@@]1([H])OS(O)(=O)=O
3704,[H][C@]1(O)CO[C@]([H])(COP(O)(O)=O)[C@]1([H])O
3705,[H]C(=O)[C@H](O)[C@H](O)COP(O)(O)=O
3706,[H][C@]12SCC(C)=C(N1C(=O)[C@H]2NC(=O)CCC[C@@H](N)C(O)=O)C(O)=O
3707,[H]N1C=C[C@H](O)N([H])C1=O
3708,NC(=O)C(O)=O
3709,CCCCCCCC1=CC=C(O)C=C1
3710,[H][C@]1(O)[C@@]([H])(O)[C@]([H])(C[C@]1([H])COP(O)(O)=O)OP(O)(=O)OP(O)(O)=O
3711,N[C@H](CC(N)=O)C(O)=O
3712,[H][C@]1(C)SC(=O)NN=C1C1=CC2=C(C=C1)N(CCC2)C(=O)C1=CC(OC)=C(OC)C=C1
3713,C[N+](C)(C)CCOP(O)(O)=O
3714,OC(=O)C1=CC=C(O)C(O)=C1
3715,OC[C@H](O)[C@H](O)C(=O)CO
3716,[H][C@]1(COP(O)(O)=O)O[C@@]([H])(N2C=NC3=C(Cl)[NH+]=CN=C23)[C@]([H])(O)[C@]1([H])O
3716,[H][C@]1(COP(O)(O)=O)O[C@@]([H])(N2C=NC3=C(Cl)[NH+]=CN=C23)[C@]([H])(O)[C@]1([H])O
3717,[H]N([C@@H](CC1=CC=CC=C1)C(=O)N([H])[C@@H](CC1=CC=C(O)C=C1)C(O)=O)C(=O)[C@@H](S)CC1=CC=CC=C1
3718,[H]N([H])S(=O)(=O)C1=CC=C(C=C1)C(=O)N([H])C[C@H](C)CN1C=CC2=CC=CC=C12
3719,CC(=O)N[C@H]1C(O)O[C@H](COP(O)(O)=O)[C@@H](O)[C@@H]1O
3720,[H][C@](C)(O)[C@@]1([H])O[C@@]([H])(N2C=NC3=C(C)N=CN=C23)[C@]([H])(O)[C@]1([H])O
3721,[H]N([H])[C@@H](CCCN([H])C(=S)N([H])[H])C(O)=O
3722,[H][C@@]1(O)CN[C@]([H])(CO)[C@@]([H])(O)[C@]1([H])O
3723,O[C@H]1[C@H](O)[C@@H](OP(O)(O)=O)[C@H](OP(O)(O)=O)[C@@H](O)[C@H]1OP(O)(O)=O
3724,[H]N([H])C(=N[C@H](C1CCCCC1)C(=O)N([H])CC(=O)N1CCC(CC1)C1=CC(=NN1[H])C1=C(Cl)C(Cl)=CC=C1)N([H])[H]
3725,[H]N([H])C1=NC(=O)C2=C(N1[H])N(C=N2)[C@@H]1O[C@H](COP(O)(=O)OP(O)(=O)OP(O)(=O)OC[C@H]2O[C@H]([C@H](O)[C@@H]2O)[N+]2=CN(C)C3=C2N([H])C(=NC3=O)N([H])[H])[C@@H](O)[C@H]1O
3726,[H][C@]1(O)O[C@]([H])(COS(O)(=O)=O)[C@@]([H])(O)[C@]([H])(O)[C@@]1([H])NS(O)(=O)=O
3727,[H][C@@]1(CC2CCCC2)NC(=CN2C(=O)[C@](CC3=CC=C(O)C=C3)(OO)N=C12)C1=CC=C(O)C=C1
3728,[H][C@@]1(O)COP(O)(=O)OP(O)(=O)O[C@@]1(C)CO
3729,[H]N([H])C(=O)C1=C[N+](=CC=C1)[C@@H]1O[C@H](COP([O-])(=O)OP(O)(=O)OC[C@H]2O[C@H]([C@H](OP(O)(O)=O)[C@@H]2O)N2C(Br)=NC3=C(N=CN=C23)N([H])[H])[C@@H](O)[C@H]1O
3730,[H][C@](N)(CS[As](C)C)C(O)=O
3731,[H]\C(C([O-])=O)=C(/C([O-])=O)[C@@]([H])(O)C([O-])=O
3732,CO[C@@H]1[C@@H](OC(=O)C2=CC=C(C)N2)[C@@H](O)[C@H](OC2=C(Cl)C3=C(C=C2)C(O)=C(NC(=O)C2=CC(CC=C(C)C)=C(O)C=C2)C(=O)O3)OC1(C)C
3733,CCCCCCCCCCCCOS(O)(=O)=O
3734,CN1C(=O)CCC1(C)C
3735,[H][C@]1(SCC(=NC=C1C(O)=O)C(O)=O)C1=CN2C(SC3=C2CCC3)=N1
3736,[H][C@]1(C)O[C@]([H])(O[C@]2([H])[C@@]([H])(CO)O[C@]([H])(OC[C@@]3([H])O[C@@]([H])(O)[C@]([H])(O)[C@@]([H])(O)[C@]3([H])O)[C@]([H])(O)[C@@]2([H])O)[C@]([H])(O)[C@@]([H])(O)[C@]1([H])N[C@@]1([H])C=C(CO)[C@@]([H])(O[C@@]2([H])O[C@]([H])(CO)[C@@]([H])(O[C@@]3([H])O[C@]([H])(CO)[C@@]([H])(O)[C@]([H])(O)[C@@]3([H])O)[C@]([H])(O)[C@@]2([H])O)[C@]([H])(O)[C@@]1([H])O
3737,[H][C@]1(N)OC2=CC=CC=C2[C@]([H])(O)S1
3738,[H]N1C2=C(N(CCCOP(O)(O)=O)C(=O)N2C[C@@H](O)[C@@H](O)[C@H](O)CO)C(=O)N([H])C1=O
3739,N[C@@H](CCCCNC(N)=N)C(O)=O
3740,OC(=O)C1=CC=C([Hg])C=C1
3741,CC(C)OP(O)(O)=O
3742,C[N+](C)(C)CCCC[C@H](N)C(O)=O
3743,[H][C@](N)(CC1=CC=C(O)C=C1)C=O
3744,[H]C(O)(CO)COP(O)(=O)OC[C@@]([H])(COC(=O)CCCCCCCCCCCCCCC)OC(=O)CCCCCCC[C@@]1([H])C[C@@]1([H])CCCCCC
3745,NC1=NC(=CC=N1)C1=C(N=CN1CC1CC1)C1=CC=C(F)C=C1
3746,[H][C@@]1(O)OC(=C[C@]([H])(O)[C@@]1([H])OS(O)(=O)=O)C(O)=O
3747,OC(=O)C(=O)N(C1=CC=CC=C1C(O)=O)C1=CC=CC2=C1C=CC=C2
3748,NC1=NC2=C(N[C@@H]3[C@H](N2)O[C@@H](COP(O)(O)=O)C2=C3S[Mo](S)(=O)(=O)S2)C(=O)N1
3749,[H][C@@](CSCC1=CC=CC=C1)(NC(=O)[C@]([H])(CC1=CC=CC=C1)NC(=O)N1CCOCC1)C=O
3750,C[N@@H+](CCC=C(C)C)[C@H]1CCC(C)=CC1
3751,[H][C@]1(O[C@H](CO)[C@@H](O)[C@H]1O)C1=C2N=C[N+](C)=C(N)C2=NN1
3752,COC1=CC(OC)=CC(CN(C)C2=CN=C3N=C(N)N=C(N)C3=C2)=C1
3753,N[C@@H](CCCC[NH3+])C(N)=O
3754,OC[C@H]1OC(O)[C@H](O)[C@H](O)[C@@H]1O
3755,[H][C@]1(CO)O[C@@]([H])(S[C@@]2([H])[C@]([H])(O)[C@@]([H])(CO)O[C@@]([H])(OC3([H])C([H])(O)C([H])(CO)OC([H])(OC4=CC=C(C=C4)N(=O)=O)C3([H])O)[C@]2([H])O)[C@]([H])(O)[C@@]([H])(O)[C@]1([H])O
3756,[H][C@]1(OC(=C[C@H](O)[C@H]1NC(C)=O)C(O)=O)[C@H](O)[C@H](O)CO
3757,N[C@@H](CNC(=O)C1=CC=CC=C1)C(O)=O
3758,CC(C)CCC(O)=O
3759,NCCO
3760,[H][C@]1(CO)O[C@]2([H])O[C@]3([H])[C@@]([H])(CO)O[C@]([H])(O[C@]4([H])[C@@]([H])(CO)O[C@]([H])(O[C@]5([H])[C@@]([H])(CO)O[C@]([H])(O[C@]6([H])[C@@]([H])(CO)O[C@]([H])(O[C@]7([H])[C@@]([H])(CO)O[C@]([H])(O[C@]8([H])[C@@]([H])(CO)O[C@]([H])(O[C@@]1([H])[C@]([H])(O)[C@@]2([H])O)[C@]([H])(O)[C@@]8([H])O)[C@]([H])(O)[C@@]7([H])O)[C@]([H])(O)[C@@]6([H])O)[C@]([H])(O)[C@@]5([H])O)[C@]([H])(O)[C@@]4([H])O)[C@]([H])(O)[C@@]3([H])O
3761,[H][C@]1(CC(=NN1C(C)=O)C1=C(Cl)C=CC=C1)C1=CC=CC(O)=C1
3762,N[C@H](COP(O)(O)=O)CC1=CNC=N1
3763,[H]\C(=C1\N=C(CN)N(CC(O)=O)C1=O)C1=CC=C(O)C=C1
3764,CCCCP(O)(O)=O
3765,N[C@@H](CN1C=C(Br)C(=O)NC1=O)C(O)=O
3766,OC(=O)C(=O)NC1=CC2=C(C=CN2)C=C1C(O)=O
3767,NS(=O)(=O)C1=CC=C(C=C1)C(=O)NCCCCNCS
3768,[H]N([H])C(=O)C1=C(OCC2CCCCC2)C=CC(=C1)[C@H](C)N([H])C(=O)[C@H](CC1=CC(=C(OCC(O)=O)C=C1)P(O)(O)=O)N([H])C(C)=O
3769,CN(C)CCSCC1=C2N=C(N)NC(=O)C2=CC(N)=C1
3770,O[C@H]1[C@@H](O)[C@@H](O[C@@H]1COP(O)(=O)OP(O)(=O)OP(O)(O)=O)N1C=CC(=O)NC1=O
3771,NC1=C(N2C=C(C=CC2=N1)C(=O)C1=C(F)C=CC=C1F)C(=O)C1=CC=CC=C1
3772,CC1(C)N=C(N)N=C(N)N1OCCCOC1=CC=C(Br)C=C1
3773,[Zn++].NC(=[NH2+])C1=CC2=C([N-]C(CC3=NC4=C([N-]3)C=CC(=C4)C(N)=[NH2+])=N2)C=C1
3774,COC(=O)CCC1=C(C)C2=CC3=C(C=C)C(C)=C4C=C5N6C(=CC7=C(C)C(CCC(=O)OC)=C8C=C1N2[Fe@@]6(N78)N34)C(C)=C5C=C
3775,COC1=CC=CC(=C1)C1=NC2=C(N1)C=CC=C2C(N)=O
3776,CN(C)C1=CC=C(C=C1)C1=NC2=C(N1)C=CC(=C2)C1=NC2=C(N1)C=C(C=C2)N1CCN(C)CC1
3777,[H][C@@](CC(C)C)(NC(=O)[C@]1([H])CSCCN1S(=O)(=O)C1=CC=C(C)C=C1)C(O)=O
3778,[H]N([H])C(=O)[C@]1(O[C@H](CO)[C@@H](O)[C@H](O)[C@H]1O)N([H])C(=O)OC
3779,[O-][N+](=O)C1=CC2=C(NC3=C2CC(=O)NC2=C3C=CC=C2)C=C1
3780,CSCC[C@H](N)P(O)=O
3781,CN(C1CCN(CC1)C(=O)C1=CC2=CC=CC=C2C=C1)C(=O)C1=CC2=CC=CC=C2C=C1C(=O)[C@@H](C1=CC=CC2=CC=CC=C12)P(O)(O)=O
3782,CN(CCCOC1=CC=C(Cl)C=C1Cl)CC#C
3783,CC(C)SC(N)=N
3784,OC1=CC=C(CCNC2=NC(SCCCC3=CC=C(Cl)C=C3)=NC(=N2)N2CCNCC2)C=C1
3785,[H][C@]1(C)CN(CCCCCCCCNC=O)C[C@@]([H])(C)O1
3786,NC1=NC2=C(N=CN2[C@@H]2O[C@H](COP(O)(=O)OP(O)(O)=O)[C@@H](OP(O)(=O)OP(O)(O)=O)[C@H]2O)C(=O)N1
3787,NC1=NC2=C(N=CN2[C@@H]2O[C@H](COP(O)(=O)OP(O)(=O)O[C@H]3O[C@@H]([C@@H](O)[C@H](O)[C@@H]3O)C(O)=O)[C@@H](O)[C@H]2O)C(=O)N1
3788,[H]N([H])[C@@H](CO)C(=O)N([H])[C@@H]1[C@@H](CO)O[C@H]([C@@H]1O)N1C=NC2=C(N=CN=C12)N([H])[H]
3789,[H][C@]12CC[C@]([H])(C[C@@]([H])(O)C1)N2C
3790,N[C@H](CCCNC(N)=N)C(O)=O
3791,[H][C@]1(O)C[C@]([H])(O)[C@@]([H])(O)O[C@]1([H])C
3792,N[C@@H](CC1=CC=CC=C1)C(N)=O
3793,OC1=CC=C(CN2C3=C(CCN(C3)C(=O)C3=CC=C(O)C=C3)C3=CC=CC=C23)C=C1
3794,N[C@@H](CO[V](O)([O-])([O-])[O-])C(O)=O
3795,CN(C)C1=CC=CC2=C1C=CC=C2S(=O)(=O)NCCCCNC(=O)C12CC3CC(CC(C3)C1)C2
3796,[H][C@@](C)(NC(=O)OCC1=CC=CC=C1)C(=O)N1CCC[C@@]1([H])C(O)=O
3797,OCC(=O)[C@@H](O)[C@H](O)COP(O)(O)=O
3798,CC(C)(O\N=C(/C(=O)NCB(O)O)C1=CSC(N)=N1)C(O)=O
3799,[H]N([H])C1=C2N=CN([C@@H]3O[C@H](COP(O)(=O)OP(O)(=O)OCC(C)(C)[C@@H](O)C(=O)N([H])CCC(=O)N([H])CCSS)[C@@H](OP(O)(O)=O)[C@H]3O)C2=NC=N1
3800,ClC1=CC=C(CN(CC2=CC=C(Cl)C=C2)C2=NNN=N2)C=C1
3801,CC(C)[C@@H](C)\C=C\[C@@H](C)[C@H]1CC[C@H]2C3=CC=C4C[C@@H](O)CC[C@]4(C)[C@H]3CC[C@]12C
3802,CCCCCCCCCCCCC(=O)CC(O)=O
3803,[H]N(C(CN1CCOCC1)CN1CCOCC1)C(=O)C1=CC(=CC(O[C@H]2O[C@H](CO)[C@H](O)[C@H](O)[C@H]2O)=C1)[N+]([O-])=O
3804,[H]\C(=C(\[H])C1=C(C=C(C=C1)N(=O)=O)N(=O)=O)C1=C(N[C@]([H])(SC1)[C@]([H])(N=C([O-])CC1=CC=CS1)C(=O)OC[C@]([H])(N)C([O-])=O)C(O)=O
3805,[H][C@](O)(OC)C1=CC=C(CN2[C@]([H])(COC3=CC=CC=C3)[C@]([H])(O)[C@@]([H])(O)[C@@]([H])(COC3=CC=CC=C3)N(CC3=CC=C(CO)C=C3)S2(=O)=O)C=C1
3806,OC(=O)CCCCCC\C=C/[C@@H]1O[Fe@]23ON1CCCC[C@@H](NC(=O)[C@@H]1CO[C@H](N1)C1=CC=CC=C1O2)C(=O)OCCC(=O)N[C@@H]1CCCCN(O3)C1=O
3807,OC(=O)C1=C(C=C(OC2=C(NC(=O)C3=CC(=CC=C3)[N+]([O-])=O)C=CC=C2)C=C1)C(O)=O
3808,C[C@H](C(O)=O)C(=O)SCCNC(=O)CCNC(=O)[C@H](O)C(C)(C)COP(O)(=O)OP(O)(=O)OC[C@H]1O[C@H]([C@H](O)[C@@H]1OP(O)(O)=O)N1C=NC2=C1N=CN=C2N
3809,CO[C@@H]1O[C@H](CO)[C@H](O)[C@H](O)[C@H]1O
3810,[H]N([H])C1=NC(=O)C2=NC(COP(O)(=O)OP(O)(O)=O)=CN=C2N1[H]
3811,C[C@@H](NC(N)=O)C(O)=O
3812,OC1=CC=C(CC(=O)NC2=NC=C(N=C2CC2=CC=CC=C2)C2=CC=C(O)C=C2)C=C1
3813,CCC[N+]#[C-]
3814,OC(=O)CCCCC1=CC=CC=C1
3815,CC1=CC=C(O)C=C1C
3816,[O-]P=O
3817,CCCCN1C(CC2=C(OC)C=CC(OC)=C2)=NC2=C(N)N=C(F)N=C12
3818,CC[N+]1=C(C)C(C(=O)OC(C)C)=C(C2=CC=CC=C2Cl)C(C(O)=O)=C1C(O)=O
3819,[H]N([H])C(=O)C1=C(\C=C\C(=O)N(CC2=NC3=C(C=C2)N([H])C(=NC3=O)N([H])[H])C2=CC=C(C=C2)C(=O)N([H])[C@@H](CCC(O)=O)C(O)=O)N(C=N1)[C@@H]1O[C@H](COP(O)(O)=O)[C@@H](O)[C@H]1O
3820,NC(=O)N[C@@H](CC1=CC=CC=C1)C(O)=O
3821,NC(=N)C1=CC2=C(C=CC=C2NC2=NC=CC=N2)C=C1
3822,CC1=CC(=CNC1=O)[C@H]1C[C@H](O)[C@@H](COP(O)(O)=O)O1
3823,[H][C@@](N)(C1CC2=CC=CC=C2C1)C(O)=O
3824,C[C@H]1O[C@@H](O)[C@H](O)[C@@H](O)[C@H]1O
3825,CC(C)C[C@](C)(N)C(O)=O
3826,COC(=O)C1=C(C)CC(=O)C2=C(O)C3=C(C=C12)C(=O)C1=CC=CC(O)=C1C3=O
3827,O=CN(C1CCC1)C1CCCC1
3828,OC(=O)\C=C\C1=CC=C(O)C=C1
3829,[H]N([H])C1=C2N=CN([C@@H]3O[C@H](COP(O)(=O)OP(O)(=O)OCC(C)(C)[C@@H](O)C(=O)N([H])CCC(=O)N([H])CCSCC4=CC=C(O)C=C4)[C@@H](OP(O)(O)=O)[C@H]3O)C2=NC=N1
3830,[H]N1C(=O)C=CN([C@H]2C[C@]([H])(F)[C@@H](COP(O)(=O)OP(O)(O)=O)O2)C1=O
3831,NC1=NN=C2C(CCC3=CC=CC=C23)=C1
3832,[H][C@@]1(C)C[C@]([H])(C)[C@]([H])(O)[C@@]([H])(C)[C@]([H])(O)[C@@]([H])(C)C(=O)O[C@]([H])(CC)[C@]([H])(C)[C@]([H])(O)[C@@]([H])(C)C1=O
3833,NC(=O)C1=NC(=CC=C1)[C@@H]1O[C@H](COP(O)(=O)OP(O)(=O)OC[C@H]2O[C@H]([C@H](O)[C@@H]2O)N2C=NC3=C2N=CN=C3N)[C@@H](O)[C@H]1O
3834,C[C@@](O)([C@H](CC(O)=O)C(O)=O)C(O)=O
3835,[H]N([H])CCCN1CCN(CCCN([H])C(=O)C2=CC(=CC(O[C@@H]3O[C@H](CO)[C@H](O)[C@H](O)[C@H]3O)=C2)[N+]([O-])=O)CC1
3836,CC(C)C(=O)C(O)=O
3837,CC(=O)N[C@@H](CCC(O)=O)C(O)=O
3838,O=C1N=CNC2=C1NC=N2
3839,[H][C@@](O)(CO)[C@]([H])(O)CCCC
3840,OC(=O)C(C(O)=O)C1=CC=CC=C1
3841,[H][C@]1(C)C[C@]([H])(NC)C2=C(SC(=C2)S(N)(=O)=O)S1(=O)=O
3842,CCCCCCCCCCOCO
3843,CC1=NC=C(COP(O)(O)=O)C(\C=N\CCCC[C@H](N)C(O)=O)=C1O
3844,OC[C@H]1O[C@H](O)[C@@H](F)[C@@H](O)[C@@H]1O
3845,O=C1C=CC(=O)N1COCN1C(=O)C=CC1=O
3846,[H][C@]1(CO)O[C@@]([H])(O[C@]2([H])[C@@]([H])(CO)O[C@@]([H])(OC3=C(C=C(C=C3)N(=O)=O)N(=O)=O)[C@]([H])(F)[C@@]2([H])O)[C@]([H])(O)[C@@]([H])(O)[C@]1([H])O
3847,[H][C@](O)(CCO)[C@]([H])(O)COP(O)(O)=O
3848,[H]N(CCCCOC1=CC=CC(O)=C1C(=O)OC)C(=O)[C@H](CC1=CC=C(C=C1)N(C(=O)C(O)=O)C1=CC=CC=C1C(O)=O)N([H])C(=O)OCC=C
3849,[H][C@]1(O)CN(CC2=CC=CS2)S(=O)(=O)C2=C1C=C(S2)S(N)(=O)=O
3850,CC1=C(N2CC2)C(=O)C(CO)=C(N2CC2)C1=O
3851,C[C@H](NC(=O)[C@@H]1CCCN1C(=O)[C@@H]1CCCN1C(=O)[C@@H](O)[C@H](N)CC1=CC=CC=C1)C(N)=O
3852,[H]C(=O)CCCCCCCCCC
3853,CC(=O)CCO
3854,O=C1NC=NC2=C1NC=C2
3855,[H]N1[C@H](CO)[C@@H](O[C@@H]2O[C@H](CO)[C@@H](O)[C@H](O)[C@H]2O)[C@H](O)[C@@H](O)C1=O
3856,[H]N1C(=O)C=CN([C@@H]2O[C@H](COP(O)(=O)OP(O)(=O)O[C@H]3O[C@H](CO)[C@@]([H])(F)[C@H](O)[C@H]3O)[C@@H](O)[C@H]2O)C1=O
3857,OC(=O)C1=CC=CC(O)=C1C(=O)C1=C(O)C=C(C=C1O)C(=O)O[C@@H]1CCCNC[C@@H]1NC(=O)C1=CC=C(O)C=C1
3858,NC1=C2N=CN([C@@H]3O[C@H](COP(O)(=O)OP(O)(=O)OC[C@H]4O[C@H]([C@H](O)[C@@H]4O)[N+]4=CC=CC(=C4)C(O)=O)[C@@H](O)[C@H]3O)C2=NC=N1
3859,[O]#C[Re+]1(C#[O])(C#[O])[N]2=CC=CC3=C2C2=C(C=CC=[N]12)C=C3
3860,CC1=NC(C)=C(S1)C1=NC(\N=C\NO)=NC=C1
3861,[H][C@]1(CO)O[C@@]([H])(N2C=NC3=C(N)N=CN=C23)[C@]([H])(N)[C@]1([H])O
3862,C[N+]1=C(N)C=CNC1=O
3863,CN1C=NC(N)=C2N=CN=C12
3864,CCCCCCCNC=O
3865,CCOP(=O)(OCC)C(C)NC(=O)N(CCCl)N=O
3866,CCOC(=O)CO\N=C(\C1=CC=CC=N1)C1(CC1)C1=CC=C2N(C)C(CNC3=CC=C(C=C3)C(N)=N)=NC2=C1
3867,[H][C@](N)(CCSCC)[C@]([H])(O)C(=O)N[C@@]([H])(C)C1=C2C=CC=CC2=CC=C1
3868,NC(=[NH2+])C1=CC=C(COB2OCCO2)C=C1
3869,CC1=CC=C(O)C(=C1)[N+]([O-])=O
3870,CNC(CC(C)C)C(=O)NC1C(O)C2=CC=C(OC3=C(OC4OC(CO)C(O)C(O)C4O)C4=CC(=C3)C(NC(=O)C(CC(N)=O)NC1=O)C(=O)NC1C3=CC=C(O)C(=C3)C3=C(C=C(O)C=C3O)C(NC(=O)C(NC1=O)C(OC1CC(C)(N)C(=O)C(C)O1)C1=CC(Cl)=C(O4)C=C1)C(O)=O)C(Cl)=C2
3871,[H]N([C@H](COCCCCCCCCCCCCCCCCCC)COP(O)(=O)OCCSC)C(C)=O
3872,[H]C(=O)N1CCCCC1
3873,[H][C@]12CC3=C(C(N)=C4C=CC(Cl)=CC4=N3)[C@]([H])(CC(CC)=C1)C2
3874,COC1=CC=C2C=C3C4=CC5=C(OCO5)C=C4CC[N+]3=CC2=C1OC
3874,COC1=CC=C2C=C3C4=CC5=C(OCO5)C=C4CC[N+]3=CC2=C1OC
3875,OC[C@H]1O[C@@H](OC[C@H]2OC(O)[C@H](O)[C@@H](O)[C@@H]2O)[C@H](O)[C@@H](O)[C@H]1O
3876,[H]N([H])C1=C2N=CN([C@@H]3O[C@H](COP(O)(=O)OP(O)(=O)OCC(C)(C)[C@@H](O)C(=O)N([H])CCC(=O)N([H])CCSC(=O)\C=C\C4=CC=C(C=C4)N(C)C)[C@@H](OP(O)(O)=O)[C@H]3O)C2=NC=N1
3877,[H][C@@]1(CC2=CC=CC=C2)NC(=CN2C(=O)[C@](CC3=CC4=CC=CC=C4C=C3)(OO)N=C12)C1=CC=C(O)C=C1
3878,Br.Br.Br.Br.Br.Br.Br.Br.Br.Br.Br.[Br-].[Ta].[Ta].[Ta].[Ta].[Ta].[Ta+]
3879,CC1=CC=C(O)C(O)=C1
3880,NC1=NC(=O)C2=C(N1)N(C=N2)[C@@H]1O[C@H](COP(O)(=O)OP(O)(O)=O)[C@@H](OP(O)(O)=O)[C@H]1O
3881,O[C@@H]1O[C@H](COP(O)(O)=O)[C@@H](O)[C@H](O)[C@H]1O
3882,[H][P@](O)(=O)CNC(=O)CC1=CC=C(I)C=C1
3883,[H][C@@]1(O[C@@]([H])([C@H](C)[C@H](OC)C(\C)=C\C=C\CNC(=O)[C@@H](CC)[C@@]2(O)O[C@@H](\C=C\C=C/C)C(C)(C)[C@@H](O)[C@H]2O)[C@@H](O)[C@H]1O)\C=C\C=C\C=C(/C)C(=O)C1=C(O)C=CN(C)C1=O
3884,CC(=O)N1CCN(CC1)C(=O)[C@H](CC1=CC=CC(=C1)C(N)=N)NS(=O)(=O)C1=CC=C2C=CC=CC2=C1
3885,[H][C@](O)(CC(O)=O)C(=O)N[C@@]([H])(CC(C)C)C(=O)NCCC(C)C
3886,[H][C@@]1(O)O[C@]([H])(COP(O)(O)=O)[C@@]([H])(O)[C@]1([H])O
3887,[H]N(C[C@H](O)[C@H](O)[C@H](O)CO)C1=C(N=O)C(=O)N([H])C(=O)N1[H]
3888,NOC(=O)CCN1C=CC(=O)NC1=O
3889,COC1=CC2=C(C=C1)N=CN2
3890,[H][C@@]1(C[C@]([H])(N(C)C)[C@]([H])(O)[C@]([H])(C)O1)O[C@@]1([H])C[C@](O)(CC)CC2=CC3=C(C(O)=C12)C(=O)C1=C(C=CC=C1O)C3=O
3891,CCCCCCSC[C@H](NC(=O)CC[C@H](N)C(O)=O)C(=O)NCC(O)=O
3892,[H][C@@](NC(=O)CC1=CC=CS1)(C=O)[C@]1([H])NC(C(O)=O)=C(C)CS1
3893,[H]N1C=C(F)[C@H](O)N([H])C1=O
3894,[H][C@@](O)(CO[C@@]([H])(O)CCCCCCCCCCCCCC)COP(O)(=O)OC[C@]([H])(N)C(O)=O
3895,NC1=NC2=C(N=CN2[C@@H]2O[C@H](COP(O)(=O)OP(O)(=O)OP(O)(O)=O)[C@@H](O)[C@H]2O)C(=O)N1
3896,[H]N(CC(=O)C=O)C(=O)C1=CC(N(CCBr)CCBr)=C(C=C1[N+]([O-])=O)[N+]([O-])=O
3897,CC1=C(CCCO)NC(=O)NC1=O
3898,[H][C@@]1(CC(=O)N(CC2=CC=CC=C2)CN1S(=O)(=O)C1=CC=C(OC)C=C1)C(=O)NO
3899,[H][C@]1(O)[C@@]([H])(O)[C@@]([H])(CO)O[C@@]([H])(OCCCCCC)[C@]1([H])O
3900,CCC1=C(C(=O)C2=CC(Br)=C(O)C(Br)=C2)C2=C(O1)C=C(C=C2)S(=O)(=O)N(C)C
3901,[H][C@@](O)(COP(O)(O)=O)[C@@]([H])(O)C1=CNC2=C1C=CC=C2
3902,[H][C@]1(N=C(N(C(=O)N2CCNCC2)[C@]1([H])C1=CC=C(Cl)C=C1)C1=C(OC(C)C)C=C(OC)C=C1)C1=CC=C(Cl)C=C1
3903,OCC1=CC=CN=C1
3904,[H][C@]1(CC2=CC=CC=C2)NC(=CN2C(=O)[C@](CC3=CC=C(I)C=C3)(OO)N=C12)C1=CC=C(O)C=C1
3905,CCCCCCCCCCCC[N+](C)(C)[O-]
3906,[H][C@]1(CNC(=O)C1)C1=CC(OC2CCCC2)=C(OC)C=C1
3907,[H]N([C@@H](CC1=CC(I)=C(O)C(I)=C1)C(=O)N([H])[C@H]([C@@H](C)O)C(O)=O)C(C)=O
3908,CN1C=NC(C[C@H](N)C(O)=O)=C1
3909,N[C@@H](CC1=CCCCC2=C1C(=O)NO2)C(O)=O
3910,N[C@@H](CCC(=O)N[C@@H](CSCO)C(=O)NCC(O)=O)C(O)=O
3911,CN(C(C)=O)C1=CC=CC(=C1)C1=NN=C2C=CC(=NN12)C1=CC=CC=C1
3912,[H][C@@]1(O)O[C@]([H])(CO)[C@@]([H])(O[C@]2([H])O[C@]([H])(CO)[C@]([H])(O)[C@]([H])(O)[C@@]2([H])F)[C@]([H])(O)[C@@]1([H])O
3913,N[C@@H](CC(=O)O[Be--](F)(F)F)C(O)=O
3914,NOC(=O)NC1=CC=CC=C1
3915,[H]N([H])C1=NC(=O)C2=C(N([H])CC(COP(O)(=O)OP(O)(=O)OP(O)(=O)OP(O)(=O)OC[C@H]3O[C@H]([C@H](O)[C@@H]3O)N3C=NC4=C(N=CN=C34)N([H])[H])=N2)N1[H]
3916,[H][C@@](N)(C(O)=O)[C@@]([H])(O)C1=CNC2=CC=CC=C12
3917,OP(O)(=O)OP(O)(O)=O
3918,CCC(N)=O
3919,[H]N(C[C@H](O)[C@H](O)[C@H](O)CO)C1=C(C(=O)N([H])C(=O)N1[H])[N+]([O-])=O
3920,NC1=NC2=C(C(N)=N1)C(SC1=CC=CC=C1)=CC=C2
3921,O[C@H]1OC(=C)[C@@H](N[C@H]2C=C(C=O)C(=O)[C@H](O)[C@H]2O)[C@H](O)[C@H]1O
3922,CCCC(CCC)C(N)=O
3923,NC1=CC=CC=C1C(O)=O
3924,CC(=O)N[C@@H](CCC(N)=O)C(O)=O
3925,NC1=NC(=O)C(Br)=C(N1)C1=CC=CC=C1
3926,NC1=CC(N)=C2C(=O)NNC(=O)C2=C1
3927,C[C@](O)(CBr)CCO[P@](O)(=O)OP(O)(O)=O
3928,CC[C@@](C)(N)C(O)=O
3929,[H][C@@](CC1=CC(=CC=C1)C(N)=N)(NS(=O)(=O)C1=C(C=C(C=C1C(C)C)C(C)C)C(C)C)C(=O)N1CCN(CC1)C(=O)CCN
3930,OC[C@@H]1O[C@@](O)(CO)[C@H](O)[C@H]1O
3931,[H]N([C@H]1[C@@H](OP(O)(=O)OP(O)(=O)OC[C@H]2O[C@H]([C@H](O)[C@@H]2O)N2C=CC(=O)N([H])C2=O)O[C@H](CO)[C@@H](O)[C@@H]1OC(C)(OP(O)(O)=O)C(O)=O)C(C)=O
3932,OC(=O)CCC1=C(NC2=C1C(Cl)=CC(Cl)=C2)C(O)=O
3933,[H][C@]1(COP(O)(O)=O)O[C@]([H])(N2C=NC3=C2C=CC(OC)=C3)[C@]([H])(O)[C@]1([H])O
3934,[H][C@]12CC[C@]3([H])[C@]([H])(CC[C@]4(C)[C@H](CC[C@]34O)C3=CC(=O)OC3)[C@@]1(C)CC[C@H](O)C2
3935,[H][C@@](COC(=O)CCCCCCCCCCCCCCCCC)(COP(O)(=O)OCC[N+](C)(C)C)OC(=O)CCCCCCCCCCCCCCCCC
3936,O1C=CC2=CC=CC=C12
3937,NS(=O)(=O)C1=CC=C(C=C1)C(=O)NCC1=C(F)C=C(F)C=C1
3938,[H][C@](N)(CCSC[C@@]([H])(O)[C@@]([H])(O)C(=O)CO)C(O)=O
3939,CC(C(O)=O)C(O)=O
3940,CCC[C@H](N)C(O)=O
3941,[H][C@]12CCCN1C(=O)C1=C2C(NC(=O)NC2=CC=CC=N2)=CC=C1
3942,[H]N([H])[C@@H](CCC(=O)N([H])[C@@H](CS[C@]1([H])[C@@H](O)C2=CC=CC=C2C2=CC=CC=C12)C(=O)N([H])CC(O)=O)C(O)=O
3943,C=C=CCNCCCCNCC=C=C
3944,NC(=N)NCCC[C@H](NCCC(O)=O)C(O)=O
3945,O[C@H](C[C@@H](OCC1=CC=CC=C1)C(=O)N[C@@H]1[C@H](O)CC2=CC=CC=C12)[C@@H](OCC1=CC=CC=C1)C(=O)N[C@@H]1[C@H](O)CC2=CC=CC=C12
3946,[H][C@@](C)(N)C(=O)N[C@@]([H])(C)C(=O)N[C@@]([H])(CC1=CC=CC=C1)[C@@]([H])(O)CCC(=O)N[C@@]([H])(C(C)C)C(=O)N[C@@]([H])(C(C)C)C(=O)OC
3947,N[C@@H](CCO)C(O)=O
3948,CC(=O)N[C@H]1[C@H](O)O[C@H](CO)[C@@H](O[C@@H]2O[C@H](CO)[C@@H](O[C@@H]3O[C@H](CO)[C@@H](O)[C@H](O)[C@H]3NC(C)=O)[C@H](O)[C@H]2NC(C)=O)[C@@H]1O
3949,C[C@]1(OP(O)(O)=O)O[C@H](CO)[C@@H](O)[C@H](O)[C@H]1O
3950,NC1=NC2=NC=C(CNC3=CC=C(C=C3)C(O)=O)N=C2C(=O)N1
3951,N\C(NO)=N/CCC[NH3+]
3952,[H][C@]1(CO)O[C@@]([H])(C2=C3N=CNC(=O)C3=NN2)[C@]([H])(O)[C@]1([H])O
3953,[H][C@](O)(COC(=O)CCCCC)COP(O)(O)=O
3954,[H][C@]1(CC2=CC=C(O)C(OC)=C2)COC(=O)[C@]1([H])CC1=CC=C(O)C(OC)=C1
3955,[H][C@](N)(CC1=CN=CN1)C(=O)OP(O)(=O)OC[C@@]1([H])O[C@@]([H])(N2C=NC3=C(N)N=CN=C23)[C@]([H])(O)[C@]1([H])O
3956,COC1=CC=C2C(=O)C(=COC2=C1)C1=CC=C(O)C=C1
3957,NC1=CC=C(C=C1[Hg])S(N)(=O)=O
3958,OP(O)(=O)C(F)(F)C1=CC=C(CCCCC2=CC=C(C=C2)C(F)(F)P(O)(O)=O)C=C1
3959,[H][C@@]1(C[C@@]([H])(O[C@]1([H])COP(O)(O)=O)N1C=C(C)C(=O)NC1=O)OP(O)(O)=O
3960,N[C@@H](CC1=CNC2=NC=CC=C12)C(O)=O
3961,N[C@@H](CCCCN[C@@H](CCC(O)=O)C(O)=O)C(O)=O
3962,COC1=C(OC)C=C(CCC(O)=O)C=C1
3963,CC1=CC(N)=C2C=CC=CC2=[N+]1CCCCCCCCCC[N+]1=C(C)C=C(N)C2=C1C=CC=C2
3964,C1CN(CCN1CCCNC2=C(C(=O)C2=O)NCCCN3CCN(CC3)CCCNC(=O)C4=CC(=CC(=C4)OC5C(C(C(C(O5)CO)O)O)O)[N+](=O)[O-])CCCNC(=O)C6=CC(=CC(=C6)O[C@@H]7[C@@H]([C@H]([C@H]([C@H](O7)CO)O)O)O)[N+](=O)[O-]
3965,[H][C@]1(O[C@@](O)([C@H](F)[C@H](O)[C@H]1NC(C)=O)C(O)=O)[C@H](O)[C@H](O)CO
3966,CC(=[NH2+])C([O-])=O
3967,O=C(NCCCC1=CC=CC=C1)NC1CCCCC1
3968,OP(O)(=O)OC1=CC=C(C=C1)[N+]([O-])=O
3969,CC1=CC(Br)=C([O-])C(=C1)C1=CC2=CC(=CC=C2N1)C(N)=[NH2+]
3970,OC1=CC2=C(C(O)=C1)C(=O)C(O)=C(O2)C1=CC=C(O)C(O)=C1
3971,N[C@@H](C#C)C(O)=O
3972,[H][C@]1(CO)O[C@@]([H])(N2C=NC3=C(N)C=CN=C23)[C@]([H])(O)[C@]1([H])O
3973,O[V](=O)(O[V]([O-])=O)O[V](=O)=O
3974,CO[C@H]1\C=C\O[C@@]2(C)OC3=C(C2=O)C2=C(C(O)=C3C)C(=O)C(NC(=O)\C(C)=C/C=C/[C@H](C)[C@H](O)[C@@H](C)[C@@H](O)[C@@H](C)[C@H](OC(=O)CC(=O)OCC3CCCN(C)C3)[C@@H]1C)=C(N1CCOCC1)C2=O
3975,CCCCCCCCCC[N+](C)(C)CCCCCCCCCC
3976,CSC[S@+]([O-])C[C@H](CO)NC(=O)\C=C\C1=C(C)NC(=O)NC1=O
3977,N[C@@H](CCCNC(=N)N[N+]([O-])=O)C(O)=O
3978,CCCCCCCC\C=C\CCCCCCCC(O)=O
3979,CN\C(=C/C)C(O)=O
3980,[H][C@]1(CO)C[C@]([H])(N[C@]2([H])[C@@]([H])(C)O[C@]([H])(O[C@@]3([H])[C@]([H])(O)[C@@]([H])(O)[C@@]([H])(O[C@@]4([H])[C@]([H])(O)[C@@]([H])(O)[C@@]([H])(O)O[C@]4([H])CO)O[C@]3([H])CO)[C@]([H])(O)[C@@]2([H])O)[C@]([H])(O)[C@@]([H])(O)[C@]1([H])O
3981,[H]N([H])C[C@@H](O)[C@@H](O)[C@]1([H])OC(=C[C@H](O)[C@H]1N([H])C(C)=O)C(O)=O
3982,N[C@H](C(O)=O)C1=CC(O)=CC(O)=C1
3983,OC(=O)CN(CCN(CC(O)=O)CC(=O)NCCS)CCN(CC(O)=O)CC(=O)NCCS
3984,[H]N([H])C1=C2N=CN([C@@H]3O[C@H](COP(O)(=O)OP(O)(=O)OCC(C)(C)[C@@H](O)C(=O)N([H])CCC(=O)N([H])CCC[N+]([O-])=O)[C@@H](OP(O)(O)=O)[C@H]3O)C2=NC=N1
3985,[OH2+][Cu-4]([OH2+])([N]1=CNC=C1)([N+]1=CNC=C1)([N+]1=CNC=C1)[N+]1=CNC=C1
3986,[H][C@@]1(CN(CCN1S(=O)(=O)C1=CC=C(OC)C=C1)C(=O)OCC1=CC=CC=C1)C(=O)NO
3987,CCCCCCCCOCCOCCOCCOCCO
3988,[H][C@@](CCCC)(NC(=O)[C@]([H])(CC(C)C)NC(=O)OCC1=CC=C(Br)C=C1)C=O
3989,[H][C@@](N)(CC)CCC(O)=O
3990,[H][C@@](N)(CO)CC1=CNC2=CC=CC=C12
3991,NC(CCO)(CCO)CCO
3992,[H][C@@](CC1=CC(=CC=C1)C(N)=N)(NS(=O)(=O)C1=CC2=CC=CC=C2C=C1)C(=O)N1CCCC[C@]1([H])C(O)=O
3993,NCC1=CC(CSC2=CC=CC=C2)=C2N=C(N)NC(=O)C2=C1
3994,CC[C@@H](C)C1=C(O)C2=C(O)C3=C(C[C@H](CC3=O)[C@H](OC)C(=O)[C@@H](O)[C@@H](C)O)C=C2C=C1
3995,CC1=NC=C(COP(O)(O)=O)C(CNC(C)(C)C(O)=O)=C1O
3996,OC(=O)C1=CC=C(O)C=C1
3997,CC1=CN([C@@H]2O[C@H](COP(O)(O)=O)[C@@H](O)[C@H]2O)C(=O)NC1=O
3998,[H]N(C[C@@H](O)CN([H])S(=O)(=O)C1=CC=CC=N1)C(=O)[C@H](CC(C)C)C1=CC=CC(=C1)C1=CC=CC=C1
3999,NC(=N)C1=CC2=C(C=C1)N=C(N2)C1=CC(CC[NH3+])=CC(=C1O)C1=CC=CC=C1
4000,[H][C@@]1(O)O[C@]([H])(CO)[C@]([H])(O[C@]2([H])O[C@]([H])(CO)[C@]([H])(O[C@]3([H])O[C@]([H])(CO)[C@]([H])(O)[C@]([H])(O)[C@@]3([H])O)[C@]([H])(O)[C@@]2([H])O)[C@]([H])(O)[C@@]1([H])O
4001,[Zn+4].[H]\C(C)=C1\C(C)=C2[N-]\C\1=C([H])/C1=C(C)C(=C([H])C)\C([N-]1)=C([H])\C1=C(C)C(CCC(O)=O)=C([N-]1)\C([H])=C1/[N-]\C(=C/2\[H])C(C)=C1CCC(O)=O
4002,CCCC(=O)SCC[N+](C)(C)C
4002,CCCC(=O)SCC[N+](C)(C)C
4003,NC(=O)N[C@@H](CC(O)=O)C(O)=O
4004,NC(=O)C1=CC(N2CC2)=C(C=C1[N+]([O-])=O)[N+]([O-])=O
4005,CCCCN1C(CC2=CC3=C(OCO3)C=C2)=NC2=C(N)N=C(F)N=C12
4006,CNC(=O)[C@@H](NC(=O)[C@H](OCC1=CC=CC=C1)[C@H](O)[C@@H](O)[C@@H](OCC1=CC=CC=C1)C(=O)N[C@@H]1[C@H](O)CC2=CC=CC=C12)C(C)C
4007,C[C@@](N)(C(O)=O)C1=CC=C(C=C1)C(O)=O
4008,CCCCCC\C=C/CCCCCCCC(O)=O
4009,[H][C@@]1(CC[C@@]2([H])\C(CCC[C@]12C)=C\C=C1\C[C@@H](O)C[C@H](O)C1=C)[C@H](C)\C=C\C=C\C(O)(CC)CC
4010,[H]N([H])C1=NC(=O)C2=C(N1[H])N(CN2C)[C@@H]1O[C@H](COP(O)(O)=O)[C@@H](O)[C@H]1O
4011,NC1=NC2=C(N=CN2CCCCC(F)(F)P(O)(O)=O)C(=O)N1
4012,NC(O)=O
4013,[H][C@@](O)(CO)[C@@]([H])(O)[C@@]([H])(O)CN1C(O)=C(CCC(O)=O)N=C2C(O)=NC(=O)N=C12
4014,[H][C@]1(O[C@@H]2[C@@H](N)C[C@@H](N)[C@H](O[C@@]3([H])OC[C@](C)(O)[C@H](NC)[C@H]3O)[C@H]2O)O[C@]([H])([C@@H](C)O)[C@@H](O)[C@H](O)[C@H]1N
4015,[H]N([H])C1=NC(=O)C2=C(C=CC(C[C@@H](C(O)=O)C3=CC=C(C=C3)C(=O)N([H])[C@@H](CCC(O)=O)C(O)=O)=C2)N1[H]
4016,CC(=O)N[C@@H]1[C@@H](O)C[C@](O)(O[C@H]1[C@H](O)[C@H](O)CO)C(O)=O
4017,[H]N(C[C@H](O)[C@H](O)[C@H](O)CO)C1=C(CCCCCP(O)(O)=O)C(=O)N([H])C(=O)N1[H]
4018,OC(=O)C1=CC=CC(=N1)C(O)=O
4019,[H]N([C@H]1[C@H](O[C@@H]2[C@@H](CO)O[C@@H](O[C@@H]3[C@@H](CO)O[C@H](OC4=CC5=C(C=C4)C(C)=CC(=O)O5)[C@H](N([H])C(C)=O)[C@H]3O)[C@H](N([H])C(C)=O)[C@H]2O)O[C@H](CO)[C@@H](O)[C@@H]1O)C(C)=O
4020,[H][C@@]12CCCN1C(=O)[C@H](CNC(=O)\C=C\[C@H](CC1=CC=C(O)C=C1)NC(=O)[C@@H](CC1=CC=CC=C1)NC(=O)C(=O)[C@H](CCCNC(N)=N)NC2=O)NC=O
4021,[H][C@@](CC1=CC=C(OCCN2C3=C(C=CC=C3)C3=C2C=CC=C3)C=C1)(OCC)C(O)=O
4022,CCOC(=O)C1=C(C)NN=C1C
4023,OC(=O)CC(O)(CC(O)=O)C(O)=O
4024,ClC1=CC=C2CCCNCC2=C1Cl
4025,OC1=CC2=C(C=C1)C(=O)C[C@H](O2)C1=CC=CC=C1
4026,CC(=O)NCCC1=CNC2=C1C=C(O)C=C2
4027,CC(C)C[C@H](NC(=O)[C@@H](O)CC(O)=O)C(=O)NCCCC[NH+]=C(N)N
4028,OCC(=O)[C@@H](O)[C@@H](O)[C@H](O)COP(O)(O)=O
4029,[H]N([H])C(=N[C@H](C1CCCCC1)C(=O)N([H])CC(=O)N([H])[C@@H](C)C(=O)N([H])CCCS)N([H])[H]
4030,CC(C)C(C(O)C(O)=O)C(O)=O
4031,[H]N1[C@H](O)C=CN([C@H]2C[C@H](O)[C@@H](COP(O)(O)=O)O2)C1=O
4032,[H]C1(CCC(CC1)=C1C(O)=C(O)C2=CC=CC=C2C1=O)C1=CC=C(Cl)C=C1
4033,[H][C@]1(O)O[C@]([H])(CO)[C@@]([H])(O)[C@]([H])(O)[C@@]1([H])F
4034,BrC1=NC2=C(NC=N2)C(=O)N1
4035,C[N+]1(C)CCC[C@H]1C([O-])=O
4036,[H]\C(C[C@](CC1=CC=C(C=C1)C(F)(F)P(O)(O)=O)(N1N=NC2=CC=CC=C12)C1=NC2=CC=CC=C2S1)=C(\[H])C1=CC=CC=C1
4037,O[C@@H]1CO[C@@H](O)[C@H](O)[C@@H]1O
4038,[H]N([C@@H](CCC(O)=O)CC1=CC=C(OCC2=CC=CC=C2)C=C1)C(=O)CCCCCCC1=CC=CC=C1
4039,[H][C@]1(N)CC[C@@]([H])(CC1)NC1=NC(NCC2=CC=CC=C2)=C2N=CN(C3CCCC3)C2=N1
4040,O=C(N1CCN(CC1)C1C2=CC=CC=C2C2=CC=CC=C12)C1=CC2=C(NC=C2)C=C1
4041,N[C@H](C(O)=O)C1=CC=C(O)C=C1
4042,CC(C)NCC1=CC=C(C[C@H](N)C(O)=O)C=C1
4043,N[C@@H](C(=O)N[C@@H]1[C@H]2CCC(Cl)=C(N2C1=O)C(O)=O)C1=CC=CC=C1
4044,[H][C@]1(O)[C@@]([H])(O)[C@@]([H])(OP(O)(=O)CP(O)(O)=O)O[C@]1([H])COP(O)(O)=O
4045,[H]N([C@@H]1O[C@H](CO)[C@@H](O)[C@H](O)[C@H]1O)C(=O)N([H])C(=O)C1=CC=CC=C1
4046,[H][C@](N)(CCC(C)=O)C(O)=O
4047,C[C@H](\C=C(/C)\C=C\C(=O)NO)C(=O)C1=CC=C(C=C1)N(C)C
4048,CC1=CC(SC2=C(O)C[C@](CCC3=CC=C(O)C=C3)(OC2=O)C2CCCC2)=C(C=C1N)C(C)(C)C
4049,OC(=O)\C=C/C(O)=O
4050,O[C@H]1[C@H](OP(O)(O)=O)[C@@H](OP(O)(O)=O)[C@@H](O)[C@@H](OP(O)(O)=O)[C@@H]1OP(O)(O)=O
4051,NC(=N)C1=CC2=C(C=C1)N=C(N2)C(O)(O)C1=NC2=C(N1)C=C(C=C2)C([NH3+])=[NH2+]
4052,C\C(C=C)=C/[C@@]1(C)SC(=O)C(C)=C1O
4053,[H][C@]1(O)O[C@]([H])(C(O)=O)[C@@]([H])(OC)[C@]([H])(O)[C@@]1([H])O
4054,OC[C@H](O)[C@@H](O)[C@H](O)[C@H](O)C(O)=O
4055,CC1=CC=C(SC2=CC=CC3=C2C(N)=NC(N)=N3)C=C1
4056,[H][C@]1(CCC2=CC=C(O)C=C12)NCC#C
4057,[H][C@](N)(C(O)=O)C1=CC=C(O)C=C1
4058,[H][C@@](CCCCC)(CC(=O)NO)C(=O)N[C@@]([H])(C(C)C)C(=O)N1CCC[C@@]1([H])CO
4059,NCCCCC1=CC=CC=C1
4060,OCC1=CC=CC(F)=C1F
4061,C[C@@H]([C@@H](N)C(O)=O)C(O)=O
4062,CN1C=CC(N)=NC1=O
4063,NC1=NC2=C(N=CN2[C@@H]2O[C@H](COP(O)(=O)OP(O)(O)=O)[C@@H](O)[C@H]2O)C(=O)N1
4064,[H]N(O)C(=O)N([H])[C@H](CC1=CC=CC=C1)C(O)=O
4065,OC(=O)C(CP(O)(O)=O)=C(Cl)Cl
4066,[H]N([H])C(=O)[C@H](CC1=CN([H])C2=CC=CC=C12)N([H])C(=O)[C@H](CCCC1=CC=CC=C1)CP(O)(=O)[C@@H](CC1=CC=CC=C1)N([H])C(=O)OCC1=CC=CC=C1
4067,OCC(Br)=C
4068,CCCCCC[P@@](O)(=O)OCC
4069,[H]N([H])C1=NC(=O)C2=C(N([H])C[C@@H](CCC3=CC=C(C=C3)C(=O)N([H])[C@@H](CCC(O)=O)C(O)=O)C2)N1[H]
4070,[H][C@](N)(CS[C@]1([H])C[C@@]([H])(ON1)[C@]([H])(N)C(O)=O)C(O)=O
4071,[H][C@]1(CC=C(C)C)O[C@]1(C)[C@@]1(O)[C@]([H])(OC)C(=O)CC[C@@]1(C)O
4072,NCCC1=CC=CC=C1
4073,OCC(=O)COP(O)(O)=O
4074,CCCCCCCCCCCCCCCCCC(=O)OC[C@@H](CO[P@](O)(=O)OCC[NH3+])OC(=O)CCCCCCCCCCCCCCCCC
4075,O[C@@H]1CC(=C[C@@H](OP(O)(O)=O)[C@H]1O)C(O)=O
4076,C1=CC=C2C=NC=CC2=C1
4077,[H][C@]1(O[C@@]2(C(=O)C3=C(C=C(C)C=C3)C2=O)[C@]([H])(C(O)=O)[C@]1([H])C(=O)NC1=CC=C(C=C1)C1=CSN=N1)C1=CC(Cl)=C(Cl)C=C1
4078,CCOC(=O)C1=C(C)NC(=S)N[C@H]1C1=CC=CC(O)=C1
4079,COCCOCCOCCOCCO
4080,NCCCCCCCCN
4081,N[C@@H](CC1=CC(=O)C(O)=CC1=O)C(O)=O
4082,OC[C@H]1O[C@H]([C@H](O)[C@@H]1O)N1C=NC2=C1NC=NC2=O
4083,NC(=N)C1=CC=C(NC(=O)NC2=CC=C(Cl)C=C2)C=C1
4084,C[N+]#[C-]
4085,NC1=NC=CC(=N1)C1=C(N=CN1C1CCNCC1)C1=CC=C(F)C=C1
4086,N[C@@H](CSCC(O)=O)C(O)=O
4087,[O-]C(=O)C1=CC=CC=C1OP([O-])=O
4088,[H]N([H])[C@@H](CCC(=O)N([H])[C@@H](CSCC1=CC(I)=CC=C1)C(=O)N([H])CC(O)=O)C(O)=O
4089,CO[C@]1(NC(=O)[C@H](C(O)=O)C2=CC=C(O)C=C2)[C@H]2OCC(CSC3=NN=NN3C)=C(N2C1=O)C(O)=O
4090,OC(=O)C=O
4091,CC1=CC2=NC3=C(N=C2C=C1C)C(=O)NC(=O)N3
4092,[H][C@]1(O)CO[C@@](C)(O)C1(O)O
4093,O[C@@H]1CC(=CC(=O)[C@H]1O)C(O)=O
4094,[H][C@@]1(CC[C@@]2([H])[C@]3([H])[C@H](O)C[C@]4([H])C[C@H](O)CC[C@]4(C)[C@@]3([H])C[C@H](O)[C@]12C)[C@H](C)CCC(=O)NCCS(O)(=O)=O
4095,C[C@H](O)CO
4096,CC(=O)NC(=N)NCCC[C@@H]1NC(=O)[C@H](CCCC(O)=O)NC(=O)[C@H](CC2=CNC=N2)N2[C@H](O)C[C@H](NC(=O)[C@H]3CCCN3C1=O)C2=O
4097,[O-]C(=O)C\C(=C\C([O-])=O)C([O-])=O
4098,O[C@@H]1O[C@H](COP(O)(O)=O)[C@@H](O)[C@H]1O
4099,[H]N([H])C(=O)CC[C@H](N([H])C(=O)[C@H](CC(=O)[C@H](CC1=CC=CC=C1)N([H])C(=O)OC(C)(C)C)CC1=CC=CC=C1)C(=O)N([H])[C@@H](CC1=CC=CC=C1)C(=O)N([H])[H]
4100,NC1=NC2=C(NC=C2)C(=O)N1
4101,NC1=[NH+]C2=C(N=C(CNC3=CC=C(C=C3)C(O)=O)C=N2)C(O)=N1
4102,OS(=O)(=O)C=C
4103,OB(O)C1=CC2=C(S1)C=CC=C2
4104,[H]N=NC
4105,[H][C@]1(COP([O-])(=O)OP([O-])(=O)OCCC2=C(C)N=C(S2)C([O-])=O)O[C@@]([H])(N2C=NC3=C(N)N=CN=C23)[C@]([H])(O)[C@]1([H])O
4106,[H]N1C(=O)C(C)=C(CC)\C1=C\C1=N\C(=C/C2=C(C)C(CCC(O)=O)=C(\C=C3/N([H])C(=O)C(C)=C3CC)N2[H])\C(C)=C1CCC(O)=O
4107,C[C@@H](O)C(C)=O
4108,COC(=O)C1=CCCN(C)C1
4109,[H][C@]1(COP(O)(=O)OP(O)(O)=O)O[C@@]([H])(N2C=NC3=C(N)N=CN=C23)[C@]([H])(O)[C@]1([H])N
4110,NC1=NC(=O)\C(N1)=C1/CCNC(=O)C2=C1C=CN2
4111,[H][C@@](CCCC)(CN(O)C=O)C(=O)N[C@]([H])(C(=O)N(C)C)C(C)(C)C
4112,OB1OCCO1
4113,N[C@@H](CSS(O)(=O)=O)C(O)=O
4114,COC1=CC(=CC=C1)N1C=CC2=C(SC(=C2)S(N)(=O)=O)S1(=O)=O
4115,CCCCC\C=C/C\C=C/CCCCCCCC(=O)OC[C@H](COP([O-])(=O)OCC[N+](C)(C)C)OC(=O)CCCCCCC\C=C/C\C=C/CCCCC
4116,CC(C)C[C@@H](C[C@H](O)[C@H](CC1=CC=CC=C1)NC(=O)COC1=C(C)C=CC=C1C)NC(=O)C1=CC=CC(N)=C1
4117,CCCCCC(CCCCC)SC1=C(N=NN1)C(O)=O
4118,[H][C@]12[C@]3([H])C=C(CO)C[C@]4(O)C(=O)C(C)=C[C@@]4([H])[C@@]3(O)[C@]([H])(C)[C@@]([H])(O)[C@@]1(OC(C)=O)C2(C)C
4119,CC(O)(CC(O)=O)CC(O)=O
4120,CC(C)C[C@@H](C[C@H](O)[C@H](CC1=CC=CC=C1)NC(=O)COC1=C(C)C=CC=C1C)NC(=O)C1=CC=C(N)C=C1
4121,[H][C@@](C)(N(C)C=O)C1=CC=CC=C1
4122,NC(=O)NC(NC(N)=O)C([O-])=O
4123,[H]C(=O)\C=C\C
4124,OC[C@H]1O[C@H](O)C[C@@H](O)[C@H]1O
4125,CC(C)[C@H](N)CO
4126,CCC1=C2C=C3N4C(=CC5=C(C)C(CCC(O)=O)=C6C=C7N8C(=CC(N2[Fe]48N56)=C1C)C(C)=C7CCC(O)=O)C(=O)C3(C)CC
4127,[H][C@]1(CO)O[C@@]([H])(N2C=CC(N)=CC2=O)[C@]([H])(O)[C@]1([H])O
4128,C[C@]1(OC[C@H]2O[C@@H](O)[C@H](O)[C@@H](O)[C@H]2O1)C(O)=O
4129,N[C@H](CO)CC1CCCCC1
4130,N[C@@H](CCC=O)C(O)=O
4131,[H][C@]1(COP(O)(=O)CP(O)(=O)O[P@](O)(=S)OC[C@@]2([H])O[C@@]([H])(N3C=NC4=C(N)N=CN=C34)[C@]([H])(O)[C@]2([H])O)O[C@@]([H])(N2C=NC3=C(N)N=CN=C23)[C@]([H])(O)[C@]1([H])O
4132,[H]N([H])C(=NCCCCN([H])C(=O)[C@@H]1C[C@]2([H])CC[C@H](C[C@]2([H])N1C(=O)[C@H](N([H])C(=O)[C@H](O)CC1=CC=C(O)C=C1)[C@H](C)CC)OS(O)(=O)=O)N([H])[H]
4133,[H][C@@]1(C[C@@]2([H])C(=O)OC3=C(C=CC=C3)C2=O)C(=O)OC2=CC=CC=C2C1=O
4134,OC1=C(OC2=CC=C(Cl)C=C2)C=CC(Cl)=C1
4135,NS(=O)(=O)C1=CC=C(N2CCCC2=O)C(=C1)[N+]([O-])=O
4136,NC1=NC=NC2=C1N=CN2[C@@H]1O[C@@H](CO[P@](O)(=O)O[P@@](O)(=O)NP(O)(O)=O)[C@H](O)[C@H]1O
4137,[H][C@]1(CO)O[C@@]([H])(S[C@]2([H])O[C@]([H])(CO)[C@]([H])(O)[C@]([H])(O)[C@@]2([H])O)[C@]([H])(O)[C@@]([H])(O)[C@@]1([H])O
4138,O[C@@H]1[C@@H](O)[C@H](CO[V](O)(=O)=O)O[C@H](OP(O)(O)=O)[C@H]1O
4139,CC(O)C(O)=O
4140,C[C@H](O)[C@H](O)C1=NC2=C(NC1)NC(N)=NC2=O
4141,C[N+](C)(C)CC=O
4142,[H][C@]1(O)[C@]([H])(O)[C@@]2([H])N=C(O[C@@]2([H])[C@]1([H])CO)N(C)C
4143,[H][C@](CCN1C(=O)C2=CC=CC=C2C1=O)(CC(=O)C1=CC=C(C=C1)C1=CC=C(OCC)C=C1)C(O)=O
4144,OC(=O)C1=NC=CC=C1CP(O)(O)=O
4145,CNC1=NC(C)=C(S1)C1=CC=NC(NC2=CC=C(O)C=C2)=N1
4146,[H]\C1=C2\C(=C[C@@]([H])(OC(=O)C3=C(O)C=CC4=C3C=C(OC)C=C4C)[C@]2([H])O[C@@]2([H])O[C@]([H])(C)[C@]([H])(O)[C@]([H])(O)[C@@]2([H])NC)C#C[C@@]2(O[C@]2([H])C#C1)[C@@]1([H])COC(=O)O1
4147,[O-]S(=O)(=O)C1=CC2=C(C=C1)C(=CC(=C2)S([O-])(=O)=O)S([O-])(=O)=O
4148,NCCCC1=CC=CC=C1
4149,[H][C@](CO)(NC(=O)C(Cl)Cl)[C@]([H])(O)C1=CC=C(N)C=C1
4150,O.O.O.O.O.O.O.O.O.O.O.O.O.O.O.O.O.O.[OH-].[OH-].[OH-].[OH-].[OH-].[OH-].[Mo].[Mo].[Mo].[Mo].[Mo].[Mo].[Mo]
4151,[H]N([H])[C@@H](CC1=CC=CC=C1)[C@@H](O)CCl
4152,[H][C@](CC#CCOC)(NS(=O)(=O)C1=CC=C(C=C1)C1=CC=C(OC)C=C1)C(O)=O
4153,OC1=CC=C(C=C1)[N+]([O-])=O
4154,O[C@@H]1[C@@H](COP(O)(O)=O)O[C@H]([C@@H]1O)N1C=NC2=C(N[C@@H](CC(O)=O)C(O)=O)N=CN=C12
4155,CCCC[C@@H](N)C(O)=O
4156,CCC(=O)[C@@H](C)C1=C(C=[N+](C=C1)[C@@H]1O[C@H](COP(O)(=O)OP([O-])(=O)OC[C@H]2O[C@H]([C@H](O)[C@@H]2O)N2C=NC3=C(N)N=CN=C23)[C@@H](O)[C@H]1O)C(N)=O
4157,N[C@@H](CCS)C(O)=O
4158,CC1=C(CCC(O)=O)C2=CC3=C(C)C(CCC(O)=O)=C4C=C5N6C(=CC7=C(C)C(CCC(O)=O)=C8C=C1N2[Co]6(N78)N34)C(CCC(O)=O)=C5C
4159,COC(=O)[C@H](CC1=CC=CC(=C1)C(N)=N)[C@@H](C)NC(=O)C1=CC=C(C=C1)C1=CC=CC(CN)=C1
4160,NC1=NC2=C(N=C(CN2)[C@H](O)[C@H](O)CO)C(=O)N1
4161,[H][C@]1(CO)O[C@@]([H])(OC)[C@]([H])(NC(C)=O)[C@@]([H])(O)[C@]1([H])O
4162,[H]N(OCC1=CC=CC=C1)S(=O)(=O)CC[C@H](CCC1=CC=CC=C1)N([H])C(=O)[C@H](CC1=CC=CC=C1)N([H])C(=O)N1CCN(C)CC1
4163,OC1=CC=C(C=C1)[C@@H]1CC(=O)C2=CC=CC=C2O1
4164,N#C\C(=C\NC1=CC=C(NC2=CC=CC=C2)C=C1)C1=NNN=N1
4165,[H]N([H])C(=O)C[C@@H]1N([H])C(=O)[C@H](N([H])C(=O)[C@@H](CC(C)C)[N+]([H])([H])C)[C@H](O)C2=CC(Cl)=C(OC3=C(O[C@@H]4O[C@H](CO)[C@@H](O)[C@H](O)[C@H]4O[C@H]4C[C@@](C)([C@@H](O)[C@H](C)O4)[N+]([H])([H])[H])C4=CC(=C3)[C@@]([H])(N([H])C1=O)C(=O)N([H])[C@]1([H])C3=CC(=C(O)C=C3)C3=C(C=C(O)C=C3O)[C@H](N([H])C(=O)[C@@]([H])(N([H])C1=O)[C@H](O[C@H]1C[C@@](C)([C@@H](O)[C@H](C)O1)[N+]([H])([H])[H])C1=CC(Cl)=C(O4)C=C1)C(O)=O)C=C2
4166,CC1=C(F)C(OC2=CC(=CC=C2)C(N)=N)=[NH+]C(OC2=CC=CC(=C2)C(N)=N)=C1F
4167,[H][C@@]12CCCN1C(=O)[C@H](CCCNC(N)=N)NC2=O
4168,CC1=CC=CC(=N1)C1=C(CNN1)C1=CC=C2N=CC=CC2=N1
4169,N[C@@H](CC1=CC(F)=C(O)C=C1)C(O)=O
4170,N[C@@H](CSCC(=O)NC1=CC2=C(N=CC=C2)C2=C1C=CC=N2)C(O)=O
4171,O[C@H]1C[C@@H](O[C@@H]1COP(O)(O)=O)N1C=C(\C=C\Br)C(=O)NC1=O
4172,[H][C@]1(C)O[C@]([H])(O[C@]2([H])C(CO)=C[C@]([H])(N[C@]3([H])[C@@]([H])(C)O[C@]([H])(O[C@]4([H])[C@@]([H])(CO)O[C@]([H])(O[C@]5([H])[C@@]([H])(CO)O[C@]([H])(O)[C@]([H])(O)[C@@]5([H])O)[C@]([H])(O)[C@@]4([H])O)[C@]([H])(O)[C@@]3([H])O)[C@]([H])(O)[C@@]2([H])O)[C@]([H])(O)[C@@]([H])(O)[C@]1([H])O
4173,[H][C@]1(CO)O[C@@]([H])(N2C=NC3=CN=CN=C23)[C@]([H])(O)[C@]1([H])O
4174,[H][C@]1(CO)O[C@@]([H])(N2C=NC3=C(N)N=C(F)N=C23)[C@]([H])(O)[C@]1([H])O
4175,NC(=[NH2+])C1=CC2=C(NC(=N2)C2=CC=CNC2=O)C=C1
4176,F[Al](F)(F)[F-]
4177,I[Hg]I
4178,NC(=[NH2+])C1=CC2=C(S1)C=CC=C2
4179,O[C@@H](CS)[C@@H](O)CS
4180,OCC1=CC=C(F)C=C1F
4181,COC1=CC(\C=C\C(O)O)=CC(O)=C1O
4182,[H][C@]1(CO)O[C@@]([H])(SCCCCCCC)[C@]([H])(O)[C@@]([H])(O)[C@]1([H])O
4183,CN1CCN(CC1)C(O)=O
4184,CC1=NC2=CC=C(NC(=O)NC3=CC4=C(C=C3)N=C(C)C=C4N)C=C2C(N)=C1
4185,[H][C@]1(C)O[C@]([H])(O[C@]2([H])[C@@]([H])(CO)O[C@]([H])(O)[C@]([H])(O)[C@@]2([H])O)[C@]([H])(O)[C@@]([H])(O)[C@]1([H])N[C@@]1([H])C=C(CO)[C@@]([H])(O[C@@]2([H])O[C@]([H])(CO)[C@@]([H])(O[C@@]3([H])O[C@]([H])(CO)[C@@]([H])(O)[C@]([H])(O)[C@@]3([H])O)[C@]([H])(O)[C@@]2([H])O)[C@]([H])(O)[C@@]1([H])O
4186,CC[C@@H](N)C(O)=O
4187,C[N+](C)(C)CC(O)=O
4188,O[As](O)O
4189,NC1=NC(=O)C2=C(N1)N(C=N2)[C@H]1C[C@H](O)[C@@H](COP(O)(O)=O)O1
4190,CC(NC(=O)[C@@]1([C@@H](C)C1(Cl)Cl)[S@](C)=O)C1=CC=C(Br)C=C1
4191,ClC1=C(Cl)C2=CC=CC=C2C(=O)O1
4192,[H]N1C(=O)N(CCC[C@H](N(O)CO)C(O)=O)C(=O)[C@]11O[C@H](COP(O)(O)=O)[C@@H](O)[C@H]1O
4193,CC1=C2CC3=C(C)C(CCC(O)=O)=C(CC4=C(CCC(O)=O)C(C)=C(CC5=C(CCC(O)=O)C(C)=C(CC(N2)=C1CCC(O)=O)N5)N4)N3
4194,[H]N1N=C2C(=N1)C(Br)=C(Br)C(Br)=C2Br
4195,CC(C)(C)N1N=C(C2=C(N)N=CN=C12)C1=CC=CC(O)=C1
4196,[H]C(=O)N[C@@H](CCSC)C(O)=O
4197,OC[C@H]1O[C@@H](O[C@H]2[C@H](O)[C@@H](O)C(O)O[C@@H]2CO)[C@H](O)[C@@H](O)[C@H]1O
4198,CCOP(=O)(OCC)C(=CC1=CC(=C(O)C(=C1)C(C)(C)C)C(C)(C)C)P(=O)(OCC)OCC
4199,[H][C@@](C)(NCC1=C(COP(O)(O)=O)C=NC(C)=C1O)C(O)=O
4200,CC\C(=C(/C1=CC=C(O)C=C1)C1=CC=C(OCCN(C)C)C=C1)C1=CC=CC=C1
4201,CCOC(=O)C1=C(C)N(N=C1C)C1=CC=C(OC)C=C1
4202,CC(C)COC1=CC=CC(C2=NC3=C(N2)C=CC(=C3)C(N)=[NH2+])=C1[O-]
4203,OC1=CC=C2[C@H](N(CCC2=C1)C1=CC=CC=C1)C1=CC=C(OCCN2CCCCC2)C=C1
4204,[H][C@](O)(CN=[N+]=[N-])C1=CC=C(C=C1)[N+]([O-])=O
4205,C[C@@H]1O[C@@H](O)[C@@H](O)[C@H](O)[C@@H]1O
4206,OS(=O)(=O)C1=CC=CC2=CC=CC(NC3=CC=CC=C3)=C12
4207,NC(=O)C1=CC=CC(O)=C1O
4208,[H]N([C@@H]1[C@H](O)[C@@H](CO)O[C@H]1N1C=NC2=C(N=CN=C12)N([H])[C@@H]1CCCC2=CC=CC=C12)C(=O)C1=CC(OC)=CC(OC)=C1
4209,CN(C)S(=O)(=O)N1CCN(CC1)C1=CC=NC(CO)=N1
4210,[O-][N+](=O)C1=CC=CC2=C1C=CC2=O
4211,CC1=NC(=CC=C1)C1=NN2CCCC2=C1C1=CC=C(F)C=C1
4212,OC[C@H](O)[C@H](O)CO
4213,NC1=NC(=O)N(C=C1)[C@@H]1O[C@H](COP(O)(=O)O[C@]2(C[C@@H](O)[C@@H](O)[C@H](O2)[C@H](O)CO)C(O)=O)[C@@H](O)[C@H]1O
4214,OC[C@H]1O[C@@H](O)[C@@H](F)[C@@H](O)[C@@H]1O
4215,N[C@H](CO)CC1=CC=CC=C1
4216,CC1=CN([C@H]2C[C@H](O)[C@@H](CO)O2)C(=O)NC1=O
4217,NCCCCCC[C@H](N)C(O)=O
4218,CN[C@H](CC(C)C)C(O)=O
4219,[H][C@]12SC[C@@H](COC(C)=O)[C@H](N1C(=O)[C@H]2\N=C(/[O-])CCCC[C@H](NC(=O)CN)C(O)=O)C(O)=O
4220,[H]N([H])C(=NCCS[C@@H](CC(O)=O)C(O)=O)N([H])[H]
4221,SCC1=CC=CN=C1
4222,CC(C)OP(=O)OC(C)C
4223,[H]N([C@H]1[C@@H](O)O[C@H](CO)[C@H](OS(O)(=O)=O)[C@@H]1O)C(C)=O
4224,OCC(=O)[C@@H](O)[C@H](O)[C@H](O)COP(O)(O)=O
4225,O[Mo+6](O)=O
4226,CC(=O)N[C@@H](CC1=CC=C(OP(O)(O)=O)C=C1)C(=O)N[C@H]1CCCCN(CC2=CC=C(C=C2)C2=CC=CC=C2)C1=O
4227,[H]N(O)C(=O)[C@H](O)[C@H](O)COP(O)(O)=O
4228,[H][C@@]1(O)O[C@]([H])(COP(O)(=O)OP(O)(=O)OC[C@@]2([H])O[C@@]([H])(N3C=NC4=C3NCN[C@@]4([H])[NH3+])[C@]([H])(OP(O)(O)=O)[C@]2([H])O)[C@@]([H])(O)[C@@]1([H])O
4229,[H][C@@](N)(CC=O)C(O)=O
4230,C1O[C@@H]1C1=CC=CC=C1
4231,CC(=O)NC1=CC=C(C=C1)C(O)=O
4232,[H][C@]12CC[C@](C)(CC1)C2(C)C
4233,O=C(N[C@@H](CC1=CC=CC=C1)C(=O)N[C@@H](CCC1=CC=CC=C1)CCS(=O)(=O)OC1=CC=CC=C1)OCC1=CC=CC=C1
4234,[H][C@@](CCC(O)=O)(NC(=O)C1=CC=C(C=C1)S(=O)(=O)N1CCC[C@]1([H])C(O)=O)C(O)=O
4235,[H][C@@]1(N)CCC=NC1
4236,COC1=C(OC)C(OC)=C(Cl)C(CC2=NC3=C(N)N=CN=C3N2CCCC#C)=C1
4237,[Mg++].[H]C(=O)C1=C(CC)C2=N\C\1=C/C1=C(C=C)C(C)=C([N-]1)\C=C1/N=C([C@@H](CCC(=O)OC\C=C(/C)CCC[C@H](C)CCC[C@H](C)CCCC(C)C)[C@@H]1C)C1=C3[N-]/C(=C\2)C(C)=C3C(=O)[C@@H]1C(=O)OC
4238,[H][C@@]1(O)[C@@]([H])(O)[C@]([H])(OC)O[C@]([H])(C=S)[C@]1([H])O
4239,C[N@@+]1(CC=C)CC[C@]23[C@H]4OC5=C(O)C=CC(C[C@@H]1[C@]2(O)CCC4=O)=C35
4240,O[C@H](COP(O)(O)=O)C(O)=O
4241,[H][C@](CCSC)(NC(=O)CCC(O)=O)C(O)=O
4242,COC1=C(CC(C)C)N=CC=N1
4243,NCCCCCCNS(=O)(=O)C1=CC=CC2=C1C=CC=C2Cl
4244,[H]N([H])C1=NC(=O)C2=C(N1[H])N(C=N2)[C@@H]1O[C@H](COP(O)(=O)O[C@@H]2[C@H](O)[C@@H](CO)O[C@H]2N2C=CC(=O)N([H])C2=O)[C@@H](O)[C@H]1O
4245,CO[C@@H]1[C@H](O)O[C@@H](C)[C@@H](O)[C@H]1O
4246,[H][C@@](O)(CCO)[C@]([H])(O)[C@]([H])(O)COP(O)(O)=O
4247,CC1=C(CC(O)=O)C(CCC(O)=O)=C(CC2=C(CC(O)=O)C(CCC(O)=O)=CN2)N1
4248,CC1=NC(C)=C(S1)C1=NC(NC2=CC=CC(O)=C2)=NC=C1
4249,CCCCCCCC(O)=O
4250,[H][C@@]12CCCN1C(=O)[C@]([H])(CC1=CC=C(O)C=C1)NC2=O
4251,[H]N([H])[C@@H](CCC(=O)N([H])[C@@H](CS[C@@]1([H])C[C@H](O)O[C@@H]1CCCCC)C(=O)N([H])CC(O)=O)C(O)=O
4252,N[C@@H](COP(O)(O)=O)C(O)=O
4253,[H][C@@](NC(=O)OC(C)(C)C)(C=O)C1CCCCC1
4254,CC(C)(COP(O)(=O)OP(O)(=O)OC[C@H]1O[C@H]([C@H](O)[C@@H]1OP(O)(O)=O)N1C=NC2=C1N=CN=C2N)[C@@H](O)C(=O)NCCC(=O)NCCSC(=O)CC(O)=O
4255,CCCCCNC(=O)[C@H](CC1=CC=C(OCC(O)=O)C(=C1)C(O)=O)NC(=O)[C@H](CC1=CC=CC=C1)NC(=O)CCC(O)=O
4256,[H][C@](O)(CO)[C@@]1([H])O[C@]([H])(O)[C@@]([H])(O)[C@@]([H])(O)[C@]1([H])O
4257,N[C@@H]([C@H](O)C(N)=O)C(O)=O
4258,OC1=CC=C(C=C1[N+]([O-])=O)[N+]([O-])=O
4259,CN[C@H](CC(C)C)C(=O)N[C@@H]1[C@H](O)C2=CC=C(OC3=C(O[C@@H]4O[C@H](CO)[C@@H](O)[C@H](O)[C@H]4O)C4=CC(=C3)[C@@H](NC(=O)[C@H](CC(N)=O)NC1=O)C(=O)N[C@@H]1C3=CC(=C(O)C=C3)C3=C(O)C=C(O)C=C3[C@H](NC(=O)[C@@H](NC1=O)[C@H](O)C1=CC(Cl)=C(O4)C=C1)C(O)=O)C(Cl)=C2
4260,N[C@@H](CSSCCO)C(O)=O
4261,N[C@@H](CSCC1=CC=CC=C1)C(O)=O
4262,N1C=CC2=C1C=CC=C2
4263,CC1=CC=C(O)C(N)=C1
4264,[O-][N+](=O)C1=CC=C2NN=CC2=C1
4265,N[C@@H](CC1=CNC2=C1C=CC=C2)C(N)=O
4266,C[C@@H]([C@H](N)C(O)=O)C(O)=O
4267,OC(=O)C[NH2+]CP(O)(O)=O
4268,[H][C@@]1(CC[C@@]2([H])[C@]3([H])CC=C4C[C@@H](O)CC[C@]4(C)[C@@]3([H])CC[C@]12C)[C@H](C)CCCC(C)C
4269,[H][C@@]12CCCN1C(=O)CNC2=O
4270,CC1=CN([C@H]2C[C@H](N=[N+]=[N-])[C@@H](COP(O)(=O)OP(O)(O)=O)O2)C(=O)NC1=O
4271,NC1=NC2=C(C=C(N)C=C2CSC2=NC=CN2)C(=O)N1
4272,[H]N([H])C(=O)[C@]1(O[C@H](CO)[C@@H](O)[C@H](O)[C@H]1O)N([H])C(C)=O
4273,OC[C@H]1CNC[C@@H](O)[C@@H]1O
4274,NC1=NC=CC2=C1N=CN2[C@@H]1O[C@H](CO)[C@@H](O)[C@H]1O
4275,CNC(=O)[C@@H](NC(=O)[C@H](OCC1=CC=C(C=C1)C1=CSC=C1)[C@H](O)[C@@H](O)[C@@H](OCC1=CC=C(C=C1)C1=CSC=C1)C(=O)N[C@@H](C(C)C)C(=O)NC)C(C)C
4276,O[C@H]1C[C@H](O[C@@H](O)[C@@H]1O)C(O)=O
4277,NS(=O)(=O)C1=CC=C(C=C1)C(=O)NCC1=C(F)C(F)=C(F)C=C1
4278,O[C@H]1[C@H](O)[C@@](O)(COP(O)(O)=O)O[C@@H]1COP(O)(O)=O
4279,OC(=O)C1=C(NC2=CC=CC(=C2)C(F)(F)F)N=CC=C1
4280,CCC(=O)C(O)=O
4281,[H][C@]1(COP(O)(=O)OP(O)(O)=O)O[C@@]([H])(N2C(Br)=NC3=C(N)N=CN=C23)[C@]([H])(O)[C@]1([H])O
4282,NC1=NC(=O)N(C=C1)[C@@H]1O[C@H](COP(O)(=O)OP(O)(O)=O)[C@@H](O)[C@H]1O
4283,C[C@H](N(C)C)C1=CC(O)=CC=C1
4284,CCCCC\C=C/C\C=C/C\C=C/C\C=C/CCCC(O)=O
4285,N\C(NO)=N/C1=CC=C(Cl)C=C1
4286,OC(=O)CCC(=O)CCC(=O)CCC(O)=O
4287,[H][C@]1(O[C@H](C[C@H](O)[C@H]1NC(C)=O)P(O)(O)=O)[C@H](O)[C@H](O)CO
4288,OC(=O)CC(CC(O)=O)C(O)=O
4289,NC(=N)C1=CC2=C(NC(=C2)C2=C(O)C(Br)=CC(CC([O-])=O)=C2)C=C1
4290,OC[C@H]1OC(=O)[C@H](O)[C@@H](O)[C@@H]1O
4291,CC(=O)NC1=CC=C(C=C1NC(=O)CO)C(O)=O
4292,O[C@@H]1[C@@H](COP(O)(O)=O)O[C@H]([C@@H]1O)N1C=NC2=C1N=CNC2=O
4293,[H]\C(=C1\N=C(N(CC(O)=O)C1=O)[C@@]([H])(N)[C@@]([H])(C)O)C1=CC=C(O)C=C1
4294,[H][C@]1(CO)O[C@@]([H])(N2C=NC=C2N)[C@]([H])(O)[C@]1([H])O
4295,O=COCC1=CC=CC=C1
4296,[H][C@]12OCC(CSC3=NN=NN3C)=C(N1C(=O)[C@]2(NC(=O)C(C(O)=O)C1=CC=C(O)C=C1)OC)C(O)=O
4297,CC1=CC2=CC3=C(OC(=O)C=C3C)C(C)=C2O1
4298,S=P(N1CC1)(N1CC1)N1CC1
4299,[H][C@@]12C[C@@H](O)[C@H](O)[C@@]1(C)CC[C@]1([H])C3=C(CC[C@@]21[H])C=C(O)C=C3
4300,[H][C@@]12CCC(=O)[C@@]1(C)CC[C@]1([H])C3=C(CC[C@@]21[H])C=C(OS(O)(=O)=O)C=C3
4301,[H][C@@]12CC[C@@](O)(C#C)[C@@]1(C)CC[C@]1([H])C3=C(CC[C@@]21[H])C=C(OC1CCCC1)C=C3
4302,CN1CCN(CC1)C1=C(F)C=C2C(=O)C(=CN(CCF)C2=C1F)C(O)=O
4303,NCC1(CCCC1)C1=CC=CC=C1
4304,[H][C@](N)(CC(=O)N1CC2=CC=CC=C2C[C@@]1([H])C(N)=O)CC1=CC=CC=C1F
4305,CCOC(=O)[C@H]1O[C@@H]1C(=O)N[C@@H]([C@@H](C)O)C(=O)N[C@@H]([C@@H](C)CC)C(O)=O
4306,CN1C(=O)C=CC2=CC=CC=C12
4307,C(N1C=CN=C1)C1=CC=CC=C1
4308,CC(C)[C@@]1(C)N=C(NC1=O)C1=NC2=CC=CC=C2C=C1C(O)=O
4309,NC(=O)C1=CC(=CC(=C1)C1=CC=C(C=C1)C1=CC=CC=C1)C(O)=O
4310,N\C(=C/C1=CC=CC=C1)C(O)=O
4311,N[C@@H](CC\C=C\[B-](O)(O)O)C(O)=O
4312,OC1=CC=CC=C1Br
4313,CCCCO[C@@H]1[C@H](O)[C@@H](COP(O)(O)=O)O[C@H]1N1C=C(C)C(=O)NC1=O
4314,NS(=O)(=O)C1=CC=C(CNC(=O)C2=C(NN=C2)C2=CC(Cl)=C(O)C=C2O)C=C1
4315,CCOC1=CC([C@@H](NC2=CC=C(C=C2)C(N)=N)C(O)=O)=C(F)C(O[C@@H]2CCOC2)=C1
4316,[H][C@@]1(CCCCN1)C(F)(F)CNC1=NC=CC2=C1N=C(CC1=CC=CC=C1N1C=NC=N1)O2
4317,OCCC(Br)=C
4318,CC[C@@H](C)[C@@H](NS(=O)(=O)CC1=CC(=CC=C1)C(O)=O)C(=O)N[C@@H](CCC(N)=N)C(=O)NCC1=CC=C(C=C1)C(N)=N
4319,OC(CC(O)=O)CC(O)=O
4320,CC(C)C[C@H](NC(=O)[C@H](C(C)C)NC(=O)[C@H](C)NC(=O)C1=NOC(C)=C1)C(=O)N[C@H](\C=C\C(=O)OCC1=CC=CC=C1)C[C@@H]1CCNC1=O
4321,[H][C@@]12CO[C@@](C)(O[C@@]1([H])[C@H](O)[C@H](O)[C@H](O[C@H]1[C@H](O)[C@@H](O)C(O)O[C@@H]1C(O)=O)O2)C(O)=O
4322,C[C@@]1(OC[C@H]2O[C@@H](O)[C@@H](O)[C@@H](O)[C@@H]2O1)C(O)=O
4323,NC1=C(C=CC(Cl)=C1O)C(O)=O
4324,COC1=CC=C(C=C1)C(=O)N1CCCC1=O
4325,NS(=O)(=O)OC1=CC=C(CN(N2C=NN=C2)C2=CC=C(C=C2)C#N)C=C1Br
4326,NS(=O)(=O)OC1=CC=C(CN(N2C=NN=C2)C2=CC=C(C=C2)C#N)C=C1
4327,CN(C)C1=NC=NC2=C1N=CN2[C@@H]1O[C@H](COP(O)(O)=O)[C@@H](N)[C@H]1O
4328,NC1=NC(=O)N(C=C1C=O)[C@H]1C[C@H](O)[C@@H](COP(O)(O)=O)O1
4329,[H][C@]1(CO)O[C@@]([H])(N2C=C(I)C3=C(N)N=CN=C23)[C@]([H])(O)[C@]1([H])O
4330,NC1=CC=CC2=C1C=CN=C2
4331,CCCOC1=CC2=C(NC=C2C[C@@H](NS(=O)(=O)CC)C(=O)N[C@@H](CCC(N)=O)C(=O)NCC2=CC=C(C=C2)C(N)=N)C=C1
4332,NS(=O)(=O)C1=CC=C(NC2=CN3C=C(C=CC3=N2)C(=O)C2=C(Cl)C=CC=C2Cl)C=C1
4333,OC1=CC2=C(NC3=CC(=C4C(=O)NC(=O)C4=C23)C2=CC=CC=C2)C=C1
4334,O[C@@H]1[C@@H](O)[C@@H](CC2=CC=CC=C2)N(CC2=CC(=CC=C2)C(=O)NC2=NC=CS2)C(=O)N(CC2CC2)[C@@H]1CC1=CC=CC=C1
4335,C[C@@]1(CCC2=CC=CC=C2)NC2=C(N=C1CO)C(=O)NC(N)=N2
4336,CN[C@@H](C)C(=O)N[C@H](C(=O)N1C[C@H](C[C@H]1C(=O)N[C@@H]1CCCC2=CC=CC=C12)OC1=CC=CC=C1)C(C)(C)C
4337,CCOC(=O)\C=C\[C@H](C[C@@H]1CCNC1=O)NC(=O)[C@H](CC(C)C)NC(=O)[C@H](C(C)C)NC(=O)[C@H](C(C)C)NC(=O)C1=COC=C1
4338,O=C1NC2=C(C=C1)[C@@H](CCC2)NCCCCCCCCCCNC1=C2CCCCC2=NC2=CC=CC=C12
4339,O=C1NC2=C(C=C1)[C@H](CCC2)NCCCCCCCCCCNC1=C2CCCCC2=NC2=CC=CC=C12
4340,C(CCCCNC1=C2CCCCC2=NC2=CC=CC=C12)CCCNC1=CC=NC2=CC=CC=C12
4341,[NH3+]CCCCCCCCNC1=C2CCCCC2=[NH+]C2=CC=CC=C12
4342,C[C@H]1O[C@H](O[C@@H]2[C@@H](CO)O[C@H](O[C@@H]3[C@@H](CO)O[C@H](O)[C@H](O)[C@H]3O)[C@H](O)[C@H]2O)[C@H](O)[C@@H](O)[C@@H]1N[C@H]1C=C(CO)[C@@H](O[C@H]2O[C@H](CO)[C@@H](O[C@H]3O[C@H](CO)[C@@H](O)[C@H](O)[C@H]3O)[C@H](O)[C@H]2O)[C@H](O)[C@H]1O
4343,CC(=O)C1=CC=CC=C1
4344,NC1(CCCC1)C(O)=O
4345,CC(=O)NCCC1=CNC=N1
4346,CCOCCOC(=O)N[C@@H](CC1=CC=CC=C1)[C@@H](O)C[C@]1(CC2=CC=CC=C2)NC=C([C@@H]2[C@@H]3OC(=O)N[C@@H]3C3=CC=CC=C23)C1=O
4347,[H][C@](O)(CC)C[C@@]([H])(O)C1=C(O)C2=C(C=C1CC(=O)OC)C(=O)C1=CC=CC(O)=C1C2=O
4348,CN[C@H]1[C@@H](O)[C@H]2O[C@H](O[C@@H]3[C@@H](N)C[C@@H](N)[C@H](O)[C@H]3O)[C@H](N)C[C@@H]2O[C@@H]1O[C@H]1O[C@H](CO)[C@@H](N)[C@H](O)[C@H]1O
4349,OC[C@H]1O[C@@H]2[C@@H](OC3=NC(=O)C=CN23)[C@@H]1O
4350,CN(C)C1=N[C@@H]2[C@@H](O)[C@H](O[C@@H]3O[C@H](CO)[C@@H](O[C@@H]4O[C@H](CO)[C@@H](O)[C@@H](O)[C@H]4NC(C)=O)[C@@H](O)[C@H]3NC(C)=O)[C@@H](CO)[C@@H]2O1
4351,COC[C@H](N(C)C)C(=O)O[C@@H]1C\C=C\C=C\C(=O)O[C@@H](C\C=C\[C@H](OC)C[C@H](C)C\C=C(C)\[C@@H](OC)CC[C@@H](C)[C@@H](O)[C@@H]1C)[C@@H](C)[C@@H](O)[C@@H](C)CC[C@@H](OC(=O)[C@H](C)N(C)C)[C@H](C)[C@H](OC(C)=O)[C@H](C)\C=C\N(C)C=O
4352,[H][C@@]1(CC[C@@]2([H])[C@]3([H])CCC4=CC(=O)CC[C@]4(C)[C@@]3([H])[C@@H](O)C[C@]12C=O)C(=O)CO
4353,[H][C@](C)(C[C@]([H])(C)[C@@]([H])(Cl)CCl)C(=O)C1=C(O)C(OC)=C(NC1=O)OC
4354,OC1=C(CNC2CCN(CC2)S(=O)(=O)NC2=CC(OC3=CC=C(F)C=C3)=CC=C2)C=CC=C1
4355,CCCNCCCNCCCNCC
4356,[H][C@@](C)(NC(=O)OCC1=CC=CC=C1)C(O)=O
4357,CC(C)(C)OC(=O)[C@@H](N)CCC(N)=O
4358,OCCCCCCBr
4359,CC(C)(C)C1=CC(O)=C(C=C1O)C(C)(C)C
4360,[H][C@](N)(CC1=CC=C(C=C1)C1=CC=CC=C1)C(O)=O
4361,OS(=O)(=O)C1=CC2=CC=C(C=C2C=C1)S(O)(=O)=O
4362,OC(=O)C1=C(O)C=C2C=CC(O)=CC2=C1
4363,OC(=O)CCCCCCOC1=C(Cl)C=C(NC(=O)NC(=O)C2=CC=CC=C2Cl)C=C1Cl
4364,OC(=O)CCCOC1=CC=C(NC(=O)NC(=O)C2=CC=C(Cl)C=C2Cl)C(Cl)=C1
4365,CC1=C(C)C(OCCCC(O)=O)=CC=C1NC(=O)NC(=O)C1=CC=C(Cl)C=C1Cl
4366,CC1=C(NC(=O)NC(=O)C2=CC=C(Cl)C=C2Cl)C=CC=C1OCCCCC(O)=O
4367,CC(C)C1=C(Br)C(=O)C(C)=C(Br)C1=O
4368,C[C@@H](NC(=O)[C@H](CCCCNC(=O)OCC1=CC=CC=C1)NC(=O)CC[C@H](NC(=O)OC(C)(C)C)C(O)=O)B(O)O
4369,NCCCSC[C@H](N)CO
4370,CN(CC[C@H](N)CC(=O)N[C@H]1C=C[C@@H](O[C@@H]1C(O)=O)N1C=C[C@@](N)(O)NC1=O)C(N)=N
4371,[H][C@]12CS[C@]([H])(CCCCC(O)=O)[C@@]1([H])NC(=O)N2
4372,NC1=C2N=CN([C@@H]3O[C@H](CO[P@@](O)(=O)OCCCCC[C@@H]4SC[C@@H]5NC(=O)N[C@H]45)[C@@H](O)[C@H]3O)C2=NC=N1
4373,[H][C@@]1(CC[C@@]2([H])[C@]3([H])CCC4=CC(=O)CC[C@]4(C)[C@@]3([H])[C@@]([H])(O)C[C@]12C)C(=O)CO
4374,[H]N([C@@H](CC(C)C)C(=O)N([H])[C@@H](CC(C)C)C(=O)N([H])[C@@H](CC1=CC=C(O)C=C1)C(=O)CF)C(=O)OCC1=CC=CC=C1
4375,O=CCCCC1CCNCC1
4376,CC1=C(C(N)=NC(N)=N1)C1=CC(Cl)=C(Cl)C=C1
4377,[H][C@@]1(O)C[C@@](O)(C[C@]([H])(CCCOC2=CC=CC=C2)[C@@]1([H])O)C(O)=O
4378,CC1=C(SCCO1)C(=O)NC1=CC=CC=C1
4379,[H][C@]12CC[C@](O)(N1)[C@@H](O)[C@H](O)[C@H]2O
4380,OC[C@H]1C[C@@H](S\C(=N/OS(O)(=O)=O)CC2=CC=CC=C2)[C@H](O)[C@@H](O)[C@@H]1O
4381,[H][C@@](O)(CO)COP([O-])(=O)OCC[N+](C)(C)C
4382,CCCCCCCCCCCCC\C=C\[C@@H](O)[C@H](CO[C@@H]1O[C@H](CO)[C@H](O)[C@H](OS(O)(=O)=O)[C@H]1O)NC(=O)CCCCCCCCCCCCC\C=C/CCCCCCCC
4383,[H][C@@](CC)(CO)NC1=NC2=C(N=CN2C(C)C)C(NCC2=CC=CC=C2O)=N1
4384,O[C@@H]1[C@@H](COP(O)(O)=O)O[C@](O)([C@@H]1O)C(O)=O
4385,OC[C@H]1O[C@H](O[C@H]2[C@H](O)[C@@H](O)[C@H](OCCCCCC3CCCCC3)O[C@@H]2CO)[C@H](O)[C@@H](O)[C@@H]1O
4386,O=C1OC2=CC=CC=C2C=C1
4387,[H]\C(=C1\N=C(N(CC(O)=O)C1=O)[C@@]([H])(N)CCCCN)C1=CC=C(O)C=C1
4388,[H][C@](N)(CC1=CN=CN1)C1=NC(C=C2C=CC(=O)C=C2)=C(O)N1CC([O-])=O
4389,[H]N=C(CCC(O)=O)C1=N\C(=C(/[H])C2=CC=C(O)C=C2)C(=O)N1CC(O)=O
4390,BrC1=CC=CC(=C1)C1=NC2=[N+](NC=N2)C(NCC2=CC=NC=C2)=C1
4391,N[C@@H](CS\C(N)=N\CCC[C@H]([NH3+])C(O)=O)C(O)=O
4392,[H][C@]1(COP(O)(O)=O)O[C@]([H])(C=C1)N1C=C(C)C(=O)NC1=O
4393,[H][C@@]1(CC(C)C)CN(CCN1C(=O)C1=NC=C(C=N1)C1=CC=NC=C1)S(=O)(=O)C1=CC2=CC(Cl)=CC=C2N1
4394,OC(=O)C1=C(O)C(I)=CC(I)=C1
4395,CN(C)C1=CC=CC2=C1C=CC=C2S(=O)(=O)NCCCC[C@H](N)C(O)=O
4396,[H][C@@](C)(CC1=CC=CC=C1)N(C)CC=C
4397,C[C@@H]1O[C@@H](O[C@@H]2[C@@H](O)[C@@H](O)[C@@H](CO)O[C@H]2O[C@H]2[C@H](O)[C@@H](NC(C)=O)[C@H](O)O[C@@H]2CO)[C@@H](O)[C@H](O)[C@@H]1O
4398,C[C@@H]1O[C@@H](O[C@@H]2[C@@H](O)[C@@H](O)[C@@H](CO)O[C@H]2O[C@H]2[C@H](O)[C@@H](CO)O[C@@H](O)[C@@H]2NC(C)=O)[C@@H](O)[C@H](O)[C@@H]1O
4399,[H][C@]1(O)[C@@]([H])(O)[C@@]([H])(CO)O[C@@]([H])(OCCCCCCCCC(=O)OC)[C@]1([H])O
4400,CO[C@@H]1O[C@H](CO)[C@@H](O[C@@H]2O[C@H](CO)[C@H](O)[C@H](O)[C@H]2O)[C@H](O)[C@H]1O
4401,CC(C)(C)CC(C)(C)C1=CC=C(OCCOCCOCCOCCOCCOCCOCCOCCOCCOCCOCCOCCOCCOCCOCCOCCOCCOCCOCCOCCOCCOCCOCCOCCOCCOCCOCCOCCOCCOCCO)C=C1
4402,CCCCCCCC\C=C/CCCCCCCC(=O)OC[C@H](CO[P@](O)(=O)OC[C@H](O)CO)OC(=O)CCCCCCC\C=C/CCCCCC
4403,NCCCCCCNCCCCCCN
4404,[H][C@]1(F)C[C@@]([H])(O[C@]1([H])COC(C1=CC=CC=C1)(C1=CC=CC=C1)C1=CC=CC=C1)N1C=CC(=O)NC1=O
4405,[H]\C(=C1\N=C(N(CC(O)=O)C1=O)[C@@]([H])(N)CC(O)=O)C1=CC=C(O)C=C1
4406,COP(O)(=S)OC
4407,[H][C@@]12CC[C@@]([H])(N1C)[C@@]([H])(C(=O)OC)[C@@]([H])(O)C2
4408,CCCC1=C(OCCCOC2=CC3=C(C=C2)N(CC(O)=O)C=C3)C=CC2=C1C=CC(=C2)C(=O)C1=CC=CC=C1
4409,CC[C@@]1(O)C(=O)OCC2=C1C=C1N(CC3=CC4=CC=CC=C4N=C13)C2=O
4410,CC1=CN([C@@H]2O[C@H](COP(O)(O)=O)[C@@H](O)[C@H]2OCCN2C=CN=C2)C(=O)NC1=O
4411,[H]N([C@@H](C(C)C)C(=O)N([H])[C@H](C(=O)N([H])C(C[C@@H]1CCN([H])C1=O)\C=C\C(=O)OCC)C1=CC=CC=C1)C(=O)OC(C)(C)C
4412,[H][C@@]12CCC(=O)[C@@]1(C)CC[C@@]1([H])[C@@]2([H])CC[C@@]2([H])CC(=O)CC[C@]12[H]
4413,[H][C@]1(O[C@](O)(C(O)=O)[C@]([H])(F)[C@H](O)[C@H]1O)[C@H](O)[C@H](O)CO
4414,[H]\C(CC\C(C)=C(/[H])CSP(O)(=O)OP(O)(O)=O)=C(\C)CCC=C(C)C
4415,OC1=C(Br)C=C(C=C1)C1(OC(=O)C2=C3C(C=CC=C13)=C(Cl)C=C2)C1=CC(Br)=C(O)C=C1
4416,NC(N)=NCCCC[C@H](NC(=O)[C@@H](CC1=CC=C(O)C=C1)NC(=O)[C@@H]1CCN1C(=O)[C@@H](CC1CCCCC1)NC(=O)[C@@H]1CC[C@H](CN=C(N)N)CC1)C(N)=O
4417,[H]N(C1=NN([H])N=N1)S(=O)(=O)C1=CC2=C(OC3=CC=CC=C3C2=O)C=C1
4418,O=C1CCCO1
4419,N[C@@H](CCC(=O)N[C@@H](C[S@](O)=O)C(=O)NCC(O)=O)C(O)=O
4420,CSC[C@H](NC(=O)CC[C@H](N)C(O)=O)C(=O)NCC(O)=O
4421,[H]\C(CSP(O)(=O)OP(O)(O)=O)=C(\C)CCC=C(C)C
4422,COC1=CC=C(C=C1O)[C@@H]1CC(=O)C2=C(O1)C=C(O[C@@H]1O[C@H](CO[C@@H]3O[C@@H](C)[C@H](O)[C@@H](O)[C@H]3O)[C@@H](O)[C@H](O)[C@H]1O)C=C2O
4423,CC(C)CCC[C@@](C)(O)[C@H]1CC[C@H]2[C@@H]3CC=C4C[C@@H](O)CC[C@]4(C)[C@H]3CC[C@]12C
4424,[H][C@@]1(CC[C@@]2([H])[C@]3([H])CC=C4C[C@@H](O)CC[C@]4(C)[C@@]3([H])CC[C@]12C)[C@H](C)CCCC(C)(C)O
4425,[H][C@@]1(CC[C@@]2([H])[C@]3([H])[C@@H](O)C=C4C[C@@H](O)CC[C@]4(C)[C@@]3([H])CC[C@]12C)[C@H](C)CCCC(C)C
4426,O=C1NC=CC2=C(C=CC=C12)S(=O)(=O)N1CCCNCC1
4427,NC(=O)C[C@H]1C[C@@H](C2=CN[C@](C[C@H](O)[C@H](CC3=CC=CC=C3)NC(=O)O[C@H]3CCOC3)(CC3=CC=CC=C3)C2=O)C2=CC=CC=C12
4428,[H][C@]12C(=O)N(C(=O)[C@@]1([H])[C@]1([H])CC[C@@]2([H])CC1)C1=CC=C(C2=CC=CC=C12)[N+]([O-])=O
4429,CCOC(=O)\C=C\[C@H](C[C@@H]1CCNC1=O)NC(=O)[C@H](CC(C)C)NC(=O)[C@H](C(C)C)NC(=O)[C@H](C)NC(=O)C1=NOC(C)=C1
4430,OC(=O)C1=C(I)C(NC(=O)CCCCC(=O)NC2=C(I)C=C(I)C(C(O)=O)=C2I)=C(I)C=C1I
4431,OC[C@@H]1[C@@H](O)[C@H](O)[C@@H](O)C2=NC(CNC3=CC=CC=C3)=CN12
4432,[H][C@@](N)(CC1=CC=C(I)C=C1)C(O)=O
4433,CC(=C)CCO[P@](O)(=O)OP(O)(O)=O
4434,CC(=O)C1=CC=CC(=C1)C1=CN=C2C=CC(NCC3CC3)=NN12
4435,CC(C)(C)C1=NC2=C3C=CNC(=O)C3=C3C=C(F)C=CC3=C2N1
4436,NCCCNCCO[C@H]1[C@H](O[C@@H]2[C@@H](O)[C@H](N)C[C@H](N)[C@H]2O[C@H]2O[C@H](CO)[C@@H](O)[C@H](O)[C@H]2N)O[C@H](CO)[C@H]1O[C@H]1O[C@@H](CN)[C@@H](O)[C@H](O)[C@H]1N
4437,NC[C@@H]1O[C@H](O[C@@H]2[C@@H](CO)O[C@@H](O[C@@H]3[C@@H](O)[C@H](N)C[C@H](N)[C@H]3O[C@H]3O[C@H](CO)[C@@H](O)[C@H](O)[C@H]3N)[C@@H]2OCCNCC2CCCNC2)[C@H](N)[C@@H](O)[C@@H]1O
4438,CN(C)C1=NC2=C(Br)C(Br)=C(Br)C(Br)=C2N1
4439,CSC1=NC2=C(N1)C(Br)=C(Br)C(Br)=C2Br
4440,CN1CCN2C1=NC1=C(Br)C(Br)=C(Br)C(Br)=C21
4441,C[C@@H](NC(=O)CC1=C(Cl)C=C\C(=N/CC(F)(F)C2=CC=CC=[N+]2[O-])N1O)C1=CC(Cl)=CC=C1
4442,NC(N)=NC1=CC=CC(=C1)[C@@H](CS)C(O)=O
4443,CNC(=O)[C@H](CC1=CC2=CC=CC=C2C=C1)N1CCC(=O)N(CC2=CC3=CC=CC=C3N=C2)[C@@H](CC(C)C)C1=O
4444,CC1(C)CN2C(CC(O)=O)=C(C(=C2C1)C1=CC=CC=C1)C1=CC=C(Cl)C=C1
4445,CN1C2=CC(C)=C(C)C=C2N=C2C(=O)NC(=O)N=C12
4446,COC1=CC=C(C=C1)C1=C(C2=C(N)N=CN=C2O1)C1=CC=C(NC(=O)NC2=C(F)C=CC(=C2)C(F)(F)F)C=C1
4447,NC[C@@H]1O[C@H](O[C@@H]2[C@@H](CO)O[C@@H](O[C@@H]3[C@@H](O)[C@H](N)C[C@H](N)[C@H]3O[C@H]3O[C@H](CO)[C@@H](O)C[C@H]3N)[C@@H]2O)[C@H](N)[C@@H](O)[C@@H]1O[C@H]1O[C@H](CO)[C@@H](O)[C@H](O)[C@@H]1O
4448,CN[C@@H]1[C@@H](O)[C@@H](O[C@H]2[C@H](N)C[C@H](N)[C@@H](O[C@H]3O[C@H](CN)CC[C@H]3N)[C@@H]2O)OC[C@]1(C)O
4449,CC(=O)OC[C@H](O)CO[P@](O)(=O)OCC[NH3+]
4450,[H][C@@](CC(C)C)(NC(=O)[C@@]([H])(CC1=C2C=CC=CC2=CC=C1)NC(=O)N1CCOCC1)B(O)O
4451,O[C@H](COP(O)(O)=O)[C@@H](O)[C@H](O)[C@H](O)COP(O)(O)=O
4452,C\C(=C\C(O)=O)C(O)=O
4453,CCCCCCCCCCCCCCCC(=O)O[C@@H](CO[C@@H]1O[C@@H](CO)[C@H](O)[C@H](O)[C@@H]1O)COC(=O)CCCCCCCCCCCC
4454,C[C@@H](NC(=O)[C@H](CCC[C@@H](N)C(O)=O)NC(=O)CC[C@@H](NC(=O)[C@H](C)NC(=O)[C@@H](C)O[C@@H]1[C@@H](NC(C)=O)[C@@H]2OC[C@@H](O2)[C@H]1O[C@@H]1O[C@H](CO)[C@@H](O)[C@H](O)[C@H]1NC(C)=O)C(O)=O)C(O)=O
4455,O[C@H](C#N)C1=CC=CC=C1
4456,[H]N1[C@H](CCC(=O)N(C)\C(=C/C)C(=O)N([H])[C@H]([C@H](C)C(=O)N([H])[C@@H](C(C)C)C(=O)N([H])[C@@H](\C=C\C(\C)=C\[C@H](C)[C@H](CC2=CC=CC=C2)OC)[C@H](C)C1=O)C(O)=O)C(O)=O
4457,CN1CCN(CC2=CC=C(C=C2)C(=O)NC2=CC=CC(NC3=NC=CC(=N3)C3=CN=CC=C3)=C2)CC1
4458,[H]N(C(=O)[C@@H](C(O)=O)C1=CC=C(O)C=C1)C(OC)(C(O)=O)[C@@]1([H])OCC(=C)C(=N1)C(O)=O
4459,CO[C@@H](\C=C\C1=CSC(=N1)C1=CSC(=N1)[C@@H](C)\C=C\C=C\C(C)C)[C@@H](C)C(\OC)=C/C(N)=O
4460,[H][C@@](NC(=O)CC1=CC=CS1)(C=O)[C@@]1([H])SCCC(=N1)C(O)=O
4461,CS(=O)(=O)NC1=C(OC2=CC=CC=C2)C=C(C=C1)[N+]([O-])=O
4462,OC1=CC(=O)C2=CC=CC=C2C1=O
4463,O=C1NC2=C(C=CC=C2)C=C1
4464,CCCCC\C=C/C=C/CCCCCCCCC(O)=O
4465,CC\C=C/C=C/C=C/CCCCCCCCCC(O)=O
4466,C(C)(C)CN(C[C@@H](O)[C@@H](NC(=O)[C@H](C(C)C)N1CCN(CC2=CSC(C)=N2)C1=O)CC1=CC=CC=C1)S(=O)(=O)C1=CC=C(C=C1)\C=N\O
4467,[S-]CCC(=O)SCCC=O
4468,OC(=O)C1=CC(C(O)=O)=C(C=C1)C1=C2C=C(F)C(=O)C=C2OC2=CC(O)=C(F)C=C12
4469,[H][C@@](CO)(NC1=NC(NC2=CC=CC(Cl)=C2)=C2N=CN(C(C)C)C2=N1)C(C)C
4470,[H]\C(CCCCCC)=C(/[H])CCCCCCCC(=O)O[C@@]([H])(COC(=O)CCCCCCC\C([H])=C(\[H])CCCCCCCC)COP(O)(=O)OCCO
4471,OC[C@H]1O[C@H]([C@@H]2O[C@H](CP(O)(O)=O)O[C@H]12)C1=CNC2=C1NC=NC2=O
4472,NC1=NC(=O)C2=C(N1)N(C=N2)[C@@H]1O[C@H](CO)[C@H]2O[C@@H](CP(O)(O)=O)O[C@@H]12
4473,[O-]CCCOP(=O)=O
4474,OOOC1=C(Cl)C=C(NC2=CC=CC=C2C(O)=O)C=C1Cl
4475,NC1=NC(=O)C2=C(N1)N(C=N2)[C@@H]1O[C@H](CO)[C@H]2O[C@@H](O[C@@H]12)P(O)(O)=O
4476,CCS(=O)(=O)N[C@H](CC1=CNC2=CC=CC=C12)C(=O)N[C@@H](CCC(N)=O)C(=O)NCC1=CC=C(C=C1)C(N)=N
4477,CC1=CC(CNC(=O)C2=CC(=NC=N2)C(=O)NCC2=CC=CC(C)=C2)=CC=C1
4478,CC1=C(F)C=CC(CNC(=O)C2=CC(=NC=N2)C(=O)NCC2=CC(C)=C(F)C=C2)=C1
4479,O=C(NCC1=CC=CN=C1)C1=CC(=NC=N1)C(=O)NCC1=CN=CC=C1
4480,CC1=NC=C(COP(O)(O)=O)C(CN[C@H](CCC(O)=O)C(O)=O)=C1O
4481,CC1=CC(C)=[N+](CCC2=CC=C(C=C2)S(N)(=O)=O)C(C)=C1
4482,NCC1=CC=CC(=C1)C1CCN(CC1)C(=O)C1=CC(CCC2=CC=CC=C2)=CN=C1
4483,CC1=NC=C(COP(O)(O)=O)C(CN[C@@](C)(CCC(O)=O)C(O)=O)=C1O
4484,CCCS(=O)(=O)N[C@H]([C@H](C)O)C(=O)N[C@@H](CCSC)C(=O)NCC1=CC=C(C=C1)C(N)=N
4485,CC1=NC=C(C[N+]2=CC=CC(CCO[P@](O)(=O)OP(O)(O)=O)=C2C)C(N)=N1
4486,O=C1NC(=O)\C(S1)=C\C1=CC2=C(C=C1)N=CC=N2
4487,[H][C@@](CC)(CO)NC1=NC2=C(N=CN2C(C)C)C(OCC2=CC=CC=C2)=N1
4488,CC(C)C[C@H](NC(=O)C1=CC=C(C=C1)[N+]([O-])=O)C(=O)N1CCC[C@H]1C(=O)NCCCCN=C(N)N
4489,CC(C)C[C@H](NS(=O)(=O)CC1=CC=CC=C1)C(=O)N1CCC[C@H]1C(=O)NCCCCN=C(N)N
4490,[H][C@](C)(O)CC(=O)O[C@]([H])(C)CC(=O)O[C@]([H])(C)CC(=O)OC
4491,CO[C@H](C\C=C\N(C)C=O)[C@@H](C)C(=O)CC[C@H](C)[C@H](OC)[C@H](C)[C@H]1OC(=O)\C=C\C=C(C)\C[C@H](CC2=CC(=O)O[C@H](C2)[C@H](C)[C@H](C[C@H](OC)\C=C\[C@H](C)[C@H](C[C@@H](OC)\C=C\[C@@H]1C)OC)OC)OC
4492,[H]/C1=C([H])\C(=O)O[C@]([H])([C@@]([H])(C)[C@@]([H])(OC)[C@@]([H])(C)CCC(=O)[C@]([H])(C)[C@@]([H])(CCC(O)=O)OC)[C@@]([H])(C)\C([H])=C([H])\[C@@]([H])(C[C@]([H])(OC)[C@@]([H])(C)\C([H])=C([H])\[C@]([H])(C[C@]([H])(OC)[C@@]([H])(C)[C@@]2([H])CC(C[C@@]([H])(C\C(C)=C\1/[H])OC)=CC(=O)O2)OC)OC
4493,[H][C@@](CC)(CO)NC1=NC2=C(N=CN2C(C)C)C(=N1)N(C)CC1=CC=CC=C1
4494,[O-][N+](=O)C1=CC=C(C=C1)[C@@H]1CO1
4495,C[C@@H](N[C@@H](NCC(O)O)NC1=CC=C(CN)C=C1)C1=CC=CC=C1
4496,CCS\C(CC1=CC=CC=C1)=N/OS(O)(=O)=O
4497,CCCCCCCCCCCCCCCCCCCCCC[C@@H](O)C(=O)N[C@@H](CO[C@@H]1O[C@H](CO)[C@H](O)[C@H](OS(O)(=O)=O)[C@H]1O)[C@H](O)\C=C\CCCCCCCCCCCCC
4498,OCCCCC(O)=O
4499,[O-][N+](=O)C1=CC=C(C=C1)[C@H]1CO1
4500,CO[C@H](C\C=C\N(C)C=O)[C@@H](C)C(=O)CC[C@H](C)[C@H](OC)[C@H](C)[C@H]1OC(=O)\C=C\C=C(C)/C[C@H](CC2=CC(=O)O[C@H]([C@H]2O)[C@H](C)[C@H](C[C@H](OC)\C=C\[C@H](C)[C@@H](O)C[C@@H](OC)\C=C\[C@@H]1C)OC)OC
4501,C[C@@H](O)C1=CC=CC=C1
4502,[H][C@@]1([C@H](C)C(=O)NC)N([C@@H]2CC[C@H](O)[C@H](C)O2)C(=O)\C(=C(\O)/C=C/C(/C)=C/[C@@H](C)[C@@]2([H])O[C@@]3(C)O[C@H](C=C[C@@]33CO3)[C@@H]2C)C1=O
4503,CC1=C(NC(=O)C2=CC(NC(=O)NC3=CC=CC(=C3)C(=O)NC3=C(C)C=CC(=C3)C(=O)NC3=C4C(C=C(C=C4S(O)(=O)=O)S(O)(=O)=O)=C(C=C3)S(O)(=O)=O)=CC=C2)C=C(C=C1)C(=O)NC1=C2C(C=C(C=C2S(O)(=O)=O)S(O)(=O)=O)=C(C=C1)S(O)(=O)=O
4504,CN1C(=CC=C1C1=CC=C2NC(=S)OC(C)(C)C2=C1)C#N
4505,[H]N([H])[C@H]1[C@@H](OC(C)=O)[C@@]2([H])O[C@](CS[C@@]2(O)C(=O)N([H])[H])([C@@H]1OP(O)(O)=O)C(O)=O
4506,CN1C(CNC2=CC=C(C=C2)C(=O)N[C@@H](CCC(O)=O)C(O)=O)CNC2=C1C(=O)N=C(N)N2
4507,[H][C@]1(CO[C@]2([H])[C@]([H])(CO[C@]12[H])OC1=CC=CC(=C1)C(N)=N)OC1=CC(=CC=C1)C(N)=N
4508,[H][C@@]1(CO[C@]2([H])[C@@]([H])(CO[C@]12[H])OC1=CC=CC(=C1)C(N)=N)OC1=CC=C(C=C1)C(N)=N
4509,[H][C@]1(CO[C@]2([H])[C@]([H])(CO[C@]12[H])OC1=CC=C(C=C1)C(N)=N)OC1=CC=C(C=C1)C(N)=N
4510,[H]N=C(N([H])[H])C1=CC=C(O[C@@H]2CO[C@]3([H])[C@H](CO[C@]23[H])OC2=CC=CC(=C2)C(=N[H])N([H])[H])C=C1
4511,C1=CN(C=N1)C(C1=CC=CC=C1)C1=CC=C(C=C1)C1=CC=CC=C1
4512,FC(F)(F)C(=O)CC(=O)C1=CC=CS1
4513,[H][C@@]1(CC[C@]2([H])\C(CCC[C@]12C)=C\C=C1C[C@@H](O)C[C@H](O)C1)[C@H](C)CC#CC(C)(C)O
4514,CC(C)C1=NN=C2C=CC(=CN12)C1=C(N=CO1)C1=CC=C(F)C=C1
4515,[H][C@]([NH3+])(CC1=C(SN=C1[O-])C(C)(C)C)C(O)=O
4516,CCCCCCCCCCCC1=C(O)C(=O)C2=C(N=CS2)C1=O
4517,CN1N=C(C=C1NS(O)(=O)=O)C1=CC=CC=C1
4518,CCCCCC\C=C/CCCCCCCCCC(O)=O
4519,C[C@@H](N)[C@@H](N)C(O)=O
4520,CC1=CC2=CC3=[N+]4C(=CC5=C(C=C)C(C)=C6OC7=C(C=C)C(C)=C8C=C1N2[Fe]4(N56)N78)C(C)=C3CCC(O)=O
4521,C[C@@H](N)[C@H](N)C(O)=O
4522,[H][C@@]12CCCN1C(=O)[C@@H](CC)NC(=O)[C@@H](NC(=O)C1=NC=CC=C1O)[C@@H](C)OC(=O)[C@@H](NC(=O)[C@]1([H])CC(=O)CCN1C(=O)[C@]([H])(CC1=CC=CC=C1)N(C)C2=O)C1=CC=CC=C1
4523,OC[C@H]1O[C@H](OC2=CNC3=C2C(Cl)=C(Br)C=C3)[C@@H](O)[C@@H](O)[C@@H]1O
4524,O[C@@H]1CO[C@H](SC[C@H]2O[C@@H](OC3=CC=C(C=C3)[N+]([O-])=O)[C@H](O)[C@@H](O)[C@@H]2O)[C@H](O)[C@H]1O
4525,NC[C@H]1O[C@H](O[C@@H]2[C@@H](N)C[C@@H](N)[C@H](O)[C@H]2O)[C@H](N)[C@@H](O)[C@@H]1O
4526,[Fe+4].[H]\C(=N/C1=C(C=C(CCC(O)=O)C=C1)/N=C(\[H])C1=CC=CC=C1[O-])C1=CC=CC=C1[O-]
4527,[Fe+4].[H]\C(=N/C1=C(C=C(C=C1)C(O)=O)/N=C(\[H])C1=CC=CC=C1[O-])C1=CC=CC=C1[O-]
4528,[Fe+4].[H]\C(=N/C1=CC=CC=C1\N=C(/[H])C1=CC=CC=C1[O-])C1=CC=CC=C1[O-]
4529,CC(C(O)=O)C1=CC2=C(OC(=N2)C2=CC=C(Cl)C=C2)C=C1
4530,OC1=C(SC2=C(O)C(Cl)=CC(Cl)=C2)C=C(Cl)C=C1Cl
4531,CCCC(=O)NC1=C(I)C=C(I)C(\C=C(/CC)C(O)=O)=C1I
4532,OC1=C(I)C=C(Cl)C2=C1N=CC=C2
4533,OC1=CC=CC2=C1C(=O)C1=C(C=CC=C1O)C2=O
4534,CN(CS(O)(=O)=O)C1=C(C)N(C)N(C1=O)C1=CC=CC=C1
4535,CC(C)NNC(=O)C1=CC=NC=C1
4536,CN(C)CCN(CC1=CC=CS1)C1=NC=CC=C1
4537,O=C(CCNNC(=O)C1=CC=NC=C1)NCC1=CC=CC=C1
4538,CN1CC(C2=CC=CC=C2)C2=C(C1)C(N)=CC=C2
4539,CCN(CC)CCOCCOC(=O)C(CC)(CC)C1=CC=CC=C1
4540,OC1=CC=C(C=C1)C1(C(=O)NC2=CC=CC=C12)C1=CC=C(O)C=C1
4541,OC1=CC=C(C=C1)C1(OC(=O)C2=CC=CC=C12)C1=CC=C(O)C=C1
4542,CC(CC1=CC=CC=C1)NCCC(C1=CC=CC=C1)C1=CC=CC=C1
4543,CN1CCC(CC1)N(CC1=CC=CS1)C1=CC=CC=C1
4544,CCOC(N)=O
4545,CN1C(CC(O)=O)=CC(C)=C1C(=O)C1=CC=C(Cl)C=C1
4546,[H][C@@]12CC3=CNC4=CC=CC(=C34)C1=C[C@H](CN2C)C(=O)N(CC)CC
4547,CCCC\N=C(/N)N=C(N)N
4548,OC(=O)COC1=C(Cl)C(Cl)=C(C=C1)C(=O)C1=CC=CS1
4549,CN(C)C\C=C(\C1=CC=C(Br)C=C1)C1=CC=CN=C1
4550,CC1=CC=CC=C1N1C(C)=NC2=CC=CC=C2C1=O
4551,[H][C@@]12C[C@@H]([C@H](OC(=O)CC)[C@@]1(C)CC[C@@]1([H])[C@@]2([H])CC[C@@]2([H])C[C@H](OC(C)=O)[C@H](C[C@]12C)N1CCCCC1)[N+]1(CC=C)CCCCC1
4552,CC(C)C1=NN=C(C)N1[C@H]1C[C@@H]2CC[C@H](C1)N2CC[C@H](NC(=O)C1CCC(F)(F)CC1)C1=CC=CC=C1
4553,OC(=O)CCCCCCNC1C2=CC=CC=C2CCC2=CC=CC=C12
4554,CN(C)CCC(O)(C1=CC=CC=C1)C1=CC=CC=C1Cl
4555,CC1CC(CC(C)(C)C1)OC(=O)C(O)C1=CC=CC=C1
4556,[H][C@@]12C[C@]1([H])[C@@]1(C)C(=CC2=O)C(Cl)=C[C@@]2([H])[C@]3([H])CC[C@](OC(C)=O)(C(C)=O)[C@@]3(C)CC[C@]12[H]
4557,NC(=N)N1CCC2=CC=CC=C2C1
4558,FC1=CC=C(C=C1)C(N1CCN(C\C=C\C2=CC=CC=C2)CC1)C1=CC=C(F)C=C1
4559,FC1=CC=C(C=C1)C(CCCN1CCC2(CC1)N(CNC2=O)C1=CC=CC=C1)C1=CC=C(F)C=C1
4560,C[N+]1(C)CCCC(C1)OC(=O)C(O)(C1=CC=CC=C1)C1=CC=CC=C1
4561,COC1=C(OC)C=C2C3CC(=O)C(CC(C)C)CN3CCC2=C1
4562,[H][C@]12C[C@H](NC(=O)C[C@H](O)C(C)(C)C(=O)[C@H](C)[C@@H](O)[C@@H](C)CCC[C@@]1(C)O2)C(\C)=C\C1=CSC(C)=N1
4563,CCN(CC)C(=O)NC1=CC=C(OCC(O)CNC(C)(C)C)C(=C1)C(C)=O
4564,CC1=NC(C(=O)NCC(O)=O)=C(O)C2=C1C=C(OC1=CC=CC=C1)C=C2
4565,
4566,COC1=CC2=C(C=C1OCCCN1CCCC1)N=CN=C2OC1=C(F)C2=C(NC(C)=C2)C=C1
4567,OC[C@H](O)C(=O)N1CCC(=CC1)C1=C(F)C=C(C=C1F)N1C[C@H](COC2=NOC=C2)OC1=O
4568,COC1=CC(=CC(OC)=C1OC)C(=O)C(=O)N1CCCC[C@H]1C(=O)OC(CCCC1=CN=CC=C1)CCCC1=CN=CC=C1
4569,CC1=NC2=C(C3=CC=CC=C3N2CC2=CC(=CC=C2)[C@H](C2CCCC2)C(=O)N[C@@H](CO)C2=CC=CC=C2)C(C)=C1
4570,OC[C@H]1O[C@H]([C@H](O)[C@@H]1O)N1C=NC2=C(N)N=C(N\N=C\C3CCCCC3)N=C12
4571,CC(C)COC1=C(C=C(C=C1)C1=NC(C)=C(S1)C(O)=O)C#N
4572,CCCCN(CCCC)CCCOC1=CC=C(C=C1)C(=O)C1=C(CCCC)OC2=C1C=C(NS(C)(=O)=O)C=C2
4573,CCCCCN(CCCOC)C(=O)[C@@H](CCC(O)=O)NC(=O)C1=CC(Cl)=C(Cl)C=C1
4574,[H][C@@]12CC[C@@]([H])(N1C)[C@]([H])(\C=N\OC)[C@H](C2)C1=CC(Cl)=C(Cl)C=C1
4575,NC1=[N+]([O-])C2=C(C=CC=C2)[N+]([O-])=N1
4576,O=C(CCC1CCN(CC2=CC=CC=C2)CC1)C1=CC2=C(CCCCN2)C=C1
4577,NC1=NC(=O)C2=C(N1)N([C@@H]1O[C@H](CO)[C@@H](O)[C@H]1O)C(=O)S2
4578,OC(CNCC(O)C1CCC2=C(O1)C=CC(F)=C2)C1CCC2=C(O1)C=CC(F)=C2
4579,COC1=C(C=CC(NC(=O)NC2=CC=CC(CNC(=O)O[C@H]3CCOC3)=C2)=C1)C1=CN=CO1
4580,[H][C@@]1(COC2=CC=C(C=C2)C2=CC=C(C=C2)C(=N)NC(=O)OC)C[C@@H](CC(=O)OC)C(=O)N1
4581,[H][C@@]12CC3=C(C=CC(=O)N3)[C@@](N)(CC(C)=C1)\C2=C\C
4582,[H][C@@]1(OC(=O)[C@@](O)(CCCC(C)(C)O)CC(=O)OC)C(OC)=C[C@]23CCCN2CCC2=CC4=C(OCO4)C=C2[C@]13[H]
4583,[H][C@]1(O)CCCN[C@]1([H])CC(=O)CN1C=NC2=C(C=C(Cl)C(Br)=C2)C1=O
4584,OC(=O)CN1C(=CC2=CC=CC=C12)C(=O)NC1=NC(=CS1)C1=CC=CC=C1Cl
4585,CC1=CN(C=N1)C1=CC(NC(=O)C2=CC=C(C)C(NC3=NC=CC(=N3)C3=CN=CC=C3)=C2)=CC(=C1)C(F)(F)F
4586,NCCCC[C@H](NC(=O)[C@@H](CC1=CC(Br)=C(O)C(Br)=C1)NC(=O)N1CCC(CC1)N1CC2=C(NC1=O)C=CC=C2)C(=O)N1CCN(CC1)C1=CC=NC=C1
4587,[H][C@@]12CCC(=O)[C@@]1(C)CC[C@]1([H])C3=C(CC[C@@]21[H])C=C(OC(=O)CCCCCCC\C=C/CCCCCCCC)C=C3
4588,C[C@H]1CNCCC2=CC=C(Cl)C=C12
4589,CN(C(C)=O)C1(CCN(CCC[C@@]2(CCCN(C2)C(=O)C2=CC=CC=C2)C2=CC(Cl)=C(Cl)C=C2)CC1)C1=CC=CC=C1
4590,CCCCN1CCC(CNC(=O)C2=C3OCCCN3C3=CC=CC=C23)CC1
4591,N.[Cl-].[Cl-].[Pt++].CC1=CC=CC=N1
4592,CCO[C@@H]1OC(=O)C[C@@H]1NC(=O)[C@@H]1CCCN2N1C(=O)[C@H](CCC2=O)NC(=O)C1=NC=CC2=CC=CC=C12
4593,OC12CC3CC(C1)CC(C3)(C2)NCC(=O)N1CCC[C@H]1C#N
4594,[H][C@@]12C[C@H](CC)[C@]3([H])N(C1)CCC1=C(NC4=CC(=C(OC)C=C14)[C@@]1([H])C[C@]4([H])C(C(=O)OC)[C@@]([H])(CC5=C1NC1=CC=CC=C51)N(C)C\C4=C\C)[C@@]3(C2)C(=O)OC
4595,OCC(CO)N[C@H]1C[C@](O)(CO)[C@@H](O)[C@H](O)[C@H]1O
4596,ClC1=CC=C(NC2=NN=C(CC3=CC=NC=C3)C3=CC=CC=C23)C=C1
4597,CSC1=CC=C(C=C1)C(=O)C1=C(C)NC(=O)N1
4598,COC1=CC=CC2=C1NC1=C(C=CC=C1C(=O)NC1=CC=C(CCN3CCC4=CC(OC)=C(OC)C=C4C3)C=C1)C2=O
4599,OCC(CO)NN1C(=O)C2=C3C(NC4=C3C=CC(O)=C4)=C3N([C@@H]4O[C@H](CO)[C@@H](O)[C@H](O)[C@H]4O)C4=C(C=CC(O)=C4)C3=C2C1=O
4600,COC1=CC(OC)=NC(O[C@H](C(O)=O)C(OC)(C2=CC=CC=C2)C2=CC=CC=C2)=N1
4601,CN(C)[C@@H](CCOC1=CC=CC2=CC=CC=C12)C1=CC=CC=C1
4602,CC1=NC=CN1C[C@H]1CCC2=C(C3=CC=CC4=C3N2CCC4)C1=O
4603,CCCC1=CC(=O)OC2=C1C1=C(C=CC(C)(C)O1)C1=C2[C@@H](O)[C@H](C)[C@@H](C)O1
4604,[H][C@]12OCC[C@@]1([H])[C@H](CO2)OC(=O)N[C@@H](CC1=CC=C(OCC2=CSC(C)=N2)C=C1)[C@H](O)CN(CC(C)C)S(=O)(=O)C1=CC2=C(OCO2)C=C1
4605,O=C1NC2=C(O1)C(=CC=C2)N1CCN(CC2=CC(=CC=C2)C2=CC=CC=C2)CC1
4606,CC1=CC=C(C=C1)C12CC1CNC2
4607,OC(=O)CCCN1CCC(CC1)OC(C1=CC=C(Cl)C=C1)C1=CC=CC=N1
4608,CC[C@@](C)([H])[C@@]1([H])CC[C@@]2([H])\C(CCC[C@]12C)=C\C=C1/C[C@](O)([H])C(=C)[C@]([H])(O)C1
4609,[H][C@]12N(C)CC[C@@]1(C)C1=C(C=CC(OC(=O)NC3=CC=CC=C3)=C1)N2C
4610,CC(C)OC(=O)[C@H](CCSC)NC(=C)C1=C(C=CC(=C1)NC[C@@H]2CC[C@@H](N2)SC(=O)C3=CN=CC=C3)CCF
4611,CC(C)[C@H]1C(=O)N[C@@H](CSSC[C@@H](C(=O)N[C@H](C(=O)N[C@@H](C(=O)N[C@H](C(=O)N1)CCCCN)CC2=CNC3=CC=CC=C32)CC4=CC=C(C=C4)O)NC(=O)[C@@H](CC5=CC=CC=C5)N)C(=O)N[C@@H](CC6=CNC7=CC=CC=C76)C(=O)N
4612,COCCOC(=O)NCCCC[C@@H](C(=O)NCCCCCCCOP(=O)(C)O)NC(=O)OCCOC
4613,CCN(CC)C(=O)C1(CC1CN)C1=CC=CC=C1
4614,CC(C)C[C@@H](C(=O)N[C@@H](CC(C)C)C(=O)N[C@@H](CC(C)C)C(=O)N[C@@H](CC(C)C)C(=O)N[C@@H](CCCCN)C(=O)N[C@@H](CC(C)C)C(=O)N[C@@H](CC(C)C)C(=O)N[C@@H](CC(C)C)C(=O)N[C@@H](CC(C)C)C(=O)N[C@@H](CCCCN)C(=O)N[C@@H](CC(C)C)C(=O)N[C@@H](CC(C)C)C(=O)N[C@@H](CC(C)C)C(=O)N[C@@H](CC(C)C)C(=O)N[C@@H](CCCCN)C(=O)N[C@@H](CC(C)C)C(=O)N[C@@H](CC(C)C)C(=O)N[C@@H](CC(C)C)C(=O)N[C@@H](CC(C)C)C(=O)N[C@@H](CCCCN)C(=O)O)NC(=O)[C@H](CCCCN)N.CC(=O)O
4615,CCOC(=O)CN[C@@H](C(=O)N1CC[C@H]1C(=O)NCC1=CC=C(C=C1)C(\N)=N\O)C1CCCCC1
4616,CC[C@H](C)[C@H]1C(=O)N[C@H](C(=O)N[C@H](C(=O)N[C@H](C(=O)N[C@H](C(=O)NCC(=O)N[C@H](C(=O)NCC(=O)N[C@@H](CSSC[C@@H](C(=O)N[C@H](C(=O)NCC(=O)N[C@H](C(=O)N[C@H](C(=O)N[C@H](C(=O)N[C@H](C(=O)N[C@H](C(=O)N1)CCCNC(=N)N)CC(=O)O)CCSC)CCCCN)CCCNC(=N)N)CC2=CC=CC=C2)NC(=O)CNC(=O)[C@H](CO)NC(=O)CNC(=O)[C@H](CCC(=O)N)NC(=O)[C@H](C(C)C)NC(=O)[C@H](CCSC)NC(=O)[C@H](CCCCN)NC(=O)[C@@H]3CCCN3C(=O)[C@H](CO)N)C(=O)N[C@@H](CCCCN)C(=O)N[C@@H](C(C)C)C(=O)N[C@@H](CC(C)C)C(=O)N[C@@H](CCCNC(=N)N)C(=O)N[C@@H](CCCNC(=N)N)C(=O)N[C@@H](CC4C=NC=N4)C(=O)O)CC(C)C)CO)CO)CO)CO
4617,CC[C@H](C)[C@@H](C(=O)N[C@@H]([C@@H](C)O)C(=O)N[C@@H]([C@@H](C)O)C(=O)N[C@@H](CCCCN)C(=O)N[C@@H](CC(=O)O)C(=O)N[C@@H](CC(C)C)C(=O)N[C@@H](CCCCN)C(=O)N[C@@H](CCC(=O)O)C(=O)N[C@@H](CCCCN)C(=O)N[C@@H](CCCCN)C(=O)N[C@@H](CCC(=O)O)C(=O)N[C@@H](C(C)C)C(=O)N[C@@H](C(C)C)C(=O)N[C@@H](CCC(=O)O)C(=O)N[C@@H](CCC(=O)O)C(=O)N[C@@H](C)C(=O)N[C@@H](CCC(=O)O)C(=O)N[C@@H](CC(=O)N)C(=O)O)NC(=O)[C@H](CCC(=O)O)NC(=O)[C@H](CO)NC(=O)[C@H](CO)NC(=O)[C@H]([C@@H](C)O)NC(=O)[C@H](CC(=O)O)NC(=O)[C@H](C(C)C)NC(=O)[C@H](C)NC(=O)[C@H](C)NC(=O)[C@H](CC(=O)O)NC(=O)[C@H](CO)NC(=O)C
4618,CCCC(C)NS(=O)(=O)C1=C(C=CC=C1[N+](=O)[O-])C
4619,CC(C)CCC(=O)CC1N(C(=O)C2=CC=CC=C12)C1=NC2=C(C=CC(Cl)=N2)C=C1
4620,
4621,CCN(CC)CCOC1=CC=C(CC2=CC=CC=C2)C=C1
4622,
4623,FC(F)(F)C1=CC(=CC=C1)N1CCN(CCN2C(=O)NC3=CC=CC=C23)CC1
4624,CCN(CC)CCCCCCNC1=CC(OC)=CC2=C(C)C=CN=C12
4625,CCCOC1=CC2=C(C=C1)N=C(NC(=O)OC)N2
4626,CN[C@H](CC(C)C)C(=O)N[C@@H]1[C@H](O)C2=CC=C(OC3=C(O[C@@H]4O[C@H](CO)[C@@H](O)[C@H](O)[C@H]4O[C@H]4C[C@](C)(NCC5=CC=C(C=C5)C5=CC=C(Cl)C=C5)[C@@H](O)[C@H](C)O4)C4=CC(=C3)[C@@H](NC(=O)[C@H](CC(N)=O)NC1=O)C(=O)N[C@@H]1C3=CC(=C(O)C=C3)C3=C(O)C=C(O)C=C3[C@H](NC(=O)[C@@H](NC1=O)[C@H](O[C@H]1C[C@](C)(N)[C@@H](O)[C@H](C)O1)C1=CC(Cl)=C(O4)C=C1)C(O)=O)C(Cl)=C2
4627,[Cl-].[Cl-].[Sn+4].CCC1=C2[N-]C(\C=C3/N=C(/C=C4\[N-]\C(=C/C5=N/C(=C\2)/C(C)=C5CC)C(C)=C4CCC(O)=O)C(CCC(O)=O)=C3C)=C1C
4628,
4629,OC1=CC=C(C=C1)C1=CC2=C(OC1)C=C(O)C=C2
4630,COC1=C(C=CC(N)=C1Cl)C(=O)NC1CCN2CCCC1C2
4631,[H][C@@]1(NC(=O)C(=N/O)\C2=NSC(N)=N2)C(=O)N2C(C(O)=O)=C(CS[C@]12[H])\C=C1/CCN(C1=O)[C@]1([H])CCNC1
4632,
4633,CCCC(=O)OCOC(=O)C1=C(C)NC(C)=C(C1C1=CC=CC(Cl)=C1Cl)C(=O)OC
4634,
4635,
4636,COC1=CC=C(C=C1OC)C(=O)NCC1=CC=C(OCCN(C)C)C=C1
4637,
4638,CC1(C)CC(C)(C)CC(C)(N)C1
4639,
4640,C1CCC(C1)[C@H](C2=CC=C(C=C2)OCC3=NC4=CC=CC=C4C=C3)C(=O)O
4641,CC1(C)C(C=C(Cl)Cl)C1C(=O)OCC1=CC(OC2=CC=CC=C2)=CC=C1
4642,CCCC[C@H](NC(=O)[C@H](CO)NC(=O)[C@H](CC1=CC=C(O)C=C1)NC(=O)[C@H](CO)NC(C)=O)C(=O)N[C@@H](CCC(O)=O)C(=O)N[C@@H](CC1=CN=CN1)C(=O)N[C@H](CC1=CC=CC=C1)C(=O)N[C@@H](CCCNC(N)=N)C(=O)N[C@@H](CC1=CNC2=CC=CC=C12)C(=O)NCC(=O)N[C@@H](CCCCN)C(=O)N1CCC[C@H]1C(=O)N[C@@H](C(C)C)C(N)=O
4643,
4644,CCCCCCCCCCCC(=O)CC(=O)N[C@H]1[C@@H](OP(O)(O)=O)O[C@H](CO[C@@H]2O[C@H](COC)[C@@H](OP(O)(O)=O)[C@H](OCC[C@@H](CCCCCCC)OC)[C@H]2NC(=O)CCCCCCCCC\C=C/CCCCCC)[C@@H](O)[C@@H]1OCCCCCCCCCC
4645,CO[C@H]1\C=C\O[C@@]2(C)OC3=C(C)C(O)=C4C(=O)C(NC(=O)\C(C)=C/C=C/[C@H](C)[C@H](O)[C@@H](C)[C@@H](O)[C@@H](C)[C@H](OC(C)=O)[C@@H]1C)=C1OC5=CC(=CC(O)=C5N=C1C4=C3C2=O)N1CCN(CC(C)C)CC1
4646,OC[C@@H](O)[C@H](O)[C@H](O)C(=O)CO
4647,OCCOC1=CC=C(C=C1)C(=C(\CCCl)C1=CC=CC=C1)\C1=CC=CC=C1
4648,COC1=CC=CC=C1CNC(=O)C2=NOC(=C2)C3=CC=CC=C3
4649,CC1(C)CCC(C)(C)C2=C1C=CC(NC(=O)C1=CC=C(C=C1)C(O)=O)=C2
4650,
4651,[H][C@]1(CO)O[C@]([H])([C@H](O)[C@@H]1O)N1C=NC(C(N)=O)=C1N
4652,C[C@H]([C@@H](C(=O)N[C@@H](C(C)C)C(=O)N[C@@H](CC(C)C)C(=O)O)NC(=O)[C@H](CO)NC(=O)[C@H](C(C)C)NC(=O)[C@H](CO)NC(=O)[C@H](C)NC(=O)[C@H](CC(C)C)NC(=O)[C@H](CC1=CC=CC=C1)NC(=O)[C@H](CCCCN)NC(=O)[C@H](CC(=O)O)NC(=O)[C@H](CC(C)C)NC(=O)[C@H](CO)NC(=O)[C@H](C)N)O
4653,COC1=C(OCCCN2CCC(CC2)C2=NOC3=C2C=CC(F)=C3)C=CC(=C1)C(C)=O
4654,[H][C@]12CC[C@]([H])([C@H]([C@H](C1)C1=CC=C(F)C=C1)C(=O)OC)N2C\C=C\I
4655,CC(OC1=C(Cl)C=CC=C1Cl)C1=NCCN1
4656,
4657,
4658,CC1=CN(C(=O)C=C1)C1=CC=CC=C1
4659,C[C@H]1C(=O)N[C@@H](C(=O)O[C@H]([C@@H](C(=O)N[C@@H](C(=O)N[C@@H](C(=O)N[C@@H](C(=O)N[C@@H](C(=O)N[C@@H](C(=O)N[C@H](C(=O)N[C@@H](C(=O)N[C@@H](C(=O)N[C@H](C(=O)N[C@@H](C(=O)N[C@H](C(=O)NCC(=O)N[C@H](C(=O)N1)CC(C)C)C2=CC=C(C=C2)O)[C@@H](C)O)C3=CC=C(C=C3)O[C@H]4[C@H]([C@H]([C@@H]([C@H](O4)CO)O)O)O[C@@H]5[C@H]([C@H]([C@@H]([C@H](O5)CO)O)O)O)CCCN)CC6=CC=CC=C6)[C@H](C)O)C7=CC=C(C=C7)O)C8=CC=C(C=C8)O)[C@@H](C)O)CCCN)C9=CC=C(C=C9)O)NC(=O)[C@@H](CC(=O)N)NC(=O)/C=C\C=C/CC(C)C)C(=O)N)C1=CC(=C(C=C1)O)Cl
4660,CCOC(=O)NC1=C(N)C=C(NCC2=CC=C(F)C=C2)C=C1
4661,OC[C@H]1O[C@H]([C@H](O)[C@@H]1O)N1C=NC2=C(N[C@@H]3CCOC3)N=CN=C12
4662,
4663,
4664,CN1CCN(CCCCN2C(=O)CN(N=CC3=CC=C(O3)C3=CC=C(Cl)C=C3)C2=O)CC1
4665,
4666,
4667,CN1C=NC=C1[C@@](N)(C1=CC=C(Cl)C=C1)C1=CC2=C(C=C1)N(C)C(=O)C=C2C1=CC(Cl)=CC=C1
4668,NC1=NC(=O)N(C=C1)[C@@H]1CO[C@H](CO)O1
4669,
4670,
4671,
4672,CCN(CC)CCNC1=C2C(=O)C3=CC=CC=C3SC2=C(C)C=C1
4673,
4674,
4675,ClC1=CN(CCCCN2CCN(CC2)C2=NC=CC=N2)N=C1
4676,CC1=C(CCOC2=CC=C(CC3C(=O)NOC3=O)C=C2)N=C(O1)C1=CC=CC=C1
4677,N[C@@H](CCC(=O)N[C@@H](CS(=O)(=O)CCOP(=O)(N(CCCl)CCCl)N(CCCl)CCCl)C(=O)N[C@@H](C(O)=O)C1=CC=CC=C1)C(O)=O
4678,
4679,CC[C@H](C(=O)N1CCCC[C@H]1C(=O)O[C@H](CCC1=CC=C(OC)C(OC)=C1)C1=CC(OCC(=O)NCCNC(=O)COC2=CC=CC(=C2)[C@@H](CCC2=CC=C(OC)C(OC)=C2)OC(=O)[C@@H]2CCCCN2C(=O)[C@@H](CC)C2=CC(OC)=C(OC)C(OC)=C2)=CC=C1)C1=CC(OC)=C(OC)C(OC)=C1
4680,C[N+](C)([O-])CCNC1=CC=C(NCC[N+](C)(C)[O-])C2=C1C(=O)C1=C(O)C=CC(O)=C1C2=O
4681,
4682,[H][C@@]12CCCN1C(=O)[C@H](CC(C)C)NC(=O)[C@@H](C)C(=O)[C@@H](OC(=O)C[C@H](O)[C@]([H])(NC(=O)[C@@H](NC(=O)[C@@H](CC(C)C)N(C)C(=O)[C@@H]1CCCN1C(=O)C(C)=O)[C@@H](C)OC(=O)[C@H](CC1=CC=C(OC)C=C1)N(C)C2=O)[C@@H](C)CC)C(C)C
4683,
4684,
4685,COC(=O)C1C(=CC=C2\C3=C\C4=N\C(=C/C5=C(C)C(CCC(=O)OCCO)=C(N5)\C=C5/N=C(/C=C(\N3)C12C)C(C)=C5CCC(=O)OCCO)\C(C=C)=C4C)C(=O)OC
4686,
4687,C[C@@H]1CC2=CC3=C(OCO3)C=C2C(=NN1C(C)=O)C1=CC=C(N)C=C1
4688,[H]N([H])C1=NC(=O)N(C=C1)[C@H]1C[C@H](O)[C@@H](COP(O)(=O)OP(O)(=O)OP(O)(=O)OP(O)(=O)OC[C@H]2O[C@H]([C@H](O)[C@@H]2O)N2C=CC(=O)N([H])C2=O)O1
4689,C[C@H]([C@@H](C(=O)N[C@@H](CC(=O)O)C(=O)N[C@@H](CC(=O)N)C(=O)N[C@@H](CSCNC(=O)C)C(=O)N[C@@H](CCC(=O)O)C(=O)N[C@@H]([C@@H](C)O)C(=O)N[C@@H](CSCNC(=O)C)C(=O)N[C@@H]([C@@H](C)O)C(=O)N[C@@H](CSCNC(=O)C)C(=O)N[C@@H](CC1=CC=C(C=C1)O)C(=O)N[C@@H](CCC(=O)O)C(=O)N[C@@H]([C@@H](C)O)C(=O)O)NC(=O)[C@H](CCC(=O)N)NC(=O)[C@H](CC2C=NC3=CC=CC=C23)NC(=O)[C@H](CCC(=O)O)N)O.C(=O)(C(F)(F)F)O
4690,
4691,
4692,
4693,
4694,
4695,CCOCCP(CCOCC)CCP(CCOCC)CCOCC
4696,
4697,N.[Cl-].[Cl-].[Pt+4].CC([O-])=O.CC([O-])=O.NC1CCCCC1
4698,
4699,
4700,
4701,
4702,
4703,NC1=NC(=O)N2CC12
4704,
4705,
4706,CCNC(=O)[C@H]1O[C@H]([C@H](O)[C@@H]1O)N1C=NC2=C1N=C(N=C2N)C#CC[C@H]1CC[C@@H](CC1)C(=O)OC
4707,CCCCP(O)(=O)CCCN
4708,
4709,
4710,[H][C@@]12C[C@@H](C)[C@]34C=C(C)[C@H](OC(=O)C(\C)=C/C)[C@@]3(O)[C@H](O)C(CO)=C[C@@]([H])(C4=O)[C@]1([H])C2(C)C
4711,CCN1CCC(CC1)NC2=CC\3=C(C=C2)NC(=O)/C3=C(/C4=CC(=CC=C4)F)\C5=NC=C(N5)C
4712,ONC(=O)\C=C\C1=CC=CC(=C1)S(=O)(=O)NC1=CC=CC=C1
4713,OC(=O)C1=CC=CC(=C1)C1=NOC(=N1)C1=CC=CC=C1F
4714,
4715,OC[C@H]1NC[C@H](O)[C@@H](O)[C@H]1O
4716,
4717,CC(C)(C)C(=O)OCOP(=O)(COC1(CN2C=NC3=CN=C(N)N=C23)CC1)OCOC(=O)C(C)(C)C
4718,
4719,CN(C)CCN1C(=O)C2=CC=CC3=CC(N)=CC(C1=O)=C23
4720,
4721,
4722,O[C@@H](CON=C(Cl)C1=C[N+]([O-])=CC=C1)CN1CCCCC1
4723,CC1=CN(C2=C(C=C(C=C12)F)/C=C/C(=O)NS(=O)(=O)C3=CC(=C(S3)Cl)Cl)CC4=C(C=C(C=C4)Cl)Cl
4724,CC(C)[C@@H]1NC(=O)[C@H](CC2=CC=CC=C2)NC(=O)[C@@H]2NC(=O)[C@H](CC3=CC=CC=C3)NC(=O)[C@@H]3CCCN3C(=O)CNC(=O)[C@H](CC3=CC=CC=C3)NC(=O)[C@@H]3CNCCCC[C@H](NC(=O)[C@@H]4NC(=O)[C@H](CC(N)=O)NC(=O)CNC(=O)[C@@H](NC(=O)[C@H](CSC[C@@H](NC(=O)[C@H](CCC(N)=O)NC(=O)[C@H](CCCCN)NC(=O)[C@@H](N)CS[C@H]4C)C(=O)N[C@@H](CS[C@H]2C)C(=O)N3)NC1=O)[C@@H](O)C(O)=O)C(O)=O
4725,
4726,
4727,CC[C@H](C)[C@@H]1NC(=O)[C@H](CCCNC(N)=N)NC(=O)[C@H](CC(O)=O)NC(=O)[C@H](CCSC)NC(=O)[C@H](CCCNC(N)=N)NC(=O)CNC(=O)CNC(=O)[C@H](CC2=CC=CC=C2)NC(=O)[C@H](CSSC[C@H](NC(=O)CNC(=O)[C@H](CC(C)C)NC(=O)CNC(=O)[C@H](CO)NC(=O)[C@H](CCC(N)=O)NC(=O)[C@H](C)NC(=O)CNC1=O)C(=O)N[C@@H](CC(N)=O)C(=O)N[C@@H](CO)C(=O)N[C@@H](CC1=CC=CC=C1)C(=O)N[C@@H](CCCNC(N)=N)C(=O)N[C@@H](CC1=CC=C(O)C=C1)C(O)=O)NC(=O)[C@H](CO)NC(=O)[C@H](CO)NC(=O)[C@H](CCCNC(N)=N)NC(=O)[C@H](CCCNC(N)=N)NC(=O)[C@H](CC(C)C)NC(=O)[C@H](CO)NC(=O)[C@H](CCCNC(N)=N)NC(=O)[C@@H]1CCCN1C(=O)[C@H](C)NC(=O)[C@@H](N)[C@@H](C)O
4728,CC(C)C1=C(O)C=CC(OC2=C(Br)C=C(NC(=O)CC(O)=O)C=C2Br)=C1
4729,
4730,CC1=CC(C)=C2C=CC=C(OCC3=C(Cl)C=CC(=C3Cl)S(=O)(=O)N3CCC[C@H]3C(=O)NCCCNC(=O)C3=CC=C(C=C3)C(N)=N)C2=N1
4731,CCC1=C(CC)C=C2CC(CC2=C1)NC[C@H](O)C1=C2C=CC(=O)NC2=C(O)C=C1
4732,
4733,
4734,
4735,
4736,CC[C@H](C)[C@H](N=C(O)[C@H](CC1=CC=C(O)C=C1)N=C(O)[C@H](CCCNC(N)=N)N=C(O)[C@H](CCCNC(N)=N)N=C(O)[C@H](CC(C)C)N=C(O)[C@H](CC(O)=O)N=C(O)[C@H](C)N=C(O)[C@H](C)N=C(O)[C@H](CC1=CC=C(O)C=C1)N=C(O)[C@H](CCC(O)=N)N=C(O)[C@H](C)N=C(O)[C@H](CCSC)N=C(O)[C@H](CCC(O)=N)N=C(O)[C@H](CCC(O)=O)N=C(O)[C@@H]1CCCN1C(=O)[C@@H](N=C(O)[C@H](C)N=C(O)[C@H](CC(O)=N)N=C(O)[C@H](CC(O)=O)N=C(O)CN=C(O)[C@@H]1CCCN1C(=O)[C@H](CC1=CC=C(O)C=C1)N=C(O)[C@@H](N=C(O)[C@@H]1CCCN1C(=O)[C@H](CCC(O)=O)N=C(O)[C@H](CC(C)C)N=C(O)[C@@H]1CCCN1C(=O)[C@H](C)N)C(C)C)[C@@H](C)O)C(O)=N[C@@H](CC(O)=N)C(O)=N[C@@H](CCSC)C(O)=N[C@@H](CC(C)C)C(O)=N[C@@H]([C@@H](C)O)C(O)=N[C@@H](CCCNC(N)=N)C(O)=N[C@@H](CCC(O)=N)C(O)=N[C@@H](CCCNC(N)=N)C(O)=N[C@@H](CC1=CC=C(O)C=C1)C(O)=N
4737,
4738,O=C(N1CCOCC1)C1=CC2=NON=C2C=C1
4739,[H][C@]12C[C@]([H])(C(=O)C[C@@H]1C1=C(O)C=C(C=C1OC(=O)\C=C\C(O)=O)C(C)(C)CCCCCC)C2(C)C
4740,
4741,
4742,
4743,C(Cl)(Cl)(Cl)Cl
4744,CCOC(=O)C(C)(C)NP(=O)(NC(C)(C)C(=O)OCC)C1=CC=C(O1)C1=C(SC(N)=N1)C(=O)C(C)(C)C
4745,B(C1=CC(=C(C=C1)C)Cl)(C2=CC(=C(C=C2)C)Cl)OC(=O)C3=C(C=CC=N3)O
4746,
4747,
4748,OC(=O)CSCC(=O)NC1CCSC1=O
4749,
4750,
4751,
4752,COC1=C(OC)C(=O)C(CCCCCCCCCC[P+](C2=CC=CC=C2)(C2=CC=CC=C2)C2=CC=CC=C2)=C(C)C1=O
4753,
4754,
4755,CCN\1C2=C(C=CC(=C2)OC)S/C1=C\C(=O)C
4756,
4757,
4758,
4759,CC1=C2N=C(NC3=CC=C(OCCN4CCCC4)C=C3)N=NC2=CC(=C1)C1=CC(OC(=O)C2=CC=CC=C2)=CC=C1Cl
4760,C\C(\C=C\C1=C(C)CCCC1(C)C)=C/C=C/C(/C)=C/C(=O)NC1=CC=C(O)C=C1
4761,CN=C(NS(=O)(=O)C1=CC=C(C=C1)Cl)N2CC(C(=N2)C3=CC=C(C=C3)Cl)C4=CC=CC=C4
4762,
4763,
4764,
4765,
4766,
4767,CC[C@H](C)[C@@H](C(=O)N[C@@H](CCC(=O)N)C(=O)N[C@@H](CC(=O)O)C(=O)N[C@@H](CC(C)C)C(=O)N[C@@H](CCCNC(=N)N)C(=O)N[C@@H](CCCNC(=N)N)C(=O)N[C@@H](CCCNC(=N)N)C(=O)N[C@@H](CCC(=O)O)C(=O)N[C@@H](CC(C)C)C(=O)N[C@@H](CC(C)C)C(=O)N[C@@H](CCC(=O)O)C(=O)N[C@@H](CCCCN)C(=O)N[C@@H](CC(C)C)C(=O)N[C@@H](CC(C)C)C(=O)NC(C)(C)C(=O)N[C@@H](CCCCN)C(=O)N[C@@H](CC(C)C)C(=O)N[C@@H](CC1=CN=CN1)C(=O)N[C@@H]([C@@H](C)O)C(=O)N[C@@H](C)C(=O)N)NC(=O)[C@H](CO)NC(=O)[C@H](CCCCN)NC(=O)CNC(=O)[C@H](CCCCN)NC(=O)[C@H](CC(=O)O)NC(=O)[C@H](CC2=CN=CN2)NC(=O)[C@H](CC(C)C)NC(=O)[C@H](CC(C)C)NC(=O)[C@H](CCC(=O)N)NC(=O)[C@H](CC3=CN=CN3)NC(=O)[C@H](CCC(=O)O)NC(=O)[C@H](CO)NC(=O)[C@H](C(C)C)NC(=O)[C@H](C)N
4768,CCC(C)C(C(=O)NC(CC(=O)N)C(=O)NC(CCSC)C(=O)NC(CC(C)C)C(=O)NC(C(C)O)C(=O)ONC(CCCNC(=N)N)C(=O)N1CCCC1C(=O)NC(CCCNC(=N)N)C(=O)NC(CC2=CC=C(C=C2)O)C(=O)O)NC(=O)C(CC3=CC=C(C=C3)O)NC(=O)C(CCCNC(=N)N)NC(=O)C(CCCNC(=N)N)NC(=O)C(CC(C)C)NC(=O)C(CC(=O)O)NC(=O)C(C)NC(=O)C(C)NOC(=O)C(CC4=CC=C(C=C4)O)NC(=O)C(CCC(=O)N)NC(=O)C(C)NC(=O)C(CCSC)NC(=O)C(CCC(=O)N)NC(=O)C(CCC(=O)O)NC(=O)C5CCCN5C(=O)C(C(C)O)NC(=O)C(C)NC(=O)C(CC(=O)N)NOC(=O)C(CC(=O)O)NC(=O)CNC(=O)C6CCCN6C(=O)C(CC7=CC=C(C=C7)O)NC(=O)C(C(C)C)NC(=O)C8CCCN8C(=O)C(CCC(=O)O)NC(=O)C(CC(C)C)NC(=O)C9CCCN9C(=O)C(C)N
4769,[H][C@@]12CC[C@H](C(C)=O)[C@@]1(C)CC[C@@]1([H])[C@@]2([H])CC[C@@]2([H])C[C@](C)(O)CC[C@]12C
4770,[S-][Mo]([S-])(=S)=S
4771,
4772,
4773,
4774,C1CCC2(CC1)C(=C(C2=O)Br)N[C@@H](CC3=CC=C(C=C3)NC4=NC=CC5=C4C=NC=C5)C(=O)O
4775,
4776,COC1=C(F)C=C(C=C1)C1=C(Cl)N=CN1C1=CC=C(C=C1)S(N)(=O)=O
4777,
4778,
4779,
4780,CN1C=C(C=C1C(=O)NC2=C(C=CC(=C2)OC)OC)[N+](=O)[O-]
4781,CC1(C)SCCN([C@H]1C(=O)NO)S(=O)(=O)C1=CC=C(OC2=CC=NC=C2)C=C1
4782,
4783,CCOC(=O)\C=C\[C@H](C[C@@H]1CCNC1=O)NC(=O)[C@@H](CC(=O)[C@H](C(C)C)NC(=O)C1=NOC(C)=C1)CC1=CC=C(F)C=C1
4784,CCCC(=O)OCOC(=O)C(C)(C)C
4785,CN([C@H](CN1CC[C@H](O)C1)C1=CC=CC=C1)C(=O)C(C1=CC=CC=C1)C1=CC=CC=C1
4786,CC1=NOC(CCCOC2=C(C)C=C(C=C2C)C2=NOC(=N2)C(F)(F)F)=C1
4787,
4788,[H][C@@]12C[C@@H](Br)C(=O)[C@@]1(C)CC[C@@]1([H])[C@@]2([H])CC[C@@]2([H])C[C@@H](O)CC[C@]12C
4789,CC(=O)CN1N=C(N=N1)[N+](=O)[O-]
4790,[H][C@@]12[C@@H]3SC[C@]4(NCCC5=C4C=C(OC)C(O)=C5)C(=O)OC[C@H](N1[C@@H](O)[C@@H]1CC4=CC(C)=C(OC)C(O)=C4[C@H]2N1C)C1=C2OCOC2=C(C)C(OC(C)=O)=C31
4791,
4792,
4793,
4794,
4795,
4796,
4797,COC(=O)[C@H](C)NP(=O)(OC[C@H]1O[C@H](C[C@@H]1O)N1C=C(\C=C\Br)C(=O)NC1=O)OC1=CC=CC=C1
4798,
4799,CC1=CC(=C(C(=C1)C)C(=O)C)C
4800,COCCN1CCC(CC1)N(CC1=CC=C(C=C1)C1=CC=C(C=C1)C(F)(F)F)C(=O)CN1C(SCC2=C(F)C(F)=CC=C2)=CC(=O)C2=C1C=CC=C2
4801,CCCCCCCC/C=C\CCCCCCCC(=O)O[C@@H]1COCC[C@@H]1OP(=O)(O)[S-].[Na+]
4802,
4803,CC(=O)NC1=CC=CC(=C1)C2CCN(CC2)CCCNC(=O)N3[C@H](C(=C(NC3=O)COC)C(=O)OC)C4=CC(=C(C=C4)F)F.Cl
4804,CC(C)(CCCCOCCCCC(C)(C)C(O)=O)C(O)=O
4805,
4806,
4807,C1C2=C(C3=CC=CC=C3S1)N(N=C2C(F)(F)F)C4=CC=C(C=C4)S(=O)(=O)N
4808,
4809,CCCCCCCCOC1=CC=C(C=C1)C1=CC=C(C=C1)C(=O)N[C@H]1CC(CNC(=O)[C@@H]2[C@@H](O)[C@@H](C)CN2C(=O)[C@H](CO)NC(=O)[C@@H](NC(=O)[C@@H]2C[C@@H](O)CN2C(=O)[C@@H](NC1=O)[C@@H](C)O)[C@H](O)CC1=CC=C(O)C=C1)NCCN
4810,CO[C@@H]1[C@@H](N)[C@@H](O[C@H]2[C@H](OC3=CC=CC4=C3C3=C5C(C(=O)OC6=C5C(=C(C)C=C6)C(=O)O3)=C4O)O[C@H](C)[C@H](O)[C@]2(C)O)O[C@H](C)[C@@H]1O
4811,
4812,
4813,C1C[C@H]2CC[C@@H](C3=CC=CC(=C23)C1)N4CCC5(CC4)C(=O)NCN5C6=CC=CC=C6
4814,
4815,[H]/C1=C([H])/[C@]([H])(OC)[C@@]([H])(OC(O)=N)C(C)=C([H])[C@]([H])(C)[C@@]([H])(O)[C@]([H])(C[C@]([H])(C)CC2=C(NCC=C)C(=O)C=C(N=C(O)\C(C)=C\1/[H])C2=O)OC
4816,
4817,
4818,CN1[C@H](C[C@H](O)C2=CC=CC=C2)CCC[C@@H]1CC(=O)C1=CC=CC=C1
4819,
4820,
4821,
4822,
4823,
4824,[H]\C(=C(/[H])C1=C(OP(O)(O)=O)C(OP(O)(O)=O)=C(OC)C=C1)C1=CC(OC)=C(OC)C(OC)=C1
4825,
4826,
4827,
4828,
4829,
4830,C1=CC=C(C(=C1)NC(=O)NC2=NC=CN=C2)OCCCN
4831,
4832,
4833,CC[C@@H]1SC2(CCN(C)CC2)NC1=O
4834,[O-][N+](=O)C1=CN2C[C@@H](COC2=N1)OCC1=CC=C(OC(F)(F)F)C=C1
4835,CCCC[C@@H](NC(=O)[C@@H](CC1=CC=CC=C1)NC(=O)[C@H](N)CC1=CC=CC=C1)C(=O)N[C@H](CCCNC(N)=N)C(=O)NCC1=CC=NC=C1
4836,
4837,
4838,
4839,COC1=C(C=C(C=C1)Cl)C(=O)NCCC2=CC=C(C=C2)C(=O)O
4840,
4841,
4842,
4843,
4844,
4845,CC(C)OC(=O)N1CCC(CC1)OC2=NC=NC3=C2C=NN3C4=C(C=C(C=C4)S(=O)(=O)C)F
4846,
4847,[H][C@@]12N3CC[C@@]11C4=CC(=C(OC)C=C4N(C)[C@@]1([H])[C@](O)([C@H](O)[C@]2(CC)C=CC3)C(=O)NNC(=O)OCCSSC[C@H](NC(=O)[C@H](CC(O)=O)NC(=O)[C@H](CC(O)=O)NC(=O)[C@H](CCCNC(N)=N)NC(=O)[C@H](CC(O)=O)NC(=O)CC[C@H](NC(=O)C1=CC=C(NCC2=CNC3=NC(N)=NC(=O)C3=N2)C=C1)C(O)=O)C(O)=O)[C@]1(C[C@@]2([H])C[N@](C[C@](O)(CC)C2)CCC2=C1NC1=CC=CC=C21)C(=O)OC
4848,OC(NC1=CNN=C1C1=NC2=C(N1)C=CC(CN1CCOCC1)=C2)=NC1CC1
4849,
4850,[H]\C(C1=CC(OC)=C(C=C1)N1C=NC(C)=C1)=C1\CCCN(C1=O)[C@@]([H])(C)C1=CC=C(F)C=C1
4851,
4852,C1CSC2=NC(=C(N21)C3=CC=NC=C3)C4=CC=C(C=C4)F
4852,
4853,
4854,C1C[C@H](N(C1)CCCC(=O)O)COC2=CC=C(C=C2)OC3=CC=C(C=C3)Cl
4855,
4856,
4857,
4858,
4859,
4860,C[C@@H]1CN(C[C@@H](O1)C)C(=O)CN2CC(OCC2C(=O)NC3=CC(=CC4=C3NC5=C4C=CN=C5)Cl)(C)C
4861,
4862,[H][C@@](C)(CCCC(C)C)[C@@]1([H])CC[C@@]2([H])[C@]3([H])CCC4=C\C(CC[C@]4(C)[C@@]3([H])CC[C@]12C)=N\O
4863,CC(C)=CCC\C(C)=C\CNCCNC1C2CC3CC(C2)CC1C3
4864,CSC1=CC=C(C=C1)C(=O)\C=C\C1=CC(C)=C(OC(C)(C)C(O)=O)C(C)=C1
4865,CC1=CC=C(C=C1)S(O)(=O)=O.[H]C1(CC2=C(C1)C(=CC=C2)S(=O)(=O)N1[C@@]([H])(C)CN(C[C@@]1([H])C)C1=CC=C(OC(F)(F)F)C=C1)C(O)=O
4866,
4867,
4868,
4869,
4870,
4871,
4872,
4873,CC(C)=CCOC1=CC=C(\C=C\C(=O)C2=C(OCC(O)=O)C=C(OCC=C(C)C)C=C2)C=C1
4874,CC1=C(SC(=N1)N)C2=NC(=NC=C2)NC3=CC=C(C=C3)N4CCOCC4
4875,
4876,C1[C@H]2C(=O)N[C@H](C(=O)N[C@H](C(=O)NCC(=O)N[C@H](C(=O)N[C@@H](CSS1)C(=O)N[C@H](C(=O)N[C@H](C(=O)N[C@H](C(=O)N[C@@H](CSSC[C@@H](C(=O)N[C@H](C(=O)N[C@H](C(=O)N[C@H](C(=O)N2)CCCCN)CCCNC(=N)N)CC3=CC=C(C=C3)O)NC(=O)[C@H](CC4=CNC5=CC=CC=C54)NC(=O)[C@H](CCCNC(=N)N)NC(=O)[C@H](CCCNC(=N)N)N)C(=O)N[C@@H](CCCNC(=N)N)C(=O)N)CCCCN)CCCNC(=N)N)CC6=CC=C(C=C6)O)CC7=CC=C(C=C7)O)CCCCN)CC8=CC=C(C=C8)O
4877,
4878,
4879,
4880,CC1=C(C=C(C=C1N2CCN(CC2)C3=NC=NC4=NNC(=C43)Br)C(=O)CCC(F)(F)F)NCCN5CCCC5
4881,C1=CC2=C(C=C1OCC(F)(F)F)OC3=C(S2(=O)=O)C=CC(=C3)F
4882,
4883,
4884,
4885,
4886,[H][C@@]12CC[C@@](O)(C#C)[C@@]1(C)CC[C@@]1([H])[C@@]2([H])[C@@H](O)C=C2C[C@@H](O)CC[C@]12C
4887,
4888,COCCOCCOCCOCCOC(=O)OC[N+]1=CC=C(C=C1)NC(=NCCCCCCOC2=CC=C(C=C2)Cl)NC#N.[Cl-]
4889,
4890,OB1OCC2=C1C=CC(OC1=CC=C(C=C1)C#N)=C2
4891,COC1=CC(NC2=NC=C3CN=C(C4=CC(Cl)=CC=C4C3=N2)C2=C(OC)C=CC=C2F)=CC=C1C(O)=O
4892,
4893,CCCCC1=NC2=C(C=CC(\C=C\C(=O)NO)=C2)N1CCN(CC)CC
4894,CC1=C(SC(=C1Br)C(=C)F)CNCCCNC2=CC(=O)C3=CC=CC=C3N2
4895,CC(=O)CC1=CC2=CC(=CN=C2N1CC(=O)N)OCC3=NC4=CC=CC=C4C=C3
4896,
4897,
4898,
4899,[H][C@]12C[C@@H](O)[C@H](\C=C\[C@@H](O)C(C)CC#CC)[C@@]1([H])C1=C(O2)C(CCCC(O)=O)=CC=C1
4900,
4901,[H][C@]12OC3([O-])OC(C4C(O)[NH+]=C(N)NC4(C1O)[C@@H]3O)C2(O)CO
4902,
4903,C[C@@H]1CC[C@H]([C@@H](O)C(F)(F)F)N1C1=CC2=C(NC(=O)C=C2C(F)(F)F)C=C1
4904,
4905,
4906,
4907,OC1(CN(C1)C(=O)C1=C(NC2=C(F)C=C(I)C=C2)C(F)=C(F)C=C1)[C@@H]1CCCCN1
4908,
4909,
4910,C1C[C@H](NC1)C(=O)NC2=CC=C(C=C2)C3=NC(=NC=C3)NC4=CC=C(C=C4)N5CCOCC5
4911,
4912,[Ag+].NC1=CC=C(C=C1)S(=O)(=O)[N-]C1=NC=CC=N1
4913,CN1C(=O)CC(C)(C1=O)C1=CC=CC=C1
4914,
4915,CCOC(=O)C(C)OC1=CC=C(OC2=NC3=C(O2)C=C(Cl)C=C3)C=C1
4916,[H][C@@]12CC[C@](OC(C)=O)(C(=O)COC)[C@@]1(C)C[C@H](C1=CC=C(C=C1)N(C)C)C1=C3CCC(=O)C=C3CC[C@@]21[H]
4917,
4918,CC(C)(CC1CC2=C(C1)C=CC=C2)NC[C@@H](O)COC1=CC(CCC(O)=O)=CC(F)=C1F
4919,
4920,
4921,
4922,[Ga+3].[O-][N+]([O-])=O.[O-][N+]([O-])=O.[O-][N+]([O-])=O
4923,O=C1NC2=C(C=NN2)C(=O)N1
4924,[H][C@]12C[C@@]3([H])[C@]4([H])CC=C5C[C@H](CC[C@]5(C)[C@@]4([H])CC[C@]3(C)[C@@]1([H])[C@H](C)[C@@]1(CC[C@@H](C)CO1)O2)OC(=O)CCCCC
4925,CCCCCOC1=C(C=C(C=C1)C2C(=O)NC(=O)S2)OCC
4926,[H][C@@]12CCC3=CC(C(C)C)=C(C=C3[C@@]1(C)CCC[C@@]2(C)C(O)=O)S(O)(=O)=O
4927,CC(C)C(=O)C1=C2C=CC=CN2N=C1C(C)C
4928,
4929,CCCN(CCC1=CC=CS1)[C@H]1CCC2=C(O)C=CC=C2C1
4930,[153Sm+3].OP(O)(=O)CN(CCN(CP(O)([O-])=O)CP(O)([O-])=O)CP(O)([O-])=O
4931,
4932,
4933,COC1=CC(=CC(OC)=C1OC)[C@@H](O)CC1=CC(O)=C(OC)C=C1
4933,COC1=CC(=CC(OC)=C1OC)[C@@H](O)CC1=CC(O)=C(OC)C=C1
4934,
4935,[H][C@@]12CC[C@](O)(C(=O)COC(C)=O)[C@@]1(C)CC=C1[C@@]2([H])CCC2=CC(=O)CC[C@]12C
4936,C[C@@H](C(O)=O)C1=CC(F)=C(C=C1)C1=CC=CC=C1
4937,
4938,
4939,
4940,COC1=C(OCC2CCN(C)CC2)C=C2N=CN=C(NC3=C(F)C=C(Br)C=C3)C2=C1
4941,[H][C@@]1(CC[C@@]2([H])\C(CCC[C@]12C)=C\C=C1\C[C@@H](O)[C@@H](OCCCO)[C@H](O)C1=C)[C@H](C)CCCC(C)(C)O
4942,[Lu+3].CC([O-])=O.CC([O-])=O.CCC1=C2[N-]C(\C=C3/N=C(/C=N/C4=CC(OCCOCCOCCOC)=C(OCCOCCOCCOC)C=C4\N=C\C4=N\C(=C/2)\C(CCCO)=C4C)C(C)=C3CCCO)=C1CC
4943,CC\C=C/C\C=C/C\C=C/C\C=C/C\C=C/C\C=C/CCC(=O)O[C@@H](C(=O)O[C@H]1C[C@@]2(O)[C@@H](OC(=O)C3=CC=CC=C3)[C@@]3([H])[C@@](C)([C@@H](O)C[C@@]4([H])OC[C@@]34OC(=O)C)C(=O)[C@H](OC(=O)C)C(=C1C)C2(C)C)[C@@H](NC(=O)C1=CC=CC=C1)C1=CC=CC=C1
4944,CCOC1=C(OCC)C=C(C=C1)C1=NC(=CS1)C1=NC(=CC=C1)C(O)=O
4945,
4946,
4947,
4948,
4949,
4950,
4951,
4952,C1C2CN(CN2C3=C(N1)NC(=NC3=O)N)C4=CC=C(C=C4)C(=O)N[C@@H](CCC(=O)[O-])C(=O)[O-].[Ca+2]
4953,
4954,
4955,CC[C@H](C)[C@H]1C(=O)N[C@H](C(=O)NCC(=O)NCC(=O)N[C@H]2CSSC[C@H]3C(=O)N[C@H](C(=O)N[C@H](C(=O)N[C@H](C(=O)N[C@H](C(=O)N4CCC[C@H]4C(=O)N[C@H](C(=O)N[C@H](C(=O)N[C@H](C(=O)N[C@H](C(=O)N[C@H](C(=O)N[C@H](C(=O)N[C@H](C(=O)N[C@H](C(=O)N[C@H](C(=O)N[C@H](C(=O)N[C@@H](CSSC[C@@H](C(=O)N[C@H](C(=O)N[C@H](C(=O)N[C@H](C(=O)N[C@@H](CSSC[C@@H](C(=O)N[C@H](C(=O)N[C@H](C(=O)N[C@H](C(=O)N[C@H](C(=O)N[C@H](C(=O)N[C@H](C(=O)NCC(=O)N5CCC[C@H]5C(=O)N3)CC(=O)O)CC(=O)O)C)CCCCN)CC6=CC=CC=C6)C)NC(=O)[C@H](CC7=CC=CC=C7)NC(=O)[C@H](CO)NC(=O)[C@H](CC8=CN=CN8)NC(=O)[C@H](CCSC)NC(=O)[C@H](C)NC(=O)[C@H](CCC(=O)O)N)C(=O)N[C@@H]([C@H](C)O)C(=O)N[C@@H](CCCNC(=N)N)C(=O)N[C@@H](CC(=O)O)C(=O)O)CCSC)CCCCN)CCCCN)NC(=O)[C@@H](NC(=O)[C@@H](NC(=O)[C@@H](NC(=O)[C@@H](NC(=O)[C@@H](NC(=O)[C@@H](NC(=O)[C@@H](NC(=O)[C@@H](NC(=O)[C@@H](NC(=O)[C@@H](NC(=O)CNC(=O)[C@@H](NC2=O)CCC(=O)O)CC(=O)N)CCC(=O)N)CC(=O)N)CCCNC(=N)N)CC9=CC=CC=C9)CCC(=O)O)CO)CC(C)C)CCC(=O)O)CCC(=O)O)C(=O)N[C@H](C(=O)N[C@H](C(=O)N[C@H](C(=O)N1)CC1=CC=CC=C1)CCC(=O)O)CCC(=O)O)CCC(=O)N)CCCNC(=N)N)[C@H](C)O)CC1=CC=CC=C1)[C@@H](C)CC)CC(=O)N)CC1=CC=CC=C1)CC1=CC=CC=C1)CC1=CNC2=CC=CC=C21)CCCNC(=N)N)CC1=CN=CN1)C)C)CCCNC(=N)N)CC1=CC=C(C=C1)O
4956,
4957,
4958,
4959,CC(C)COC1=CC=C(CNC(=O)N(CC2=CC=C(F)C=C2)C2CCN(C)CC2)C=C1
4960,
4961,
4962,
4963,
4964,
4965,
4966,
4967,FC1=C(CN2C(=O)C3=CC=CN3[C@@]3(CC(=O)NC3=O)C2=O)C=CC(Br)=C1
4968,
4969,
4970,
4971,CC1=C2CCN[C@H](C2=C(C=C1)C)C3=CC(=NC=C3)Cl
4972,
4973,
4974,
4975,Cl.C(CNC[C@H]1COC2=CC=CC=C2O1)COC1=CC2=C(OCO2)C=C1
4976,[Na+].CC12CC(O)C3C(CCC4=CC(=O)C=CC34C)C1CCC2(O)C(=O)COC(=O)C1=CC(=CC=C1)S([O-])(=O)=O
4977,CCCCCC[C@@H](CCC)C(O)=O
4978,
4979,
4980,
4981,CC1=C(OCC(F)(F)F)C=CN=C1C[S@@](=O)C1=NC2=CC=CC=C2N1
4982,
4983,
4984,COCC1C(C(C(C(O1)OC2C(OC(C(C2OC)OC)OC3C(OC(C(C3OC)OC)OC4C(C(C(OC4C(=O)[O-])OC5C(OC(C(C5OS(=O)(=O)[O-])OS(=O)(=O)[O-])OC6C(C(C(OC6C(=O)[O-])OC7C(OC(C(C7OC)OS(=O)(=O)[O-])OC)COS(=O)(=O)[O-])OC)OC)COS(=O)(=O)[O-])OC)OC)COS(=O)(=O)[O-])COC)OC)OC)OC8C(C(C(C(O8)COC)OC9C(C(C(C(O9)COS(=O)(=O)[O-])OC1C(C(C(C(O1)COS(=O)(=O)[O-])OC1C(C(C(C(O1)CS(=O)(=O)[O-])OC1C(C(C(C(O1)COS(=O)(=O)[O-])OS(=O)(=O)[O-])OS(=O)(=O)[O-])OS(=O)(=O)[O-])S(=O)(=O)[O-])S(=O)(=O)[O-])OS(=O)(=O)[O-])OS(=O)(=O)[O-])OC)OC)OC)OC
4985,
4986,
4987,
4988,
4989,
4990,
4991,
4992,
4993,ClC1=CC=C(OS(=O)(=O)C2=CC=C(Cl)C=C2)C=C1
4994,[166Ho++].OP(O)(=O)CN1CCN(CP(O)(O)=O)CCN(CP([O-])([O-])=O)CCN(CP(O)(O)=O)CC1
4995,NCCC1=CNC=N1
4996,II
4997,NNC(N)=N
4998,
4999,C=O.C1=CC=C2C=C(C=CC2=C1)S(=O)(=O)O
5000,CN1C=C(C2=CC=CC=C21)C3=C(C(=O)NC3=O)C4=C5C[C@H](CCN5C6=CC=CC=C64)CN(C)C
5001,
5002,O.O=O.[O-][Cl]=O.[O-][Cl]=O.[O-][Cl]=O.[O-][Cl]=O
5003,
5004,
5005,
5006,
5007,[H][C@](O)(CN[C@@]1([H])CCC2=C(C1)C=C(OCC(=O)OCC)C=C2)C1=CC(Cl)=CC=C1
5008,
5009,CCCCCCCCCCCC[N+](C)(C)[O-].CCCCCCCCCCCC[N+](C)(C)CC([O-])=O
5010,CC(C)(C)C1=CC(SC(C)(C)SC2=CC(=C(OC(=O)CCC(O)=O)C(=C2)C(C)(C)C)C(C)(C)C)=CC(=C1O)C(C)(C)C
5011,CCC(C)C(CC(CC(=O)OC(CC(CC(=O)O[C@H]1[C@H](O[C@H]([C@@H]([C@H]1O)O[C@H]2[C@@H]([C@@H]([C@H]([C@@H](O2)C)O[C@H]3[C@@H]([C@H]([C@@H](CO3)O[C@H]4[C@@H]([C@](CO4)(CO)O)O)O)O)O)O)OC(=O)[C@]56CCC(C[C@H]5C7=CC[C@@H]8[C@]9(CC[C@@H]([C@@]([C@@H]9CC[C@]8([C@@]7(C[C@H]6O)C)C)(C)C=O)O[C@H]1[C@@H]([C@H]([C@@H]([C@H](O1)C(=O)O)O)O[C@H]1[C@@H]([C@H]([C@@H](CO1)O)O)O)O[C@@H]1[C@@H]([C@H]([C@H]([C@H](O1)CO)O)O)O)C)(C)C)C)O)C(C)CC)O)O[C@H]1[C@@H]([C@H]([C@@H](O1)CO)O)O
5012,[H][C@@]12C[C@H](C(=O)OOC)[C@](C)(O1)N1C3=C(C=C(CSCC)C=C3)C3=C4CNC(=O)C4=C4C5=C(C=CC(CSCC)=C5)N2C4=C13
5013,
5014,
5015,
5016,CC(=O)C1=C(NC(=O)C2=C(C=CS2)S(=O)(=O)NC2=C(C)C(C)=NO2)C(C)=CC(C)=C1
5017,C[C@H](NC(=O)C(=O)NC1=C(C=CC=C1)C(C)(C)C)C(=O)N[C@@H](CC(O)=O)C(=O)COC1=C(F)C(F)=CC(F)=C1F
5018,CC(=O)NC1=CC=C(OC(=O)CCCO[N+]([O-])=O)C=C1
5019,CC12CC(O)C3C(CCC4=CC(=O)CCC34C)C1CCC2(O)C(=O)COC(=O)C1=CC=CC(CON(=O)=O)=C1
5020,
5021,[H][C@]1(C)CN(C(=O)C2=C(Cl)C=C3N(C)C=C(C(=O)C(=O)N(C)C)C3=C2)[C@]([H])(C)CN1CC1=CC=C(F)C=C1
5022,CC[C@H](C)[C@@H](C(=O)N[C@@H](CCC(=O)N)C(=O)N[C@@H](CCC(=O)N)C(=O)N[C@@H](CCC(=O)O)C(=O)N[C@@H](CCCCN)C(=O)N[C@@H](CC(=O)N)C(=O)N[C@@H](CCC(=O)O)C(=O)N[C@@H](CC1=CC=C(C=C1)O)C(=O)N[C@@H](CCC(=O)O)C(=O)N[C@@H](CC(C)C)C(=O)N[C@@H](CCC(=O)N)C(=O)N[C@@H](CCCCN)C(=O)N[C@@H](CC(C)C)C(=O)N[C@@H](CC(=O)O)C(=O)N[C@@H](CCCCN)C(=O)N[C@@H](CC2=CNC3=CC=CC=C32)C(=O)N[C@@H](C)C(=O)N[C@@H](CO)C(=O)N[C@@H](CC(C)C)C(=O)N[C@@H](CC4=CNC5=CC=CC=C54)C(=O)N[C@@H](CCC(=O)O)C(=O)N[C@@H](CC6=CNC7=CC=CC=C76)C(=O)N[C@@H](CC8=CC=CC=C8)C(=O)N)NC(=O)[C@H](CCC(=O)N)NC(=O)[C@H](C)NC(=O)[C@H](CCC(=O)N)NC(=O)[C@H](CCC(=O)O)NC(=O)[C@H](CC(C)C)NC(=O)[C@H](CC(C)C)NC(=O)[C@H](C)NC(=O)[C@H]([C@@H](C)O)NC(=O)[C@H]([C@@H](C)CC)NC(=O)[C@H](CCCCN)NC(=O)[C@H](CCC(=O)N)NC(=O)[C@H](CCC(=O)O)NC(=O)[C@H](CC9=CNC1=CC=CC=C19)NC(=O)[C@H](CCC(=O)O)NC(=O)[C@H](CCC(=O)N)NC(=O)[C@H](CC1=CNC2=CC=CC=C21)NC(=O)C
5023,CC1=C(N(CC2=CC=C(OCCN3CCCCC3)C=C2)C2=C1C=C(O)C=C2)C1=CC=C(O)C=C1
5024,
5025,CC1=C(CSC2=CC(C)=C(OCC(O)=O)C=C2)SC(=N1)C1=CC=C(C=C1)C(F)(F)F
5026,C\1CN(C(=O)/C1=C/2\CC(NC3=C2C=CC(=C3)Cl)C(=O)O)C4=CC=CC=C4
5027,CC1=C(C=CC(=C1)F)[C@H]2CNCCN2C(=O)N(C)[C@H](C)C3=CC(=CC(=C3)C(F)(F)F)C(F)(F)F.CS(=O)(=O)O
5028,CN1CCC2=CC(=C(O)C=C2[C@H](C1)C1=C2OCCC2=CC=C1)[N+]([O-])=O
5029,[Ga+3].CC1=C([O-])C(=O)C=CO1.CC1=C([O-])C(=O)C=CO1.CC1=C([O-])C(=O)C=CO1
5030,COC1=CC=C(OC(F)(F)F)C=C1CN[C@H]1CCCN[C@H]1C1=CC=CC=C1
5031,COC1=CC=CC2=C1CCC(=O)N2CCCN1CCN(CC1)C1=CC=CC(Cl)=C1
5032,[H][C@@]12CC[C@@](O)(C#CC)[C@@]1(C)C[C@H](C1=CC=C3OCOC3=C1)C1=C3CCC(=O)C=C3CC[C@@]21[H]
5033,FC1=C(Cl)C=C(NC2=NC=NC3=CC(OCCCN4CCOCC4)=C(NC(=O)C=C)C=C23)C=C1
5034,CC(C)C[C@@H](C(=O)NCC(=O)N[C@@H](CO)C(=O)NCC(=O)N[C@@H](CC1=CC=C(C=C1)O)C(=O)OC)NC(=O)[C@H](CC2=CC=C(C=C2)O)N
5035,
5036,[Gd+3].CC([O-])=O.CC([O-])=O.CCC1=C(CC)/C2=C/C3=N/C(=C\N=C4/C=C(OCCOCCOCCOC)C(OCCOCCOCCOC)=C/C/4=N\C=C4/N=C(/C=C\1\[N-]\2)C(CCCO)=C4C)/C(C)=C3CCCO
5037,
5038,
5039,NC(=O)N(O)CCC#C[C@@H]1CC[C@@H](COC2=CC=C(F)C=C2)O1
5040,
5041,CC[C@H](C)[C@@H](C(=O)N[C@@H](C)C(=O)N[C@@H](CC1=CNC2=CC=CC=C21)C(=O)N[C@@H](CC(C)C)C(=O)N[C@@H](C(C)C)C(=O)N[C@@H](CCCCN)C(=O)NCC(=O)N[C@@H](CCCNC(=N)N)C(=O)N)NC(=O)[C@H](CC3=CC=CC=C3)NC(=O)[C@H](CCC(=O)O)NC(=O)[C@H](CCCCN)NC(=O)[C@H](C)NC(=O)[C@H](C)NC(=O)[C@H](CCC(=O)N)NC(=O)CNC(=O)[C@H](CCC(=O)O)NC(=O)[C@H](CC(C)C)NC(=O)[C@H](CC4=CC=C(C=C4)O)NC(=O)[C@H](CO)NC(=O)[C@H](CO)NC(=O)[C@H](C(C)C)NC(=O)[C@H](CC(=O)O)NC(=O)[C@H](CO)NC(=O)[C@H]([C@@H](C)O)NC(=O)[C@H](CC5=CC=CC=C5)NC(=O)[C@H]([C@@H](C)O)NC(=O)CNC(=O)[C@H](CCC(=O)O)NC(=O)[C@H](C)NC(=O)[C@H](CC6=CN=CN6)N
5042,CCC[C@H](NC(=O)[C@@H](NC(=O)[C@H](NC(=O)[C@@H](NC(=O)CNC(=O)CN(C)C(C)=O)C(C)C)[C@@H](C)CC)[C@@H](C)O)C(=O)N[C@@H]([C@@H](C)CC)C(=O)N[C@@H](CCCN=C(N)N)C(=O)N1CCC[C@H]1C(=O)NCC
5043,
5044,
5045,
5046,
5047,
5048,[H][C@@]12CC[C@](OC(=O)C(Cl)Cl)(C(=O)OCC)[C@@]1(C)C[C@H](O)[C@@]1([H])[C@@]2([H])CCC2=CC(=O)C=C[C@]12C
5049,
5050,C(C1CONC(=N1)C1=CN=CC=C1)N1CCCCC1
5051,
5052,NC(CCC(=O)NC(CSCO)C(=O)NCC(O)=O)C(O)=O
5053,
5054,CCC(C)SSC1=NC=CN1
5055,
5056,[H][C@]12C[C@@]3([H])[C@]4([H])CC[C@]5([H])C[C@@H](O)CC[C@]5(C)[C@@]4([H])CC[C@]3(C)[C@@]1([H])[C@H](C)[C@@]1(CC[C@@H](C)CO1)O2
5057,
5058,
5059,FC(F)(F)C1=CC(=CC=C1)C1=CCN(CCC2=CC=C(C=C2)C2=CC=CC=C2)CC1
5060,
5061,CCCCCCCCCCCCCCCC(=O)OC(COC(=O)CCCCCCC\C=C/CCCCCCCC)COP([O-])(=O)OCC[N+](C)(C)C
5062,
5063,CC1=C(OC[C@@H]2CCCN2)C=CC=N1
5064,
5065,CCOC(=O)[C@@H](N)CCC(=O)N[C@@H](CSCC1=CC=CC=C1)C(=O)N[C@@H](C(=O)OCC)C1=CC=CC=C1
5066,O.Cl.CCC(=O)NC1=C(C)C=C(C=C1C)C(=O)N1CCC(CC1)N(C)CCC1=CC=CC=C1
5067,CCC(C(C1=CC=CC=C1)C1=CC=C(OCCN(C)C)C=C1)C1=CC=CC=C1
5068,
5069,
5070,COC1=C(OCCCN2CCCCC2)C=C2N=CN=C(N3CCN(CC3)C(=O)NC3=CC=C(OC(C)C)C=C3)C2=C1
5071,
5072,CC1(C)CCC(C)(C)C2=C1C=C(CN1C=CC=N1)C(\C=C\C1=CC=C(C=C1)C(O)=O)=C2
5073,CCN(CC)CCOC(=O)C(CC1=CC=C(C=C1)NC(=O)C2=C(C=CC=C2Cl)Cl)NC(=O)C3=C(C=CC=C3Cl)C.Cl
5074,
5075,NC(=O)N(C1=CC=C(C(N)=O)C(=N1)C1=CC=C(F)C=C1F)C1=C(F)C=CC=C1F
5076,
5077,
5078,
5079,CCCCC(CC)CC(CC)COCCN(C)CCOCC(CC)CC(CC)CCCC
5080,N[C@H](CCC(=O)N[C@@H](CC1=CNC2=CC=CC=C12)C(O)=O)C(O)=O
5081,Cl.CCOC(=O)N1CCN(CC1)C(=O)[C@H](CC1=CC=CC(=C1)C(N)=N)NS(=O)(=O)C1=C(C=C(C=C1C(C)C)C(C)C)C(C)C
5082,
5083,CS(O)(=O)=O.NC1=C2N=CN(CCOC[P@@]3(=O)OCC[C@H](O3)C3=CC(Cl)=CC=C3)C2=NC=N1
5084,CSCC[C@H](NC(=O)[C@H](CO)NC(=O)[C@H](CC1=CC=C(O)C=C1)NC(=O)[C@H](CO)NC(C)=O)C(=O)N[C@@H](CCC(O)=O)C(=O)NC(CC1=CN=CN1)C(=O)N[C@@H](CC1=CC=CC=C1)C(=O)N[C@@H](CCCNC(N)=N)C(=O)N[C@@H](CC1=CNC2=CC=CC=C12)C(=O)NCC(=O)N[C@@H](CCCCN)C(=O)N1CCC[C@H]1C(=O)N[C@@H](C(C)C)C(N)=O
5085,CC(=O)[C@H]1CC[C@@H]2[C@@]1(CC[C@H]3[C@H]2CC[C@H](C3)CCO)C
5086,
5087,CCC1=C2C=C(O)C=CC2=NC2=C1CN1C2=CC2=C(COC(=O)[C@]2(O)CC)C1=O
5088,OC(=O)C1=CC=CC=N1
5089,
5090,
5091,CC1=CN(C(=O)NC1=O)C2CC(C(O2)COP(=S)([O-])OC3CC(OC3COP(=S)([O-])OC4CC(OC4COP(=S)([O-])OC5CC(OC5COP(=S)([O-])OC6CC(OC6COP(=S)([O-])OC7CC(OC7COP(=S)([O-])OC8CC(OC8COP(=S)([O-])OC9CC(OC9COP(=S)([O-])OC1CC(OC1COP(=S)([O-])OC1CC(OC1COP(=S)([O-])OC1C(OC(C1OCCOC)N1C=C(C(=NC1=O)N)C)COP(=S)([O-])OC1C(OC(C1OCCOC)N1C=NC2=C1N=C(NC2=O)N)COP(=S)([O-])OC1C(OC(C1OCCOC)N1C=NC2=C(N=CN=C21)N)COP(=S)([O-])OC1C(OC(C1OCCOC)N1C=C(C(=NC1=O)N)C)CO)N1C=NC2=C(N=CN=C21)N)N1C=NC2=C1N=C(NC2=O)N)N1C=CC(=NC1=O)N)N1C=NC2=C(N=CN=C21)N)N1C=NC2=C1N=C(NC2=O)N)N1C=NC2=C(N=CN=C21)N)N1C=NC2=C1N=C(NC2=O)N)N1C=C(C(=O)NC1=O)C)N1C=CC(=NC1=O)N)OP(=S)([O-])OCC1C(CC(O1)N1C=C(C(=O)NC1=O)C)OP(=S)([O-])OCC1C(CC(O1)N1C=CC(=NC1=O)N)OP(=S)([O-])OCC1C(CC(O1)N1C=NC2=C(N=CN=C21)N)OP(=S)([O-])OCC1C(C(C(O1)N1C=C(C(=O)NC1=O)C)OCCOC)OP(=S)([O-])OCC1C(C(C(O1)N1C=C(C(=NC1=O)N)C)OCCOC)OP(=S)([O-])OCC1C(C(C(O1)N1C=NC2=C(N=CN=C21)N)OCCOC)OP(=S)([O-])OCC1C(C(C(O1)N1C=C(C(=O)NC1=O)C)OCCOC)O.[Na+].[Na+].[Na+].[Na+].[Na+].[Na+].[Na+].[Na+].[Na+].[Na+].[Na+].[Na+].[Na+].[Na+].[Na+].[Na+].[Na+].[Na+].[Na+].[Na+]
5092,
5093,
5094,ClC1=CC=C(C(Cl)=C1)S(=O)(=O)NC1=CC(Cl)=C(OC2=CN=C3C=CC=CC3=C2)C(Cl)=C1
5095,CC(=O)N1CCC[C@H]1C(=O)N[C@@H](CC1=CN=CN1)C(=O)N[C@@H](CO)C(=O)N[C@@H](CS)C(=O)N[C@@H](CC(N)=O)C(N)=O
5096,CC1=CC(=C(NCCCN)C=C1)[N+]([O-])=O
5097,CC[C@H](C)[C@@H](C(=O)N[C@@H](CC(=O)O)C(=O)N[C@@H](CCC(=O)N)C(=O)N[C@@H](CCC(=O)N)C(=O)N[C@@H](C(C)C)C(=O)N[C@@H](CC(C)C)C(=O)N[C@@H](CO)C(=O)N[C@@H](CCCNC(=N)N)C(=O)N[C@@H]([C@@H](C)CC)C(=O)N[C@@H](CCCCN)C(=O)N[C@@H](CC(C)C)C(=O)N[C@@H](CCC(=O)O)C(=O)N[C@@H]([C@@H](C)CC)C(=O)N[C@@H](CCCCN)C(=O)N[C@@H](CCCNC(=N)N)C(=O)N[C@@H](CS)C(=O)N[C@@H](CC(C)C)C(=O)O)N
5098,CCCCCCCC\C=C\CCCCCCCC(=O)OC[C@H]1O[C@H]([C@@H](O)[C@@H]1O)N1C=CC(N)=NC1=O
5099,COC1=CC=C(C=C1)C(=O)NC1=CC=C(C=C1)S(=O)(=O)NC(CC#CCN1CCOCC1)C(O)=O
5100,
5101,C[C@](O)(C(=O)NC1=CC=CC2=C1C(=O)C1=C(CS2(=O)=O)C=CS1)C(F)(F)F
5102,
5103,
5104,NCCCCN(CC1=NC2=CC=CC=C2N1)[C@H]1CCCC2=C1N=CC=C2
5105,
5106,C1=CC(=CN=C1)CNC2=C(C(=O)NN=C2OCCCC3=CC=C(C=C3)Cl)Br.Cl
5107,
5108,
5109,
5110,CNC(=O)[C@H]1O[C@H]([C@H](O)[C@@H]1O)N1C=NC2=C(NCC3=CC(I)=CC=C3)N=CN=C12
5111,
5112,CCCC1(CCC)CCC2(CCN(CCCN(CC)CC)C2)CC1
5113,CC[C@H](C)CC(F)(F)[C@@]1(O)CC[C@H]2[C@@H](CC(=O)[C@@H]2CCCCCCC(O)=O)O1
5114,
5115,[H][C@@](C)(NP(=O)(N[C@@]([H])(C)C(=O)OCC)C1=CC=C(O1)C1=C(CC(C)C)SC(N)=N1)C(=O)OCC
5116,CC[C@H](C)OC(=O)CC1=C(C(=O)C2=CC(I)=C(OCCN(CC)CC)C(I)=C2)C2=C(O1)C=CC=C2
5117,[H][C@@]12CC3=C(C=CC(=O)N3)[C@](CC(C)=C1)(\N=C\C1=CC(Cl)=CC(OC)=C1O)\C2=C\C
5118,[H][C@@]12CCC[C@]1([H])[C@H](N(C2)C(=O)[C@@H](NC(=O)[C@@H](NC(=O)C1=NC=CN=C1)C1CCCCC1)C(C)(C)C)C(=O)N[C@@H](CCC)C(=O)C(=O)NC1CC1
5119,CCOC1=CC2=C(C=C1NC(=O)\C=C\CN(C)C)C(NC1=CC(Cl)=C(F)C=C1)=C(C=N2)C#N
5120,
5121,CC1=CN(C(=NC1=N)O)C2CC(C(O2)COP(=S)(O)OC3CC(OC3COP(=S)(O)OC4CC(OC4COP(=S)(O)OC5CC(OC5COP(=S)(O)OC6C(OC(C6OCCOC)N7C=C(C(=N)N=C7O)C)COP(=S)(O)OC8C(OC(C8OCCOC)N9C=C(C(=NC9=O)O)C)COP(=S)(O)OC1C(OC(C1OCCOC)N1C=C(C(=N)N=C1O)C)COP(=S)(O)OC1C(OC(C1OCCOC)N1C=C(C(=N)N=C1O)C)COP(=S)(O)OC1C(OC(C1OCCOC)N1C=NC2=C1NC(=N)N=C2O)CO)N1C=NC2=C(N=CN=C21)N)N1C=NC2=C1NC(=N)N=C2O)N1C=C(C(=NC1=O)O)C)OP(=S)(O)OCC1C(CC(O1)N1C=C(C(=NC1=O)O)C)OP(=S)(O)OCC1C(CC(O1)N1C=NC2=C1NC(=N)N=C2O)OP(=S)(O)OCC1C(CC(O1)N1C=C(C(=N)N=C1O)C)OP(=S)(O)OCC1C(CC(O1)N1C=C(C(=NC1=O)O)C)OP(=S)(O)OCC1C(CC(O1)N1C=C(C(=NC1=O)O)C)OP(=S)(O)OCC1C(CC(O1)N1C=C(C(=N)N=C1O)C)OP(=S)(O)OCC1C(C(C(O1)N1C=NC2=C1NC(=N)N=C2O)OCCOC)OP(=S)(O)OCC1C(C(C(O1)N1C=C(C(=N)N=C1O)C)OCCOC)OP(=S)(O)OCC1C(C(C(O1)N1C=NC2=C(N=CN=C21)N)OCCOC)OP(=S)(O)OCC1C(C(C(O1)N1C=C(C(=N)N=C1O)C)OCCOC)OP(=S)(O)OCC1C(C(C(O1)N1C=C(C(=N)N=C1O)C)OCCOC)O
5122,
5123,CCCCCCCC(N1CCCC1)C(=O)C1=CC=CC=C1
5124,COC1=C2C(NC=C2C(=O)C(=O)N2CCN(CC2)C(=O)C2=CC=CC=C2)=C(OC)N=C1
5125,
5126,N[C@@H](CN(O)N=O)C(O)=O
5127,CCC[C@H]1CN([C@@H](CC)C(N)=O)C(=O)C1
5128,CO[C@H]1CN(CCCCCC(=O)O[C@H]2CN3CCC2CC3)CC[C@H]1NC(=O)C1=C(OC)C=C(N)C(Cl)=C1
5129,
5130,CS(O)(=O)=O.O=C1NC2=C(CC3=C2C=CC(=C3)S(=O)(=O)NCCCN2CCOCC2)C2=CC=CC=C12
5131,
5132,NC1=NC(N)=C2N=C(C3=CC=CC(O)=C3)C(=NC2=N1)C1=CC(O)=CC=C1
5133,[H][C@]12O[C@@H](O[C@@]1([H])[C@@H](O[C@@H]2COP(O)(O)=O)N1C=NC2=C1N=CN=C2NC(=O)NCC)\C=C\C1=CC=CC=C1
5134,
5135,
5136,
5137,CC(=O)NC1=CC=CC(=C1)N1CCN(CCCCNS(=O)(=O)CC2CCCCC2)CC1
5138,CN(C)CC1=CC=C2C(Cl)=CC(Cl)=C(O)C2=N1
5139,CC1(C)CNC2=CC(NC(=O)C3=C(NCC4=CC=NC=C4)N=CC=C3)=CC=C12
5140,CC1=C2CCN[C@@H](C2=C(C=C1)C)C3=CC(=CC(=C3)O)[N+](=O)[O-]
5141,
5142,
5143,COC1=CC=C(C=C1)N(C)C1=NC(C)=NC2=C1C=CC=C2
5144,[H]N([C@@H]1CN2CCC1CC2)C(=O)C1=NN([H])C2=CC=CC=C12
5145,CN(C)C(=O)COC1=CC=C2CC[C@@H](CC2=C1)NC[C@H](O)C1=CC=C(O)C(CCO)=C1
5146,CN(C)CC1CCOC1(C1=CC=CC=C1)C1=CC=CC=C1
5147,COC(=O)CCOCCCCI
5148,CC1=C2CCN[C@@H](C2=C(C=C1)C)C3=C(C=CC(=C3F)F)F
5149,CC(C)N1C2=C(C=CS2)C(O)=C(C(=O)NCCCN2CCCCC2)C1=O
5150,
5151,CC1=CN(C(=O)NC1=O)C2CC(C(O2)COP(=S)(O)OC3CC(OC3COP(=S)(O)OC4CC(OC4COP(=S)(O)OC5CC(OC5COP(=S)(O)OC6CC(OC6COP(=S)(O)OC7CC(OC7COP(=S)(O)OC8CC(OC8COP(=S)(O)OC9CC(OC9COP(=S)(O)OC1C2C(OC1(CO2)COP(=S)(O)OC1C2C(OC1(CO2)CO)N1C=C(C(=NC1=O)N)C)N1C=C(C(=O)NC1=O)C)N1C=CC(=NC1=O)N)N1C=CC(=NC1=O)N)N1C=CC(=NC1=O)N)N1C=NC2=C(N=CN=C21)N)N1C=NC2=C(N=CN=C21)N)N1C=CC(=NC1=O)N)N1C=NC2=C1N=C(NC2=O)N)OP(=S)(O)OCC1C(CC(O1)N1C=NC2=C1N=C(NC2=O)N)OP(=S)(O)OCC1C(CC(O1)N1C=CC(=NC1=O)N)OP(=S)(O)OCC1C(CC(O1)N1C=NC2=C1N=C(NC2=O)N)OP(=S)(O)OCC12COC(C1OP(=S)(O)OCC13COC(C1OP(=S)(O)OCC1C(CC(O1)N1C=NC4=C(N=CN=C41)N)O)C(O3)N1C=C(C(=NC1=O)N)C)C(O2)N1C=C(C(=NC1=O)N)C
5152,OC(=O)\C=C\C(O)=O.FC1=C(C=C(CN2CCC(CC2)NC2=C3C=C(Cl)SC3=NC=N2)C=C1)C#N
5153,CN1C=C(C2=CC=CC=C12)C1=C(C(=O)NC1=O)C1=CN(C)C2=CC(=CC=C12)[N+]([O-])=O
5154,CC1=CC=CC(\C=N\NC2=CC(=NC(OCCC3=CC=CC=N3)=N2)N2CCOCC2)=C1
5155,NC1=NC2=CC=C(CCC3=CC=C(C=C3)C(=O)NC(CC(=C)C(O)=O)C(O)=O)C=C2C(N)=N1
5156,
5157,CC(C)C[C@H](NC(=O)[C@@H](CCCCNC(N)=O)NC(=O)[C@H](CC1=CC=C(O)C=C1)NC(=O)[C@H](CO)NC(=O)[C@@H](CC1=CC=CN=C1)NC(=O)[C@@H](CC1=CC=C(Cl)C=C1)NC(=O)[C@@H](CC1=CC2=C(C=CC=C2)C=C1)NC(C)=O)C(=O)N[C@@H](CCCCNC(C)C)C(=O)N1CCC[C@H]1C(=O)N[C@H](C)C(N)=O
5158,CC(C)C[C@H](NC(=O)[C@H](CO)NC(=O)[C@@H](NC(=O)CNC(=O)[C@@H](N)CCCCN)C(C)C)C(=O)N[C@@H](CO)C(=O)N[C@@H](CC1=CC=C(O)C=C1)C(=O)N[C@@H](CCCNC(N)=N)C(=O)NCCCC[C@H](NC(=O)[C@H](CCCNC(N)=N)NC(=O)[C@H](CC1=CC=C(O)C=C1)NC(=O)[C@H](CO)NC(=O)[C@H](CC(C)C)NC(=O)[C@H](CO)NC(=O)[C@@H](NC(=O)CNC(=O)[C@@H](N)CCCCN)C(C)C)C(N)=O
5159,CO[C@H]1C[C@H](C)CC2=C(NCC=C)C(O)=CC(NC(=O)\C(C)=C\C=C/[C@H](OC)[C@@H](OC(N)=O)\C(C)=C\[C@H](C)[C@H]1O)=C2O
5160,O.O.O.O.O.O.O.O.O.[Na+].[Na+].[Na+].[H][C@@]1(O[Sb]2(O)(O[Sb]34([O-])O[C@@H](C([O-])=O)[C@@]([H])(O3)[C@]([H])(O4)[C@H](O)CO)O[C@@H](C([O-])=O)[C@@]1([H])O2)[C@H](O)CO
5161,CC1(C)CN[Se]C2=CC=CC=C12
5162,[H]N([H])CC(=O)N1CCC[C@H]1C(=O)N([H])[C@@H](CCC(O)=O)C(O)=O
5163,
5164,O.Cl.CC1=CC2=C(N=C(N=C2S1)N1CCNCC1)C1=CC=CC=C1F
5165,
5166,CCCCCCCOC(=O)NC1=NC(=O)N(CN1)[C@H]1C[C@H](O)[C@@H](CO)O1
5167,CC(C)C[C@H](NC(=O)[C@@H](NC(=O)CNC(=O)CN)C(C)C)C(=O)N[C@@H](C(C)C)C(=O)N[C@@H](CCC(N)=O)C(=O)N1CCC[C@H]1C(=O)NCC(O)=O
5168,
5169,CC1(C)CC(CC(C)(C)N1O)OC(=O)C1CC1
5170,
5171,CC1(C)CCC(C)(C)C2=C1C=C(C(=O)NC1=CC(F)=C(C(O)=O)C(F)=C1)C(O)=C2Cl
5172,
5173,[H][C@]12SC(=C(N1C(=O)[C@]2([H])[C@@H](C)O)C(=O)OCC1=C(C)OC(=O)O1)[C@@]1([H])CCCO1
5174,CC(C)C[C@@H](NC(=O)[C@@H](CC1=CC=CC=C1)NC(=O)[C@H]1CCCN1C(=O)[C@@H](CCC(N)=O)NC(=O)[C@H](NC(=O)[C@H]1CCCN1C(=O)[C@@H](CCCNC(N)=N)NC(=O)[C@@H](CO)NC(=O)[C@@H](CCC(N)=O)NC(=O)[C@H](N)CC(O)=O)C(C)C)C(=O)N[C@H](CC(N)=O)C(=O)N[C@H](CC(C)C)C(=O)N[C@H]([C@H](C)O)C(=O)N[C@H]([C@H](C)O)C(=O)N1CCC[C@@H]1C(=O)N[C@H](CCCNC(N)=N)C(=O)N[C@H](CCCCN)C(=O)N1CCC[C@@H]1C(=O)N[C@H](CCCNC(N)=N)C(=O)N1CCC[C@@H]1C(=O)N1CCC[C@@H]1C(=O)N[C@H](CCCNC(N)=N)C(=O)N[C@H](CCCNC(N)=N)C(=O)N[C@H](CCCNC(N)=N)C(=O)N[C@H](CCC(N)=O)C(=O)N[C@H](CCCNC(N)=N)C(=O)N[C@H](CCCNC(N)=N)C(=O)N[C@H](CCCCN)C(=O)N[C@H](CCCCN)C(=O)N[C@H](CCCNC(N)=N)C(=O)NCC(O)=O
5175,
5176,CC(=O)N1CCN(CC1)C1=CC=C(OC[C@@H]2CO[C@](CN3C=CN=C3)(O2)C2=CC=C(Cl)C=C2Cl)C=C1
5177,OP(=O)(NCCCl)NCCCl
5178,
5179,B(C1=CC2=C(CC2)C=C1)(O)O
5180,
5181,CCOC1=CC(=CC=C1OC)[C@@H](CS(C)(=O)=O)N1C(=O)C2=CC=CC(NC(C)=O)=C2C1=O
5182,COC1=CC=CC(C(=O)NC2=CC3=C(CN(CC3)C(=O)OC3=CC=CC=C3)C=C2)=C1C1=CC=C(C=C1)C(F)(F)F
5183,C#CCNCC1=CC=CN1
5184,CC(C)CN1C(C)=NC2=C1C1=NC=CC=C1N=C2N
5185,CC(CCCCCCCCCCCCC1=CC=C([123I])C=C1)CC(O)=O
5186,
5187,OC1=CC=C(C=C1)C(=NNC1=CC=C(C=C1[N+]([O-])=O)[N+]([O-])=O)C1=CC=C(O)C=C1
5188,C1CN(CCN1CCCN2C3=CC=CC=C3SC4=C2C=C(C=C4)Cl)CCO.C(CC(=O)[O-])CN
5189,
5190,CC(C)(CC1=CC=C2C=CC=CC2=C1)NC[C@@H](O)COC1=CC=CC(Cl)=C1C#N
5191,
5192,
5193,COC1=C2C(=O)C3=C(O)C4=C(C[C@@](O)(CCO)C[C@@H]4O[C@H]4C[C@H](N)[C@H](O)[C@H](C)O4)C(O)=C3C(=O)C2=CC=C1
5194,[H]\C(=C1\CCCN=C1C1=CN=CC=C1)C1=C(OC)C=C(OC)C=C1
5195,COC1=CC(C[C@@H]2C3=CC(OC)=C(OC)C=C3CC[N@@+]2(C)CCCOC(=O)C(\Cl)=C\C(=O)OCCC[N@@+]2(C)CCC3=CC(OC)=C(OC)C=C3[C@@H]2C2=CC(OC)=C(OC)C(OC)=C2)=CC(OC)=C1OC
5196,
5197,CN1CCC(CC1)N1CCN(CC1)C(=O)[C@H](NC(=O)C1=CC=C2C=CNC2=C1)C1=CC=CC=C1
5198,COCCC[C@H](NC(=O)[C@@H]1CCCN1C(=O)[C@@H](CC1=CC=CC=C1)NC(=O)OCC1=CC=CC=C1)B(O)O
5199,
5200,CN(NC(=O)CC(=O)NN(C)C(=S)C1=CC=CC=C1)C(=S)C1=CC=CC=C1
5201,CN(C)CC1=NC(=NO1)C1=C2CN(C)C(=O)C3=C(C=CC=C3Cl)N2C=N1
5202,Cl.Cl.Cl.Cl.CCNCCCNC\C=C/CNCCCNCC
5203,
5204,CC[C@H](C)[C@@H]1NC(=O)[C@H](CCC(O)=O)NC(=O)[C@@H]2CCCN2C(=O)[C@H](CC2=CNC=N2)NC(=O)[C@H](CC(O)=O)NC(=O)[C@H](CC2=CC=C(O)C=C2)NC(=O)[C@H](CC(N)=O)NC(=O)[C@@H]2CSSC[C@H](NC(=O)CN)C(=O)N[C@@H](CSSC[C@H](NC1=O)C(N)=O)C(=O)N[C@@H](CO)C(=O)N[C@@H](CC(O)=O)C(=O)N1CCC[C@H]1C(=O)N[C@@H](CCCNC(N)=N)C(=O)N2
5205,
5206,[Sr++].[O-]C(=O)CC([O-])=O
5207,[H][C@]12SCC(C[N+]3=CC=CC=C3)=C(N1C(=O)[C@H]2NC(=O)C(=N/OCCCNC(=O)[C@H]1NC(=O)[C@H]2NC(=O)[C@H](NC(=O)[C@@H]3NC(=O)[C@H](CC(N)=O)NC(=O)[C@H](NC(=O)[C@@H](CC(C)C)NC)[C@H](O)C4=CC=C(OC5=C(O[C@@H]6O[C@H](CO)[C@@H](O)[C@H](O)[C@@]6([H])O[C@H]6C[C@](C)(N)[C@H](O)[C@H](C)O6)C(OC6=C(Cl)C=C(C=C6)[C@H]2O)=CC3=C5)C(Cl)=C4)C2=CC(=C(O)C=C2)C2=C1C=C(O)C=C2O)\C1=C(Cl)SC(N)=N1)C([O-])=O
5208,
5209,CCC1=C(C(=O)C(N)=O)C2=C(OCC(=O)OC)C=CC=C2N1CC1=CC=CC=C1
5210,NC(=O)C1=CN=C2N1CCC1=C(C=CC=C1)C21CCNCC1
5211,
5212,
5213,
5214,
5215,
5216,
5217,
5218,
5219,
5220,
5221,
5222,
5223,
5224,
5225,
5226,
5227,
5228,
5229,ClC1=CC=C2NC3=C(C=CC=C3)C(=NC2=C1)N1CCNCC1
5230,[H][C@]12CCC(=C)[C@@H](C\C=C3/[C@H](O)COC3=O)[C@]1(C)CC[C@@H](O)[C@@]2(C)CO
5231,
5232,
5233,
5234,CN(C)CCNC(=O)CN1C2=CC=C(Cl)C=C2C2=C1N=C1C=C(C)C(C)=CC1=N2
5235,CN(CC1=CC=CC=C1)C(=O)CCCCOC2=CC3=C(C=C2)N=C4NC(=O)CN4C3
5236,
5237,
5238,
5239,
5240,N[C@@H](CCC(O)=O)C(=O)N[C@@H](CC1=CNC2=C1C=CC=C2)C(O)=O
5241,[H][C@@]12CC[C@H]([C@H](C)CCC(O)=O)[C@@]1(C)[C@@H](O)C[C@@]1([H])[C@@]2([H])CC[C@]2([H])C[C@H](O)CC[C@]12C
5242,C\C(\C=C\C=C(/C)C1=CC(=CC(=C1)C(C)(C)C)C(C)(C)C)=C/C(O)=O
5243,CC1=C(CO)C2=C(C)C3(CC3)[C@@](C)(O)C(=O)C2=C1
5244,
5245,
5246,[Cl-].CC(C)OC1=CC=CC(CC(=O)N2CCC[C@](CC[N+]34CCC(CC3)(CC4)C3=CC=CC=C3)(C2)C2=CC(Cl)=C(Cl)C=C2)=C1
5247,FC(F)(F)C(F)(F)C(F)(F)C(F)(F)C(F)(F)C(F)(F)C(F)(F)C(F)(F)Br
5248,Cl.CCN(C\C=C/C1=CC(Cl)=C(C=C1)C1CCCCC1)C1CCCCC1
5249,
5250,
5251,CCOC(=O)[C@H](CCC1=CC=CC=C1)CC1(CCCC1)C(=O)N[C@H]1CCC2=CC=CC=C2N(CC(O)=O)C1=O
5252,
5253,
5254,
5255,NCCC(=O)NCCSSCCNC(=O)CCN
5256,
5257,CC1=CN(C(=O)NC1=O)C2CC(C(O2)COP(=S)(O)OC3CC(OC3COP(=S)(O)OC4CC(OC4COP(=S)(O)OC5CC(OC5COP(=S)(O)OC6CC(OC6COP(=S)(O)OC7CC(OC7COP(=S)(O)OC8CC(OC8COP(=S)(O)OC9CC(OC9COP(=S)(O)OC1CC(OC1COP(=S)(O)OC1CC(OC1COP(=S)(O)OC1CC(OC1COP(=S)(O)OC1CC(OC1COP(=S)(O)OC1CC(OC1COP(=S)(O)OC1CC(OC1COP(=S)(O)OC1CC(OC1COP(=S)(O)OC1CC(OC1COP(=S)(O)OC1CC(OC1COP(=O)(OC1CC(OC1COP(=S)(O)OC1CC(OC1COP(=S)(O)OC1CC(OC1CO)N1C=NC2=C1N=C(NC2=O)N)N1C=C(C(=O)NC1=O)C)N1C=NC2=C1N=C(NC2=O)N)S)N1C=C(C(=NC1=O)N)C)N1C=C(C(=O)NC1=O)C)N1C=C(C(=NC1=O)N)C)N1C=NC2=C(N=CN=C21)N)N1C=C(C(=O)NC1=O)C)N1C=NC2=C1N=C(NC2=O)N)N1C=NC2=C1N=C(NC2=O)N)N1C=C(C(=O)NC1=O)C)N1C=NC2=C1N=C(NC2=O)N)N1C=C(C(=NC1=O)N)C)N1C=NC2=C(N=CN=C21)N)N1C=C(C(=NC1=O)N)C)N1C=NC2=C1N=C(NC2=O)N)N1C=NC2=C1N=C(NC2=O)N)N1C=C(C(=O)NC1=O)C)N1C=C(C(=NC1=O)N)C)O
5258,[H][C@@]12CCC(=O)[C@@]1(C)CC[C@@]1([H])[C@@]2([H])CC=C2C[C@H](CC[C@]12C)OS(O)(=O)=O
5259,COC[C@H]1[C@H]2CC[C@@H](C[C@@H]1C1=CC(Cl)=C(Cl)C=C1)N2C
5260,CC[C@@]1(O)C(=O)OCC2=C1C=C1N(CC3=C(CC[Si](C)(C)C)C4=CC=CC=C4N=C13)C2=O
5261,
5262,OP(O)(=O)OCC1OC(OC2C(OS(O)(=O)=O)C(COS(O)(=O)=O)OC(OC3C(OS(O)(=O)=O)OC(COS(O)(=O)=O)C(OS(O)(=O)=O)C3OS(O)(=O)=O)C2OS(O)(=O)=O)C(OS(O)(=O)=O)C(OS(O)(=O)=O)C1OS(O)(=O)=O
5263,
5264,
5265,
5266,[H][C@@]12CC=C(C3=CC=CN=C3)[C@@]1(C)CC[C@@]1([H])[C@@]2([H])CC=C2C[C@@H](O)CC[C@]12C
5267,CCC(C)(C)C(=O)C(=O)N1CCC[C@H]1C(O)=O
5268,CC(C)CC(C(=O)N1CCCC1C(=O)NCC(=O)N)NC(=O)C(CC2=CNC3=CC=CC=C32)NC(=O)CNC(=O)C(CC4=CC=C(C=C4)O)NC(=O)C(CO)NC(=O)C(CC5=CNC6=CC=CC=C65)NC(=O)C(CC7=CN=CN7)NC(=O)C8CCC(=O)N8
5269,CNC(=O)N(N(CCCl)S(C)(=O)=O)S(C)(=O)=O
5270,
5271,
5272,CCCCCCCCOCCOC(=O)CN(CC(=O)O)C1=CC=CC=C1OCCOC2=CC=CC=C2N(CC(=O)O)CC(=O)OCCOCCCCCCCC
5273,
5274,CSC1=CC(\N=C(/N)N(C)C2=CC(SC)=CC=C2)=C(Cl)C=C1
5275,
5276,
5277,
5278,
5279,
5280,[H][C@@]12CC[C@H](O)[C@@]1(C)CC[C@]1([H])[C@@]3([H])CCC(=O)C=C3C[C@@H](C)[C@@]21[H]
5281,
5282,CN[C@H](CC(C)C)C(=O)N[C@H](C(C)C)C(=O)N[C@H](CC1=CC=CC=C1)C(=O)N[C@H](CC1=CC=CC=C1)C(=O)N[C@H](CC(C)C)C(N)=O
5283,
5284,FC(F)(F)C1=CC(=CC(NC(=O)NC2=C(C=CC(Br)=C2)C2=NNN=N2)=C1)C(F)(F)F
5285,
5286,Cl.NC1=NC(=S)N(C=C1)[C@]1(O)O[C@H](CO)[C@@H](O)[C@@H]1O
5287,CC(C)NC(=O)C[C@H]1CCCN(C(=O)C2=C(Cl)C=C(C=C2)N2CCCC2)C2=CC=CC=C12
5288,
5289,CC(C)(C)C1=CC(=CC(=C1O)C(C)(C)C)SC(C)(C)SC2=CC(=C(C(=C2)C(C)(C)C)OCCCC(=O)O)C(C)(C)C
5290,
5291,
5292,
5293,
5294,
5295,
5296,
5297,CCCC1=C(C=CC2=C1OC(CC2)C(=O)O)OCCCOC3=C(C(=C(C=C3)C(=O)C)OC)CCC
5298,
5299,COC1=CC(=CC(=C1)/C=C(\C2=CC=C(C=C2)OC3=CC=C(C=C3)CC4C(=O)NC(=O)S4)/C(=O)OC)OC
5300,CNCC\C=C\C1=CN=CC=C1
5301,
5302,
5303,
5304,
5305,
5306,COC1=CC=CC2=C1C(O)=C(C(=O)N(C)C1=CC=C(C=C1)C(F)(F)F)C(=O)N2C
5307,
5308,[H][C@@]1([C@H](OC)[C@@H](CC[C@]11CO1)OC(=O)N[C@H](C(C)C)C(N)=O)[C@@]1(C)O[C@@H]1CC=C(C)C
5309,
5310,
5311,
5312,COC1=CC2=C(C=C1)C(O[C@H]1CN3C(=O)[C@H](CCCCC\C=C/[C@]4([H])C[C@@]4(C(O)=O)NC(=O)[C@]3([H])C1)NC(=O)OC1CCCC1)=CC(=N2)C1=CSC(NC(C)C)=N1
5313,CCOC(=O)C(C)=O
5314,
5315,CC(C)=CCOC1=C(Cl)C=CC(NC(=S)C2=C(C)OC=C2)=C1
5316,
5317,[Cl-].[Cl-].[Cl-].[Cl-].[Cl-].[Mn+3].CCN1C=C[N+](CC)=C1\C1=C2/C=CC(=N2)\C(=C2/[N-]\C(\C=C2)=C(/C2=N/C(/C=C2)=C(\C2=CC=C1[N-]2)C1=[N+](CC)C=CN1CC)C1=[N+](CC)C=CN1CC)\C1=[N+](CC)C=CN1CC
5318,CC(C)C[C@H](NC(=O)CN(C)C(=O)[C@H](CC1=CC=CC=C1)NC(=O)[C@H](CC1=CC=CC=C1)NC(=O)[C@H](CCC(N)=O)NC(=O)[C@H](CCC(N)=O)NC(=O)[C@@H]1CCCN1C(=O)[C@H](CCCCN)NC(=O)[C@@H]1CCCN1C(=O)[C@@H](N)CCCNC(N)=N)C(=O)N[C@@H](CCS(C)(=O)=O)C(N)=O
5319,
5320,
5321,
5322,
5323,
5324,CNC(=O)C1=C(OC2=CC(NS(C)(=O)=O)=C(OC(C)C)C=C12)C1=CC=C(F)C=C1
5325,CC[C@H](N1C[C@@H](CC1=O)C=C(F)F)C(N)=O
5326,
5327,CC1CCC2CC(/C(=C\C=C\C=C\C(CC(C(=O)C(C(C(=CC(C(=O)CC(OC(=O)C3CCCCN3C(=O)C(=O)[C@]1(O2)O)C(C)CC4CCC(C(C4)OC)O)C)C)OC(=O)CN(C)C)OC)C)C)/C)OC.CS(=O)(=O)O
5328,
5329,
5330,
5331,
5332,
5333,
5334,
5335,
5336,
5337,
5338,C[C@H]1\C=C\C\C(C)=C/C[C@H](OC(=O)C[C@H](O)C(C)(C)C(=O)[C@H](C)[C@H]1O)C(\C)=C\C1=CSC(C)=N1
5339,
5340,CC(C)N1N=C(C(=O)N[C@@H]2C[C@@H]3CC[C@H](C2)N3CCN2CCN(CC2)C(C)=O)C2=CC=CC=C12
5341,
5342,
5343,
5344,FC(F)(F)OC1=CC=C(NC(=O)C2=C(NCC3=CC=NC4=CC=CC=C34)C=CS2)C=C1
5345,
5346,
5347,
5348,
5349,
5350,
5351,CN1CCN(CC1)C1=CC=C2N=C(NC2=C1)C1=C(N)C2=C(NC1=O)C=CC=C2F
5352,CCCCCCCCCCCCNC(=O)[C@@H]1[C@H]([C@@H]([C@H]([C@@H](O1)O[C@H]2CC[C@]3(C([C@]2(C)C=O)CC[C@@]4(C3CC=C5[C@]4(C[C@H]([C@@]6(C5CC(CC6)(C)C)C(=O)O[C@H]7[C@@H]([C@H]([C@H]([C@H](O7)C)O)O)O[C@H]8[C@@H]([C@@H]([C@H]([C@@H](O8)C)O[C@H]9[C@@H]([C@H]([C@@H](CO9)O)O[C@H]1[C@@H]([C@](CO1)(CO)O)O)O)O)O)O)C)C)C)O[C@H]1[C@@H]([C@H]([C@H]([C@H](O1)CO)O)O)O)O[C@H]1[C@@H]([C@H]([C@@H](CO1)O)O)O)O
5353,
5354,COCCNC(=O)OCC(COC(=O)NCCOC)OCCCC(=O)NCCNC(=O)CCN1C(=O)CC(C1=O)SC[C@@H](C(=O)O)N
5355,COC(=O)NC1=NC2=C(N1)C=CC(SC1=CC=C(NC(=O)[C@H](C)N)C=C1)=C2
5356,
5357,CCCN1C(=O)N(CC)C2=C(NC(=N2)C2=CN(CC3=CC=CC(=C3)C(F)(F)F)N=C2)C1=O
5358,OC1CN(CCCOCCC2=CC3=C(SC=C3)C=C2)C1
5359,C1CC2=C(C1)C(=NN2)C1=NNN=N1
5360,
5361,
5362,[H][C@]1(CCCC=C1C(=O)OCC)S(=O)(=O)NC1=C(Cl)C=C(F)C=C1
5363,C[C@@H]1COC(NC2=CC=C3N=CN=C(NC4=CC=C(OCC5=NC=CS5)C(Cl)=C4)C3=C2)=N1
5364,
5365,
5366,Cl.Cl.CC1=NC=CN1CC1=CC(=CN=N1)C1=CC=C(F)C(=C1)C(F)F
5367,COC1=C(C=C2CC[C@H]3[C@@H]4CC=C[C@@]4(C)CC[C@@H]3C2=C1)C(N)=O
5368,COC(=O)N[C@@H](C(C1=CC=CC=C1)C1=CC=CC=C1)C(=O)NCCCC[C@@H](CO)N(CC(C)C)S(=O)(=O)C1=CC=C(N)C=C1
5369,[H][C@]12C[C@]1(CNC2)C1=CC(Cl)=C(Cl)C=C1
5370,OC(=O)CC(O)(CC(O)=O)C(O)=O.CCN(CC)CC1=CC=C(OCC[C@H]2CC[C@H]3[C@@H]4[C@H](C)CC5=C(C=CC(O)=C5)[C@H]4CC[C@]23C)C(OC)=C1
5371,
5372,CS(=O)(=O)OCCN(CCBr)C1=C(C=C(C=C1[N+]([O-])=O)[N+]([O-])=O)C(=O)NCCOP(O)(O)=O
5373,CC(C)(C)C1=CN=C(CSC2=CN=C(NC(=O)C3CCNCC3)S2)O1
5374,
5375,O[C@@H]1[C@@H](COS(O)(=O)=O)O[C@H]([C@@H]1O)N1C=NC2=C1N=CNC2=O
5376,C\C(\C=C\C=C(/C)C(O)=O)=C/C=C/C=C(\C)/C=C/C=C(\C)C(O)=O
5377,COC(=O)[C@]12CCC(C)(C)C[C@H]1[C@H]1C(=O)C=C3[C@@]4(C)C=C(C#N)C(=O)C(C)(C)[C@@H]4CC[C@@]3(C)[C@]1(C)CC2
5378,CN1C(NC2=CC=C(C=C2)C(F)(F)F)=NC2=CC(OC3=CC=NC(=C3)C3=NC=C(N3)C(F)(F)F)=CC=C12
5379,[H][C@@]1(CC[C@@]2([H])[C@]3([H])[C@H](O)[C@H](CC)[C@]4([H])C[C@H](O)CC[C@]4(C)[C@@]3([H])CC[C@]12C)[C@H](C)CCC(O)=O
5380,CC(C)(C)C1=C(\C=C2/NC(=O)\C(NC2=O)=C\C2=CC=CC=C2)N=CN1
5381,Cl.COC1=C(OC)C(=CC(Cl)=C1)C(C)NC1=CC(=CC=C1S(C)(=O)=O)N1CCNCC1
5382,
5383,
5384,[H][C@](C)(CC1(C2=NNN=N2)C2=CC=C(C=C2CCC2=CC(=CC=C12)C(=O)N(C)C)C(=O)N(C)C)NCC(=O)N1CCC[C@@]1([H])C#N
5385,COC1=C2C(=O)C3=C(O)C4=C(C[C@](O)(C[C@@H]4O[C@H]4C[C@H](N)[C@H](O)[C@H](C)O4)C(\CO)=N\NC(=O)CCCCCN4C(=O)C=CC4=O)C(O)=C3C(=O)C2=CC=C1
5386,CC1([C@@H](CC[C@@]12C(=O)NC(=O)N2)CC(=O)O)C
5387,CN(C)C(=O)N[C@H]1CC[C@H](CCN2CCN(CC2)C2=C(Cl)C(Cl)=CC=C2)CC1
5388,CC1=CC=C(C=C1)S(O)(=O)=O.CC1=CC=C(C=C1)S(O)(=O)=O.CN1CCN(CC1)C(C)(C)C#CC1=C(NC(=O)C=C)C=C2C(NC3=CC=C(F)C(Cl)=C3)=NC=NC2=C1
5389,
5390,
5391,CON(C)C(=O)N1N=C(S[C@@]1(CCCN)C1=CC=CC=C1)C1=CC(F)=CC=C1F
5392,
5393,COC(=O)[C@@H]1C2=CN=C(N=C2C3=C(O1)C=CC(=C3)Br)S(=O)(=O)C
5394,C[C@]1(CCCN1C(=O)CN)C(=O)N[C@@H](CCC(O)=O)C(O)=O
5395,
5396,
5397,
5398,CN1C(=O)C(C)=CC(C(=O)NOCCO)=C1NC1=CC=C(I)C=C1F
5399,
5400,
5401,
5402,CC1(C)CC2=C(C(=NN2C2=CC(N[C@H]3CC[C@@H](CC3)OC(=O)CN)=C(C=C2)C(N)=O)C(F)(F)F)C(=O)C1
5403,
5404,
5405,C[C@@]1(O)C[C@@H](C1)C1=NC(=C2N1C=CN=C2N)C1=CC=C2C=CC(=NC2=C1)C1=CC=CC=C1
5406,[H][C@]12CCN(CCCC(=O)C3=CC=C(F)C=C3)C[C@@]1([H])C1=CC=CC3=C1N2CCN3C
5407,CC1=CC(NC(=O)NC2=CC=C(C=C2)C2=C3C(N)=NNC3=CC=C2)=C(F)C=C1
5408,
5409,Cl.Cl.N[C@@H](CC1=CC=C(C=C1)[N+]([O-])(CCCl)CCCl)C(O)=O
5410,CC(C)C1=C(O)C=C(\C=C\C2=CC=CC=C2)C=C1O
5411,CC(C)CCCCCCC\C=C/CC(=O)N[C@@H](CC(N)=O)C(=O)N[C@H]1[C@H](C)NC(=O)[C@@H]2CCCN2C(=O)[C@@H](NC(=O)[C@H](NC(=O)CNC(=O)[C@H](CC(O)=O)NC(=O)CNC(=O)[C@H](CC(O)=O)NC(=O)[C@@H](NC(=O)[C@H]2CCCCN2C1=O)[C@H](C)C(O)=O)[C@@H](C)N)C(C)C
5412,
5413,[H][C@@]1(CC2=CC=CN=C2)N2CCC(CC2)[C@@]1([H])NC(=O)C1=CC2=C(O1)C=CC=C2
5414,CN1C(COP(=O)(NCCBr)NCCBr)=CN=C1[N+]([O-])=O
5415,
5416,CC1=CN(C(=NC1=N)O)C2CC(C(O2)COP(=S)(O)OC3CC(OC3COP(=S)(O)OC4CC(OC4COP(=S)(O)OC5CC(OC5COP(=S)(O)OC6CC(OC6COP(=S)(O)OC7CC(OC7COP(=S)(O)OC8CC(OC8COP(=S)(O)OC9CC(OC9COP(=S)(O)OC1CC(OC1COP(=S)(O)OC1CC(OC1COP(=S)(O)OC1C(OC(C1OCCOC)N1C=NC2=C(N=CN=C21)N)COP(=S)(O)OC1C(OC(C1OCCOC)N1C=NC2=C1NC(=N)N=C2O)COP(=S)(O)OC1C(OC(C1OCCOC)N1C=NC2=C1NC(=N)N=C2O)COP(=S)(O)OC1C(OC(C1OCCOC)N1C=NC2=C1NC(=N)N=C2O)CO)N1C=C(C(=N)N=C1O)C)N1C=NC2=C1NC(=N)N=C2O)N1C=C(C(=N)N=C1O)C)N1C=NC2=C1NC(=N)N=C2O)N1C=NC2=C1NC(=N)N=C2O)N1C=C(C(=N)N=C1O)C)N1C=NC2=C1NC(=N)N=C2O)N1C=C(C(=N)N=C1O)C)N1C=C(C(=NC1=O)O)C)OP(=S)(O)OCC1C(CC(O1)N1C=NC2=C1NC(=N)N=C2O)OP(=S)(O)OCC1C(CC(O1)N1C=NC2=C1NC(=N)N=C2O)OP(=S)(O)OCC1C(C(C(O1)N1C=C(C(=NC1=O)O)C)OCCOC)OP(=S)(O)OCC1C(C(C(O1)N1C=C(C(=N)N=C1O)C)OCCOC)OP(=S)(O)OCC1C(C(C(O1)N1C=NC2=C(N=CN=C21)N)OCCOC)OP(=S)(O)OCC1C(C(C(O1)N1C=C(C(=NC1=O)O)C)OCCOC)O
5417,CC(CCC(=O)O)(C1=CC(=C(C=C1)O)CN2CCOCC2)C3=CC(=C(C=C3)O)CN4CCOCC4
5418,C[C@@H](C1=CC=CN2C1=NC(=C2)C3=CC=C(C=C3)C[C@@H](CNC(=O)CN(C)C)NC(=O)C4=CC(=C(C=C4)OC(C)C)Cl)O
5419,
5420,
5421,CCC(CC#N)OC(=O)N[C@@H](C)C1=CC(=CC=C1)NC(=O)NC2=CC(=C(C=C2)C#N)OC
5422,O=C(CCN1C=NC2=C1NC=NC2=O)NCCCN1CCCC1=O
5423,C[NH+](C)CCOC1=CC=CC2=C1OCCO2.[Cl-]
5424,
5425,CC(C)NC(C)CC1=CC2=C(OCO2)C=C1
5426,
5427,CC(C)[C@](C)(O)\C=C\[C@@H](C)[C@H]1CC[C@H]2\C(CCC[C@]12C)=C\C=C1\C[C@@H](O)C[C@H](O)C1=C
5428,NC(=O)O[C@@H](CN1N=CN=N1)C1=C(Cl)C=CC=C1
5429,CCOC(OCC)[C@H](CCCNC(N)=N)NC(=O)[C@H](CC(C)C)NC(=O)CCC(=O)N[C@H](CC([O-])=O)C[N+](C)(C)C
5430,[H][C@@]1(F)CN(C(=O)CNC23CCC(CC2)(CC3)C(=O)OCC)[C@@]([H])(C1)C#N
5431,
5432,
5433,COC1=CC=C(\C=C\C(\O)=C\C(=O)\C=C\C2=CC(OC)=C(OC)C=C2)C=C1OC
5434,ClC1=CC=CC(NC(=O)NC2=NC=C(CCNC3=C4SC=CC4=NC=N3)S2)=C1
5435,O=C(CC1=CC=C(C=N1)C1=CC=C(OCCN2CCOCC2)C=C1)NCC1=CC=CC=C1
5436,
5437,COC1=CC=C2N(C=C(CN3CCN(C)CC3)C2=C1)S(=O)(=O)C1=CC=CC=C1Br
5438,FC1=CC=C(C=C1)N1C=C(C2CCN(CCN3CCNC3=O)CC2)C2=C1C=CC(Cl)=C2
5439,[H][C@@]1(CC[C@@H]([C@@H](C)O1)N(C)C)O[C@H]1\C=C\C=C\C[C@@H](C)OC(=O)C[C@@H](O)[C@H](OC)[C@@H](O[C@]2([H])O[C@H](C)[C@@H](O[C@@]3([H])C[C@@](C)(O)[C@@H](O)[C@H](C)O3)[C@@H]([C@H]2O)N(C)C)[C@@H](CC=O)C[C@H]1C
5440,NC1=CC=C(C=C1)S(=O)(=O)NC1=NC=CS1
5441,CN1CCN2C(C1)C1=CC=CC=C1CC1=CC=CC=C21
5442,CCCCCCCCCC(=O)N[C@@H]1[C@@H](O)[C@H](O)[C@@H](CO)O[C@H]1OC1=C2OC3=C(Cl)C=C(C=C3)[C@@H](O[C@@H]3O[C@H](CO)[C@@H](O)[C@H](O)[C@H]3NC(C)=O)[C@@H]3NC(=O)[C@H](NC(=O)[C@@H]4NC(=O)[C@H]5NC(=O)[C@@H](CC6=CC=C(OC1=CC4=C2)C(Cl)=C6)NC(=O)[C@H](N)C1=CC=C(O)C(OC2=CC(O)=CC5=C2)=C1)C1=CC=C(O)C(=C1)C1=C(C=C(O)C=C1OC1O[C@H](CO)[C@@H](O)[C@H](O)[C@@H]1O)[C@H](NC3=O)C(O)=O
5443,COC1=NC(OC)=NC(NS(=O)(=O)C2=CC=C(N)C=C2)=C1
5444,CC(=O)N[C@@H](CS)C(O)=O
5445,CC(CCC1=CC=CC=C1)NC(C)C(O)C1=CC=C(O)C=C1
5446,CN1CCC(CC1)=C1C2=C(CCC3=CC=CC=C13)SC=C2
5447,[O-][N+](=O)OCC(CO[N+]([O-])=O)(CO[N+]([O-])=O)CO[N+]([O-])=O
5448,CC1=C(N(N=C1C(=O)NN1CCCCC1)C1=C(Cl)C=C(Cl)C=C1)C1=CC=C(Cl)C=C1
5449,CCOC[C@H]1[C@H]2CC[C@@H](C[C@@H]1C1=CC(Cl)=C(Cl)C=C1)N2C
5450,[H][C@@]12CCC(=O)[C@@]1(C)CC[C@@]1([H])[C@@]2([H])CC(=O)[C@@]2([H])CC(CC[C@]12C)=NOCCN
5451,CC[C@@]1(O)C(=O)OCC2=C1C=C1N(CC3=C1N=C1C=CC=C(C1=C3)[N+]([O-])=O)C2=O
5452,C[C@H]1NCC2=CC(=CC=C12)C1=CC=C2C(=O)C(=CN(C3CC3)C2=C1OC(F)F)C(O)=O
5453,
5454,
5455,CC1=NC(=O)C2=CC(CN(CC#C)C3=CC=C(C(=O)N[C@@H](CCC4=NN=NN4)C(O)=O)C(F)=C3)=C(C)C=C2N1
5456,CO[P@](=O)(C1=C(NC2=CC=C(Cl)C=C12)C(N)=O)C1=CC(C)=CC(\C=C\C#N)=C1
5457,CC1=C2CCN[C@@H](C2=C(C=C1)C)[C@@H](C)S
5458,ClC1=CC=C(CN2C=C(C(=O)C(=O)NC3=CC=NC=C3)C3=CC=CC=C23)C=C1
5459,
5460,[H][C@@]1(OC(=O)C2=C1C=CC(OC)=C2OC)[C@]1([H])N(C)CCC2=CC3=C(OCO3)C(OC)=C12
5461,C\C=C1/NC(=O)[C@H]2CSSCC\C=C\[C@H](CC(=O)N[C@H](C(C)C)C(=O)N2)OC(=O)[C@@H](NC1=O)C(C)C
5462,OC[C@H]1O[C@@H](OP(=O)(NCCCl)NCCCl)[C@H](O)[C@@H](O)[C@@H]1O
5463,NC1=NC(N)=C2N=C(CNC3=CC=C(C=C3)C(=O)N[C@@H](CCCNC(=O)C3=CC=CC=C3C(O)=O)C(O)=O)C=NC2=N1
5464,C[As](C)SC[C@H](NC(=O)CC[C@H](N)C(O)=O)C(=O)NCC(O)=O
5465,CC(=O)C1=CC2=C(C=C1)N[C@H]([C@@H]3[C@H]2C=CC3)C4=CC5=C(C=C4Br)OCO5
5466,
5467,CC(C)[C@H](N)C(=O)N1CCC[C@H]1B(O)O
5468,
5469,OC[C@H]1N[C@H]([C@H](O)[C@@H]1O)C1=CNC2=C1N=CNC2=O
5470,CC1CN(CC(O1)C)C(=O)C(C)SC2=C(C=CC=N2)Cl
5471,CC(C)[C@H](N)C(=O)O[C@@H]1C[C@H](O[C@H]1CO)N1C=CC(N)=NC1=O
5472,CC(C)[C@@H](N(CCCN)C(=O)C1=CC=C(C)C=C1)C1=NC2=CC(Cl)=CC=C2C(=O)N1CC1=CC=CC=C1
5473,[H][C@](O)(CNCCNC1=CC(=CC=C1)C1=CC(=CC=C1)C(O)=O)C1=CC=CC(Cl)=C1
5474,[H][C@]12C3=CC=CC=C3[C@H](N3CCN(C[C@@H](O)COC4=CC=CC5=C4C=CC=N5)CC3)C3=CC=CC=C3[C@@]1([H])C2(F)F
5475,
5476,NCCNC1=CC=C(NCCN)C2=C1C(=O)C1=C(C=NC=C1)C2=O
5477,CCC(O)(CC)\C=C\C[C@H](C)C1=CC[C@@]2([H])\C(CCC[C@]12C)=C\C=C1\C[C@@H](O)C[C@@](F)([H])C1=C
5478,CC[C@H](CO)NC1=NC(NCC2=CC=CC=C2)=C2N=CN(C(C)C)C2=N1
5479,C1CC[C@H]2[C@@H](C1)CC(N2C(=O)C3CC4=CC=CC=C4CN3C(=O)[C@H](CO)NC(=O)[C@H](CC5=CC=CS5)NC(=O)CNC(=O)C6C[C@H](CN6C(=O)C7CCCN7C(=O)C(CCCN=C(N)N)NC(=O)[C@@H](CCCN=C(N)N)N)O)C(=O)N[C@@H](CCCN=C(N)N)C(=O)O
5480,[H][C@]1(CO)O[C@]([H])(OC2=C(C=C(CCCCCCC3=CC(=C(O[C@@]4([H])O[C@]([H])(CO)[C@@]([H])(O)[C@]([H])(O)[C@]4([H])O)C=C3)C3=CC=CC(CC(O)=O)=C3)C=C2)C2=CC=CC(CC(O)=O)=C2)[C@@]([H])(O)[C@@]([H])(O)[C@]1([H])O
5481,CC1=CN([C@H]2C[C@H](F)[C@@H](CO)O2)C(=O)NC1=O
5482,CCCCN(CCCC)C(=O)CN1C[C@@H]([C@H]([C@@H]1C1=CC=C(OC)C=C1)C(O)=O)C1=CC2=C(OCO2)C=C1
5483,C(C1CC1)N1CC2CN(CC3CC3)CC(C1)C21CCCC1
5484,NC(=O)C1=CN(CC2=C(F)C=CC=C2F)N=N1
5485,[H][C@@]1(CCC2=CC(O)=CC=C2[C@@]1([H])C1=CC=C(OCCN2CCCC2)C=C1)C1=CC=CC=C1
5486,CN1C(=O)C=C(N2CCC[C@@H](N)C2)N(CC2=C(C=CC=C2)C#N)C1=O
5487,CC[C@H]([C@@H](C)CN(C)C)C1=CC(O)=CC=C1
5488,
5489,O[C@@H]1[C@@H](O)[C@@H]2O[C@H]3O[C@H](CSCCC(O)=O)[C@@H](O[C@H]4O[C@H](CSCCC(O)=O)[C@@H](O[C@H]5O[C@H](CSCCC(O)=O)[C@@H](O[C@H]6O[C@H](CSCCC(O)=O)[C@@H](O[C@H]7O[C@H](CSCCC(O)=O)[C@@H](O[C@H]8O[C@H](CSCCC(O)=O)[C@@H](O[C@H]9O[C@H](CSCCC(O)=O)[C@@H](O[C@H]1O[C@@H]2CSCCC(O)=O)[C@H](O)[C@H]9O)[C@H](O)[C@H]8O)[C@H](O)[C@H]7O)[C@H](O)[C@H]6O)[C@H](O)[C@H]5O)[C@H](O)[C@H]4O)[C@H](O)[C@H]3O
5490,C[C@H](CC1=CC2=C(N(CCCO)CC2)C(=C1)C(N)=O)NCCOC1=CC=CC=C1OCC(F)(F)F
5491,CC(=O)OC1=CC2=C(CCN(C2)C(C(=O)C2CC2)C2=CC=CC=C2F)S1
5492,CC1=NN(C(=O)\C1=N/NC1=CC=CC(C2=CC=CC(=C2)C(O)=O)=C1O)C1=CC=C(C)C(C)=C1
5493,[H][C@]12[C@@H](C)C(S[C@@H]3CN[C@H](CNS(N)(=O)=O)C3)=C(N1C(=O)[C@]2([H])[C@@H](C)O)C(O)=O
5494,CC1=CC=CC=C1C(=O)NC1=CC(C)=C(C=C1)C(=O)N1CCC[C@@H](O)C2=C1C=CC(Cl)=C2
5495,CNC(=O)C1=CN(N=C1)C1=NC2=C(N=CN2[C@@H]2O[C@H](CO)[C@@H](O)[C@H]2O)C(N)=N1
5496,[O--].[O--].[O--].[O--].[Fe++].[Fe+3].[Fe+3]
5497,CN1CC2C(C1)C1=C(OC3=CC=C(Cl)C=C23)C=CC=C1
5498,COC1=C(OC)C=C(CCO[C@@H]2CCCC[C@H]2N2CC[C@@H](O)C2)C=C1
5499,COC[C@@H](NC(C)=O)C(=O)NCC1=CC=CC=C1
5500,CC(C)CCCCCCCCC(=O)N[C@@H]1[C@H]([C@@H]([C@H](O[C@H]1OC2=C3C=C4C=C2OC5=C(C=C(C=C5)[C@H]([C@H]6C(=O)NC(C7=C(C(=CC(=C7)O)O[C@@H]8[C@H]([C@H]([C@@H]([C@H](O8)CO)O)O)O)C9=C(C=CC(=C9)[C@H](C(=O)N6)NC(=O)[C@@H]4NC(=O)[C@@H]1C2=C(C(=CC(=C2)OC2=C(C=CC(=C2)[C@H](C(=O)N[C@H](CC2=CC=C(O3)C=C2)C(=O)N1)NC)O)O)Cl)O)C(=O)NCCCN(C)C)O)Cl)C(=O)O)O)O
5501,C[C@H]1CC[C@@H]2[C@]3([C@@]1(CC4=C(C=C5C(=C4O3)CNC5=O)O)C)CC[C@@H](C2(C)C)O
5502,
5503,
5504,ClC1=CC=C(S1)C(=O)NC[C@H]1CN(C(=O)O1)C1=CC=C(C=C1)N1CCOCC1=O
5505,CC1=CC=CN2C(=O)C(CCN3CCC(CC3)C3=NOC4=CC(F)=CC=C34)=C(C)N=C12
5506,OC1=CC=C2C[C@H]3N(CC4CC4)CC[C@@]45[C@@H](OC1=C24)C(=C)CC[C@@]35O
5507,CC1=CC=C(N2CCNCC2)C(=C1)S(O)(=O)=O
5508,CO[C@@H]1C[C@H](C[C@@H](C)[C@@H]2CC(=O)[C@H](C)\C=C(C)\[C@@H](O)[C@@H](OC)C(=O)[C@H](C)C[C@H](C)\C=C\C=C\C=C(C)\[C@H](C[C@@H]3CC[C@@H](C)[C@@](O)(O3)C(=O)C(=O)N3CCCC[C@H]3C(=O)O2)OC)CC[C@H]1OP(C)(C)=O
5509,CC(C)NC1=NC2=CC(Cl)=C(Cl)C=C2N1[C@H]1O[C@@H](CO)[C@H](O)[C@@H]1O
5510,CC1=C(C)C2=C(C=C1)C(=O)C1=CC=CC(CC(O)=O)=C1O2
5511,NC1=NC(=O)N(C=C1F)[C@H]1O[C@@H](CO)C=C1
5512,COC1=C(Cl)C=C(CNC2=C(C=NC(=N2)N2CCC[C@H]2CO)C(=O)NCC2=NC=CC=N2)C=C1
5513,
5514,COC1=CC2=C(CN(CCC3=CC=C(NC(=O)C4=CC(OC)=C(OC)C=C4NC(=O)C4=CN=C5C=CC=CC5=C4)C=C3)CC2)C=C1OC
5515,
5516,NCCCC(N)(C(F)F)C(O)=O
5517,
5518,
5519,CC1=C(CC(O)=O)C2=CC(F)=CC=C2\C1=C/C1=CC=C(C=C1)S(C)(=O)=O
5520,O=C(N1CCCCC1)C1=CC2=C(C=C1)N=CC=N2
5521,CCOC(=O)NC(=N)C1=CC=C(OCC2=CC=CC(COC3=CC=C(C=C3)C(C)(C)C3=CC=C(O)C=C3)=C2)C=C1
5522,COC1=CC=C(C=C1)C1=C(OC2=CC=C(OCCN3CCCCC3)C=C2)C2=C(S1)C=C(O)C=C2
5523,C[C@]12CC[C@H]3[C@@H](CC=C4CCCC[C@]34C)[C@@H]1C[C@@H](F)C2=O
5524,CC1=NC2=CN=CC=C2N1CC1CCN(CC1)C(=O)\C=C(\C1=CC=CC=C1)C1=CC=C(C=C1)\N=N\C1=CC(C(O)=O)=C(O)C=C1
5525,NC(CO)(CO)CO.OC(=O)CCCC[C@@H]1CCSS1
5526,OP(O)(=O)C(NC1CCCCCC1)P(O)(O)=O
5527,
5528,[H][C@@]12CC[C@H](O)[C@@]1(C)CC[C@@]1([H])[C@@]2([H])[C@@H](O)C=C2C[C@@H](O)CC[C@]12C
5529,OC(CO\N=C(/Cl)C1=CN=CC=C1)CN1CCCCC1
5530,CC[C@H](C)[C@H](NC(=O)[C@H](CO)NC(=O)[C@H](CC(N)=O)NC(=O)[C@H](CC(C)C)NC(=O)[C@H](CC1=CC=C(O)C=C1)NC(=O)[C@H](CCCCN)NC(=O)[C@H](CCCCN)NC(=O)[C@@H](NC(=O)[C@H](C)NC(=O)[C@H](CCSC)NC(=O)[C@H](CCC(N)=O)NC(=O)[C@H](CCCCN)NC(=O)[C@H](C)NC(=O)[C@H](CC(C)C)NC(=O)[C@H](CCCNC(N)=N)NC(=O)[C@@H](NC(=O)[C@H](CC1=CC=C(O)C=C1)NC(=O)[C@H](CC(N)=O)NC(=O)[C@H](CC(O)=O)NC(=O)[C@@H](NC(=O)[C@H](CC1=CC=CC=C1)NC(=O)[C@@H](NC(=O)[C@H](C)NC(=O)[C@H](CC(O)=O)NC(=O)[C@H](CO)NC(=O)[C@@H](N)CC1=CN=CN1)C(C)C)[C@@H](C)O)[C@H](O)CC)C(C)C)C(=O)N[C@@H](CC(C)C)C(=O)N[C@@H](CC(N)=O)C(O)=O
5531,[H]N([H])CC(=O)CCC(=O)OCCCCCC
5532,N[C@@H]([C@H](O)C1=CC(O)=C(O)C=C1)C(O)=O
5533,[H][C@@]1(C[C@@](N)(CC2=C1C(O)=C1C(=O)C3=CC=CC=C3C(=O)C1=C2O)C(C)=O)O[C@H]1C[C@H](O)[C@H](O)CO1
5534,CC(CN1CCCCC1)C(=O)C1=CC=C(C)C=C1
5535,OC(=O)C1=NN(CC2=C(Cl)C=C(Cl)C=C2)C2=C1C=CC=C2
5536,CCCOC1=C(C=C(C=C1)S(=O)(=O)NCCC1CCCN1C)C1=NC(=O)C2=C(N1)C(CCC)=NN2C
5537,CC1=NOC(NS(=O)(=O)C2=C(SC=C2)C(=O)CC2=CC3=C(OCO3)C=C2C)=C1Cl
5538,
5539,CC1=C(C2=C(CCN[C@H]2[C@H](C)NC(=O)C)C=C1)C
5540,[H]\C(\C(\[H])=C1/CCC[C@@]2(C)[C@@]1([H])CC[C@]2([H])[C@]([H])(C)OCCC(C)(C)O)=C1/C[C@@]([H])(O)C[C@]([H])(O)C1=C
5541,CN1C(=O)CCC(=N1)C(=O)NC2=NC3=C(S2)C=C(C=C3)OC(F)(F)F
5542,C[C@H]1CN(C[C@H](CC2=CC=CC=C2)C(=O)NCC(O)=O)CC[C@@]1(C)C1=CC(O)=CC=C1
5543,OC(=O)[C@@H](CSC1=CC=CC=C1)CC(=O)C1=CC=C(C=C1)C1=CC=C(Cl)C=C1
5544,NC(=O)C(C1=CC=CC=C1)(C1=CC=C(F)C=C1)C1=CC=C(F)C=C1
5545,CCOC(=O)N1[C@H](CC)C[C@H](N(CC2=CC(=CC(=C2)C(F)(F)F)C(F)(F)F)C(=O)OC)C2=C1C=CC(=C2)C(F)(F)F
5546,OC(=O)COCCN1CCN(CC1)[C@H](C1=CC=CC=C1)C1=CC=C(Cl)C=C1
5547,C1=CC=C(C=C1)[C@H](CNCCOC2=CC=C(C=C2)CC(=O)O)O.Cl
5548,CCCNC(=O)CS(=O)(=O)C(C)C1=CC=C(C=C1)F
5549,OCC(C)(CO)C(=O)O[C@@H]1CC[C@@H](C[C@@H](C)[C@]2([H])CC(=O)[C@H](C)\C=C(C)\[C@@H](O)[C@@H](OC)C(=O)[C@H](C)C[C@H](C)\C=C\C=C\C=C(C)\[C@@H](OC)C[C@]3([H])CC[C@@H](C)[C@@](O)(O3)C(=O)C(=O)N3CCCC[C@H]3C(=O)O2)C[C@H]1OC
5550,CCN1CCCC1CNC(=O)C1=CC(=C(N)C=C1OC)S(=O)(=O)CC
5551,[H][C@]12C[C@]1(NC(=O)[C@]1([H])C[C@H](C[C@@]1([H])C(=O)N(C)CCCC\C=C/2)OC1=CC(=NC2=C1C=CC(OC)=C2C)C1=NC(=CS1)C(C)C)C(=O)NS(=O)(=O)C1CC1
5552,CCOC1=CC=C(CC2=C(Cl)C=CC(=C2)[C@@H]2O[C@H](CO)[C@@H](O)[C@H](O)[C@H]2O)C=C1
5553,COCCOC(=O)NCCCCC(NC(=O)OCCOC)C(=O)NCCCCCCOP(O)(O)=O
5554,
5555,CC(C)N1CCN(C1=O)C1=CC=C(C=C1)N1CCN(CC1)C1=CC=C(OC[C@H]2OC[C@@](CN3C=NC=N3)(O2)C2=CC=C(F)C=C2F)C=C1
5556,C\C(=N/O)C1=NC=C(N1)[C@@H](O)[C@H](O)[C@H](O)CO
5557,CC1=CN(C(=O)C=C1)C1=CC=C(O)C=C1
5558,COCCNCC1=CC=C(N=C1)C1=CC2=NC=CC(OC3=CC=C(NC(=S)NC(=O)CC4=CC=C(F)C=C4)C=C3F)=C2S1
5559,
5560,
5561,
5562,CC(C)C1=CC(C(=O)N2CC3=CC=C(CN4CCN(C)CC4)C=C3C2)=C(O)C=C1O
5563,C[C@]12CC[C@H]3[C@@H](CC[C@H]4C[C@H](O)CC[C@]34C)[C@@H]1CC[C@@]2(O)C#C
5564,[H][C@@](O)(CO)CC1(CC1)S(=O)(=O)NC1=C(OC)C=C(F)C(F)=C1NC1=C(F)C=C(I)C=C1
5565,
5566,CCN(CC)CCN(CC1=CC=C(C=C1)C1=CC=C(C=C1)C(F)(F)F)C(=O)CN1C2=C(CCC2)C(=O)N=C1SCC1=CC=C(F)C=C1
5567,COC1=CC(=CC(OC)=C1OC)C(=O)C1=C(C)OC2=C1C=CC(OC)=C2OP(O)(O)=O
5568,CN1C=C(C=N1)C1=NN2C(SC3=CC=C4N=CC=CC4=C3)=NN=C2C=C1
5569,CC1=C2CCN[C@@H](C2=C(C=C1)C)CC3=CC(=CC(=C3)F)F
5570,
5571,CCC(=O)NS(=O)(=O)C1=CC(NC2=NC=C(F)C(NC3=CC=C(OCC#C)C=C3)=N2)=CC=C1C
5572,
5573,
5574,
5575,
5576,
5577,CON
5578,[H]N1C(OC)=C(Cl)C(=O)C(Cl)=C1C(Cl)(Cl)Cl
5579,[H][C@@]1(CC[C@@]2([H])[C@]3([H])[C@H](O)C[C@@]4([H])C[C@H](CC[C@]4(C)[C@@]3([H])CC[C@]12C)NCCCNCCCCNCCCN)[C@H](C)CC[C@@H](OS(O)(=O)=O)C(C)C
5580,NC1=CC(F)=CC=C1NC(=O)C1=CC=C(CNC(=O)\C=C\C2=CN=CC=C2)C=C1
5581,[H][C@@]12C[C@]1([H])N([C@@H](C2)C#N)C(=O)[C@@H](N)C12CC3CC(CC(O)(C3)C1)C2
5582,
5583,
5584,
5585,CC(=O)N1CCC(CC1)NC(=O)NC12CC3CC(CC(C3)C1)C2
5586,CCOC1=CC=C(C=N1)C1=CC=C(CN2C(CC(C)(C)C(O)=O)=C(SC(C)(C)C)C3=CC(OCC4=CC=C(C)C=N4)=CC=C23)C=C1
5587,[H][C@@]12C[C@@]([H])(C=C1)[C@@H]([C@@H]2NC1=C(F)C=NC(NC2=CC=C(N3CCN(C)CC3)C(C)=C2)=N1)C(N)=O
5588,CNC1=C(F)C=C2C(NC(=O)N(C2=O)C2=CC=C(NC(=O)NS(=O)(=O)C3=CC=C(Cl)S3)C=C2)=C1
5589,[H][C@]1(CCC2=NN=NN2)CC[C@@]2([H])CN[C@@]([H])(C[C@@]2([H])C1)C(O)=O
5590,
5591,
5592,COC1=CC(CC2=CN=C(N)N=C2N)=C2C=CC(OC2=C1OC)C1CC1
5593,
5594,
5595,CCN(CC)CCN1C(=O)C2=C(C1=O)C1=C(N([C@@H]3O[C@H](CO)[C@@H](OC)[C@H](O)[C@H]3O)C3=C(Cl)C=CC=C13)C1=C2C2=C(N1)C(Cl)=CC=C2
5596,[H]N(CCN([H])CCN([H])C(=O)C1=CC=CC2=NC3=CC=CC(C)=C3N=C12)CCN([H])C(=O)C1=CC=CC2=NC3=CC=CC(C)=C3N=C12
5597,CCCCCCCCCCCCCCCC(=O)NC1=NC(=O)N(C=C1)[C@@H]1O[C@H](CO)[C@@H](O)[C@@H]1C#N
5598,CC1=C2CCCC2=C(C=C1)OC[C@@H]([C@H](C)NC(C)C)O
5599,CC(C)C[C@H](NC(=O)C1=CC2=CC=CC=C2O1)C(=O)N[C@H]1CC[C@@H](C)N(CC1=O)S(=O)(=O)C1=CC=CC=N1
5600,COC1=CC=C(SC2=C3N=CN(CCOCP(=O)(OCC(F)(F)F)OCC(F)(F)F)C3=NC(N)=N2)C=C1
5601,NS(=O)(=O)C1=CC=C(C=C1)S(=O)(=O)NC1=CC=CC2=C1NC=C2Cl
5602,
5603,CCOC1=CC=C(C=C1)C(C)NC(=O)C2=C(N=CS2)C
5604,CCNCCC1=CC=C(CN(CC)C2=C(C=CC(OC)=C2)[C@@H]2CCC3=CC(O)=CC=C3C2)C=C1
5605,
5606,
5607,FC(F)(F)C1=CC(=CC=C1)C1=CCN(CCC2=CC3=CC=CC=C3C=C2)CC1
5608,
5609,CC1=CC(C)=C(OC2=CC=CC=C2C2=CSC(N=C3NCCCN3)=N2)C=C1
5610,CC(CNC(=O)C1=CC=CN=C1)NC(=O)C1=CC=CN=C1
5611,
5612,
5613,CC1=C(N(CC2=CC=C(OCCN3CCCCCC3)C=C2)C2=C1C=C(O)C=C2)C1=CC=C(O)C=C1
5614,CCCCCCCCCCNCCN[C@@]1(C)C[C@H](O[C@@H]2[C@@H](O)[C@H](O)[C@@H](CO)O[C@H]2OC2=C3OC4=CC=C(C=C4Cl)[C@@H](O)[C@@H](NC(=O)[C@@H](CC(C)C)NC)C(=O)N[C@@H](CC(N)=O)C(=O)N[C@@H]4C(C=C2OC2=C(Cl)C=C(C=C2)[C@@H](O)[C@@H]2NC(=O)[C@H](NC4=O)C4=CC(=C(O)C=C4)C4=C(O)C(CNCP(O)(O)=O)=C(O)C=C4[C@H](NC2=O)C(O)=O)=C3)O[C@@H](C)[C@H]1O
5615,COC([C@H](OC1=NC(C)=CC(C)=N1)C(O)=O)(C1=CC=CC=C1)C1=CC=CC=C1
5616,
5617,OS(=O)(=O)CCCS(O)(=O)=O
5618,[H][C@]1(O[C@H]2[C@H](OC)[C@@H](OC)[C@]([H])(O[C@@H]3[C@@H](COS(O)(=O)=O)O[C@]([H])(O[C@H]4[C@H](OC)[C@@H](OC)[C@]([H])(O[C@@H]5[C@@H](COS(O)(=O)=O)O[C@H](OC)[C@H](OS(O)(=O)=O)[C@H]5OS(O)(=O)=O)O[C@H]4C(O)=O)[C@H](OS(O)(=O)=O)[C@H]3OS(O)(=O)=O)O[C@@H]2C(O)=O)O[C@H](COS(O)(=O)=O)[C@@H](OC)[C@H](OC)[C@H]1OC
5619,NC(=N)C1=NN(C=N1)[C@@H]1O[C@H](CO)[C@@H](O)[C@H]1O
5620,[H][C@]12C=C[C@H](O[C@@H]3O[C@@H]([C@@H](O)[C@H](O)[C@H]3O)C(O)=O)[C@@H]3OC4=C5C(C[C@H]1N(C)CC[C@@]235)=CC=C4O
5621,[H][C@@]1(CC[C@@]2([H])\C(CCC[C@]12C)=C\C=C1\C[C@@H](O)C[C@H](O)C1=C)[C@H](C)\C=C\[C@H](C)C(C)C
5622,[H][C@@]12CC[C@](C)(O)[C@@]1(C)CC[C@@]1([H])[C@@]2([H])CC[C@@]2([H])CC(=O)\C(C[C@]12C)=C/O
5623,NC(=O)C[S@@](=O)C(C1=CC=CC=C1)C1=CC=CC=C1
5624,CC1=CC(=CC(C)=C1OC1=C(Br)C(N)=NC(NC2=CC=C(C=C2)C#N)=N1)C#N
5625,C1CCC(CC1)(CNC(=O)COC(=O)C2=CC=CC=C2NC(=O)C3=CC=CO3)N4CCCCC4
5626,[H]C(CO[C@]1(C)C[C@@H](C)C(=O)[C@H](C)[C@H]2NC(=O)O[C@]2(C)[C@@H](CC)OC(=O)[C@H](C)C(=O)[C@H](C)[C@H]1O[C@@H]1O[C@H](C)C[C@@H]([C@H]1O)N(C)C)=C([H])C1=CC2=C(C=CC=C2)N=C1
5627,C[C@@H]1O[C@@H](O[C@H]2C[C@@](O)(CC3=C2C(O)=C2C(=O)C4=CC=CC=C4C(=O)C2=C3O)C(=O)CO)[C@H](I)[C@H](O)[C@H]1O
5628,CCN(CC)CCNC(=O)C1=CC=C(N)C(Cl)=C1
5629,CO[C@H]1CNCC[C@H]1NC(=O)C1=CC(Cl)=C(N)C=C1OC
5630,CN(CC(=O)C1=CC=CC=C1)N=O
5631,CCC(NC(=O)C1=C(O)C(=NC2=CC=CC=C12)C1=CC=CC=C1)C1=CC=CC=C1
5632,[H][C@]12CO[C@@H](O[C@]3([H])O[C@H](COC)[C@@H](O[C@]4([H])O[C@H](C)[C@H](OC)[C@H](O[C@]5([H])O[C@H](C)[C@@]6([H])O[C@]7(C[C@@H](O)[C@H](O[C@@]8([H])C[C@@H](O[C@@]9([H])C[C@@](C)([C@@H](OC)[C@H](C)O9)[N+]([O-])=O)[C@H](OC(=O)C9=C(OC)C(Cl)=C(O)C(Cl)=C9C)[C@@H](C)O8)[C@@H](C)O7)O[C@]6(C)[C@@H]5O)[C@H]4O)[C@H](O)[C@@H]3OC)[C@H](O)[C@]1([H])O[C@@]1(O2)OC[C@@H](OC(=O)C2=C(O)C=C(O)C=C2C)[C@]2([H])OCO[C@@]12[H]
5633,NC1=NC(=O)N(C=C1)[C@@H]1O[C@H](CO)[C@@H](O)\C1=C/F
5634,
5635,CN1C2=CC=CC=C2C(=N[C@H](NC(=O)C2=CC3=CC=CC4=C3N2CCC4)C1=O)C1=CC=CC=C1
5636,CC1=CC(C)=C(N1)\C=C1/C(=O)NC2=CC=CC=C12
5637,C1=CC=C(C=C1)CNCC2=CC=CS2
5638,CC(C)(C)CC(C)(C)C1=CC=C(C=C1)O.C=O.C1CO1
5639,C[C@@H](C1=NC(=CS1)C1=CC=C(C=C1)C#N)[C@](O)(CN1C=NC=N1)C1=CC=C(F)C=C1F
5640,CSCCNC1=C2N=CN([C@@H]3O[C@H](COP(O)(=O)OP(O)(=O)C(Cl)(Cl)P(O)(O)=O)[C@@H](O)[C@H]3O)C2=NC(SCCC(F)(F)F)=N1
5641,CC(C)C1=CC(C(C)C)=C(CC(=O)NS(=O)(=O)OC2=C(C=CC=C2C(C)C)C(C)C)C(=C1)C(C)C
5642,CCCCCCC(C)(C)C1=CC(O)=C2[C@H]3CC(CO)=CC[C@@H]3C(C)(C)OC2=C1
5643,CCNCCCNCCCNCCCNCC
5644,C(CN1CCN(CC1)C(C1=CC=CC=C1)C1=CC=CC=C1)CC1(OCCO1)C1=CC=CC=C1
5645,[H]N([C@H]1[C@@H](OP(O)(O)=O)O[C@H](CO[C@@H]2O[C@H](COC)[C@@H](OP(O)(O)=O)[C@H](OCC[C@@H](CCCCCCC)OC(=O)CCC\C=C/CCCCCC)[C@H]2N([H])C(=O)CC(=O)CCCCCCCCCCC)[C@@H](O)[C@@H]1OCC[C@H](O)CCCCCCC)C(=O)CC(=O)CCCCCCCCCCC
5646,NC(=O)N1CCC(CC(=O)N2CCC(CC2)[C@H]2C3=C(CCC4=C2C(Br)=CC(Cl)=C4)C=C(Br)C=N3)CC1
5647,
5648,
5649,
5650,FC1=CC=C(C=C1)C1=CN=CC(CNC[C@H]2CCC3=CC=CC=C3O2)=C1
5651,COC1=CC=CC(OC)=C1C1=CC(=NN1C1=C2C=CC(Cl)=CC2=NC=C1)C(=O)NC1(C2CC3CC(C2)CC1C3)C(O)=O
5652,FC1=CC=C(CN2C(NC3CCNCC3)=NC3=CC=CC=C23)C=C1
5653,CC(CC1=CC=CC=C1)(NC(=O)CN)C1=CC=CC=C1
5654,CCCOC1=CC=C2[C@@H]([C@H]([C@@H](C2=C1)C1=CC=C(OC)C=C1OCCO)C(O)=O)C1=CC=C2OCOC2=C1
5655,CC(C)[C@@H](CC[C@@H](C)[C@H]1CC[C@H]2[C@@H]3[C@H](O)C[C@H]4C[C@H](CC[C@]4(C)[C@H]3CC[C@]12C)NCCCNCCCCN)OS(O)(=O)=O
5656,CC1=NOC(=C1)CS(=O)(=O)C(C)C(=O)N2CCOCC2
5657,
5658,
5659,CC(=O)N1CCN(CC1)NC(=O)C1=CC=C(F)C=C1
5660,
5661,CC(C)C1=CC=C(C=C1S(C)(=O)=O)C(=O)NC(N)=N
5662,C[C@]12O[C@H](C[C@]1(O)CO)N1C3=C(C=CC=C3)C3=C1C1=C(C4=C3C(=O)NC4)C3=CC=CC=C3N21
5663,CC1=C(CCCl)SC=N1
5664,[H][C@]12O[C@@]1([H])[C@@]1([H])C[C@]2([H])C[C@@H]1C1=NC2=C(N1)N(CCC)C(=O)C(CCC)C2=O
5665,NC(=N)C1=CC=C(C=C1)C1=CC=C(OC[C@@H]2C[C@@H](CC(O)=O)C(=O)N2)C=C1
5666,
5667,
5668,CN[C@H]1CN2C(=O)NC3=CC=CC(C1)=C23
5669,CO[C@]12[C@@H]3[C@H](CN1C1=C([C@H]2COC(N)=O)C(=O)C(N)=C(C)C1=O)N3C
5670,CCCN1C=NC2=C1C(=O)N(CCCCC(C)=O)C(=O)N2C
5671,COCCCN1CCC(CC1)NC(=O)C1=C2OCCC2=C(N)C(Cl)=C1
5672,O\C(CCC#C)=C(\C#N)C(=O)NC1=CC=C(C=C1)C(F)(F)F
5673,
5674,OC[C@H]1O[C@H](C[C@@H]1O)N1C=C(I)C=NC1=O
5675,CN1C=C(C2=CC=CC=C12)C1=C(C(=O)NC1=O)C1=CN(C2CCN(CC3=CC=CC=N3)CC2)C2=CC=CC=C12
5676,
5677,
5678,
5679,CONC(=O)NC1=CC=C(C=C1)C1=C(CN(C)CC2=CC=CC=C2)C2=C(S1)N(CC1=C(F)C=CC=C1F)C(=O)N(C2=O)C1=CC=CC=C1
5680,
5681,
5682,[H][C@@]1(NC(=O)C2(CCN(CC3=CC=C(OC4=CC=C(C=C4)C(O)=O)C=C3)CC2)N(CCCC)C1=O)[C@H](O)C1CCCCC1
5683,
5684,CC(C(O)=O)C1=CC=CC2=C1OC=C2C1=CC=CC=C1
5685,
5686,C1CC2=C(CO1)C1=C(NC(=N1)C1=NOC=C1)C=N2
5687,O=C1N(CCCCNC[C@H]2CCC3=CC=CC=C3O2)S(=O)(=O)C2=CC=CC=C12
5688,CC(C)C[C@H](NC(=O)COC1=CC=CC=C1C)C(=O)N[C@@H](CC1=CC=C(OC(=O)N2CCC(CC2)C(N)=O)C=C1)C(O)=O
5689,COC1=CC=C(OC(=O)N(CC(O)=O)CC2=CC=C(OCCC3=C(C)OC(=N3)C3=CC=CC=C3)C=C2)C=C1
5690,
5691,[H][C@]12CC[C@](C)(C1(C)C)[C@@](C2)(OCCN(C)C)C1=CC=CC=C1
5692,[H][C@]12O[C@]3(CC4=CC=CC=C4)O[C@]1(C[C@@]([H])(C)[C@]1(O3)[C@]3([H])C=C(C)C(=O)[C@@]3(O)CC(COC(=O)CC3=CC(OC)=C(O)C=C3)=C[C@@]21[H])C(C)=C
5693,CN1C(=O)C(OC2=CC=C(F)C=C2F)=CC2=C1N=C(NC1CCOCC1)N=C2
5694,CC1=C(CCOC2=C3C=CSC3=C(CC3SC(=O)NC3=O)C=C2)N=C(O1)C1=CC=CC=C1
5695,CC1=C(C)C2=C(C3=CC(C)=C(O[C@H](CC4=CC=CC=C4)C(O)=O)C(C)=C3)C3=CC=CC=C3C(Br)=C2S1
5696,NC(=O)C1=NN(C=N1)[C@H]1O[C@@H](CO)[C@H](O)[C@@H]1O
5697,CCC1=C(NC(=O)OC2=CC3=C(C=C2)N(C)[C@H]2ON(C)CC[C@@]32C)C=CC=C1
5698,NCCCS(O)(=O)=O
5699,O=C(C1=C2N=CC=C(N2N=C1)C1=CC=NC=C1)C1=CC=CC=N1
5700,CCOCC1=NC2=C(N)N=C3C=CC=CC3=C2N1CC(C)(C)O
5701,CONC(=N)C1=CC=C(C=C1)C1=CC=C(O1)C1=CC=C(C=C1)C(=N)NOC
5702,CCO[C@H](CC1=CC=C(OCCN2C3=CC=CC=C3OC3=C2C=CC=C3)C=C1)C(O)=O
5703,
5704,CCOC(=O)[C@@H](N)CC1=CC=C(O)C(O)=C1
5705,CCO[C@@H](CC1=CC=C(OCCC2=CC=C(OS(C)(=O)=O)C=C2)C=C1)C(O)=O
5706,NC(=O)C1=C2C[C@H](COC2=C(F)C=C1)N(C1CCC1)C1CCC1
5707,C\C(\C=C\C=C(/C)\C=C\C1=C(C)C(=O)[C@@H](O)CC1(C)C)=C/C=C/C=C(\C)/C=C/C=C(\C)/C=C/C1=C(C)C(=O)[C@@H](O)CC1(C)C
5708,
5709,OC(CC1=CN=C2C=CC=CN12)(P(O)(O)=O)P(O)(O)=O
5710,COC1=CC=C(C[C@@H](CN[C@@H](CCCN=C(N)N)C(O)=O)NC(=O)[C@@H]2CCCN2C(=O)[C@H](CO)NC(=O)[C@H](CC2=CC=CS2)NC(=O)CNC(=O)[C@@H]2C[C@@H](O)CN2C(=O)[C@@H]2CCCN2C(=O)[C@@H](N)CCCN=C(N)N)C=C1
5711,
5712,
5713,O=C1NOC2=C1CCNC2
5714,FC1=CC=C(C=C1)N1C=C(CCCCN2CCC3(CC2)OCC2=CC=CC=C32)C2=CC=CC=C12
5715,
5716,
5717,COC1=CC=CC=C1OC1=C(NS(=O)(=O)C2=NC=C(C=C2)C(C)C)N=C(N=C1OCCO)C1=CC(=NC=C1)C1=NNN=N1
5718,
5719,
5720,
5721,
5722,[H][C@@]12CC=C3C[C@H](CC[C@]3(C)[C@@]1([H])C[C@@H](OC(=O)C(\C)=C\C)[C@]1(C)[C@H](CC[C@]21O)C(C)=O)O[C@H]1C[C@H](OC)[C@H](O[C@H]2C[C@H](OC)[C@H](O[C@@H]3O[C@H](C)[C@@H](O)[C@H](OC)[C@H]3O)[C@@H](C)O2)[C@@H](C)O1
5723,CNC(=O)[C@@H](NC(=O)[C@H](CC(C)C)NC(=O)[C@@H](S)CCN1C(=O)N(C)C(C)(C)C1=O)C(C)(C)C
5724,CC(C)[C@H](N)C(=O)OCC[C@@H](CO)CN1C=NC2=C1N=C(N)NC2=O
5725,
5726,CC(=O)C1=CC=C2OC(C)(C)[C@@H](O)[C@@H](NC(=O)C3=CC=C(F)C(Cl)=C3)C2=C1
5727,CCCC1=C(CN2C=CN=C2C2=C(F)C=CC=N2)N=CN2N=C(C)N=C12
5728,CCCC(=O)O[C@H]1CN2CC[C@H](O)[C@@H]2[C@@H](O)[C@@H]1O
5729,[H][C@]12[C@@H](CC[C@@]1(CC[C@]1(C)[C@]2([H])CC[C@]2([H])[C@@]3(C)CC[C@H](OC(=O)CC(C)(C)C(O)=O)C(C)(C)[C@]3([H])CC[C@@]12C)C(O)=O)C(C)=C
5730,CC[C@@H]1C2=CC(OC)=C(OC)C=C2C(=NN=C1C)C1=CC=C(OC)C(OC)=C1
5731,
5732,CCC1(CC2=CC=C(F)C=C2C1)C1=CNC=N1
5733,CCCCCCCCCCCCCCCCOC1=NC2=C(C=C(C)C=C2)C(=O)O1
5734,CC[C@H]1OC(=O)[C@H](C)[C@@H](O[C@H]2C[C@@](C)(OC)[C@@H](O)[C@H](C)O2)[C@H](C)[C@@H](O[C@@H]2O[C@H](C)C[C@@H]([C@H]2O)N(C)C(C)C)[C@@]2(C)CC(C)=C(O2)[C@H](C)C(=O)[C@]1(C)OC
5735,COC1=CC=C(C=C1)[C@@H]1[C@@H](COC2=CC(O)=CC=C12)C1=CC=C(O)C=C1
5736,CN(C1=CC2=NN(C)C(C)=C2C=C1)C1=CC=NC(NC2=CC=C(C)C(=C2)S(N)(=O)=O)=N1
5737,[H][C@]12SCC(SC3=NC(=CS3)C3=CC=[N+](C)C=C3)=C(N1C(=O)[C@H]2NC(=O)C(=N/OCC)\C1=NSC(NP(O)(O)=O)=N1)C([O-])=O
5738,
5739,COC1=CC2=C(CCNC(C)=O)C=CC=C2C=C1
5740,CO[C@@H]1[C@@H](C[C@H]2O[C@]1(C)N1C3=C(C=CC=C3)C3=C1C1=C(C4=C(C=CC=C4)N21)C1=C3CNC1=O)N(C)C(=O)C1=CC=CC=C1
5741,[H][C@@]12CC[C@H](O)[C@@]1(C)CC[C@]1([H])C3=CC=C(OS(N)(=O)=O)C=C3CC[C@@]21[H]
5742,CN1C=C(NC(=O)C2=CC(NC(=O)C3=CC(NC(=O)C4=CC(NC(=O)C(Br)=C)=CN4C)=CN3C)=CN2C)C=C1C(=O)NCCN=C(N)N
5743,
5744,COC1=C2N(C=C(C(O)=O)C(=O)C2=CC=C1N1C[C@@H](C)C[C@H](N)C1)C1CC1
5745,
5746,CC1=C(CCNCC2=CC=C(\C=C\C(=O)NO)C=C2)C2=CC=CC=C2N1
5747,[H][C@]12CCC[C@H](N1C(=O)[C@H](CC1=C2C=CC=C1)NC(=O)[C@@H](SC(C)=O)C(C)C)C(O)=O
5748,COC1=CC=C(C=C1)N1N=C(C(N)=O)C2=C1C(=O)N(CC2)C1=CC=C(C=C1)N1CCCCC1=O
5749,
5750,
5751,COC1=CC(C)=C2C(OC3=CC=CC(=C3)C(F)(F)F)=C(OC)C=C(NC(C)CCCN)C2=N1
5752,[H][C@@]1(O)CS[C@@]([H])(OC2=CC3=C(C=C2)C(C)=CC(=O)O3)[C@]([H])(O)[C@@]1([H])O
5753,[H]N=C(N([H])[H])N([H])CCC[C@H](N([H])C(=O)[C@H](CCCN([H])C(=N[H])N([H])[H])N([H])C(=O)[C@H](CC1=CN([H])C2=CC=CC=C12)N([H])C(=O)[C@@H]1CCCN1C(=O)[C@H](CC1=CN([H])C2=CC=CC=C12)N([H])C(=O)[C@H](CC1=CN([H])C2=CC=CC=C12)N([H])C(=O)[C@@H]1CCCN1C(=O)[C@H](CC1=CN([H])C2=CC=CC=C12)N([H])C(=O)[C@H](CCCN([H])C(=N[H])N([H])[H])N([H])C(=O)[C@H](CC(C)C)N([H])C(=O)[C@@H](N([H])[H])[C@@H](C)CC)C(=O)N([H])[C@@H](CCCCN([H])[H])C(=O)N([H])[H]
5754,C1=CC=C(C(=C1)C2=NOC(=N2)CS(=O)(=O)CC(=O)N)Cl
5755,C[C@]12CCC(C([C@@H]1CC[C@@]3([C@@H]2CCC4=C5CC(CC[C@@]5(CC[C@]43C)C(=O)O)(C)C)C)(C)C)O[C@H]6[C@@H]([C@H]([C@@H]([C@H](O6)C(=O)O)O)O[C@@H]7CC[C@H]([C@@H]([C@H]7O)O)O)O
5756,[H][C@@]1([C@@H](NC(C)=O)C(CC)CC)[C@H](O)[C@H](C[C@H]1NC(N)=N)C(O)=O
5757,COC1=CC(NC2=C(C=NC3=CC(OCCCN4CCN(C)CC4)=C(OC)C=C23)C#N)=C(Cl)C=C1Cl
5758,COC1=C(OC)C=C(CCN2CCN(CCCC3=CC=CC=C3)CC2)C=C1
5759,NC1=NC(N)=C2N=CN([C@H]3CO[C@@H](CO)O3)C2=N1
5760,O=C1CC2=C3O[C@@H](CNCC4=CC=CC=C4)COC3=CC=C2N1
5761,[H][C@@]12CCC(=O)[C@@]1(C)CC[C@@]1([H])[C@@]2([H])[C@@H](O)C[C@@]2([H])C[C@@H](O)CC[C@]12C
5762,CCOC(=O)NC1=C(N)N=C(NCC2=CC=C(F)C=C2)C=C1
5763,C[C@H](NC(=O)C(C)(C)OC1=CC=C(C=N1)C(F)(F)F)[C@@H](CC1=CC=C(Cl)C=C1)C1=CC=CC(=C1)C#N
5764,CC1=CC(CN2N=NC3=C(N=C(N)N=C23)C2=CC=CO2)=CC=C1N
5765,CNC(=O)C1=C(SC2=CC=C3C(NN=C3\C=C\C3=CC=CC=N3)=C2)C=CC=C1
5766,COC1=NC(C)=CN=C1NS(=O)(=O)C1=CC=CN=C1C1=CC=C(C=C1)C1=NN=CO1
5767,COC1=CC(F)=C(C=C1C1=CC=C(C=C1CN1[C@@H](C)[C@H](OC1=O)C1=CC(=CC(=C1)C(F)(F)F)C(F)(F)F)C(F)(F)F)C(C)C
5768,OS(=O)(=O)CCNCl
5769,C[C@@H](N(C)C(=O)N1CC[C@@H](C[C@@H]1C1=CC=C(F)C=C1C)N1CCN(CC1)C(C)=O)C1=CC(=CC(=C1)C(F)(F)F)C(F)(F)F
5770,COC(=O)[C@H](CC1=CC(=CC=C1)C(N)=N)[C@@H](C)NC(=O)C1=CC=C(C=C1)C1=CC=[N+]([O-])C=C1
5771,[H]C(C)(OC(=O)N(C)C1=C(COC(=O)CNC)C=CC=N1)[N+]1=CN(C[C@](O)(C2=C(F)C=CC(F)=C2)[C@@]([H])(C)C2=NC(=CS2)C2=CC=C(C=C2)C#N)N=C1
5772,NC1=CC=NC=C1
5773,CN1CCC[C@H]1CCNC(=O)C1=CN2C3=C(OC4=C2C(=CC(F)=C4N2CCC(C2)C2=CN=CC=N2)C1=O)C=C1C=CC=CC1=C3
5774,OCCOCCOC1=CC=C(C=C1)C(=C(\CCCl)C1=CC=CC=C1)\C1=CC=CC=C1
5775,CCCCCCCCCCCCCCCCCCOP([O-])(=O)OC1CC[N+](C)(C)CC1
5776,
5777,C1CCN([C@@H](C1)C(=O)N[C@@H](CCCN=C(N)N)C(=O)NC2=CC=C(C=C2)[N+](=O)[O-])C(=O)[C@@H](CC3=CC=CC=C3)N
5778,CN(C)N(C)C(=O)[C@@]1(CC2=CC=CC=C2)CCCN(C1)C(=O)[C@@H](CC1=CNC2=CC=CC=C12)NC(=O)C(C)(C)N
5779,
5780,C[C@H](NCC1=CC=C(OCC2=CC=CC=C2F)C=C1)C(N)=O
5781,C1COCC2=C1N=CC3=N/C(=C/4\C=CON4)/N=C23
5782,[H][C@](C)(O)[C@]([H])(N=C(O)[C@]([H])(CC(C)C)N=C(O)[C@]([H])(CO)N=C(O)[C@]([H])(CC(O)=O)N=C(O)[C@]([H])(CC(C)C)N=C(O)[C@]([H])(C)N=C(O)[C@]1([H])CCCN1C(=O)[C@@]([H])(N=C(O)[C@@]([H])(N=C(O)[C@]([H])(CCCNC(N)=N)N=C(O)[C@]([H])(CC(C)C)N=C(O)[C@]([H])(CC(C)C)N=C(O)[C@]([H])(C)N=C(O)[C@@]([H])(N=C(O)CN=C(O)CN=C(O)CN=C(O)[C@]([H])(CC(C)C)N=C(O)[C@@]([H])(N)C(C)C)C(C)C)C(C)C)[C@@]([H])(C)CC)C(=O)N1CCC[C@@]1([H])C(O)=N[C@@]([H])(C)C(O)=N[C@@]([H])(CC(O)=N)C(O)=N[C@@]([H])(CCC(O)=O)C(O)=N[C@@]([H])(CC(O)=O)C(O)=O
5783,COC[C@H](N1CCN(C[C@@H]1C)C1(C)CCN(CC1)C(=O)C1=C(C)N=CN=C1C)C1=CC=C(C=C1)C(F)(F)F
5784,C[C@H](NCC1=CC=C(OCC2=CC(F)=CC=C2)C=C1)C(N)=O
5785,CCCCCCCCCCCCCCCC(=O)N[C@@H](CCC(=O)NCCCC[C@@H](C(=O)N[C@@H](CCC(=O)O)C(=O)N[C@@H](CC1=CC=CC=C1)C(=O)N[C@@H]([C@@H](C)CC)C(=O)N[C@@H](C)C(=O)N[C@@H](CC2=CNC3=CC=CC=C32)C(=O)N[C@@H](CC(C)C)C(=O)N[C@@H](C(C)C)C(=O)N[C@@H](CCCNC(=N)N)C(=O)NCC(=O)N[C@@H](CCCNC(=N)N)C(=O)NCC(=O)O)NC(=O)[C@H](C)NC(=O)[C@H](C)NC(=O)[C@H](CCC(=O)N)NC(=O)CNC(=O)[C@H](CCC(=O)O)NC(=O)[C@H](CC(C)C)NC(=O)[C@H](CC4=CC=C(C=C4)O)NC(=O)[C@H](CO)NC(=O)[C@H](CO)NC(=O)[C@H](C(C)C)NC(=O)[C@H](CC(=O)O)NC(=O)[C@H](CO)NC(=O)[C@H]([C@@H](C)O)NC(=O)[C@H](CC5=CC=CC=C5)NC(=O)[C@H]([C@@H](C)O)NC(=O)CNC(=O)[C@H](CCC(=O)O)NC(=O)[C@H](C)NC(=O)[C@H](CC6=CN=CN6)N)C(=O)O
5786,NC1=NC(=O)N(C=C1)[C@@H]1O[C@H](CO)[C@](O)(C#C)[C@H]1O
5787,CCCC(CCC)C(=O)NCC(N)=O
5788,[Cl-].[Sn+4].CCOC(=O)C1=CC2=C3[N-]\C(=C/C4=N/C(=C\C5=C(CC)C(C)=C([N-]5)\C=C5/N=C2C(C)=C5CC)/C(C)=C4CC)[C@@H](C)[C@]13CC
5789,CN(C[C@@H](CCN1CCC(CC1)(NC(C)=O)C1=CC=CC=C1)C1=CC=C(Cl)C(Cl)=C1)C(=O)C1=CC=CC=C1
5790,
5791,NCCCC[C@@H]1NC(=O)[C@@H](CC2=CNC3=C2C=CC=C3)NC(=O)[C@@H](NC(=O)[C@@H]2C[C@H](CN2C(=O)[C@H](CC2=CC=CC=C2)NC(=O)[C@H](CC2=CC=C(OCC3=CC=CC=C3)C=C2)NC1=O)OC(=O)NCCN)C1=CC=CC=C1
5792,CC1=CC=C(F)C=C1C(=O)NC1=CC=C(C(=O)N2CC3=CC=CN3CC3=C2C=CC=C3)C(Cl)=C1
5793,COC1=CC=C(CCNCCC[C@@](C#N)(C(C)C)C2=CC=C(OC)C(OC)=C2)C=C1OC
5794,CC(C)(F)C[C@H](N[C@@H](C1=CC=C(C=C1)C1=CC=C(C=C1)S(C)(=O)=O)C(F)(F)F)C(=O)NC1(CC1)C#N
5795,CNC(=O)[C@H](N1CCC2=CC(OC)=C(OC)C=C2[C@@H]1CCC1=CC=C(C=C1)C(F)(F)F)C1=CC=CC=C1
5796,CC(C(=O)N(C)C)NS(=O)(=O)C1=CN(C(=C1)C(=O)N)C
5797,COC1=CC=CC=C1OC1=C(NS(=O)(=O)C2=CC=C(C)C=N2)N=C(N=C1OCCO)C1=CC=NC(=C1)C1=NN=NN1
5798,[H][C@]12CN(C)CCN1C1=C(CC3=CC=CC=C23)C=CC=N1
5799,C1=CC=C2C(=C1)[C@@H]([C@H](C3=C2C=C4C=CC5=C(C4=C3)C=C[C@@H]([C@H]5O)O)O)O
5800,[H]\C(=N/O)C1=CC=C(C=C1)[C@@]1([H])C[C@@]2(C)[C@@]([H])(CC[C@]2(COC)OC)[C@]2([H])CCC3=CC(=O)CCC3=C12
5801,CCNC(=O)CNC(=O)CSC1=NN=NN1CC2=CC=CS2
5802,COC1=CC2=CC=C(C=C2C=C1)[C@H](C)C(=O)OCCCCO[N+]([O-])=O
5803,CC1=CN([C@H]2O[C@@H](CO)[C@H](O)[C@H]2F)C(=O)NC1=O
5804,NC(=O)C1=CC2=CC(=CC=C2O1)N1CCN(CCCCC2=CNC3=C2C=C(C=C3)C#N)CC1
5805,CCN(C(=O)C1=C(O)C2=C(C=CC=C2Cl)N(C)C1=O)C1=CC=CC=C1
5806,CC1=C(SC=N1)C(=O)NNC(=O)CC2=CC=C(C=C2)F
5807,NCCO.CCCCCCCC\C=C/CCCCCCCC(O)=O
5808,[N-]=[N+]=O
5809,COC1=CC=C(CN(CCN(C)C)C2=NC=CC=C2)C=C1
5810,CC[C@H](C)[C@H]1C(=O)N[C@H](C(=O)N[C@H](C(=O)N[C@H](C(=O)N[C@H](C(=O)N[C@H](C(=O)N[C@H](C(=O)N[C@H](C(=O)N[C@H](C(=O)N[C@H](C(=O)NCC(=O)N[C@H](C(=O)N[C@H]2CSSC[C@H]3C(=O)N[C@H](C(=O)N[C@H](C(=O)N[C@H](C(=O)N[C@@H](CSSC[C@@H](C(=O)N[C@H](C(=O)N[C@H](C(=O)N4CCC[C@H]4C(=O)N5CCC[C@H]5C(=O)N[C@H](C(=O)N[C@H](C(=O)NCC(=O)N6CCC[C@H]6C(=O)N[C@@H](CSSC[C@@H](C(=O)N[C@H](C(=O)N[C@H](C(=O)N[C@H](C(=O)N[C@H](C(=O)N[C@H](C(=O)N[C@H](C(=O)N[C@H](C(=O)N[C@H](C(=O)N[C@H](C(=O)N[C@H](C(=O)N[C@H](C(=O)N[C@H](C(=O)N3)CC(=O)O)CCC(=O)O)C)CO)CCCCN)CC7=CC=CC=C7)CC(=O)N)CC(=O)N)CCCNC(=N)N)CCCCN)C)CCCNC(=N)N)NC(=O)CNC(=O)CNC(=O)[C@@H](NC(=O)[C@@H](NC(=O)[C@@H](NC(=O)[C@@H](NC(=O)[C@@H](NC2=O)CCC(=O)N)[C@@H](C)O)CC8=CC=CC=C8)C(C)C)CC9=CC=C(C=C9)O)C(=O)N[C@H](C(=O)N[C@H](C(=O)N[C@H](C(=O)N1)CCCNC(=N)N)C)CCCCN)[C@@H](C)O)CC1=CC=C(C=C1)O)CCC(=O)O)CC(C)C)NC(=O)[C@H](CC1=CC=CC=C1)NC(=O)[C@H](CC(=O)O)NC(=O)[C@@H]1CCCN1C(=O)[C@H](CCCNC(=N)N)N)C(=O)NCC(=O)NCC(=O)N[C@@H](C)C(=O)O)[C@@H](C)O)CCCNC(=N)N)CCSC)CC(C)C)C)CCCCN)C)CC(=O)N)CC1=CC=C(C=C1)O)CC1=CC=CC=C1)CC1=CC=C(C=C1)O)CCCNC(=N)N)[C@@H](C)CC
5811,[H][C@]12[C@H](CCC=C1C=C[C@H](C)[C@@H]2CC[C@@H]1C[C@@H](O)CC(=O)O1)OC(=O)[C@@H](C)CC
5812,CC1=CC(=CC(C)=C1CC1=NCCN1)C(C)(C)C
5813,CCCCCCOC(=O)\N=C(\N)C1=CC=C(NCC2=NC3=C(C=CC(=C3)C(=O)N(CCC(=O)OCC)C3=NC=CC=C3)N2C)C=C1
5814,NCC[C@H](O)C(=O)N[C@@H]1C[C@H](N)[C@@H](O[C@H]2O[C@H](CN)CC[C@H]2N)[C@H](O)[C@H]1O[C@H]1O[C@H](CO)[C@@H](O)[C@H](N)[C@H]1O
5815,[H][C@@]12CC[C@@H](C)[C@]3([H])CC[C@@]4(C)OO[C@@]13[C@]([H])(O[C@H](OC)[C@@H]2C)O4
5816,CNCCC1=CC=CC=N1
5817,CC(C)C[C@H](NC(=O)[C@@H](CC1=CC=C(NC(N)=O)C=C1)NC(=O)[C@H](CC1=CC=C(NC(=O)[C@@H]2CC(=O)NC(=O)N2)C=C1)NC(=O)[C@H](CO)NC(=O)[C@@H](CC1=CC=CN=C1)NC(=O)[C@@H](CC1=CC=C(Cl)C=C1)NC(=O)[C@@H](CC1=CC=C2C=CC=CC2=C1)NC(C)=O)C(=O)N[C@@H](CCCCNC(C)C)C(=O)N1CCC[C@H]1C(=O)N[C@H](C)C(N)=O
5818,CN(C)CC(C1=CC=C(O)C=C1)C1(O)CCCCC1
5819,[H][C@@](C(=O)OC)(C1=CC=CC=C1)[C@@]1([H])CCCCN1
5820,CC(C)N(CC[C@H](C1=CC=CC=C1)C1=C(OC(=O)C(C)C)C=CC(CO)=C1)C(C)C
5821,OC[C@H](O)[C@H](CO)[N+]12CC[N+]3(CC([O-])=O)CC[N+]4(CC([O-])=O)CC[N+](CC([O-])=O)(CC1)[Gd-]234
5822,NC(N)=NCC1=CC(I)=CC=C1
5823,[Na+].[Na+].[Na+].[Gd+3].[O-]C(=O)CN(CCN(CC([O-])=O)CC([O-])=O)C[C@H](COP([O-])(=O)OC1CCC(CC1)(C1=CC=CC=C1)C1=CC=CC=C1)N(CC([O-])=O)CC([O-])=O
5824,CNC(C)CCC=C(C)C
5825,C[C@H](N)[C@H](O)C1=CC(O)=C(O)C=C1
5826,CCCCN(CCCC)CC(O)C1=C2C(=CC(Cl)=C1)\C(=C/C1=CC=C(Cl)C=C1)C1=C2C=CC(Cl)=C1
5827,CC(C[N+](C)(C)C)OC(C)=O
5828,[H][C@@]12CC[C@](C)(O)[C@@]1(C)CC[C@@]1([H])[C@@]2([H])CCC2=CC(=O)CC[C@]12C
5829,C(C1=NCCN1)C1=CC=CC2=CC=CC=C12
5830,COC(=O)C1=C(NC(C)=C(C1C1=CC(=CC=C1)[N+]([O-])=O)C(=O)OC(C)C)C#N
5831,[H][C@@]12CC[C@@](O)(C#C)[C@@]1(CC)CC[C@]1([H])[C@@]3([H])CCC(C=C3CC[C@@]21[H])=NO
5832,CNC(C)CC1CCCCC1
5833,[K+].[I-]
5834,CC(C)C1=CC=CC(C(C)C)=C1OCOP(O)(O)=O
5835,C[C@@H](O[C@H]1OCCN(CC2=NC(=O)N(N2)P(O)(O)=O)[C@H]1C1=CC=C(F)C=C1)C1=CC(=CC(=C1)C(F)(F)F)C(F)(F)F
5836,[H][C@@]12CC[C@](C)(O)[C@@]1(C)CC[C@@]1([H])[C@@]2([H])CC[C@@]2([H])CC3=NNC=C3C[C@]12C
5837,CN(CC(=O)OCC(=O)N)S(=O)(=O)C1=CC=C(C=C1)F
5838,CC1=C2CCN[C@H](C2=C(C=C1)C)C(=C)CC3=CC=CC=C3
5839,[H]\C(=N/OC(C)(C)C)C1=C2CN3C(=CC4=C(COC(=O)[C@]4(O)CC)C3=O)C2=NC2=CC=CC=C12
5840,[OH-].[OH-].[OH-].[Al+3]
5841,[Ca++].[O-]C([O-])=O
5842,CN1C(C(=O)NC2=CC=CC=N2)=C(O)C2=C(C=C(Cl)S2)S1(=O)=O
5843,CCC1=CC=CC2=C1OC(=C2)C(O)CNC(C)(C)C
5844,[H][C@@]12CCCCN1C[C@@H]1C[C@H]2CN2CCCC[C@]12[H]
5845,NC1=CC=CC=C1
5846,NC1=CC=C(C=C1)S(=O)(=O)NC1=CC=NN1C1=CC=CC=C1
5847,CC[C@]12CC[C@H]3[C@@H](CCC4=CC(=O)CC[C@H]34)[C@@H]1C=C[C@@]2(O)C#C
5848,NCC[C@H](OC1=CC=C(C=C1)C(F)(F)F)C1=CC=CC=C1
5849,O=C1C=C(OC2=C1C1=CC=CC=C1C=C2)C1=CC=CC=C1
5850,CO[C@H]1\C=C\C=C(C)\C[C@H](C)[C@H](O)[C@H](C)\C=C(/C)\C=C(OC)\C(=O)O[C@@H]1[C@@H](C)[C@@H](O)[C@H](C)[C@@]1(O)C[C@@H](O)[C@H](C)[C@H](O1)C(C)C
5851,CO[C@H]1\C=C/C=C(C)\C[C@H](C)[C@H](O)[C@H](C)\C=C(\C)/C=C(OC)\C(=O)OC1[C@@H](C)[C@@H](O)[C@H](C)[C@@]1(O)C[C@@H](OC(=O)\C=C\C(=O)NC2=C(O)CCC2=O)[C@H](C)[C@H](O1)C(C)C
5852,CCN(CC)CCOC1=CC=C(C=C1)C(=C(\Cl)C1=CC=CC=C1)\C1=CC=CC=C1
5853,OC(=O)COC(=O)CC1=CC=CC=C1NC1=C(Cl)C=CC=C1Cl
5854,CC(C(O)=O)C1=CC=C2SC3=C(C=CC=C3)C(=O)CC2=C1
5855,CCC(=O)C1(CCN(C)CC1)C1=CC(O)=CC=C1
5856,CC1=C(C)C(=O)C(C(CCCCCC(O)=O)C2=CC=CC=C2)=C(C)C1=O
5857,CC(C)(C)C1CCC(CC1)C1=C(O)C(=O)C2=CC=CC=C2C1=O
5858,OC(=O)C1=C(\C=C\C(=O)NC2=CC=CC=C2)C2=C(Cl)C=C(Cl)C=C2N1
5859,NC1=C(Br)C=C(Br)C=C1CN[C@H]1CC[C@H](O)CC1
5860,C[C@@H]1C(=O)O[C@H]2C[C@@]34[C@H]5C[C@@H](C(C)(C)C)[C@@]33[C@@H](O)C(=O)O[C@H]3O[C@@]4(C(=O)O5)[C@@]12O
5861,C[C@@H]1C(=O)O[C@H]2[C@H](O)[C@@]34[C@H]5C[C@@H](C(C)(C)C)[C@@]33[C@@H](O)C(=O)O[C@H]3O[C@@]4(C(=O)O5)[C@@]12O
5862,C[C@@H]1C(=O)O[C@H]2[C@H](O)[C@]34[C@@H]5OC(=O)[C@]3(O[C@@H]3OC(=O)[C@H](O)[C@]43[C@@H]([C@H]5O)C(C)(C)C)[C@@]12O
5863,C[C@@H]1C(=O)O[C@H]2C[C@]34[C@@H]5OC(=O)[C@]3(O[C@@H]3OC(=O)[C@H](O)[C@]43[C@@H]([C@H]5O)C(C)(C)C)[C@@]12O
5864,C[C@H]1C2[C@@H](OC1=O)[C@H](O)[C@]13[C@@H]4OC(=O)[C@]21O[C@@H]1OC(=O)[C@H](O)[C@]31[C@@H]([C@H]4O)C(C)(C)C
5865,[H][C@@]1(CC[C@]2(C)[C@]1([H])[C@H](O)C[C@]1([H])[C@@]3(C)CC[C@H](O[C@@H]4O[C@H](CO)[C@@H](O)[C@H](O)[C@H]4O[C@@H]4O[C@H](CO)[C@@H](O)[C@H](O)[C@H]4O)C(C)(C)[C@]3([H])CC[C@@]21C)[C@](C)(CCC=C(C)C)O[C@@H]1O[C@H](CO[C@@H]2OC[C@H](O)[C@H](O)[C@H]2O)[C@@H](O)[C@H](O)[C@H]1O
5866,[H][C@@]1(CC[C@]2(C)[C@]1([H])[C@H](O)C[C@]1([H])[C@@]3(C)CC[C@H](O[C@@H]4O[C@H](CO)[C@@H](O)[C@H](O)[C@H]4O[C@@H]4O[C@H](CO)[C@@H](O)[C@H](O)[C@H]4O)C(C)(C)[C@]3([H])CC[C@@]21C)C(C)(CCC=C(C)C)O[C@@H]1O[C@H](CO[C@@H]2O[C@H](CO)[C@@H](O)[C@H](O)[C@H]2O)[C@@H](O)[C@H](O)[C@H]1O
5867,CC(C)=CCC[C@](C)(O[C@@H]1O[C@H](CO)[C@@H](O)[C@H](O)[C@H]1O)[C@H]1CC[C@]2(C)[C@@H]1[C@H](O)C[C@@H]1[C@@]3(C)CC[C@H](O)C(C)(C)[C@@H]3[C@H](C[C@@]21C)O[C@@H]1O[C@H](CO)[C@@H](O)[C@H](O)[C@H]1O
5868,CCOC1=C(OCC)C=C(\C=C2/NCCC3=CC(OCC)=C(OCC)C=C23)C=C1
5869,C1=C(C=C(C(=C1O)O)S(=O)(=O)[O-])S(=O)(=O)[O-].[Na+].[Na+]
5870,OP(O)(=O)OCC(Cl)(Cl)Cl
5871,
5872,C\C(\C=C\C=C(/C)\C=C\C1=C(C)CCCC1(C)C)=C/C=C/C=C(\C)/C=C/C=C(\C)/C=C/C1=C(C)CCCC1(C)C
5873,C[N+](C)(C)CC([O-])=O
5874,[Mn++]
5875,CCCC(=O)NCC(=O)NCC1=CC=C(C=C1)Cl
5876,CS(=O)(=O)CC(=O)NC1=CC=C(C=C1)OC(F)F
5877,CN(C)C(CNC(=O)C1=CN(N=C1)C2=CC=CC=C2)C3=CC=C(C=C3)OC
5878,CC(N\C(NC#N)=N\C1=CC=NC=C1)C(C)(C)C
5879,[H]N([H])C(=NCCC[C@H](N([H])C(=O)CN([H])C)C(=O)N([H])[C@@H](C(C)C)C(=O)N([H])[C@@H](CC1=CC=C(O)C=C1)C(=O)N([H])[C@@H](C(C)C)C(=O)N([H])[C@@H](CC1=CN=CN1[H])C(=O)N1CCC[C@H]1C(=O)N([H])[C@@H](C)C(O)=O)N([H])[H]
5880,C1CN=C(N1)C1CCCC2=CC=CC=C12
5881,CN1CCC(CC1)=C1C2=NC=C(C=O)N2CCC2=CC=CC=C12
5882,[NH4+].[Cl-]
5883,[NH4+].CC(O)C([O-])=O
5884,CN1C(CCCC(O)=O)=NC2=CC(=CC=C12)N(CCCl)CCCl
5885,OCC1=CC=CC=C1
5886,N[C@@H]1CCCCN(C1)C1=C(F)C=C2C(=O)C(=CN(C3CC3)C2=C1Cl)C(O)=O
5887,[H][C@]12[C@H](OC(=O)C3=CC=CC=C3)[C@]3(O)C[C@H](OC(=O)[C@H](O)[C@@H](NC(=O)OC(C)(C)C)C4=CC=CC=C4)C(C)=C([C@@H](OC)C(=O)[C@]1(C)[C@H](C[C@H]1OC[C@@]21OC(C)=O)OC)C3(C)C
5888,
5889,COC1=C(O)C=CC(CNC(=O)CCCC\C=C\C(C)C)=C1
5890,NC(=O)N[C@@H](CCC(O)=O)C(O)=O
5891,
5892,[H][C@@]1(CC[C@@]2([H])[C@]3([H])[C@H](O)C[C@]4([H])C[C@H](O)CC[C@]4(C)[C@@]3([H])CC[C@]12C)[C@H](C)CCC(O)=O
5893,[Cu++].[O-]S([O-])(=O)=O
5894,C1=CC2=C(C(=C1)NC(=O)CC3=CN4C=CSC4=N3)N=CC=C2
5895,[H][C@@]12CC[C@H](C(=O)COC(C)=O)[C@@]1(C)CC[C@@]1([H])[C@@]2([H])CCC2=CC(=O)CC[C@]12C
5896,[H][C@@]12CC[C@](OC(=O)CCC)(C(=O)COC(C)=O)[C@@]1(C)C[C@H](O)[C@@]1(F)[C@@]2([H])C[C@H](F)C2=CC(=O)C=C[C@]12C
5897,OCC(S)CS
5898,[Fe+3].[Fe+3].[Fe+3].[Fe+3].N#C[Fe-4](C#N)(C#N)(C#N)(C#N)C#N.N#C[Fe-4](C#N)(C#N)(C#N)(C#N)C#N.N#C[Fe-4](C#N)(C#N)(C#N)(C#N)C#N
5899,[67Ga+3].OC(CC([O-])=O)(CC([O-])=O)C([O-])=O
5900,CCNC(NCC)=NCCCC[C@@H](NC(=O)[C@H](CC1=CC=C(O)C=C1)NC(=O)[C@H](CO)NC(=O)[C@@H](CC1=CC=CN=C1)NC(=O)[C@@H](CC1=CC=C(Cl)C=C1)NC(=O)[C@@H](CC1=CC2=CC=CC=C2C=C1)NC(C)=O)C(=O)N[C@@H](CC(C)C)C(=O)N[C@@H](CCCCN=C(NCC)NCC)C(=O)N1CCC[C@H]1C(=O)N[C@H](C)C(N)=O
5901,[H][C@@]12C[C@H]3OC(C)(C)O[C@@]3(C(=O)CCl)[C@@]1(C)C[C@H](O)[C@@]1(F)[C@@]2([H])CCC2=CC(=O)CC[C@]12C
5902,C[N+]1(C)CCN(CC(O)(C2CCCCC2)C2=CC=CC=C2)CC1
5903,CC(O)=O.CC(O)=O.CCNC(=O)[C@@H]1CCCN1C(=O)[C@H](CCCNC(N)=N)NC(=O)[C@H](CC(C)C)NC(=O)[C@@H](CC1=CN(CC2=CC=CC=C2)C=N1)NC(=O)[C@H](CC1=CC=C(O)C=C1)NC(=O)[C@H](CO)NC(=O)[C@H](CC1=CNC2=C1C=CC=C2)NC(=O)[C@H](CC1=CNC=N1)NC(=O)[C@@H]1CCC(=O)N1
5904,[H][C@@]12CC[C@](OC(=O)CCCCC)(C(C)=O)[C@@]1(C)CC[C@@]1([H])[C@@]2([H])CCC2=CC(=O)CC[C@]12C
5905,[H]N([H])CCCCC1N([H])C(=O)C(CC2=CN([H])C3=CC=CC=C23)N([H])C(=O)C(CC2=CC=C(O)C=C2)N([H])C(=O)C(CSSCC(N([H])C(=O)C(N([H])C1=O)C(C)C)C(=O)N([H])C(C(C)O)C(=O)N([H])[H])N([H])C(=O)C(CC1=CC2=CC=CC=C2C=C1)N([H])[H]
5906,[La+3].[La+3].[O-]C([O-])=O.[O-]C([O-])=O.[O-]C([O-])=O
5907,[H][C@](C)(CN(C)C)[C@@](CC1=CC=CC=C1)(OC(=O)CC)C1=CC=CC=C1
5908,OC(=O)C(=O)NC1=CC(=CC(NC(=O)C(O)=O)=C1Cl)C#N
5909,NCC1=CC=C(C=C1)S(N)(=O)=O
5910,[Mn++].CC1=C(O)C(CN(CCN(CC([O-])=O)CC2=CC(COP(O)(O)=O)=NC(C)=C2O)CC([O-])=O)=CC(COP(O)(O)=O)=N1
5911,CCC(C)C(C)(COC(N)=O)COC(N)=O
5912,C1N2CN3CN1CN(C2)C3
5913,C[N@+]1(CC2CC2)CC[C@]23[C@H]4OC5=C(O)C=CC(C[C@@H]1[C@]2(O)CCC4=O)=C35
5914,CCCCCCCC(=O)OCC(O)CO
5915,NC(=O)CC1=CC=CC(C(=O)C2=CC=CC=C2)=C1N
5916,OC1=C(C=C(Cl)C=C1)C(=O)NC1=C(Cl)C=C(C=C1)[N+]([O-])=O
5917,CCCCCCCCCC1=CC=C(OCCOCCOCCOCCOCCOCCOCCOCCOCCO)C=C1
5918,NC1=CC(O)=C(C=C1)C(=O)OC1=CC=CC=C1
5919,C(N1CCCNCCNCCCNCC1)C1=CC=C(CN2CCCNCCNCCCNCC2)C=C1
5920,CO[C@@H]([C@@H]1CC2=CC3=CC(O[C@H]4C[C@@H](O[C@H]5C[C@@H](O)[C@H](O)[C@@H](C)O5)[C@H](O)[C@@H](C)O4)=C(C)C(O)=C3C(O)=C2C(=O)[C@H]1O[C@H]1C[C@@H](O[C@H]2C[C@@H](O[C@H]3C[C@](C)(O)[C@H](O)[C@@H](C)O3)[C@@H](O)[C@@H](C)O2)[C@H](O)[C@@H](C)O1)C(=O)[C@@H](O)[C@@H](C)O
5920,CO[C@@H]([C@@H]1CC2=CC3=CC(O[C@H]4C[C@@H](O[C@H]5C[C@@H](O)[C@H](O)[C@@H](C)O5)[C@H](O)[C@@H](C)O4)=C(C)C(O)=C3C(O)=C2C(=O)[C@H]1O[C@H]1C[C@@H](O[C@H]2C[C@@H](O[C@H]3C[C@](C)(O)[C@H](O)[C@@H](C)O3)[C@@H](O)[C@@H](C)O2)[C@H](O)[C@@H](C)O1)C(=O)[C@@H](O)[C@@H](C)O
5921,CCCCCCCCCCCCOCCOCCOCCOCCOCCOCCOCCOCCOCCO
5922,C=CN1CCCC1=O.II
5923,NC1=NC2=NC=C(CC(CC#C)C3=CC=C(C=C3)C(=O)N[C@@H](CCC(O)=O)C(O)=O)N=C2C(N)=N1
5924,CC(CC1=CC=C2OCOC2=C1)NCC(O)C1=CC=C(O)C(O)=C1
5925,[O-][N+]1=C(S)C=CC=C1
5926,CN(C)C1=CC2=C(C=C1)[N+](C)=C(\C=C\C1=C(C)N(C(C)=C1)C1=CC=CC=C1)C=C2
5927,CN1C(=O)C(O)=C(N=C1C(C)(C)NC(=O)C1=NN=C(C)O1)C(=O)NCC1=CC=C(F)C=C1
5928,OC(=O)CCCC1=CC=CC=C1
5929,ClC1=CC=C(CSC(CN2C=CN=C2)C2=C(Cl)C=C(Cl)C=C2)C=C1
5930,COC1=CN=C(NS(=O)(=O)C2=CC=C(N)C=C2)N=C1
5931,CC(C)(C)C1=NOC(=N1)CS(=O)(=O)CC(=O)N(C)C
5932,CC(S)C(=O)NCC(O)=O
5933,NCCNCCNCCN
5934,CC(C)C[C@H](NC(=O)[C@@H](CC1=CNC2=CC=CC=C12)NC(=O)[C@H](CC1=CC=C(O)C=C1)NC(=O)[C@H](CO)NC(=O)[C@H](CC1=CNC2=C1C=CC=C2)NC(=O)[C@H](CC1=CNC=N1)NC(=O)[C@@H]1CCC(=O)N1)C(=O)N[C@@H](CCCNC(N)=N)C(=O)N1CCC[C@H]1C(=O)NCC(N)=O
5935,CCCCCCCC(=O)CC[C@H]1[C@H](O)C[C@H](O)[C@@H]1C\C=C/CCCC(O)=O
5936,[H][C@@]1(C[C@H](O)NC(=N)N1)[C@]1([H])NC(=O)\C(NC(=O)[C@H](CO)NC(=O)[C@H](CO)NC(=O)[C@H](CNC1=O)NC(=O)C[C@@H](N)CCCN)=C\NC(N)=O
5937,C(CN1C=CC=C1)OC1=CC2=C(NC=C2)C=C1
5938,OC(=O)COC1=C(SC(=C1Br)C1=CC=CC(NC2CCCCC2)=C1)C(O)=O
5939,CCCCCCC(O)(P(O)(O)=O)P(O)(O)=O
5940,COC1=CC=CC=C1N1C(=O)C2=C(Cl)C=CC=C2N=C1CSC1=C2N=CNC2=NC=N1
5941,OC1=CC2=C(OC(=N2)C2=CC=C(O)C(F)=C2)C(C=C)=C1
5942,CC1=CC=C(C=C1)N1C=C(CNCC2CCCCC2)C2=CC=CC=C12
5943,CN1C=C(C2=CC3=CC=CN=C3N2)C2=CC(=CC=C12)C(=O)NC(C)(C)CO
5944,[H][C@@](C[P@@](O)(=O)[C@@]([H])(NS(=O)(=O)CCC1=CC=CC=C1)C(C)C)(C(O)=O)C1=CC=CC(CN)=C1
5945,[H]N(CCO)S(=O)(=O)C1=C(Cl)C=CC(=C1)C1=C(C)N=C(S1)N([H])C(C)=O
5946,[H][C@](CC(=O)NO)(CC1=CC(O)=CC=C1)C(=O)N[C@@]1([H])C2=C(C[C@@]1([H])O)C=CC=C2
5947,COC(=O)[C@@H](N)CC1=CC=CC=C1
5948,[H][C@@](CC(C)C)(NC(=O)OCC)C(O)=O
5949,[H][C@](N)(CCCCN)B(OCC)OCC
5950,NC(N)=NCCC[C@H](NC(=O)[C@@H]1CCCN1C(=O)[C@H]([NH3+])CC1=CC=CC=C1)[C@H](O)CCl
5951,[H][C@@]1(CC2=CC(OCCCC)=C(OC)C=C2)CNC(=O)N1
5952,[H][C@]1(C)O[C@]([H])(C[C@]1([H])OP(O)(O)=O)N1C=NC2=C1N=CN=C2N
5953,O=C1N=C2C=CC3=C(SC=N3)C2=C1CNC1=CC=C(C=C1)S(=O)(=O)NC1=CC=CC=N1
5954,[H][C@]1(CCCN1C(=O)CNC1CCCC1)C(=O)NCC1=CC=C(C=C1)C(N)=N
5955,[H][C@@](C)(C#CC1=C(N)N=C(N)N=C1C)C1=CC(OC)=C(C=C1)C1=CC=CC=C1
5956,CSC1=C2C=CC=CC2=C(S1)C(=O)N1CCC2(COC3=C2C=C(CN)C=C3)CC1
5957,NCC1=CC2=C(OCC22CCN(CC2)C(=O)\C=C\C2=CC=CC=C2)C=C1
5958,[H][C@]1(CCCN1C(=O)CNC1CCCCC1)C(=O)NCC1=CC=C(C=C1)C(N)=N
5959,C(NC1=CC=CC=C1)C1=CC=CN=C1
5960,ClC1=CC2=C(NC(=O)C(C3=NC4=CC=CC=C4N3)=C2N[C@@H]2CN3CCC2CC3)C=C1
5961,[H][C@]1(CCCN1C(=O)CNC1CCCCCC1)C(=O)NCC1=CC=C(C=C1)C(N)=N
5962,CC(C)COC1=C(O)C(=CC=C1)C1=NC2=CC(C(N)=N)=C(F)C=C2N1
5963,[H][C@]1(C)CCCC[C@]1([H])OC1=C(O)C(=CC=C1)C1=CC2=CC(C(N)=N)=C(F)C=C2N1
5964,CC1=CC(I)=C(O)C(=C1)C(=O)NC1=CC(Cl)=C(C=C1)C(N)=N
5965,[H][C@]1(CCCN1C(=O)CNC1CCCCCCC1)C(=O)NCC1=CC=C(C=C1)C(N)=N
5966,NC(=N)NOCCCOC1=CC(Cl)=CC(=C1)C(=O)N(CC=C)C1CCCC1
5967,CC1=C2C(=O)N(C(=O)C2=CC=C1)C1=CC=NC(Cl)=C1
5968,[H][C@](CCCCC(N)=N)(C=O)[C@@]1([H])CCC[C@]1([H])O
5969,OC(=O)C1=C(O)C=CC(=C1)S(=O)(=O)NCCS
5970,[H][C@@]1(O)C=CC=C(C(=O)CCC(O)=O)[C@@]1([H])C(O)=O
5971,[H][C@](CCCCC(N)=N)(C(O)=O)[C@@]1([H])C2=C(C[C@]1([H])O)C=CC(=C2)C1=CC=C(O)C=C1
5972,[H][C@](CCCCC(N)=N)(C(O)=O)[C@@]1([H])C2=C(C[C@]1([H])O)C=C(C=C2)C1=CC(OC)=CC=C1
5973,CCOCCOCCOCCOCCOCCOCC
5974,[H][C@]1(CCCN1C(=O)CCC(C)C)C(=O)NCC1=CC(Cl)=CC=C1
5975,[H][C@@](N)(C1CCCCC1)C(=O)N1CCC[C@@]1([H])C(=O)NCC1=C(OCC(=O)NCC)C=CC(Cl)=C1
5976,[H][C@@]12CC[C@@](O)(CC)[C@@]1(CC)C=CC1=C3CCC(=O)C=C3CC[C@@]21[H]
5977,[H][C@@]12CC[C@@](C)(O)[C@@]1(C)CCC1=C2C=CC2=CC(O)=CC=C12
5978,OCCOCN1C=C(SC2=CC=CC=C2)C(=O)NC1=O
5979,OCCOCN1C=C(CC2=CC=CC(OCC3=CC=CC=C3)=C2)C(=O)NC1=O
5980,CC1=CC(=CC(C)=C1OC1=C(Br)C(CO)=NC(NC2=CC=C(C=C2)C#N)=N1)C#N
5981,OC1=CC=C2C=C(C=C(C#N)C2=C1)C1=CC=C(O)C(F)=C1
5982,CN1CCN(CC1)C1=CC=C(C=C1)C1=CC2=C(NC=C2NC(=O)C2=CN=CC=C2)N=C1
5983,CN(C)C(=O)C1=CC(=CN1)C1=NNC=C1C1=CC=CC=C1
5984,[H][C@@](N)(CC)C(=O)N1CCC[C@@]1([H])C(=O)NCC1=CC=CC(Cl)=C1
5985,CCN1C2=C(F)C=CC(F)=C2C(N)=NC11CCN(CC1)C(=O)C1=CN=C(CC1)C#N
5986,[H][C@](N)(C1CCCC1)C(=O)N1[C@]([H])(CN)CC[C@]1([H])C#CC
5987,CCCC(=O)C(\O)=C\OP(O)(O)=O
5988,CC(C)(C)C1=NN(C(NC(=O)NC2=C3C=CC=CC3=CC=C2)=C1)C1=CC=CC(N)=C1
5989,CC(C)(C)C1=NN(C(NC(=O)NC2=CC=CC=C2)=C1)C1=CC=CC(N)=C1
5990,CC(C)C1=CC=C(CNNC(=O)C2=CC=C(O)C=C2)C=C1
5991,OC(=O)CCO\N=C\C1=C(C=CC=C1)C(F)(F)F
5992,[H][C@](C)(O)[C@]([H])(CC1=CC=CC=C1)NC(=O)[C@]1([H])CCCN1C(=O)[C@]([H])(C)NC(=O)OCC1=CC=CC=C1
5993,CNC(=O)[C@@H]1CC2=CC=C(NS(O)(=O)=O)C=C2CN1C(=O)OC(C)(C)C
5994,[H][C@]12CN(CCN3NC4=C(C=CC=C4C3=O)C3=NC4=C(NC3=O)C=CC=C4O1)[C@]([H])(C)C2
5995,O=C1N(CC2=NN=NN2)C=NC2=C1C1=C(CCCC1)S2
5996,[H][C@](CC)(C(=O)NC1=CC=NC=C1)C1=CC=CC=C1
5997,NC1=C(F)C=C(C=C1Cl)S(=O)(=O)NC1=NN=C(S1)S(N)(=O)=O
5998,[H][C@@]1(F)C(F)=CC=C(C(=O)NOCCO)\C1=N\C1=C(F)C=C(I)C=C1
5999,CCCCCCCCCCS(O)(=O)=O
6000,CCCCCCCCCCCCO
6001,FC1=CC=C(C=C1)N1C=CC=C(C(=O)NC2=CC=C(OC3=CC=NC4=C3C=CN4)C(F)=C2)C1=O
6002,[H][C@@](C)(NC1=CC2=C(ON=C2C2=CC(Cl)=CC(CCCO)=C2)C=N1)C1=CC=CC=C1
6003,CN1C(N)=NC2=C1C=C(C=N2)C1=CC=C(O)C=C1
6004,CCC1=NC(N)=NC(N)=C1C1=CC=C2SC(C)(C)C(=O)N(CCNC(C)=O)C2=C1
6005,NC(=N)NC1=CC=C(CO)C=C1
6006,[H][C@](CC=C)(C=O)[C@@]1([H])CCC[C@]1([H])O
6007,CC(C)(C1=CC=CC=C1)C1=CC=C(O)C=C1
6008,[H][C@]1(C)CC[C@]2([H])C(=C[C@@]3([H])CC(C)(C)C[C@@]123)C(O)=O
6009,[H][C@](C)(OC(C)=O)[C@@]([H])(C=O)[C@@]1([H])NC(=CS1)C(=O)OCC=C
6010,[H][C@](C)(\C=C(/C)\C=C\[C@]([H])(N)[C@]([H])(C)C(O)=O)[C@]([H])(CC1=CC=CC=C1)OC
6011,CCOC(=O)C1=CN=C(N)N=C1O
6012,OC(=O)C1=CC2=C(C=C1)N=C(O2)C1=C(Cl)C=CC=C1Cl
6013,[H][C@@](CC1=CC2=C(C=C1)N(CC1=C(C)OC(=N1)C1=C(Cl)C=CC=C1)C=C2)(OCC)C(O)=O
6014,CCN1N=CC2=C1N=CC(C(=O)NCC1=CC=CC=C1)=C2NC1CCOCC1
6015,[H][C@]1(CC2=CC=CC=C2)N(CC=C)C(=O)N(CC=C)[C@]([H])(CC2=CC=CC=C2)[C@]([H])(O)[C@@]1([H])O
6016,[H][C@@](N)(CC(C)C)C(=O)N1CCC[C@@]1([H])C(=O)NCC1=CC(Cl)=CC=C1
6017,O=CCCCC=C(CCC=C(CCC=O)C=O)C=O
6018,[H]S[C@@H](N([H])C1=CC(=CC(=C1)C(F)(F)F)C(F)(F)F)C(C#N)C(=O)N([H])[H]
6019,ClC1=CC=C(CCC2(CN3C=CN=C3)OCCO2)C=C1
6020,OC1=CC(O)=C2C(O)=CC(O)=C(O)C2=C1
6021,[H][C@@]1(CCCN1C1=NC(=NC(C)=C1)N1C=CN=C1)C(=O)NCCC1=CC2=C(OCO2)C=C1
6022,FC1=CC=C(C=C1)C(=O)C1=CC=NC=C1
6023,CC1=CC=CC=C1C1=CC2=C(N1)C=C(C=C2)C(N)=N
6024,[H][C@@](N)(CC1=CC=CC=C1)C(=O)N1CCC[C@@]1([H])C(=O)NCC1=CC(Cl)=CC=C1
6024,[H][C@@](N)(CC1=CC=CC=C1)C(=O)N1CCC[C@@]1([H])C(=O)NCC1=CC(Cl)=CC=C1
6025,[H][C@@]1(CN(C(=O)NC2=CC=C(Cl)C=C2)[C@]([H])(C1)C(=O)NC1=CC=C(C=C1F)N1C=CC=CC1=O)OC
6026,[H][C@@](C[P@](O)(=O)[C@@]([H])(NS(=O)(=O)C1=CC=CC=C1)C(C)C)(C(O)=O)C1=CC(CN)=CC=C1
6027,[H][C@](CC1=CC=CC2=CC=CC=C12)(N1C(=O)C2=CC=C(C=C2C1=O)C(O)=O)C(O)=O
6028,CC1=CC=CC(=C1)C1=CC2=C(N1)C=CC(=C2)C(N)=N
6029,[H][C@@](CC1=CC=CC=C1)(C[N+]([O-])=O)C(O)=O
6030,CC1=CC=C(C=C1C1=CC=C2N=C(N)N=CC2=C1)C(=O)NC1=CC=CC(=C1)C(F)(F)F
6031,[H][C@](O)(CCCCC)\C=C\C=C/CCCCCCCC(O)=O
6032,OC1=CC=C(C=C1)C1=CC2=C(O1)C(CC#N)=CC(O)=C2
6033,[H][C@@](CCC(O)=O)(C[P@](O)(=O)CC1=CC=C(I)C=C1)C(O)=O
6034,[H][C@]1(CCCN1C(=O)CCC)C(=O)NCC1=CC=C(C=C1)C(N)=N
6035,NC(=N)NC(=O)CN1C(=CC=C1C1=CC=CC=C1)C1=CC=CC=C1
6036,CCCCCCCCC(O)(P(O)(O)=O)P(O)(O)=O
6037,COC1=CC2=NC=C3C(N)=NC4=C(C)C(N)=CC=C4C3=C2C=C1OC
6038,CC(C)(C)NS(=O)(=O)C1=CC=C(C=C1)C1=CN=C2C=CC=C(NC3=CC=CC=N3)C2=C1
6039,[H][C@@](O)(CCCl)C1=CC=CC=C1
6040,OC(=O)C1=CC=C(C=C1)C1=C(F)C=CC=C1F
6041,[H][C@]1(CCCN1C(=O)CCC(C)C)C(=O)NCC1=CC=C(C=C1)C(N)=N
6042,OC1=CC2=C(C=C1)C(=NO2)C1=C(O)C=C(O)C=C1
6043,CNC(=O)C1=NC=CC(OC2=CC3=C(C=C2)N=C(NC2=CC(=C(Cl)C=C2)C(F)(F)F)N3)=C1
6044,[H][C@@](N)(C(=O)N1CC[C@]([H])(F)C1)[C@@]([H])(C)[C@@]1([H])CC[C@@]([H])(CC1)N(C)C(C)=O
6045,CCNC(=O)C1=CN2N=CN=C(NC3=CC(=CC=C3C)C(=O)NOC)C2=C1C
6046,CN1CCN(CC1)C1=C(C\N=N/C(N)=S)C=CC=C1
6047,[H][C@]1(CCCN1C(=O)CCC1=CC=CC=C1)C(=O)NCC1=CC=C(C=C1)C(N)=N
6048,[H][C@]1(S)CCN(C1)S(=O)(=O)C1=CC=C(OCC#CC)C=C1
6049,O=C(CC1=CC2=C(C=CC=C2)C=C1)NC1=CC(=NN1)C1CC1
6050,ONC(=O)C1(CCOCC1)S(=O)(=O)C1=CC=C(OC2=CC=C(C=C2)C(F)(F)F)C=C1
6051,[H][C@@](O)(C(O)=O)[C@@]([H])(O)C1=CC=C(F)C=C1
6052,[H][C@@](N)(CC)C(=O)N1CCC[C@@]1([H])C(=O)NCC1=CC=C(C=C1)C(N)=N
6053,C(OC1=C2NC=NC2=NC(NC2=CC=CC=C2)=N1)C1CCCCC1
6054,OC1=C(Br)C=C(\C=N\NC(=O)C2=CC=C3C=CC=CC3=C2)C(O)=C1Br
6055,OC1=C(Br)C=C(\C=N\NC(=O)C2=CC=C(Cl)C=C2)C(O)=C1Br
6056,[H][C@](CC)(C(O)=O)[C@]([H])(NS(=O)(=O)C1=CC=C(C)C=C1)C(O)=O
6057,OC(=O)[C@@]1(O)OC2=CC=CC=C2C=C1
6058,[H][C@](OCC1=NC(Cl)=C(C=C1C1=CC(Cl)=CC=C1)C#N)(C1=CN=CN1C)C1=CC=C(C=C1)C#N
6059,NS(=O)(=O)OC1=CC=C2C=C(CC3CCCCCC3)S(=O)(=O)C2=C1
6060,OC(=O)C1=C(C2=CNC3=C(Cl)C=CC=C23)C(=C(N1)C(O)=O)C1=CNC2=C(Cl)C=CC=C12
6061,CC(=O)C1=CC=C(NC(=O)C2=C(NN=C2)C2=CC(Cl)=C(O)C=C2O)C=C1
6062,CS(=O)(=O)C1=CC=C(CN2CCN(CC2)C2=C(NN=C2)C2=CC(Cl)=C(O)C=C2O)C=C1
6063,CCNC(=O)C1=NNC(=C1N1CCNCC1)C1=CC(Cl)=C(O)C=C1O
6064,[H]N([H])[C@H](COC1=CN=CC(=C1)C1=CC2=C(C=C1)C=NC=C2)CC1C=NC2=CC=CC=C12
6065,[H][C@@](O)(\C=C\CCCCCCCCCCCCC)[C@@]([H])(CO)NC(C)=O
6066,CCNC(=O)C1=NOC(=C1C1=CC=C(CN2CCOCC2)C=C1)C1=C(O)C=C(O)C(Cl)=C1
6067,NCC1=CC=C2OCC3(CCN(CC3)C(=O)C3=CC=C(O3)C#CC3=CC=CC=C3)C2=C1
6068,[H][C@@](C)(NC1=CC2=C(C=N1)C(C)=NN2C1=CC=CC(CCC(N)=O)=C1)C1=CC=CC=C1
6069,CCNC(=O)C1=NOC(=C1C1=CC=C(OC)C=C1)C1=C(O)C=C(O)C(Cl)=C1
6070,CCCCCCP(O)(=O)OC[C@H](C)CC1=CC=CC=C1
6071,CCCCCCP(O)(=O)OC[C@@H](C)CC1=CC=CC=C1
6072,CCC1=NC(N)=NC(N)=C1C1=CC2=C(C=C1)C1=CC=CC=C1N2CCCOC
6073,C(CCCN1C=CN=C1)CCN1C=CN=C1
6074,CCNC(=O)C1=CC2=C(N=C(N)N=C2S1)C1=C(Cl)C=C(Cl)C(OCCN2CCCC2)=C1
6075,CCN(CC)S(=O)(=O)C1=CC=C(Cl)C(=C1)C(=O)NC1=C(C#N)C2=C(CCC2)S1
6076,CN(CCOC1=CC=C(C=C1)C1=CC=C(C=C1)C#N)C(=O)NO
6077,ClC1=CC(=CC(Cl)=C1)C1=C(C#N)[C@@]2(CC3=CC=C(C=C3)C#N)CCCN2C1=O
6078,CC(C)(C1=CC=C(O)C=C1)C1=CC=C(O)C=C1
6079,COC1=CC=C2N=C(NS(=O)(=O)C2=C1)C1=C(O)C(=NN(CCC(C)C)C1=O)C1=CC=CC=C1
6080,[H][C@]1(CCCN1)C1=CC(NC(=O)NC2=CC=CC3=C2[C@]2([H])CCCN2C3=O)=NN1
6081,[H][C@@](N)(COC1=CN=CC(=C1)C1=CC2=CNN=C2C=C1)CC1=C2C=CC=CC2([H])N=C1
6082,COC1=CC=C(C=C1)C(=O)N\N=C\C1=CC(Br)=C(O)C(Br)=C1O
6083,CCCCCCCCCCCCSC1=C(N=NN1)C(O)=O
6084,[H][C@@](CCCC)(C(O)=O)C1=CNC2=C1C=CC=C2
6085,[H][C@@](CCC)(C(O)=O)C1=CNC2=CC=CC=C12
6086,[H][C@@](CCCCCCNC(=O)OC(C)(C)C)(C(O)=O)C1=CNC2=C1C=CC=C2
6087,OCC1=C2N=C(C=C(NCC3=CN=CC=C3)N2N=C1)C1=CC=CC=C1
6088,[H]N(CC1=CC=CC=C1)[C@H]1[C@@H](O)[C@@H](O)[C@@H](O)[C@]1([H])SC
6089,OC(=O)C1=C(NC(=O)N2CCC(CC2)C2=C(C=CC=C2)C(F)(F)F)C=CC=C1
6090,[H][C@]1(CC2=C(C=CC=C2)[C@@]1([H])O)NC(=O)C1=CC2=C(N1)SC(Cl)=C2
6091,CC(C)NC[C@@H](O)COC1=CC=C(CC(N)=O)C=C1
6092,[H][C@](N)(CC1=CC(\N=C\CC2=CC=CC=C2)=C(O)C=C1O)C(O)=O
6093,COC(=O)C(CC1=CC=CC=C1)(CC1=CC=C(NS(O)(=O)=O)C=C1)C(=O)OC
6094,OC(=O)C1=CC=C(\C=N\OCCO\N=C\C2=CC(=O)NC(=O)N2)C=C1
6095,[H][C@@](C)(CC)NC1=NC=C(S1)C(=O)NC1=C(C)C=CC(=C1)C(=O)NC
6096,CC1=CC=C(C=C1F)C1=NC(=CC=C1)C(=O)N1CCCC(C)(C)C1
6097,[H][C@@](N)(C(=O)N1CC[C@]([H])(F)C1)[C@]([H])(CC1CC1)C1([H])N[C@]([H])(NO1)C1=C(F)C=C(C=C1)S(C)(=O)=O
6098,[H][C@@](N)(C(F)=C1CCCC1)[C@]([H])(CC1CC1)C1=NC(=NO1)C1=CC=C(C=C1Cl)S(C)(=O)=O
6099,NC1=NC=CC(OC2=C(F)C=C(NC(=O)NC(=O)CC3=CC=C(F)C=C3)C=C2)=C1
6100,[H][C@@](N)(CC(C)C)C(=O)N1CCC[C@@]1([H])C(=O)NCC1=CC=C(C=C1)C(N)=N
6101,FC1=CC=C(CC(=O)NC(=O)NC2=CC(F)=C(OC3=CC=NC4=C3C=CN4)C=C2)C=C1
6102,[H][C@]1(CC2=C(Br)C(Br)=C(O)C(OCC)=C2)SC(=S)N(CC(O)=O)C1=O
6103,CCCS(=O)(=O)NC1=CC=C(F)C(C(=O)C2=CNC3=C2C=C(Cl)C=N3)=C1F
6104,CCS(=O)(=O)NC1=CC=C(F)C(C(=O)C2=CNC3=NC=C(C=C23)C2=CN=CC=C2)=C1F
6105,CCC[C@H]1COC2=C(SC=C2)C(N)=N1
6106,COC1=CC=NC(NC2CCN(CC2)C(=O)C2=CC=C(C=C2)C#N)=C1
6107,[H][C@]1(C)CN=C(N)C2=C(O1)C=CS2
6108,CCCCC#CC1=CC=C(O1)C(=O)NNC(=S)NC
6109,[H][C@@](N)(CC1=CC=CC=C1)C(=O)N1CCC[C@@]1([H])C(=O)NCC1=CC=C(C=C1)C(N)=[NH2+]
6110,COC1=CC=CC=C1C1=CC2=C(C3=C(C=CC(O)=C3)N2CCCO)C2=C1C(=O)NC2=O
6111,[H][C@@]1(COC2=CC=C3CCNCC3=C2)COC2=C(SC=C2)C(N)=N1
6112,C1OC2=C(O1)C=C(OC1=CC=NC(OC3=CC=C(C=C3)N3C=CN=C3)=N1)C=C2
6113,OC1=CC2=C(C=C1)N=C(O2)C1=C2C=CC=C(O)C2=CC=C1
6114,ClC1=CC(=CC=C1)C1=CNN=C1C1=CNC(=C1)C(=O)NCC1=CC=CC=C1
6115,[H][C@@]1(CCCN(CC2=CC3=C(OCO3)C=C2)C1)OC1=CC=C(C=C1)N1C=CN=C1
6116,NC1=NC2=CC3=C(C=C2C(=O)N1)N=CN3
6117,CC#CCNC1=CC=C(C=C1)S(=O)(=O)CC1(CCN(CC1)C(=O)OC(C)(C)C)C(=O)NO
6118,COC1=C(F)C=C(CSC2=NN=C(O2)C2=CC3=C(OCO3)C=C2)C=C1
6119,[H][C@]1(N)CN(C[C@@]1([H])C(=O)N1CCCC1)C(=O)C1=CN=C2C=CC=CC2=N1
6120,[H][C@]1(C)CNC2=C(C1)C=CC=C2S(=O)=O
6121,C[C@H](NC1=NC(=O)[C@@](C)(S1)C(C)(C)O)C1=CC=C(F)C=C1
6122,CCC1=C(C)NC(=O)C(N(C)CCOC)=C1CC1=CC=CC(C)=C1
6123,[H][C@@]1(C)CCC2=CC(C[C@@](C)(N)C(=O)OCC3=CC(CC1)=NC(=C3)N(C)S(C)(=O)=O)=CC=C2
6124,O=C(NC1=CC(=CC=C1)C1=NNC2=CC=C(C=C12)C1=NNC=N1)C1=CC=CO1
6125,[H][C@]1(N)CN2C(C[C@]1([H])C1=CC(F)=C(F)C=C1F)=NC1=C2C=CN=C1
6126,NC(=N)C1=CC2=C(NC(=O)C3=CC=CC(=C3)S(=O)(=O)OCCCO)C=CC=C2C=C1
6127,[H]N([H])C(=NC[C@H](OC(=O)C1=CN=CC=C1)C1=CC=C(C=C1)B1OC[C@@H](CO)O1)N([H])[H]
6128,CC1=CC(N2CCCS2(=O)=O)=C2OC(=C(O)C(=O)C2=C1)C1=CC=C(O)C(O)=C1
6129,NCC1CCN(CC2=CC3=C(NC(=C3)C3=CC4=CC=CC=C4NC3=O)C=C2)CC1
6130,[H][C@]12CN(C[C@]([H])(O1)[C@@]([H])(O2)C(=O)NCC1=CC=C(C=C1)C1=CC=CC=C1)C(=O)NO
6131,[H][C@@](N)(CC1=CC=CC=C1)C(=O)N1CCC[C@@]1([H])C(=O)NCC1=CC=CC(F)=C1
6132,OC(=O)COC1=CC(Cl)=CC=C1C(=O)NCC1=C(F)C=C(Br)C=C1
6133,CC1=NC(OC2=CC=C(C=C2)N2C=CN=C2)=NC(OC2=CC3=C(OCO3)C=C2)=C1
6134,OC(=O)COC1=CC(Cl)=CC=C1C(=O)NCC1=CC(=CC=C1)[N+]([O-])=O
6135,CC1(C)CCC(C)(C)C2=C1C=CC(=C2)[C@@H](O)C(=O)NC1=C(F)C=C(C=C1)C(O)=O
6136,OC1=CC=C(C=C1)C1=CC2=C(O1)C=CC(O)=C2
6137,[H][C@](C)(C1=CC=CN1)C1=C2C=C(O)C=CC2=NC1=O
6138,ON=C1C2=CC(OCC(O)=O)=CC=C2C2=C1C=C(OCC(O)=O)C=C2
6139,CCC1=C(C)NC(=O)C(I)=C1OC1=CC=CC(\C=C\C#N)=C1
6140,[H][C@@]12CC(F)(F)C[C@]1([H])[C@@]([H])(OC1=C2C=C(O)C=C1COC)C1=CC=C(O)C=C1
6141,[H][C@](O)(CN)CNC1=C2N=CC=CC2=C(C=C1)[N+]([O-])=O
6142,OC(=O)C1=CC=CC=C1NC1CCCCC1
6143,C[C@](O)(COC1=CC=C(C=C1)C#N)C(=O)NC1=CC=C(C#N)C(I)=C1
6144,NC(=O)C1=C(N)N=C2OC3=C(C=C(F)C=C3)C(=O)C2=C1
6145,CC(C)(CNC(=O)C1=CC=C(OC2=CC=CC=C2)C=C1)C1=NC2=NC(N)=NC(N)=C2C=C1
6146,CC(C)(C)C1=NC2=NC(N)=C(C=C2C(NCCC2=CNC=N2)=N1)C(N)=O
6147,CC(C)(C)C1=NC(N2CCN(CC2)C2=NC=CC=N2)=C2C=C(C(N)=O)C(N)=NC2=N1
6148,OC1=C(Br)C=C(\C=N\NC(=O)C2=CC=CC(Br)=C2)C(O)=C1Br
6149,[H][C@]1(CO)O[C@@]([H])(N2C(NCC3=CC=C(Cl)C(Cl)=C3)=NC3=C(N)N=CN=C23)[C@]([H])(O)[C@]1([H])O
6150,[H][C@@](O)(CO)CONC(=O)C1=CC=C(F)C(F)=C1NC1=CC=C(I)C=C1Cl
6151,OC(=O)C1=CC(=CC=C1O)C1=C(Cl)C=C(Cl)C=C1
6152,[H][C@]1(CC2=C(C1)C=C(C=C2)S(N)(=O)=O)NC(=O)C(CCC)CCC
6153,[H][C@@]1(C)CN(CCN1S(=O)(=O)C1=CC=C(C=C1)C(C)(C)C)C1=CC=C(C=C1)[N+]([O-])=O
6154,NS(=O)(=O)C1=NN=C(NS(=O)(=O)C2=CC=CC=C2)S1
6155,CCOC(=O)C1=C(C)N([NH+]=C1C)C1=CC=CC=C1
6156,[H][C@]1(CSCC)O[C@@]([H])(N2C=NC3=C2N=CN=C3N)[C@]([H])(O)[C@]1([H])O
6157,CCCC1=C2ON=C(C2=CC=C1OCCCOC1=CC2=C(C=C1)N(CC(O)=O)C=C2)C(F)(F)F
6158,[H][C@](O)(COC1=CC=C(NC2=NC=NC(NC3=C(F)C=CC(=C3)C(F)(F)F)=C2)C=C1)CN(C)C
6159,O=C1N(CCC2=NN=NN2)C(=O)C2=CC=CC=C12
6160,CCN(CC)C(=O)CC1=CC=CC(NS(=O)(=O)C2=C(C)C(Cl)=CC=C2)=N1
6161,[H][C@]1(CN(C(=O)C1)C1=C(O)C=CC=C1)C(O)=O
6162,COC1=CC=C(C=C1)N1C=NC2=C1C=C(C=C2)C1=NNC(=S)O1
6163,CCC1=NC(N)=NC(N)=C1C1=CC2=C(OC(C)(C)C(=O)N2CCNC(C)=O)C=C1
6164,[H][C@](O)(CC1=CNC2=C1C=CC=C2)C(O)=O
6165,[H][C@](O)(CNC1CCCCC1)CN1C2=C(CCCC2)C2=C1C=CC(C)=C2
6166,CC(C)CCN1N2C=CC=C2C(O)=C(C1=O)C1=NC2=C(C=C(NS(C)(=O)=O)C=C2)S(=O)(=O)N1
6167,OC(=O)CN1C=C(CC2=NC3=C(F)C(F)=CC(F)=C3S2)C2=C1C=CC=C2
6168,[H][C@@]1(CN(CC2=C1C=CC(C)=C2C)C(=O)N(C)C)C1=CC(O)=CC=C1
6169,ClC1=C(Cl)C(=CC=C1)C1=NC2=C(SC#N)C=NN2C(NCC2=CC=NC=C2)=C1
6170,[H][C@]1(CC2=C(NC1=O)C=CC=C2)NC(=O)C1=CC2=C(N1)SC(Cl)=C2
6171,[H][C@@](N)(C(=O)N1CCCC1)[C@]([H])(C)C1=NC(=NO1)C1=CC=C(C=C1)S(C)(=O)=O
6172,CCOC(=O)C(CCNC(=O)OC(C)(C)C)(CC1=CC=C(NS(O)(=O)=O)C=C1)C(=O)OCC
6173,OC(=O)CNC(=O)C1=CC(O)=CC=C1
6174,[H][C@](CC)(CC1=CC(CNC(=O)C2=C(F)C=C(C=C2)C(F)(F)F)=C(OC)C=C1)C(O)=O
6175,NC(N)=NCCC1=CC=C(C=C1)B1OC[C@@H](CO)O1
6176,[H][C@@]1(CC[C@]([H])(C2=C(F)C=C(F)C(F)=C2)[C@@]([H])(N)C1)N1CCN2C(C1)=NN=C2C(F)(F)F
6177,CC1(C)CC2=C(SC(=N2)N2CCOCC2)C(=O)C1
6178,COC(=O)C1=CC2=CC=C(C=C2C(NC(=O)C2=CC=CC(O)=C2C)=C1)C(N)=N
6179,NCC1CCN(CC2=CC3=C(NC(=C3)C3=NNC4=C3C=CC(=C4)C#N)C=C2)CC1
6180,NC(=N)C1=CC2=CC=C(C=C2C=C1)C(=O)NC1=CC=CC(OC2CCCC2)=C1
6181,NC(N)=NC1=CC=C(C=C1)B1OC[C@@H](CO)O1
6182,COC1=CC(=CC=C1O)C1=CC2=C(C=C1)\C(=C\C1=CC=CN1)C(=O)N2
6183,CC#CCOC1=CC=C(C=C1)S(=O)(=O)CCCS
6184,OC(C1=CC=C(C=C1)N(CC(F)(F)F)S(=O)(=O)C1=CC=CC=C1)(C(F)(F)F)C(F)(F)F
6185,[H][C@](N)(CC(=O)N1CCN2N=C(N=C2[C@@]1([H])C)C(F)(F)F)CC1=C(F)C=C(F)C(F)=C1
6186,OC(C1=CC=C(NCC(F)(F)F)C=C1)(C(F)(F)F)C(F)(F)F
6187,[H][C@@](N)(C(C1=CC=CC=C1)C1=CC=CC=C1)C(=O)N1CCC[C@@]1([H])C(=O)NCCC
6188,CC(=O)NC1=CC=C2OCCOCCOC3=C(OCCOCCOC2=C1)C=CC=C3
6189,CC(=O)C1=CC(F)=C(Cl)C=C1NCC(=O)NC1=CC=CC=C1C(O)=O
6190,[H][C@@]12C[C@@](CO)(CO[C@]1([H])C1=CC=C(O)C=C1)CC=C2C
6191,[H][C@]1(C)CC[C@]2(CO)CO[C@]([H])(C3=CC=C(O)C=C3)[C@@]1([H])[C@@]2([H])C
6192,[H][C@]1(CCCN1C(=O)COC1CCCC1)C(=O)NCC1=CC=C(C=C1)C(N)=N
6193,CCCOC1=CC=C(C=C1)C1=CSC(=C1CC(=O)NC(N)=N)C1=CC=CC=C1Cl
6194,[H][C@]1(CN(C2CCCCC2)C(=O)C1)C(=O)NC1=C(C)C(Cl)=CC=C1
6195,[H][C@]1(CCCN1C(=O)COC1CCCCC1)C(=O)NCC1=CC=C(C=C1)C(N)=N
6196,[H][C@@](N)(C(=O)N1CCC(F)(F)C1)[C@@]([H])(C(=O)N(C)C)[C@@]1([H])CC[C@@]([H])(CC1)C1=CN2N=CN=C2C=C1
6197,OC(=O)CN1C=CC(=O)N(CC2=NC3=CC(Cl)=CC=C3S2)C1=O
6198,NCC1=CC=C(S1)C1=CC=CS1
6199,[H][C@]1(CCCN1C(=O)CCC1CCCC1)C(=O)NCC1=CC=C(C=C1)C(N)=N
6200,NC1=CC=C2C(=O)NC(=O)C3=CC=CC1=C23
6201,CC(C)(C)C1=CC=C(C=C1)C(=O)N\N=C\C1=CC(Br)=C(O)C(Br)=C1O
6202,OC1=C(Br)C=C(\C=N\NC(=O)C2=CC=C(Br)C=C2)C(O)=C1Br
6203,NCC(=O)NC1=CC=C(OCC2=CC=CC=C2)C=C1
6204,OC1=CC(O)=C(Cl)C=C1C1=C(C=NN1)N1CCNCC1
6205,[H][C@@](O)(CO)CONC(=O)C1=C(NC2=CC=C(I)C=C2F)C(F)=C(F)C=C1
6206,[H][C@](N)(CCC(=O)NC1=CC=C(OCC2=CC=CC=C2)C=C1)C(O)=O
6207,[H][P@]([O-])(=O)CCOC1=CC=C(C)C=C1
6208,NCCCC(=O)NC1=CC=C(OCC2=CC=CC=C2)C=C1
6209,NC(N)=NC1=CC=C(CC(NC(=O)CSC2=CC=C(Cl)C=C2)C(N)=O)C=C1
6210,CN(C)CCCCSC(N)=N
6211,[H][C@@](N)(COC1=CN=CC(\C=C\C2=CC=NC=C2)=C1)CC1=CNC2=C1C=CC=C2
6212,OC(=O)C1=CC=C(C=C1)C1=CC=C(F)C=C1
6213,COC1=C(O)C=C(\C=C\C(O)=O)C=C1
6214,FC1=CC=C(CC2CCNCC2)C=C1
6215,[H][C@](O)(CCC(O)=O)\C=C\C=C/C\C=C/C\C=C/C\C=C/C\C=C/CC
6216,OC(=O)CNC(=O)C1=C(O)C2=CC=CC(I)=C2C=N1
6217,[H][C@]1(OC2=C(C=C(C=C2)C2=C(N)N=C(N)N=C2CC)N(CCCOC)C1=O)C1=CC(F)=CC(F)=C1
6218,CS(=O)(=O)NC1=CC=C(C=C1)C(O)=O
6219,CN(CC1=CC=C(Cl)C=C1)S(=O)(=O)C1=CC=C(C=C1)S(N)(=O)=O
6220,[H][C@]1(O)C[C@@]([H])(O[C@]1([H])COP(O)(O)=O)N1C=CC2=C(C)C=CC=C12
6221,O=C1NC(=O)C(N2CCN(CC2)C2=NC=CC=N2)(C(=O)N1)C1=CC=C(OC2=CC=CC=C2)C=C1
6222,CC1=CC(=O)OC2=C1C=CC(O)=C2
6223,OC1=CC=C(C=C1)C1=CC=C2C(C=CC(O)=C2Cl)=C1
6224,NC(N)=NNC(=O)N(C1=CC=CC=C1)C1=CC=CC=C1
6225,[H][C@]1(N(CCSC1(C)C)S(=O)(=O)C1=CC=C(OCC#CCN)C=C1)C(=O)NO
6226,NC(N)=NC1=CC=C(CC(=O)C2=CC=CC=C2)C=C1
6227,CC1=CC=C(C=C1)C(=O)N1CCC(CC2=CC=CC=C2)CC1
6228,[H][C@@](N)(COC1=CN=CC(=C1)C1=NCC2=NN=CC2=C1)CC1=C2C=CCC=C2N=C1
6229,[H][C@@](CC)(CO)NC1=NN2C(C=C1)=NC=C2C1=CC=C(C=C1)C(O)=O
6230,NS(=O)(=O)C1=CC=C(NC2=NC(OCC3CCCCC3)=C3N=CNC3=N2)C=C1
6231,CC1=NC(=NO1)C(CC1=CC=CC=C1)(CC1=CC=C(NS(O)(=O)=O)C=C1)C1=NOC(C)=N1
6232,CCCCNC1=CC(C)=NC2=NC(NC3=CC(Cl)=CC=C3C)=NN12
6233,[H][C@](C)(N)COC1=C(C)C=CC=C1C
6234,OC(=O)COC1=C(SC(=C1Br)C1=CC=CC=C1)C(O)=O
6235,[H][C@]1(CCCN1C(=O)CCC1CCCCC1)C(=O)NCC1=CC=C(C=C1)C(N)=N
6236,[H][C@](C)(C1=CC=CN1)C1=C2C=C(NC(N)=O)C=CC2=NC1=O
6237,[H][C@@](N)(CC1=CC=CC=C1)C(=O)N1CCC[C@@]1([H])C(=O)NCC1=CC(C)=CC=C1
6238,ClC1=C(SC=C1N1CC(=O)NS1(=O)=O)C1=CC=CC=C1
6239,[H][C@@](N)(C(=O)N1CC[C@]([H])(F)C1)[C@@]([H])(C(=O)N(C)C)[C@@]1([H])CC[C@@]([H])(CC1)C1=CC=CC2=NC=NN12
6240,CC(C)[C@H](NS(=O)(=O)CCCC1=CC=CC=C1)P(O)(=O)C[C@H](C(O)=O)C1=CC=CC(CN)=C1
6241,C[C@H](C(=O)\N=C1/C=C(N=N1)C1CC1)C1=CC=C(C=C1)N1CCNC1=O
6242,FC1=CC(F)=C(SC2=NN3C=NC(=O)C(=C3C=C2)C2=C(Cl)C=CC=C2Cl)C=C1
6243,OC(=O)CCC1=CC=C(S1)C1=CC(=CC=C1)[N+]([O-])=O
6244,[H][C@](C)(C#CC1=C(C)N=C(N)N=C1N)C1=CC(OC)=CC(=C1)C1=CC=CC=C1
6245,[H][C@](C)(C#CC1=C(C)N=C(N)N=C1N)C1=CC(OC)=CC(=C1)C1=CC=C(C)C=C1
6246,[H][C@](C)(C#CC1=C(C)N=C(N)N=C1N)C1=CC(OC)=CC(=C1)C1=CC(C)=CC(C)=C1
6247,[H][C@@](N)(CC1=CC=CC=C1)C(=O)N1CCC[C@@]1([H])C(=O)NCC1=CC=CC=C1
6248,[H][C@](C)(C#CC1=C(N)N=C(N)N=C1C)C1=CC(OC)=CC(=C1)C1=C(C)C=CC=C1C
6249,[H][C@](C)(N1CC[C@](C)(C1=O)C1=CC=C(OCC2=CC(C)=NC3=CC=CC=C23)C=C1)C(=O)NO
6250,C(CN1CCNCC1)NC1=CC=NC2=C1C(=C(O2)C1=CC=CC=C1)C1=CC=CC=C1
6251,[H][C@@]1(C[C@]1(CC1=CC=C(OCC2=CC(C)=NC3=C2C=CC=C3)C=C1)C(=O)OC)C(=O)NO
6252,[H][C@]1(C=CC2=C(Cl)N=C(OCC3=CC=C(F)C=C3)C(=O)N12)C(=O)N1CCCC1
6253,[H][C@]1(CCF)CNC(=O)C2=C1NC(=C2)C1=NC(N)=NC=C1
6254,O\N=C\C1=C2C=CC=CC2=C(C=C1)C1=CC=C(O)C=C1
6255,CC1=CC(=CC=C1O)C1=NC(=O)N=C(C1)C1=CC=CC=C1
6256,CC(=O)NC1=NC(=C(N1)C1=CC=C2N=CC=NC2=C1)C1=NC(C)=C(F)C=C1
6257,COC1=CC(=CC(OC)=C1OC)C(C)(C)C#CC1=C(C)N=C(N)N=C1N
6258,[H][C@](N)(CC(=O)N1CCCNC(=O)[C@@]1([H])C)CC1=C(F)C=C(F)C(F)=C1
6259,[H][C@]1(CN(C2CCCCC2)C(=O)C1)C(=O)NC1=CC=CC=C1
6260,BrC1=CC=C2C(=O)NC(=O)\C(=C/NC3=CC=C(CN4CCCC4)C=C3)C2=C1
6261,[H][C@](NC(=O)OCC1=CC=CC=C1)(C(C)C)[P@@](O)(=O)O[C@]([H])(C(O)=O)C1=CC(CN)=CC=C1
6262,CCN1C(=O)C2=C(NN=C2C)C2=C1C=CC=C2
6263,COC1=CC(NC2=NC=C(F)C(NC3=CC=C4OC(C)(C)C(=O)NC4=N3)=N2)=CC(OC)=C1OC
6264,[H][C@](C)(CC)[C@]([H])(NC(=O)[C@@]1([H])O[C@]1([H])C(=O)OCC)C(O)=O
6265,NC1=NNC2=CC=C(C=C12)C1=CC=CC=C1
6266,CC(C)(C)NS(=O)(=O)C1=CC=C(C=C1)C1=CC2=C(NN=C2N)C=C1
6267,NCCNC1=CC(C2=CC=CN2)=C2C(=O)NC3=CC=C(F)C1=C23
6268,C1CC1NC1=NC(=CC=N1)C1=C2C=CC=NN2N=C1
6269,[H][C@@]1(Cl)CN=C(NCCC2=NC=CC=C2)[C@]([H])(O)N1CC(=O)NCC1=CSC2=CC=C(Cl)C=C12
6270,CC1CCN(CC1)C1=CC=C(CO)C=C1NC(=O)C1=CC=C(O1)C#N
6271,CNC1=NC(NC2=CC=C(CC#N)C=C2)=NC(NC2=NNC(=C2)C2CC2)=C1
6272,[H][C@]1(CC2=CC=C(Cl)C(Cl)=C2)SC(=S)N(NS(=O)(=O)C2=CC=CS2)C1=O
6273,[H][C@]1(O)C[C@@]([H])(O[C@]1([H])CF)N1C=NC2=C1N=CN=C2N
6274,OCCCCC(CCO)CCCCO
6275,[H][C@@](O)(CCCC(O)=O)\C=C\C=C/C\C=C/C\C=C/C\C=C/CC
6276,[H][C@]1(C)O[C@@]([H])(N2C=C(I)C3=C(N)N=CN=C23)[C@]([H])(O)[C@]1([H])O
6277,CCC1=C(C(N)=NC(N)=N1)C1=CC=C2OC(C)(C)C(=O)N(CCCOC)C2=C1
6278,CC1=CC=C(NC2=CC(=NC=N2)C2=CC=CC=C2)C=C1NS(C)(=O)=O
6279,NC1=C2C=CC=C(C2=CC=C1)S(O)(=O)=O
6280,[H]C(CCCC(O)=O)=C([H])CC1C(\C([H])=C(/[H])C(=O)CCCCC)C(O)CC1=O
6281,CCCCCC1=CC(O)=C(OC2=CC=CC=C2)C=C1
6282,CC1=C(C=CC=C1)C1=NC2=C(Br)C=NN2C(NCC2=C[N+]([O-])=CC=C2)=C1
6283,[H]N(C)C(=O)C1=C(C)N([H])C(\C=C2/C(=O)N([H])C3=C2C=C(Cl)C=C3)=C1C
6284,[H][C@@](N)(CC1=CC(F)=CC=C1F)C1=CC=C(C=C1)C1=CC=CC(=C1)C(N)=O
6285,NC(N)=NC1=CC=CC(=C1)C(CP(O)(=O)CCCC1=CC=CC=C1)C(O)=O
6286,O=C(NC1=CC=C(OC2=CC=CC=C2)C=C1)C1=C(NCC2=CC=NC=C2)N=CC=C1
6287,CCOCN1C(=O)NC(=O)C(C(C)C)=C1SC1CCCCC1
6288,OC(=O)C1=C(NC(=O)COC2=CC=C(Cl)C=C2)C=CC=C1
6289,CN1CCN(CC1)C1=CC=C(C=C1)C(=O)NC1=NNC2=CN(C=C12)C(=O)CC1=CC=CS1
6290,CC1=C(OC2=CC=C(Cl)C=C12)S(=O)(=O)C1=NNC(=O)C=C1
6291,[H][C@]1(CN(C2CCCCC2)C(=O)C1)C(=O)NC1=CC(Cl)=CC(Cl)=C1
6292,[H][C@@]1(C[C@@]11C[C@]([H])(NC1=O)C1=CC=C(OCC2=CC(=NC3=C2C=CC=C3)C2=CC=CC=C2)C=C1)C(O)=O
6293,[H][C@@](N)(CC1CCCCC1)C(=O)N1CCC[C@@]1([H])C(=O)NCC1=CC(Cl)=CC=C1
6294,[H][C@]1(CN(C2CCCCC2)C(=O)C1)C(=O)NC1=CC=CC(Br)=C1
6295,[H][C@]1(N)CN2C(C[C@]1([H])C1=C(F)C=C(F)C(F)=C1)=NC1=CC(=CC=C21)S(C)(=O)=O
6296,[H][C@](C)(CO)NC(=O)C1=C(C)N=C(S1)C1=NC(NC2=CC(C)=CC(C)=C2)=NC=C1
6297,[H][C@]1(C)C=C(C)[C@]2([H])[C@]([H])(C)[C@@]1(CO)CO[C@]2([H])C1=CC=C(O)C=C1
6298,CNCC1=CC=CC=C1C1=CC=CS1
6299,OC(=O)COC1=C(SC(=C1Br)C1=CC=C(O)C=C1)C(O)=O
6300,OC1=CC=C(C=C1)C1=CC2=C(O1)C(=CC(O)=C2)C#N
6301,[H][C@@]1(C[C@](CC(C)C)(N(C(=O)C2=CC=C(C=C2)C(C)(C)C)[C@@]1([H])C1=NC=CS1)C(O)=O)C(O)=O
6302,[H][C@@]1(C[C@](CC(C)C)(N(C(=O)C2=CC=C(C=C2)C(F)(F)F)[C@@]1([H])C1=CC=CS1)C(O)=O)C(O)=O
6303,[H][C@](C)(CON=C1C2=C(C=CC=C2)C2=C1C=CC=C2)C(O)=O
6304,CC1=NOC(=C1)C1=C(C2=CC=CC=C2)C2=C(NC1=O)C=CC(Cl)=C2
6305,ClC1=CC=CC(NC2=NC(OCC3CCCCC3)=C3NC=NC3=N2)=C1
6306,[H][C@@](N)(COC1=C2C=CC(=NC2=CN=C1)C1=CC=NC=C1)CC1=CNC2=C1C=CC=C2
6307,[H][C@]1(COP(O)(O)=O)O[C@@]([H])(N2C=NC3=C2N=CN=C3NCCC(C)C)[C@]([H])(O)[C@]1([H])O
6308,NC1=NC(CCC2=CC=C3C=CNC3=C2)=CC=C1
6309,NC(=N)C1=CC=C2NC(=NC2=C1)C1=NNC(=C1O)C1=CC=CC=C1
6310,[H][C@](O)(C\C=C/CCCCC)\C=C\CC(=O)CCCCC(O)=O
6311,[H][C@@](O)(CC(=O)CCCCC(O)=O)\C=C/C\C=C/CCCCC
6312,BrC1=C2N=C(C=C(NCC3=CC=NC=C3)N2N=C1)C1=CC=CC=C1
6313,C\C(=C/S(=O)(=O)N[C@@]1([H])CCN([C@](C)([H])C(=O)N2CCOCC2)C1=O)C1=CC=C(Cl)S1
6314,CC1=C(O)C=CC=C1C(=O)NC1=C2C=C(C=CC2=CC=C1)C(N)=N
6315,OCC1=NNN=C1C1=CC2=C(C=C1)C(=NN2)C1=CC2=C(N1)C=CC(CN1CCCCC1)=C2
6316,CC1=C(SC(=N1)C1=CC=C(C=C1)C(F)(F)F)C(=O)NCC1=CC=C(OC(C)(C)C(O)=O)C=C1
6317,[H][C@]1(C2CCN(CC2)S(C)(=O)=O)C2=C(C=C(Cl)C=C2)C(=CC2=C1N=CC=C2)N1CCNCC1
6318,FC1=CC=CC=C1C(=O)NC1=C(C#N)C2=C(CCCC2)S1
6319,CN1N=C(C)C2=C1N(O)C1=C(C=C(Cl)C=C1)C2=O
6320,[H][C@](C)(CC)[C@]([H])(NC(=O)[C@@]1([H])O[C@]1([H])C(=O)NCCC)C(=O)N1CCC[C@@]1([H])C(=O)OCC1=CC=CC=C1
6321,O=C(CC1=CC=C(C=C1)N1CCCCC1)NC1=NNC2=C1C=C(C=C2)N1CCCS1(=O)=O
6322,CCCCCCCCCCCC[P+](C)(C)CC(P(O)(O)=O)P(O)(O)=O
6323,[H][C@]1(CN(C2CCCCC2)C(=O)C1)C(=O)NC1=C(C)C=CC(Cl)=C1
6324,[H][C@](C)(CC)[C@]([H])(NC(=O)[C@@]1([H])O[C@]1([H])C(=O)NCCC)C(=O)N1CCC[C@@]1([H])C(=O)OC
6325,[H][C@@](C)(NC(=O)[C@@]([H])(NC(=O)[C@@]1([H])O[C@]1([H])C(=O)OCC)[C@@]([H])(C)CC)C(O)=O
6326,[H][C@](C)(CC)[C@]([H])(NC(=O)[C@@]([H])(NC(=O)[C@@]1([H])O[C@]1([H])C(=O)OCC)[C@@]([H])(C)CC)C(O)=O
6327,ClC1=CC=CC=C1C1=CC2=C(C3=C(N2)C=CC(NC=O)=C3)C2=C1C(=O)NC2=O
6328,ClC1=CC(=CC=C1)N1CCN(CC2=CN=CN2CC2=CC=C(C=C2)C#N)CC1=O
6329,[H][C@](C)(CN(C)C)OC1=CN=CC(NC(=O)NC2=C(OC)C=CC(Cl)=C2)=N1
6330,COC1=CC(=C([O-])C(=C1)C1=CC2=CC(=CC=C2N1)C(N)=[NH2+])C1=CC=CC=C1
6331,OC1=CC=C(C=C1)C1=C(Br)C2=C(C=C(O)C=C2)C1=O
6332,[H][C@](C)(CC)[C@]([H])(NC(=O)[C@@]1([H])O[C@]1([H])C(=O)NCC1=CC=CC=C1)C(=O)N1CCC[C@@]1([H])C(O)=O
6333,C[C@@]1(CCCN1)C1=NC2=CC=CC(C(N)=O)=C2N1
6334,[H][C@](CC1=CNC2=C1C=C(C)C=C2)(NS(=O)(=O)C1=CC=C(OCC#CC)C=C1)C(O)=O
6335,[H][C@](C)(NC1=C(NC2=CC=NC=C2)C(=O)C1=O)C1=CC=CC=C1
6336,[H][C@@](CN)(CC1=C(Cl)C=C(Cl)C=C1)NC(=O)C1=CC=C(S1)C1=CC=NC(NC)=N1
6337,OC1=CC2=C(C=C1)C(=NO2)C1=CC2=C(C=C1)C=C(O)C=C2
6338,[H][C@]1(COC2=CC=C(C=C2)C(=O)C2=CC=C(C=C2)C2=CSC=C2)CCCN1
6339,CNC(=O)C1=C(OC2=CC(N(CCO)S(C)(=O)=O)=C(C=C12)C1CC1)C1=CC=C(F)C=C1
6340,CN1C=NC2=CC(C#N)=C(C(CN)=C12)C1=C(Cl)C=CC=C1
6341,OC(=O)CCON=C1C2=C(C=CC=C2)C2=C1C=CC=C2
6342,OC(=O)C1=C2C(=C(O)N1)C1=C(NC3=C1C=CC=C3)C1=C2C2=C(N1)C=CC=C2
6343,[H][C@@]1(C#N)C2=C(N(C)C3=C(Cl)C(Cl)=CC=C23)C(=O)NC11CCN(C)CC1
6344,[H][C@]12CC[C@]([H])(C[C@@]([H])(C1)OC(=O)C1=CNC3=C1C=CC=N3)N2C
6345,CCC1=C(C(N)=NC(N)=N1)C1=CC=C(NCC2=CC(F)=CC(F)=C2)C=C1
6346,COC1=CC=CC(=C1)C1=CC(CCC2=CC=CC(N)=N2)=CC=C1
6347,N[C@](CS(=O)(=O)C1=CC=C(OC2=CC=CC=C2)C=C1)(C(=O)NO)C(F)(F)F
6348,NC(=O)NCC1=CC(=CC=C1)C1=C(O)C(=CC=C1)C1=CC2=C(N1)C=CN=C2
6349,COC1=CC(NC2=NC=C3C=CN(C3=N2)C2=CC=CC=N2)=CC(OC)=C1OC
6350,COC1=C(OCCCN2CCCCC2)C=C2N=CN=C(NC3=C(Cl)C=CC4=C3OCO4)C2=C1
6351,COC1=CC(NC2=NC(NC3=C(Cl)C=CC4=C3OCO4)=CC=N2)=CC(OC)=C1OC
6352,COC1=CC(NC2=NC=NC(NC3=CC(Cl)=C(OC)C=C3)=N2)=CC(OC)=C1OC
6353,NS(=O)(=O)C1=CC(NC2=NC(NC3=C(Cl)C=CC4=C3OCO4)=CC=N2)=CC=C1
6354,CS(=O)(=O)C1=CC(NC2=NC(NC3=C(Cl)C=CC4=C3OCO4)=CC=N2)=CC=C1
6355,CS(=O)(=O)NC1=CC(NC2=NC(NC3=C(Cl)C=CC4=C3OCO4)=CC=N2)=CC=C1
6356,ClC1=C(NC2=NC(NC3=CC(=CC=C3)N3CCOCC3)=NC=C2)C2=C(OCO2)C=C1
6357,NC(=O)C1=CC(NC2=NC(NC3=C(Cl)C=CC4=C3OCO4)=CC=N2)=CC=C1
6358,CN1C=C(CCO)C2=C1C=C(C1=C2C(=O)NC1=O)C1=CC=CC=C1Cl
6359,[H][C@](O)(C1=CC=NC=C1)C1=CC=C(OCCN2CCCC2)C=C1
6360,NCC1=CC=C(C=C1)C1=CC=CS1
6361,[H][C@]1(COC2=CC=C(NCC3=CC=CC=C3)C=C2)CCCN1
6362,[H][C@@]1(CCN(CC2=CC3=C(C=CN=C3N)C=C2)C1=O)NS(=O)(=O)C1=CC2=C(S1)C=CC=N2
6363,NC(=N)NC(=N)SCC1=CC=CC(=C1)C(F)(F)F
6364,[H][C@](CC1=CC(Br)=C(C=C1)C(F)(F)P(O)(O)=O)(C(=O)C1=CC=CC=C1)C1=CC=CC=C1
6365,[H][C@](CO)(NC(=O)C1=CC(=CN1)C1=NNC=C1C1=CC=CC(Cl)=C1)C1=CC(Cl)=C(F)C=C1
6366,OC(=O)CCN1C2=C(C=C(O)C=C2)C2=C1C=C(C1=C2C(=O)NC1=O)C1=CC=CC=C1
6367,CCN1C(=O)C(C)(C)C2=CC3=C(C=C12)C1=C(N3)C2=NNC(C)=C2CCC1
6368,CC1=CC=CC(=N1)C1=NC(NC2=CC=NC=C2)=C2C=CC=CC2=N1
6369,NC(=O)C1=CC=CC=C1NC1=NC(NC2=CC(O)=CC=C2)=NC=C1
6370,[H][C@@](C[P@](O)(=O)[C@@]([H])(NC(=O)OCC1=CC=CC=C1)C(C)C)(C(O)=O)C1=CC(CN)=CC=C1
6371,COC1=CC2=C(OC(NS(=O)(=O)C3=CC(Cl)=CC=C3Cl)=N2)C(=C1)C1=CC(N)=CC=C1
6372,N[C@@H](CC(=O)N1CCCNC(=O)C1CC(F)(F)F)CC1=C(F)C=C(F)C(F)=C1
6373,CCOC1=NC(NC(=O)CC2=CC(OC)=C(Br)C=C2OC)=CC(N)=C1C#N
6374,[H][C@]1(CCCN1S(=O)(=O)C1=C(N)C=C(Cl)C(C)=C1)C(O)=O
6375,COC1=C(OC)C=C2C(OC3=CC4=CC=CC(C(=O)NC5CC5)=C4C=C3)=CC=NC2=C1
6376,CC(C)CCN1C(=O)C(C2=NS(=O)(=O)C3=CC=CC=C3N2)=C(O)C2=CC=CC=C12
6377,CCOC1=NC(=CC=C1C#N)C(=O)NCC1=CC(OC)=CC=C1OC
6378,[H][C@@](C)(N1CC[C@]([H])(NS(=O)(=O)CCC2=CC=C(Cl)S2)C1=O)C(=O)N1CCOCC1
6379,C[C@H](N1CC[C@H](NS(=O)(=O)\C=C\C2=CC=C(Cl)S2)C1=O)C(=O)N1CCOCC1
6380,[H][C@](C)(COC1=CC(=CC(C)=C1)C(=O)N(CC)C(C)C)NC1=CC=NC=C1
6381,CN(C)C1=CC=C(C=C1)C1=C(N=CN=C1N)C#CC1=CC=C(N=C1)N1CCOCC1
6382,NC1=NC=CC=C1NCC1=CC=CC=C1
6383,COC1=CC=CC=C1\C=N/OCCC(O)=O
6384,OC(=O)C1=C2N(CC3=CC=CC=C3)C3=C(CCCC3)C2=CC=C1
6385,NC1=NC=CC=C1NCC1=CC=CC(=C1)C1=CN=CC=C1
6386,[H][C@@](CC(O)=O)(C(F)F)S(=O)(=O)C1=CC=C(OC)C=C1
6387,[H][C@@]1(O)CCN2C(=O)N(C(=O)[C@]12[H])C1=C(C)C(Cl)=C(C=C1)C#N
6388,OC1=CC(CC2=CC=CC=N2)=CC=C1OC1=CC=C(Cl)C=C1Cl
6389,ClC1=CC=C(NC(=O)C2=C(NCC3=CC=NC=C3)C=CC=C2)C=C1
6390,OC(=O)COC1=C(SC(=C1Br)C1=CC=CC(NCC2=CC=CC=C2)=C1)C(O)=O
6391,[H][C@@](NS(=O)(=O)C1=CC(C)=C(F)C=C1)(C1CCOCC1)C(=O)NO
6392,NC1=C(C=NN1C1=CC=C(Cl)C=C1)C#N
6393,NC1=NC(=CS1)C1=CC=C(O)C=C1
6394,CC(=O)CNC(=O)OCC1=CC=CC=C1
6395,CC1(C)CCC(C)(C)C2=C1C=CC(=C2)[C@H](O)C(=O)NC1=C(F)C=C(C=C1)C(O)=O
6396,OC(=O)C(=O)N(C1=CC=CC=C1C(O)=O)C1=CC=CC2=CC=C(O)C=C12
6397,OC1=C(C(=O)O\C1=C/C1=CC=CC2=CC=CC=C12)C1=CC=C(Cl)C=C1
6398,C(CN1CCNCC1)NC1=C2C(OC(=C2C2=CC=CC=C2)C2=CC=CC=C2)=NC=N1
6399,OC(=O)COC1=C(SC2=NC=CC=C12)C(O)=O
6400,[H][C@@](CCCNC(N)N)(NC(=O)[C@@]([H])(NC(=O)CCC(C)C)C(C)C)C(=O)C1=NC=CS1
6401,COCCOC1=C(OC)C=C2C(=C1)N=CC1=C(N)N=C(C=C21)N1C=CN=C1
6402,N1C2=CC=CC=C2C2=CC=CC=C12
6403,CCCCC\C=C/C=C/[C@@H](O)CCCCCCCC(O)=O
6404,COC1=CN=CC(=C1)C1=CC(CNC2=CC=CN=C2N)=CC=C1
6405,OC(=O)C1=CC=C(O1)C1=C(OC(F)(F)F)C=CC=C1
6406,OC(=O)C1=CC=C(O1)C1=CC=C(C=C1Cl)[N+]([O-])=O
6407,CCOC(=O)N1CCC(CC1)NC1=NC=CC(Cl)=C1
6408,CC1=CC=CC=C1C1=NN=CC2=C1C=CC(=C2)C1=C(C)C=CC(=C1)C(=O)NC1CC1
6409,OC(=O)C1=CC=C(CC2=CC=CC=C2Cl)O1
6410,OC(=O)C1=C(NS(=O)(=O)C2=CC=C(Cl)C=C2)C=CC(Br)=C1
6411,C[C@H](NC1=NC(=O)[C@](C)(S1)C(F)(F)F)C1=C(F)C=CC=C1
6412,ClC1=CC2=C(OCCCCCOC3=CN=CC(NC(=O)N2)=N3)C=C1
6413,ClC1=CC=C2OC(NS(=O)(=O)C3=CC(Cl)=CC=C3Cl)=NC2=C1
6414,CC1=CC=C(NS(=O)(=O)C2=CC=CC=C2)C(=C1)C(O)=O
6415,COC1=CC(OC)=C(NC(=O)NC2=NC=C(N=C2)C#N)C=C1Cl
6416,[H][C@](O)(CO)C1=CC=C(NC(=O)C2=CC3=CC(Cl)=CC=C3N2)C=C1
6417,C[C@](O)(C1=CC=C(C=C1)C(=O)N(C1CC1)C1CCN(CC2(CC2)C(N)=O)CC1)C(F)(F)F
6418,O=C1OCC\C1=C/NC1=CC=CC=C1
6419,[H][C@@]1(CCNC(=O)C2=COC=C2)NC2=C(F)C=CC(F)=C2C(N)=N1
6420,NC1=NC(=NC(N)=N1)C1=CC2=CC=CC=C2C=C1Br
6421,[H][C@]1(C)CC[C@]([H])(CC1)NCC1=CC2=C(C=C1)C1=C(C2)C(=NN1)C1=CC=C(C=C1)C(O)=O
6422,COC1=CC2=C(OC(NS(=O)(=O)C3=CC(Cl)=CC=C3Cl)=N2)C(=C1)C1=CN=C(OC)C=C1
6423,OC(=O)C1=C2CCCCC2=CC=C1NS(=O)(=O)C1=CC=CC=C1
6424,CN(C)C\C=C/C1=CC(F)=CC=C1S(=O)(=O)NC1=CC=C2CCCCC2=C1C(O)=O
6425,CC1=CC(=NC(N)=N1)C#CC1=C(CNN2C=COC2=O)C=CC=C1
6426,CC1=NC(N)=NC(CNS(=O)(=O)C2=CC(N\C=C3/CCOC3=O)=CC=C2)=C1
6427,FC(F)(F)C1=CC(NC2=NOC3=C(C(=O)NC4=CN=CN=C4)C(Cl)=CC=C23)=CC=C1
6428,CC(=O)C1=C(N[C@H](C(N)=O)C2=C(Br)C=CC=C2Br)C=C(C)C=C1
6429,[H][C@]1(CNC(=O)NC2=CC=C(C=C2)C(=O)OC)CC[C@]([H])(N1)C(=O)N1CCC[C@@]1([H])CN
6430,OC(=O)CCCCN(CC1=CC=C(C=C1)[N+]([O-])=O)CP(O)(O)=O
6431,CCCN1CCC(CC1)C1=NC2=CC=CC(C(N)=O)=C2N1
6432,OC(=O)CC1=CC=C(C=C1)[N+]([O-])=O
6433,[H][C@@](NC1=C(C=CC(C)=C1)C(C)=O)(C(N)=O)C1=C(Cl)C=CC=C1Cl
6434,COC1=CC=C(C=C1NC1=NC=C(O1)C1=CC(=CC=C1)C1=CN=CC=C1)S(=O)(=O)NCC1CC1
6435,CCS(=O)(=O)C1=CC=C(OC)C(NC2=NC=C(O2)C2=CC=CC(=C2)C2=CC=CC=N2)=C1
6436,CC(C)N1N=C(C2=C1N=CN=C2N)C1=CC=CC(O)=C1
6437,COC1=CC(=CC=C1O)C1=CC2=C(C=C1)C(=NN2)C1=NC2=CC=CC=C2N1
6438,NC1=NC(CC2=C3C=CNC3=CC=C2Cl)=NC(NC2=CC=C(C=C2)C#N)=N1
6439,OC(=O)C1=C(C=CC(OC2=CC=C(C=C2Cl)C(F)(F)F)=C1)[N+]([O-])=O
6440,[H][C@@]1(O)CN(C)C2=CC(=O)C(=O)C=C12
6441,C1CCC(CC1)NC1=NC(NC2=CC=C(C=C2)N2CCOCC2)=NC2=C1N=CN2
6442,[H][C@]1(O)C[C@]([H])(O[C@]2([H])[C@@]([H])(N)[C@@]([H])(O)[C@@]([H])(CO)O[C@@]2([H])OCCCCCCCC)O[C@@]([H])(C)[C@@]1([H])O
6443,[H]C12CC3([H])CC([H])(C1)CC(C2)(C3)C(=O)CN1C=CN=C1
6444,NC1=NC(OC2=C(Cl)C=CC=C2Cl)=NC(NC2=CC=C(C=C2)C#N)=N1
6445,CCOCCOCCOCCOCCOCCO
6446,NCCC1=CC=C(O)C(=C1)C1CCCCC1
6447,CCC1=CC(CCN)=CC=C1O
6448,NCCC1=CC=C(C=C1)S(F)(=O)=O
6449,[H][C@]1(O)C[C@@]2([H])\C=C\CCC[C@]([H])(C)OC(=O)\C=C\[C@@]([H])(O)[C@]2([H])C1
6450,[H][C@](O)(CO)CO[P@@]([O-])(=O)OC[C@@]([H])(COC(=O)CCCC)OC(=O)CCCCCCC
6451,CN1C=C(C=C1\C=C\C(=O)NO)C(=O)CC1=CC=CC=C1
6452,[H][C@@](C)(NC(=O)OCC1=CC=CC=C1)C(=O)NC[P@](O)(=O)O[C@@]([H])(CC1=CC=CC=C1)C(O)=O
6453,OC1=CC=C(C=C1)C1=CC(=O)C2=C(O1)C=C(O)C=C2O
6454,[H][C@](N)(O)CC[C@@]([H])(N)CC1=CC=C(O)C=C1
6455,COC1=C(OC)C=C2C3=C([NH+]=CC2=C1)C1=C(C3)C=C2OCOC2=C1
6456,CCCCCCCOC1=CC=CC(=C1)C(O)=O
6457,[H][C@](N)(C1CCCC1)C(=O)N1[C@]([H])(CN)CC[C@]1([H])C#C
6458,[H][C@]1(N)[C@@]([H])(O)[C@@]([H])(CO)O[C@@]([H])(OCCCCCC)[C@]1([H])O
6459,CN1C=NN=C1SC1=CC=C(N)C(=C1)C(=O)NC1=NC(C)=CS1
6460,CN1C=NN=C1SC1=NC(C(=O)NC2=NC(C)=CS2)=C(SC2=CC=C(F)C=C2)C=C1
6461,FC(F)(F)C1=CC=CC(NC(=O)NC2=NC=C(CCNC3=NC=NC4=C3SC=C4)S2)=C1
6462,CN1N=CC2=C1C(NCCC1=CN=C(NC(=O)NC3=CC=CC(=C3)C(F)(F)F)S1)=NC=N2
6463,CC1=CC=C(CNS(=O)(=O)C2=CC=C(S2)S(N)(=O)=O)C=C1
6464,CCCCC1=C(NC2=NC=CN=C12)C1=CC=C(O)C=C1
6465,N[C@@H](CC1=CC=CC2=C1C=CC=C2)C(O)=O
6466,[H][C@]1(CCCN1C(=O)OCC1=CC=CC=C1)C(=O)NNCCCCN
6467,[H][C@]12CO\C(=N/CCCCCCCC)N1[C@@]([H])(O)[C@]([H])(O)[C@@]([H])(O)[C@@]2([H])O
6468,CS(=O)(=O)C1=CC=C(C=C1)C(N)=N
6469,CN(C1=CC(Cl)=CC=C1)S(=O)(=O)C1=CC2=C(CC3=C(C)C(C)=C(C)N3)C(=O)N=C2C=C1
6470,[H][C@]12CS\C(=N/CCCCCCCC)N1[C@@H](O)[C@H](O)[C@@H](O)[C@@H]2O
6471,CC1=C2C=CC=CC2=C(CCC(O)=O)C2=C1C=CC=C2
6472,[H][C@@]12CCC(=O)[C@@]1(C)CC[C@@]1([H])[C@@]2([H])CCC2=CC(=O)C=C[C@]12C
6473,[H][C@]1(O)CN[C@]([H])(CC2=CC=C(OC)C=C2)[C@]1([H])OC(C)=O
6474,[H][C@@]12CCC(=O)[C@@]1(C)CC[C@@]1([H])[C@@]2([H])CC[C@]2([H])CC(=O)CC[C@]12C
6475,CN(C)C1=C2C=CC=C(C2=CC=C1)S(O)(=O)=O
6476,[H][C@@](N)(CCSC(C)C)[C@]([H])(O)C(=O)NNC(=O)C1=CC(Cl)=CC=C1
6477,[H][C@]1(N)[C@@]([H])(O)[C@@]([H])(CO)O[C@@]([H])(OCCCCCCCC)[C@]1([H])O
6478,[H][C@](CO)(NC1=NC2=C(N=CN2C(C)C)C(NC2=CC(Cl)=CC(N)=C2)=N1)C(C)C
6479,[H][C@@](CC1=CC=CC=C1)(NC(C)=O)C(=O)C(F)(F)F
6480,CC(O)(C(O)=O)C1=CC=CC=C1
6481,C1CC1C1=NNC(NC2=CC=NC(NC3=CC4=C(NC=N4)C=C3)=N2)=C1
6482,[H][C@@](CC1=CC=CC=C1)(NC(C)=O)C(O)(O)C(F)(F)F
6483,[H][C@]1(CCCCN1C(C)=O)C(O)=O
6484,[H][C@@]1(C)C[N@@]1C1=CC(=O)C2=C(C(CO)=C(N2C)C2=CC=CC=C2)C1=O
6485,CCCCS(=O)(=O)CCC(O)=O
6486,CCOC(=O)N1CCC(CC1)NC1=NC=CC(C)=C1
6487,CC1=CC(N)=NC(CCNC(=O)C2=CC=C(C=C2)C#N)=C1
6488,CNC(=O)[C@H](CC1=CC=CC=C1)NC(=O)NC1=NNC(=S)S1
6489,[H][C@@](C)(N)C(=O)C1=NN=C(O1)C(C)(C)C
6490,CCNC1=NC(NC(C)C)=NC(Cl)=N1
6491,C1CCC2=C(P(C(=C2C1)C1=NC=CC=C1)C1=CC=CC=C1)C1=NC=CC=C1
6492,[H][C@]1(CC)O[C@]2(C)[C@]([H])(OC(C)=O)[C@@]1(C)O[C@@]([H])(\C=C\C=C\C=C\C1=C(C)C(OC)=CC(=O)O1)[C@]2([H])O
6493,OC(=O)C1=CC=C(NC(=O)NC(=O)C2=CC(F)=C(F)C=C2Cl)C(OC(F)(F)F)=C1
6494,OC(=O)C1CCN(CC1)C1=C(NC(=O)NC(=O)C2=CC(F)=C(F)C=C2Cl)C=C(F)C=C1
6495,[H][C@@]1(CC(N)=O)CCCC2=C1C1=C(S2)N=C(NC1=O)C(=O)NCC1=CC=C2OCC(=O)NC2=C1
6496,NC(=O)C1=C(NC(=O)C2CC2)SC2=C1CCCC2
6497,[H][C@](CC1=CC=CC=C1)(NC(=O)OCC)C(=O)N1CCC[C@@]1([H])C(=O)NNCCCCN
6498,CO\C=C(\C(=O)OC)C1=C(OC2=NC=NC(OC3=CC=CC=C3C#N)=C2)C=CC=C1
6499,[H][C@@]1(CC=C)C(=O)N2N(C1=O)C1=CC(C)=CC=C1N=C2N(C)C
6500,CN(C)C(=O)C1=CC=C(C=C1)S(=O)(=O)C1=CC=C(NC(=O)[C@@](C)(O)C(F)(F)F)C(Cl)=C1
6501,OC(CC1=CC=CC(=C1)C1=CC(=CC=C1)C1=CC=CC=C1)(P(O)(O)=O)P(O)(O)=O
6502,NC1=NC2(CCN(CC2)C(=O)C2=CC=C(N=C2)C#N)NC2=C(F)C=CC(F)=C12
6503,[H][C@]1(C)CNC(=O)C2=C1C1=CC(=CC=C1N2)C(=O)NC1=NC(=CS1)C(=O)NCCN(C)C
6504,COC1=C(C=CC=C1)C1=CC=C(O1)C(O)=O
6505,OC(=O)C1=CC=C(O1)C1=C(C=CC=C1)[N+]([O-])=O
6506,OC(CC1=CC=CC(=C1)C1=CC=C(C=C1)C1=CC=CC=C1)(P(O)(O)=O)P(O)(O)=O
6507,OC(CC1=CC(=CC=C1)C1=CC=CC2=C1OC1=C2C=CC=C1)(P(O)(O)=O)P(O)(O)=O
6508,[H][C@](N)(CC1=CC=CC=C1)B(O)O
6509,NCC1=C(C=CC=C1)C1=CC=CC=C1
6510,[H][C@]1(CSCCNCCCCCCCCCC)O[C@@]([H])(N2C=NC3=C(N)N=CN=C23)[C@]([H])(O)[C@]1([H])O
6511,[H][C@@]1(C(C)C)N(CC2=CC=CC=C2)C(=O)C(=C1O)C1=NS(=O)(=O)C2=C1C=CC=C2
6512,[H][C@@](CC1=CC(=CC=C1OC)[N+]([O-])=O)(C1=CNC(N)=N1)C1=CC=C(OC)C(F)=C1
6513,[H][C@](CO)(COC(=O)CCCCCCCC)OC(=O)CCC
6514,OP(=O)(OC1=CC=C(C=C1)[N+]([O-])=O)OC1=CC=C(C=C1)[N+]([O-])=O
6515,C[C@](O)(COC1=CC=C(Cl)C(F)=C1)C(=O)NC1=CC(=C(C=C1)C#N)C(F)(F)F
6516,[H][C@@](CCCC1=CC=CC(OC2=CC=CC=C2)=C1)(P(O)(O)=O)S(O)(=O)=O
6517,[H][C@](O)(NC1=CC(=C(C=C1)C#N)C(F)(F)F)[C@@](C)(O)COC1=CC=C(C=C1)[N+]([O-])=O
6518,C[C@](O)(COC1=C(F)C(F)=C(F)C(F)=C1F)C(=O)NC1=CC=C(C(=C1)C(F)(F)F)[N+]([O-])=O
6519,CC(=O)NC1=CC=C(OC[C@](C)(O)C(=O)NC2=CC=C(C(=C2)C(F)(F)F)[N+]([O-])=O)C=C1
6520,[K+].[K+].[K+].[O-]P([O-])(=O)[C@@H](CCCC1=CC=C(C=C1)C1=CC=CC=C1)S([O-])(=O)=O
6521,CC(C)C1=C(O)C=CC(CC2=C(C)C=C(OCC(O)=O)C=C2C)=C1
6522,OC(COC1=CC=CC(=C1)C1=CC=CC(=C1)C1=CC=CC=C1)(P(O)(O)=O)P(O)(O)=O
6523,COC1=C(OCC2=NC=CC=C2)C=C(C)C=C1
6524,COC1=CC(OCC2=CC=NC=C2)=C(C)C=C1
6525,CCN(CC)S(=O)(=O)C1=CC(=CC=C1Br)C(=O)NC1=CC=CC=C1C(O)=O
6526,[H][C@@]1(C)CNC2=C(SC3=C2C2=C(C=C3)N=C(C=C2)C2=CN=C(C)C=C2)C(=O)N1
6527,[H][C@@]1(CN)CNC2=C(SC3=C2C=C(OC)C=C3)C(=O)N1
6528,[H][C@]1(CO)O\C(=N/OC(=O)NC2=CC=CC=C2)[C@]([H])(NC(=O)CCC)[C@@]([H])(O)[C@]1([H])O
6529,[H][C@](C)(NC=O)NC(=O)[C@]([H])(C)NC(=O)OC(C)(C)C
6530,[H][C@@](C)(NC(=O)[C@]([H])(CC1=CC=CC=C1)C(=O)NO)C(=O)NCC(=O)NC1=CC=C(C=C1)[N+]([O-])=O
6531,[H][C@@]1(O)CC2=C3C=CC4=CC=CC5=CC=C(C=C2[C@@]([H])(O)[C@]1([H])O)C3=C45
6532,[H][C@](CC)(NC=O)C1=CC=CC=C1
6533,OCCOCN1C=C(CC2=CC=CC=C2)C(=O)NC1=O
6534,OCCOCN1C(=O)NC(=O)C(CC2=CC=CC(OCC3=CC=CC=C3)=C2)=C1O
6535,CC(C)(C)C1=CC=C(C=C1)S(O)(=O)=O
6536,CN1C2=CC=CC=C2C(C#N)(C(=O)NCCC(O)=O)C2=C1C=CC=C2
6537,C\C(O)=C(/C#N)C(=O)NC1=CC=C(C=C1)C1=CC=CC=C1
6538,CC1=CC2=C(C=C1)N(CCCN)C1=C2C2=C(C(=O)NC2=O)C(C)=C1
6539,OC1=C(Br)C=C(\C=N\NC(=O)C2=CN=CC=C2)C(O)=C1Br
6540,[H][C@](CC(C)C)(NS(=O)(=O)C1=CC=C(C=C1)C1=CC=CC=C1)C(O)=O
6541,[H][C@]1(O)CC[C@@]2([H])[C@]3([H])CC[C@]4([H])CC(=O)CC[C@]4(C)[C@@]3([H])CC[C@]12C
6542,[H][C@@](CC1=CC=CC=C1)(C[P@](O)(=O)[C@]([H])(N)CCC1=CC=CC=C1)C(O)=O
6543,C\C(N)=N/CCC[C@H](NC(=O)C1=CC=CC=C1)C(N)=O
6544,[H]N1C(=O)C[C@@]2(C1=O)C(=O)N(CC1=C(F)C=C(Br)C=C1)C(=O)C1=C2C=C(F)C=C1
6545,[H][C@@]1(C[C@@]1([H])C1=C(F)C=CC(C(=O)CC)=C1O)NC(=O)NC1=NC=C(Br)C=C1
6546,NC1=NC2=C(N1)C=C1C(=O)NC(N)=NC1=C2
6547,O=C1C=C(OC2=C1C=CC1=C2C=CC=C1)C1=CC=CC=C1
6548,C[C@](O)(CBr)C(=O)NC1=CC(=C(C=C1)[N+]([O-])=O)C(F)(F)F
6549,[H][C@](C)(CNS(C)(=O)=O)C1=CC=C(C=C1)C1=CC=C(C=C1)[C@@]([H])(C)CNS(C)(=O)=O
6550,[H]N1C=C(C2=CC=CC=C12)C1=C(C(=O)N([H])C1=O)C1=CN(CC[C@H]2CCCN2C)C2=CC=CC=C12
6551,NCCCN1C=C(C2=C1C=CC=C2)C1=C(C(=O)NC1=O)C1=CNC2=C1C=CC=C2
6552,[H]N1C=C(C2=CC=CC=C12)C1=C(C(=O)N([H])C1=O)C1=CN(CC[C@@H]2CCCN2C)C2=CC=CC=C12
6553,O=C(NCC1=NC=CC=C1)C1=CC=C(OC2=CC=CC=C2)C=C1
6554,CNC(=O)C1=C(NC2=NC(NC3=CC=C(C=C3OC)N3CCOCC3)=NC=C2Cl)C=CC=C1
6555,[H][C@]1(CCN2CC[C@@](N)(CC3=CC=CC=C3)C(=O)N12)C=O
6556,OC1=CC=C(C(=O)C2=CC=CC=C2)C(=C1O)[N+]([O-])=O
6557,[H][C@]1(O)CN(CC2=CNC3=C2N=CN=C3N)C[C@]1([H])CSCCCC
6558,[H][C@@](CC1=CC=CC(C(O)=O)=C1O)(NC(C)=O)B(O)O
6559,[H][C@@](N)(C(=O)N1[C@@]2([H])C[C@@]2([H])C[C@@]1([H])C#N)[C@]12C[C@@]3([H])C[C@]([H])(C[C@](O)(C3)C1)C2
6560,[H][C@@](CC1=CC=CC(=C1)C(O)=O)(NC(=O)CC1=CC=CC=C1)B(O)O
6561,C[C@H]1CC2=C(C=CC=C2)N1NC(=O)C1=CC=C(Cl)C(=C1)S(N)(=O)=O
6562,CC1=C2C(=CC=C1)N=C1N(CC[C@@]1(O)C2=O)C1=CC=CC=C1
6563,CC1=CC=C2C(=C1)N=C1N(CC[C@@]1(O)C2=O)C1=CC=CC=C1
6564,O[C@@]12CCN(C1=NC1=C(C=CC=C1)C2=O)C1=CC=CC=C1
6565,[H][C@](C)(OC1=C(SC(=C1)N1C=NC2=CC(OC)=C(OC)C=C12)C(N)=O)C1=CC=CC=C1Cl
6566,CC1=CC(=CC=C1)[C@]12SCCN1C(=O)C1=CC=CC=C21
6567,COC(=O)[C@@H]1CS[C@]2(N1C(=O)C1=CC=CC=C21)C1=CC=CC=C1
6568,CC1=CC(=CC2=C1N=C(N2)C1=C(NCC2=NC=CC=C2)C=CNC1=O)N1C=CN=C1
6569,NS(=O)(=O)C1=CC=C(NC(=O)C2=CC=CC=C2S)C=C1
6570,OC(=O)CC1=CC=C(C=C1)C1=CC=CC=C1
6571,OC1=C(O)C=C(C=C1)C1=CC=CC=C1
6572,[H][C@@]1(O)CC2=C(C=CC3=C2C2=C(C=CC=C2)C=C3)[C@@]([H])(O)[C@]1([H])O
6573,OP(O)(=O)OC1=CC=C(CC2=CC=C(OP(O)(O)=O)C=C2)C=C1
6574,CC(C)(C)OC(=O)NCC1=CNC2=C1C(=O)NC(N)=N2
6575,[H][C@]1(CCCN1C(=O)[C@]1([H])CCCN1)B(O)O
6576,O[S@@](=O)C1=CC=CC=C1C1=CC=CC=C1
6577,[H][C@@](CC1=CC=CC=C1)(CC(O)(O)C[N+]([O-])=O)C(O)=O
6578,OC1=CC=C(C=C1)C1(CCCCC1)C1=CC=C(O)C=C1
6579,NC1=CC=CC(SC2=CC=C(\C=C\C(=O)N3CCOCC3)C(=C2C(F)(F)F)C(F)(F)F)=C1
6580,[H][C@@]1(C[P@@]([H])([O-])=O)CCC2=CC(C)=CC=C2O1
6581,COC1=CC=C(C=C1)\N=C1\NC(N)=C(S1)C(=O)C1=CC=C(OC)C=C1
6582,[H]N([H])C1=C(SC(N([H])C2=CC(Cl)=CC=C2)=[N+]1[H])C(=O)C1=CC=C(F)C=C1
6583,[H][C@@](C)(C1=CC=C(Cl)C=C1)C1=CC(=CC(=C1O)[N+]([O-])=O)[N+]([O-])=O
6584,NC1=C(Br)C(C(O)=O)=C(Br)C(C(O)=O)=C1Br
6585,[H][C@](CO)(NC(=O)C(Br)Br)[C@]([H])(O)C1=CC=C(C=C1)[N+]([O-])=O
6586,[H]N1C(=O)\C(C2=C1C=CC(Br)=C2)=C1/N([H])C2=CC=CC=C2C1=O
6587,[H][C@]12CC[C@]([H])(C[C@]([H])(C1)OC1C3=CC=CC=C3CCC3=C1C=CC=C3)[N+]2(C)C
6588,CCNC(=O)C1=NNC(=C1C1=CC=C(OC)C=C1)C1=CC(Cl)=C(O)C=C1O
6589,O=C(NC1=CC=CC=C1)NC1=CC=CC=C1
6590,[H]N1C(=O)N([H])[C@]2([H])[C@H](CCCCC=O)SC[C@]12[H]
6591,OC(=O)CCCC1=NC(=NO1)C1=CC(=CC=C1)[N+]([O-])=O
6592,NC(N)=NCCCCNC(=O)C1=CSC(=N1)C1=CSC=N1
6593,COC1=CC(O)=C(C=C1CC=C(C)C)C(=O)\C=C\C1=CC=C(O)C=C1
6594,[H]N(C1=CC=C(OC[C@@H](O)CN(C)C)C=C1)C1=NC=C(Br)C(=N1)N([H])C1=CC=CC=C1
6595,OC1=CC2=C(C=C1)C(=NO2)C1=CC(Br)=C(O)C=C1O
6596,FC1(F)OC2=C(O1)C=C(\C=C1/SC(=O)NC1=O)C=C2
6597,[H]N(C1=CC=C(OC[C@H](O)CN(C)C)C=C1)C1=NC=C(Br)C(=N1)N([H])C1=CC=CC=C1
6598,[H][C@]1(COCC2=CC=CC=C2)CNC[C@]1([H])CN(CC(C)C)S(=O)(=O)C1=CC=CC=C1
6599,[H][C@](CC(O)=O)(CC1=CC=CC=C1)C(O)=O
6600,CC1=C2C(=O)N(C(=O)C2=CC=C1)C1=CC(=CC=C1O)C1=CC=CC=C1
6601,CN1C(CC2=CC=C(C=C2)C(N)=N)=NC2=C1C=CC(NS(=O)(=O)C1=CC=CC=C1)=C2
6602,CCCCCCCCC1=CC=C2C=C3C=CC(CCCCC(O)=O)=[N+]3[B-](F)(F)N12
6603,OC(=O)C(\O)=C(\F)/C=C/C(=O)C1=CC=C(F)C=C1
6604,CC1=C2C(=O)N(C(=O)C2=CC=C1)C1=CC=C(C=C1)C#N
6605,ClC1=CC=CC(COC2=CC=C3C(OC(=O)C=C3C=O)=C2)=C1
6606,CNCC1=CC(=O)OC2=C1C=CC(OCC1=CC=CC(Cl)=C1)=C2
6607,CC1=C(C(=O)N(C=C1)C1=CC=C2C(NCC2(C)C)=C1)C1=CC2=CN=C(N)N=C2C=C1
6608,CC1N[C@@H](N)CCC1CNCCN1C(O)C(NCC(F)(F)C2=CC=CC=N2)=NC=C1Cl
6609,OC(=O)C(\O)=C(\Cl)/C=C/C(=O)C1=CC=CC=C1
6610,CCCC1=C(C)C(C(O)=O)=C(CCC(O)=O)O1
6611,[H][C@@](CC)(CCCC)COS(O)(=O)=O
6612,COC1=CC(=CC=C1)C1=CC(CC[C@]2(C)CC(=O)N(C)C(N)=N2)=CC=C1
6613,[H][C@@](CS(=O)(=O)N1CCOCC1)(N[C@@]([H])(C1=CC=C(F)C=C1)C(F)(F)F)C(=O)NC1(CN)CC1
6614,[H][C@]1(CC\N=C2/NC[C@]([H])(Cl)N(CCNCC3=CSC4=CC=C(Cl)C=C34)C2O)CCCCN1
6615,[H][C@](N)(CC1=CC=CC=C1)[C@]([H])(O)CNS(=O)(=O)C1=CC=C2C=CC=CC2=C1
6616,N(C1=CNC2=NC=CC=C12)C1=CC=CC=C1
6617,COC1=CC=CC(CC2=CNC3=C2C=CC=N3)=C1
6618,CN(C)C1=C2C=CC=C(C2=CC=C1)S(=O)(=O)NCCCCNC(=O)CCS
6619,[H][C@](N)(CC1=CC=CC=C1)[C@]([H])(O)CNS(=O)(=O)C1=C(C)C=C(OC)C(C)=C1C
6620,CC1=C(C2=CC3=C(C=C2)N=C(N)N=C3)C(=O)N(C=C1)C1=CC(=CC=C1)C(F)(F)F
6621,N=C1NC(=O)\C(S1)=C/C1=CC=CC=N1
6622,[H][C@]1(CC[C@](C)(CCC#CC(O)(C(F)(F)F)C(F)(F)F)C1(C)C)\C=C\C=C1C[C@](O)([H])C[C@@](O)([H])C1
6623,NS(=O)(=O)C1=CC=C(C=C1)C1=CC=C(O1)\C=C1/SC(=O)NC1=O
6624,[H][C@@](CCO)(NC(=O)CCCCC)C(O)=O
6625,CNS(=O)(=O)C1=CC=C(C=C1)C1=CC=C(O1)\C=C1/SC(=N)NC1=O
6626,NS(=O)(=O)C1=CC=C(C=C1)C1=CC=C(O1)\C=C1/SC(=N)NC1=O
6627,NC1=NC(CCC2=CC3=C(C=CN3)C=C2)=CC(=O)N1
6628,[H][C@](C)(O)[C@]([H])(NC(=O)C1=CC=C(C=C1)C#CC1=CC=C(CN2CCOCC2)C=C1)C(=O)NO
6629,CC1=CC=C(C=C1C(=O)NC1=CN=C(N)C=C1)C(=O)NCCC1CCCC1
6630,NS(=O)(=O)C1=CC=C(C=C1C(F)(F)F)C1=CC=C(O1)\C=C1/SC(=N)NC1=O
6631,OC(=O)C1=CC=C(C=C1)C1=CC=C(O1)\C=C1/SC(=N)NC1=O
6632,C\C(C1=CC=C(O1)C1=CC=C(C=C1)S(N)(=O)=O)=C1\SC(=N)NC1=O
6633,OB(O)C1=CC(NS(=O)(=O)C2=CC(=CS2)S(=O)(=O)C2=CC=CC=C2)=C(C=C1)C(O)=O
6634,[H]N([H])[C@@H](CC1CCCCC1)[C@@H](O)C[C@@H](CC(C)C)C(O)=O
6635,CC(C)NC[C@H](O)COC1=CC=CC2=C1C1=CC=CC=C1N2
6636,FC(F)(F)C1=CC=CC=C1S(=O)(=O)NNC(=O)C1=CC2=CC(Cl)=CC=C2O1
6637,FC(F)(F)C1=CC=CC(NC2=NC(NC3=CC(NC(=O)C4CC4)=CC=C3)=NC=C2)=C1
6638,CC(C)NC1=CC2=C(C=NN2C2=NC(=CN=C2)N2C=CC(CC(O)=O)=C2)C=C1
6639,CC1=CC=CC=C1S(=O)(=O)NC1=C(SC(=C1)C1=CC=C(C=C1)C#N)C(O)=O
6640,[H]N(CC1=C(F)C=CC=N1)C(=O)CN1C(C)=CN=C(N([H])CC(F)(F)C2=CC=CC=N2)C1=O
6641,CC1=C[NH+]=C(NCC(F)(F)C2=[NH+]C=CC=C2)C(=O)N1CC(=O)NCC1=C(F)C(C)=CC=N1
6642,[O-][N+]1=CC=CC=C1C(F)(F)CNC1=NC=C(Cl)N(CC(=O)NCC2=C(F)C=CC=C2)C1=O
6643,CCNC1=NC(Cl)=NC(NC(C)(CC)C#N)=N1
6644,CCNC1=NC(Cl)=NC(NC(C)(CC)C#N)=N1
6645,FC(F)(F)C(=O)CCCCCCC(=O)NC1=CC=CC=C1
6646,[H][C@](OCC[As+](C)(C)C)(C1=CC=CC=C1[N+](O)=O)C(F)(F)F
6647,COC1=CC=C(C=C1)S(=O)(=O)N(CC1=CC=CN=C1)[C@H](C(C)C)C(=O)NO
6648,[H][C@@]12CC[C@H](C(C)=O)[C@@]1(C)CC[C@@]1([H])[C@@]2([H])CC[C@]2([H])CC(=O)CC[C@]12C
6649,[H]C(=O)[C@H](CCCC)NC(=O)[C@H](CC(C)C)NC(=O)[C@H](CC(C)C)NC(C)=O
6650,C\C(O)=C(/C#N)C(=O)NC1=CC(Cl)=C(C=C1)C1=CC=CC=C1Cl
6651,[H][C@](NC(=O)C1CCCCC1)(C(C)C)C(=O)NC1=CC=NC=C1
6652,CCOC1=CC(=CC=C1)C1=CC=C(NC(=O)C(\C#N)=C(\C)O)C=C1
6653,CN(C)C1=CC=C(NC2=NC(=CC=N2)C2=C(C)N=C(C)S2)C=C1
6654,CN1CCN(CC1)C1=CC=C(CC2=CC3=CN=C(CN)N=C3N2C2CCCCC2)C=C1
6655,NC1=NC2=C(C=C3N=C(NCCN4CCOCC4)NC3=C2)C(=O)N1
6656,O[C@@H]([C@@H](COC(=O)CCC(O)=O)NC(=O)C(Cl)Cl)C1=CC=C(C=C1)[N+]([O-])=O
6657,[H][C@@]1(C)C2=CC(O)=CC=C2O[C@@]([H])(C2=CC=C(OCCN3CCCC3)C=C2)[C@@]1([H])C1=CC=C(O)C=C1
6658,[H][C@@](NS(=O)(=O)C1=CC=CC2=NSN=C12)(C(=O)NC1=CC=NC=C1)C1=CC=CC=C1
6659,[H][C@@](CCSC)(NC(=O)[C@]1([H])CC[C@]([H])(C)CC1)C(=O)NC1=CC=NC=C1
6660,OC(=O)C1=CC=C2C(=C1)N(CC(=O)N1CCOCC1)C(=C2C1CCCCC1)C1=CC=CC=C1
6661,[H][C@@](C)(O)[C@]([H])(CC1=CC=C(O)C=C1)NC(=O)[C@]([H])(CC(C)C)NC(=O)OCC1=CC=CC=C1
6662,CC1=CC=C(C=C1)S(=O)(=O)NCCCOC(=O)NC1=CC=NC=C1
6663,[H][C@@](O)(COC1=C(C)C=CC(C)=C1)CN1CCOCC1
6664,[H][C@@]1(CCC2=C(C(OC)=C(OC)C(OC)=C2)C2=CC=C(OC)C(=O)C=C12)NC(=O)CS
6665,[H][C@](N)(CC1=CC=CC=C1)C(O)[C@@]([H])(N)CC1=CC=CC=C1
6666,CCC1=C(C(N)=NC(N)=N1)C1=CC=CC=C1
6667,CC1=NC2=C(C=CN=C2)N1C1=CC=C(CN2C(=O)SC3=CC=CC=C23)C=C1
6668,CC1(OCC(CO1)OC(=O)NCCNC(=O)OC1COC(C)(OC1)C(O)=O)C(O)=O
6669,[H][C@@]1(CO[C@](C)(OC1)C(O)=O)OC(=O)N1CCN(CC1)C(=O)O[C@@]1([H])CO[C@](C)(OC1)C(O)=O
6670,[H][C@](N)(CC1CCCCC1)[C@@]([H])(O)C[C@@]([H])(C(C)C)C(O)=O
6671,[H][C@](NC(=O)NC1CCCC1)(C(C)C)C(=O)N1CC[C@]([H])(NC(=O)C2CC2)[C@@]1([H])C1(CCC1)C=O
6672,[H][C@@]1(CNS(=O)(=O)C2=CC=CC3=CN=CC=C23)C[C@]([H])(CN1)OCC1=CC=C(Cl)C=C1
6673,CC1=NN=C(N1)C1=CC=CC=C1NC1=NC=NC2=C1C=CN2
6674,ClC1=CNC2=C1C(=NC=N2)N1CCC2=C(C1)N=CN2
6675,CN(C)C(=O)C1=CC(=CC(NC(=O)C2=CC=C(C)C=C2)=C1)C1=CC=C(C=C1)C(=O)NO
6676,[H][C@@](CS(=O)(=O)C[C@]1([H])CCC(=O)N1)(N[C@@]([H])(C1=CC=C(F)C=C1)C(F)(F)F)C(=O)NC1(CC1)C#N
6677,OC(=O)C1=C(C2=CNC3=CC=CC=C23)C(=C(N1)C(O)=O)C1=CNC2=C1C=CC=C2
6678,[H][C@@](CS(=O)(=O)CC1=CC=CC=C1)(N[C@@]([H])(C1=CC=C(O)C=C1)C(F)(F)F)C(=O)NC1(CN)CC1
6679,[H][C@](N)(CSCCC(=O)C1=CC=C(Cl)C(Cl)=C1)C(O)=O
6680,O=C(NC1CCCC1)C(=O)NC1=NC=CS1
6681,[H][C@@](CCCC)(NC(=O)O[C@]([H])(CC1=CC=CC=C1)C(C)C)C=O
6682,[H][C@@](CCCC)(NC(=O)OC1(CC2=CC=CC=C2)CCCC1)C=O
6683,CCC1=C(O)C=C(O)C(=C1)C1=C(C(C)=NN1)C1=CC2=C(OCCO2)C=C1
6684,BrC1=CC=CC(=C1)C1=NC2=[N+](NC=C2)C(NCC2=CC=NC=C2)=C1
6685,[H][C@]1(CC#N)CC[C@@]2([H])[C@]3([H])CCC4=CC(OS(N)(=O)=O)=C(OC)C=C4[C@@]3([H])CC[C@]12C
6686,[H][C@]1(N)CCC2=CC=CC=C2[C@@]1([H])O
6687,[H][C@@]12CCCN1C(=O)C1=C(O2)C=C2OCCOC2=C1
6688,CO\N=C(/C(=O)NCB(O)O)C1=CSC(N)=N1
6689,OC1=CC(O)=C(Cl)C=C1C1=NOC2=C1C=C(NCCN1CCOCC1)C=C2
6690,[H][C@](N)(CSCCC(=O)NC1=CC2=C(C=C1)N=CN=C2NC1=CC=CC=C1)C(O)=O
6691,[H][C@@](CCS)(NC(=O)CCCCC)C(O)=O
6692,[H][C@@]12CC3=C4C(NC=C4[C@]1([H])[C@]1([H])N(C(O)=C(C(C)=O)C1=O)C2(C)C)=CC=C3
6693,[O-][N+]1=CC=CC2=C1C=C(S2)C(=O)N1CCN(CC1)S(=O)(=O)C1=CC2=CC(Cl)=CC=C2N1
6694,CCC1=NN(C2=C1C(=O)NC(CC1=CC(O)=C(O)C=C1)=N2)C1=C(Cl)C=C(Cl)C=C1Cl
6695,C[S@@](=O)C1=CC=C(C=C1)C1=NC(=C(N1)C1=CC(I)=CC=C1)C1=CC=NC=C1
6696,[H][C@@](CCN)(C(=O)NC1=CC=C2NN=C(NC(=O)C3=CC=CC=C3)C2=C1)C1=CC(Cl)=CC=C1
6697,CN(C)CC1=CC=C(O1)C1=CC=CN=C1
6698,OC1=C(O)C2=CC=CC=C2C=C1
6699,CCCCCCCCCCS
6700,CC(C)(C)NC1=NC(=NC2=C1C=C(C=C2)C1=CC=CC(N)=C1)C(F)(F)F
6701,N1C=CC(=N1)C1=CC(=NO1)C1=CC=CC=C1
6702,N1C=CC(=N1)C1=CN=C(S1)C1=CC=CC=C1
6703,COC1=CC=C(\C=C\C(=O)NC2=CC=CC=C2C(O)=O)C=C1OC
6704,CC1=CC(=CC=C1F)C1=CSC(NC2=CC=C(C(O)=O)C(O)=C2)=N1
6705,CNCC1=CC=C(O1)C1=CC=CN=C1
6706,NCC1CCN(CC(=O)NC2=CC=CC3=C2C(=O)C2=C(NN=C32)C2CCCCC2)CC1
6707,[H][C@@]1(CC[C@@]([H])(CC1)C1=CC=CN=C1)N(C1CC1)C(=O)C1=CC=C(C=C1)[C@](C)(O)C(F)(F)F
6708,CC1=CC(=C(Cl)C=C1Cl)S(=O)(=O)C1=C(C=C(C=C1[N+]([O-])=O)C(F)(F)F)[N+]([O-])=O
6709,NCC1=CC=C(O1)C1=CC=CN=C1
6710,CN1CCN(CC1)NC(=O)NC1=CC=CC2=C1C(=O)C1=C(NN=C21)C1=C(C)N=C(C)S1
6711,S(SC1=CC=NC=C1)C1=CC=NC=C1
6712,[H][C@@]1(C)CN(CC2(CC2)C(N)=O)CCN1S(=O)(=O)C1=CC=C(C=C1)[C@](C)(O)C(F)(F)F
6713,CCOC1=CC=C(OCC)C(NC(=O)C2=CC(C)=C(OCCN)C(C)=C2)=C1
6714,CCOC1=C(NC(=O)C2=CC(C)=C(OCCN)C(C)=C2)C=C(C=C1Cl)N1CCCCC1
6715,[H][C@@](CC(C)C)(NC(=S)NC1=CC=CC=C1)C(=O)N[C@]1([H])CO[C@]([H])(O)C1
6716,CN1C2=C(SC(C)=C2)C2=C1C(=O)N(CC1=CC=CC=C1F)N=C2
6717,[H][C@@]1(CCCC[C@@]1([H])NC(=O)C1=NC2=C(CN(C)CC2)S1)NC(=O)C1=CC2=C(N1)C=CC(Cl)=C2
6718,[H][C@]1(CCCC[C@@]1([H])NC(=O)C1=NC2=C(CN(C)CC2)S1)NC(=O)C1=CC2=C(N1)C=CC(Cl)=C2
6719,CCCCCCCCCCCC[N+](C)(C)CC([O-])=O
6720,NS(=O)(=O)C1=NN=C(S1)C1=CC=CC=C1Cl
6721,[H][C@@]1(O)C[C@@]([H])(O[C@]2([H])O[C@@]([H])(C)[C@@]([H])(O)[C@@]([H])(O)[C@]2([H])O)[C@]([H])(OCCCCCCCC)O[C@]1([H])CO
6722,CC1=CC=CC(C)=C1OCC(O)=O
6723,OC1=CC=C(C=C1)C(=O)C1=CC=C(O)C=C1
6724,CCCCCCCC1=C(O)C2=C(SC=N2)C(=O)C1=O
6725,[H][C@](N)(CC1=CC(Br)=C(O)C(Br)=C1)C(O)=O
6726,[H][C@@]12CC(F)(F)C[C@]1([H])[C@@]([H])(OC1=C2C=C(O)C=C1)C1=CC=C(O)C=C1
6727,CCOC(=O)C(CC1=CC2=C(C=C1)C=CC(=C2)C(N)N)C1=CC=C(OC2CCNC2)C=C1
6728,CCCCCCCCCCC1=C(C)C(=O)C(OC)=C(OC)C1=O
6729,CCCCCCCCCCP(C)(C)=O
6730,NC1=NC2=CC=CC(OCC3CCN(CC4=CC=CC=C4F)CC3)=C2C(N)=N1
6731,NC1=NC2=C(C(N)=N1)C(OCC1CCN(CC3=C(Cl)C(Cl)=CC=C3)CC1)=CC=C2
6732,[H][C@@](C)(OC1=C2C(N)=NC(N)=NC2=CC=C1)C1=CC(Cl)=CC=C1
6733,OC(=O)CCCCCCCCC(O)=O
6734,CCCCCCCCCCC[N+](C)(C)[O-]
6735,[H][C@](C)(O)CNC1=C2C(NC(=C2C2=CC=CC=C2)C2=CC=CC=C2)=NC=N1
6736,[H][C@](O)(CO)CNC1=C2C(NC(=C2C2=CC=CC=C2)C2=CC=CC=C2)=NC=N1
6737,[H][C@]1(O)CN(CC2=CNC3=C2N=CN=C3N)C[C@]1([H])CSCC1=CC=CC=C1
6738,CCCCCCCCCCOC=O
6739,[H][C@@](CC1=CC=C(C=C1)C(F)(F)P(O)(O)=O)(NC(=O)[C@]([H])(CC1=CC=CC=C1)NC(C)=O)C(N)=O
6740,[H][C@]1(O)C[C@@]([H])(O[C@]1([H])COP(O)(O)=O)C1=CC(C)=C(F)C=C1F
6741,OC(=O)CNC1=NC=NC2=C1C(=C(O2)C1=CC=CC=C1)C1=CC=CC=C1
6742,CN(CCO)C1=NC=NC2=C1C(=C(O2)C1=CC=CC=C1)C1=CC=CC=C1
6743,OCCNC1=NC=NC2=C1C(=C(N2)C1=CC=CC=C1)C1=CC=CC=C1
6744,[H][C@@](CCCC)(CO[P@](O)(=O)OCCO)NC(=O)CCCCCCCCCCC
6745,CC(=O)N[C@H](CC1=CC=CC=C1)C(=O)N1CCC[C@H]1C(=O)N[C@@H](CCCCN)B(O)O
6746,[H][C@@](CCCCCN)(NC(=O)[C@]1([H])CCCN1C(=O)[C@@]([H])(CC1=CC=CC=C1)NC(C)=O)B(O)O
6747,[H][C@@](CCCN)(NC(=O)[C@]1([H])CCCN1C(=O)[C@@]([H])(CC1=CC=CC=C1)NC(C)=O)B(O)O
6748,OC1=CC=C2C(O)=CC=CC2=C1
6749,BrC1=CC(NC2=C3C=C(NC(=O)C=C)C=CC3=NC=N2)=CC=C1
6750,[H][C@](CC1=CC=C(O)C=C1)(N1C(=O)C2=C(C=C(C=C2)C(O)=O)C1=O)C(O)=O
6751,NC1=NC(NC2=CC=C(C=C2)S(N)(=O)=O)=NN1C(=S)NC1=C(F)C=CC=C1F
6752,[H]N([H])C(=NOCCN([H])C(=O)CC1=C(C=CC(N([H])CC(F)(F)C2=CC=CC=N2)=C1F)C#N)N([H])[H]
6753,[H][C@]1(N)CN(C[C@]1([H])C1=CC(F)=C(F)C=C1F)C1=CC(=NC=N1)C1=CC(=CC=C1)S(C)(=O)=O
6754,CC1=CC(=CC(C)=C1O)\N=N\C1=CC=CC=C1C(O)=O
6755,CCN(CC)C1=CC(O)=C(\C=C(/C)C(O)=O)C=C1
6756,CC1=C(C)C(=O)C2=CC=CC=C2C1=O
6757,CN(C1=CC=NN1C1=CC=CC=C1)S(=O)(=O)C1=CC=C(C)C=C1
6758,CCCCCC(C)C1=C(O)C(=CC(=C1)N(=O)=O)N(=O)=O
6759,[H][C@@]1(CC[N@@+](C)([O-])CC1)[Si](C)(C)C1=CC=CC=C1
6760,C[C@@H](CC1=CC=CC=C1)C(O)=O
6761,CCOP(O)(=S)OCC
6762,[H][C@@](CC1=CC=C(OCCN2C3=C(OC4=C2C=CC=C4)C=CC=C3)C=C1)(OCC)C(O)=O
6763,OC[C@@H](O)CCONC1=C(NC2=CC=CC=C12)C1=C2C=CC=CC2=NC1=O
6764,CC1=NC2=C(CSCC2)C(=O)N1
6765,[H]\C(CC)=C(/[H])C1=C(O)C=C2CC[C@@]3([H])[C@]4([H])CC[C@]([H])(O)[C@@]4(C)CC[C@]3([H])C2=C1
6766,[H][C@]1(CC2=CC=C(OCCCCC(=O)N[C@@]([H])(C(C)C)C(=O)N1)C=C2)C(O)=O
6767,[H][C@@](C(=O)NC1=CC=C2C=CC=CC2=C1)(C1=CSC2=C1C=C(Cl)C=C2)P(O)(O)=O
6768,CCCCCCCCCCCCS([O-])(=O)=O
6768,CCCCCCCCCCCCS([O-])(=O)=O
6769,[H][C@](NS(=O)(=O)C1=CC2=C(C=C1)C1=CC=CC=C1S2)(C(C)C)C(O)=O
6770,CN(C)C1=C2C=CC(=CC2=CC=C1)S(O)(=O)=O
6771,NS(=O)(=O)C1=CC=C(NC2=CC(OCC3CCCCC3)=NC3=NC=NN23)C=C1
6772,NS(=O)(=O)C1=CC=C(NC2=CC(NC3CCCCC3)=NC3=NC=NN23)C=C1
6773,[H][C@]1(N)CC[C@@]([H])(CC1)NC1=NC2=NC=NN2C(NC2=CC=C(C=C2)S(N)(=O)=O)=C1
6774,NS(=O)(=O)C1=CC=C(NC2=CC(OC3CCCCC3)=NC3=NC=NN23)C=C1
6775,COC(=O)C1CCN(CC1)C(=O)C1=CC=C(NCC2=NC3=C(N=C2)N=C(N)N=C3N)C=C1
6776,OC(=O)C1=C(NC(=O)C2=CC=CC(=C2)S(=O)(=O)N2CCC3=CC=CC=C3C2)C=CC=C1
6777,FC1=CC=CC(F)=C1S(=O)(=O)N1CCN(CC1)S(=O)(=O)C1=CC=C2OCCOC2=C1
6778,CC1=CC=CC(C)=C1C(=O)NC1=CC(Br)=C(O)C(Br)=C1
6779,OC1=C(Br)C=C(NC(=O)C2=CC(Cl)=CC=C2Cl)C=C1Br
6780,CC1=CC(=CC(C)=C1O)C(=O)NC1=CC(Br)=C(O)C(Br)=C1
6781,[H][C@@](CC(=O)OC)(NC(=O)OC(C)(C)C)C(C)=O
6782,COC1=CC=C(C=C1)S(=O)(=O)N1CCN(CC1)S(=O)(=O)C1=CC=C2OCCOC2=C1
6783,NC1=CC=CC(=C1)C1=C2N=C(NC3=CC=CC(Cl)=C3)C=CN2N=C1
6784,[H][C@@]12CC[C@@]3(CCC(C)(C)C(=O)O3)[C@@]1(C)CC[C@]1([H])C3=CC=C(C=C3CC[C@@]21[H])C(N)=O
6785,[H][C@@]1(CC2CCN(CC3=CC=CC=C3)CC2)CC2=CC(OC)=C(OC)C=C2C1=O
6786,[H][C@@]12C[C@@H](O)[C@@H](O)[C@@]1(C)CC[C@]1([H])C3=C(CC[C@@]21[H])C=C(O)C=C3
6787,[H][C@@]1(C)C[C@]([H])(C)[C@]([H])(O)[C@@]([H])(C)C(=O)O[C@]([H])(CC)[C@]([H])(C)\C=C\C1=O
6788,COC1=CC=C(CCC2=C3N=CNC3=CC3=C2N=C(N)NC3=O)C=C1
6789,ClC1=CC=C(CO[C@H](CN2C=CN=C2)C2=C(Cl)C=C(Cl)C=C2)C=C1
6790,[H][C@]1(O)CC[C@@]2([H])[C@]3([H])CCC4=C(C=C(O)C(O)=C4)[C@@]3([H])CC[C@]12C
6791,[H][C@]1(O)CC[C@@]2([H])[C@]3([H])CCC4=CC(O)=CC=C4[C@@]3([H])[C@@]([H])(COC)C[C@]12C
6792,OC1=CC=C(C=C1)N1N=C2C=CC(O)=CC2=C1Cl
6793,[H][C@](N)(CC1=CC=CC=C1)C(=O)NCCOCCOCCNC(=O)C1=CC=C(C=C1)S(N)(=O)=O
6794,[H][C@@](C)(O)[C@@]([H])(CCCCCC)N1C=NC2=C(N)N=CN=C12
6795,CCC1=C2C=C(O)C=CC2=NN1C1=CC=C(O)C=C1
6796,COC1=CC=C(C=C1)C1=CC=C(C=C1)S(=O)(=O)N[C@H](C(C)C)P(O)(O)=O
6797,CC1=C(CCCCCC(O)=O)C(=O)C2=CC=CC=C2C1=O
6798,CC1=CC(O)=C2C(=O)C3=C(C=C(O)C=C3O)C(=O)C2=C1
6799,[H][C@@]12C[C@]3([H])O[C@]4([H])C\C=C/[C@]([H])(O)[C@@]([H])(CO)O[C@@]4([H])C=C[C@@]3([H])O[C@@]1([H])[C@]([H])(O)[C@@]1([H])OCC=CC[C@]1([H])O2
6800,[H][C@]1(O)CC[C@@]2([H])[C@]3([H])CC[C@@]4([H])CC(=O)CC[C@]4(C)[C@@]3([H])CC[C@]12CCOCC1=CC(F)=CC(F)=C1
6801,OC(=O)C(=O)CC1=CC=C(O)C=C1
6802,[H]N(C)C(=O)[C@H]1CC2=C(CN1C(=O)OC(C)(C)C)C=C(C=C2)N([H])S(O)(=O)=O
6803,[H][C@@]12CC[C@@]([H])(N1)[C@]([H])(C2)C1=CC=C(Cl)N=C1
6803,[H][C@@]12CC[C@@]([H])(N1)[C@]([H])(C2)C1=CC=C(Cl)N=C1
6804,CCOP(=O)(OCC)OC1=CC=C(OC)C=C1
6805,OCCCOC1=CC=C(C=C1)[N+]([O-])=O
6806,COC1=CC=C2NC=C(CCC(O)=O)C2=C1
6807,COC1=CC=C(C=C1)S(=O)(=O)N1C=C(CCC(O)=O)C2=CC(OC)=CC=C12
6808,CC(C)(C)C1=C(O)C=CC(O)=C1
6809,FC1=C(C=CC=C1)C1=CC(=CC=N1)C1=CC2=C(CCNC2=O)N1
6810,FC1=CC(=CC=C1)C(=O)NC1=CC=CC(=C1)C1=NN=NN1
6811,OC1=CC(=CC=C1)C1=CC(=O)NS1(=O)=O
6812,NC1=C(\N=N\C2=CC=C(O)C=C2)C(N)=NN1
6813,OP(O)(=O)OCCNS(=O)(=O)C1=CC2=C(C=CC=C2)C=C1
6814,CN1N=C(C2=C1SC(=C2)C(=O)NCCS)C(F)(F)F
6815,SCCCC(=O)NC1CCN(CC2=CC=CC=C2)CC1
6816,COC1=CC=CC(OC)=C1CN1CCC(CC1)NC(=O)CCCS
6817,[H][C@]1(CN(CC2=CC=C(F)C=C2)CCN1)C(=O)NCCS
6818,[H][C@]1(CN(CC2=CC=C(F)C=C2)CCN1)C(=O)NCCCS
6819,COC1=C(OC)C(CN2CCC(CC2)NC(=O)CCCS)=CC(Br)=C1
6820,[H][C@]1(CF)CC2=CC=C(C=C2CN1)S(=O)(=O)N1CCSCC1
6821,[H]C(C(O)=O)=C(C)C(\[H])=C(/C)C[C@]([H])(C)CCCC[C@@]([H])(O)[C@@]([H])(CO)C=O
6822,[H][C@@]12CCC[N@@]1[C@@]([H])(C1=CC=C(C=C1)C(N)N)[C@@]1([H])C(=O)N(CC3=CC=C(F)C=C3)[C@]([H])(C(F)F)[C@@]21[H]
6823,NS(=O)(=O)C1=CC=C(C=C1)C(=O)NCC1=CC=CC(F)=C1F
6824,FC(F)(F)C1=NN=C(N1)SC(=O)C1=CC=C(O1)C#CC1=CC=CC=C1
6825,CC(C)[C@H](NC(=O)OCC1=CC=CC=C1)C(=O)N[C@@H](C)C(=O)N[C@@H](CC(O)=O)C(=O)CF
6826,OP(O)(=O)OCCNC(=O)C1=CC=C(OC(F)(F)F)C=C1
6827,CCC1=CC=C(NS(=O)(=O)C2=CC=C(F)C=C2)C(C(O)=O)=C1C
6828,[H][C@]1(CO)CC2=CC=C(C=C2CN1)S(=O)(=O)NC1=CC=C(Cl)C=C1
6829,OP(O)(=O)OCCNS(=O)(=O)C1=CC=C(OC(F)(F)F)C=C1
6830,[H][C@@](CC1=CC=CC=C1)(NC(=O)[C@]([H])(CC(C)C)NC(C)=O)C=O
6831,[H]N(C1=CC=C(OC[C@H](O)CN(C)C)C=C1)C1=NC=CC(=N1)N([H])C1=C(Cl)C=CC(Cl)=C1
6832,[H]N(C1=CC=C(OC[C@@H](O)CN(C)C)C=C1)C1=CC(=NC=N1)N([H])C1=C(F)C=CC=C1F
6833,OC(=O)C1=CC=C(C=C1)C1=CC(F)=CC(F)=C1
6834,OC(=O)CC[C@H](NC(=O)N[C@@H](CSCC1=CC=C(F)C=C1)C(O)=O)C(O)=O
6835,[H]N(C1=CC=C(OC[C@@H](O)CN(C)C)C=C1)C1=NC=CC(=N1)N([H])C1=C(Cl)C=CC(Cl)=C1
6836,CC1=C(CSCC2=CC(=CC=C2)C(O)(O)C(F)(F)F)C(N)=C2C(F)=CC=CC2=N1
6837,CCCC[C@]12CC3=CC(O)=CC=C3C1=C(Br)C(=O)CC2
6838,OC(=O)C1=CC=C(O1)C1=CC(Cl)=CC=C1Cl
6839,OC(=O)C1=CC=C(O1)C1=CC=CC=C1C(F)(F)F
6840,OC(=O)C1=CC=CC(\C=N\OCCO\N=C\C2=CC(=O)NC(=O)N2)=C1
6841,[H]N(C1=CC=C(OC[C@H](O)CN(C)C)C=C1)C1=CC(=NC=N1)N([H])C1=C(F)C=CC=C1F
6842,CCC(CC)C(=O)NC1=CC(=CC=C1NC(C)=O)C(O)=O
6843,C[C@]1(OC(=O)N(NC2=CC=CC=C2)C1=O)C1=CC=C(F)C=C1F
6844,OC(=O)C1=C(C=CC=C1)C1C2=CC=C(O)C=C2OC2=CC(O)=CC=C12
6845,COC(=O)C1CCN(CC1)C(=O)C1=CC=C(C=C1)N(C)CC1=NC2=C(N)N=C(N)N=C2N=C1
6846,[H]N1C(=O)\C(C2=C1C=CC=C2)=C1/N([H])C2=CC=CC=C2/C/1=N\OCC[C@@]([H])(O)CO
6847,COC1=CC(\C=C\C(O)=O)=CC=C1O
6848,[H][C@@]1(O)CC[C@@]2([H])[C@]3([H])CCC4=CC(=O)CC[C@]4(C)[C@@]3([H])CC[C@]12C
6849,C[C@](O)(COC1=CC=C(F)C=C1)C(=O)NC1=CC(=C(C=C1)[N+]([O-])=O)C(F)(F)F
6850,CC1=CC=C(C=C1)S(=O)(=O)NC1=C(SC(=C1)C1=CC=C(F)C=C1)C(O)=O
6851,CC(C)=CCC\C(C)=C\CC\C(C)=C\CONC(=O)CP(O)(O)=O
6852,COC1=CC=C(C=C1)C1=CC=C(C=C1)S(=O)(=O)N[C@@H](C(C)C)P(O)(O)=O
6853,OP(O)(=O)OCCCC1=CNC2=C1C=C(F)C=C2
6854,OC1=CC(O)=C2C(=O)\C(OC2=C1)=C\C1=C(O)C(Br)=C(O)C(Br)=C1
6855,O=C1C=C(OC2=CC=CC=C12)C1=CC=CC=C1
6856,C[C@]1(OC(=O)N(NC2=CC=CC=C2)C1=O)C1=CC=C(OC2=CC=CC=C2)C=C1
6857,[H][C@](N)(CC(=O)N1CCC[C@@]1([H])CNC(=O)C1=CC=CC=C1)CC1=C(F)C=CC=C1
6858,CC(C)=CCC\C(C)=C\CC\C(C)=C\COP(O)(=O)OP(O)(O)=O
6859,CCOC1=C(F)C(CCNC(=S)NC2=NC=C(C=C2)C#N)=NC=C1
6860,NC1=NC(=NC=C1CO[P@@](O)(=O)OP(O)(O)=O)C(F)(F)F
6861,[H][C@](CO)(CCN1C=CC2=C1C=C(NC(=O)CCC1=CC=CC=C1)C=C2)N1C=NC(=C1)C(N)=O
6862,[H][C@]12C(=O)N(C(=O)[C@@]1([H])[C@@]1(CC[C@@]2([H])CC1)NC(=O)OCC(O)=O)C1=CC=C(NC(C)=O)C=C1
6863,[H][C@@](C)(O)[C@@]([H])(CCOC1=CC2=C(C=CC=C2)C=C1)N1C=NC(=C1)C(N)=O
6864,[H][C@@](C)(O)[C@]([H])(CCC1=CC=CC2=C1OC(=N2)C1=CC=C(Cl)C=C1)N1C=NC(=C1)C(N)=O
6865,FC1=C2C(=O)NC(=O)N(CCCCN3CCC(=CC3)C3=CC=CC=C3)C2=CC=C1
6866,[H]\C1=C([H])/C2=CC(OC)=CC(O)=C2C(=O)O[C@]([H])(C)C\C([H])=C([H])/C(=O)[C@@]([H])(O)[C@@]([H])(O)C1
6867,CC1=CC(NC(=O)NC2=NC=C(CCNC3=CC(NC4=NC=NN4)=NC=N3)S2)=C(O1)C(F)(F)F
6868,COCCNS(=O)(=O)C1=CC=C(NC2=NC(=CC=N2)C2=CN=C(C)N2C(C)C)C=C1
6869,CNS(=O)(=O)C1=CC=C(NC2=NC(=CC=N2)C2=CN=C(C)N2C2CC2)C=C1
6870,[H][C@@]1(CC2=C(C=CC=C2)N(CC(=O)NCCO)C1=O)NC(=O)C1=CC2=C(N1)SC(Cl)=C2
6871,[H][C@@]1(Cl)SC2=NC(=CC2=C1)C(=O)N[C@@]1([H])CC2=C(C=CC=C2)N(CC(N)=O)C1=O
6872,NC1=NNC2=C1C=C(N=N2)C1=C2C=CC=CN2N=C1C1=CC=CC=C1
6873,OC1=CC2=C(C=C1)C(=O)C(O)=C(O2)C1=CC=C(O)C(O)=C1
6874,[H][C@@]12CCC[N@@]1[C@@]([H])(C1=CC=C(C=C1)C(N)=[NH2+])[C@@]1([H])C(=O)N(CC3=CC=C(F)C=C3)C(=O)[C@@]21[H]
6875,CCOC1=C(F)C(CCNC(=S)NC2=NC=C(Cl)C=C2)=NC=C1
6876,[H][C@]1(CF)CC2=CC=C(C=C2CN1)S(=O)(=O)NCCC(F)(F)F
6877,ClC1=CN=C(NS(=O)(=O)C2=C(NC(=O)C3=CC=C(C=C3)N3C=CC=CC3=O)C=CC=C2)C=C1
6878,CCCCNC(=O)C1=CC=CC(NC(=O)CCCCCNC2=C3N=CNC3=NC=N2)=C1
6879,CC1=C(Br)C(=O)OC2=C(Br)C(O)=CC=C12
6880,OC(=O)C1=CNC(=N1)C1=CC=CC=C1
6881,[H][C@@](C)(N1CC[C@]([H])(NS(=O)(=O)C2=NNC(=N2)C2=CC=C(Cl)S2)C1=O)C(=O)N1CCOCC1
6882,CC(C)(CCl)C(=O)NC1=CC=C(C=C1)C(F)(F)F
6883,[H][C@@](NC(=O)CC1=CC=CC=C1)(C(=O)NCC1=CC=CC=C1)[C@]1([H])N[C@@]([H])(C(O)=O)C(C)(C)S1
6884,[H][C@@]1(O)CN(CCCC2=CC=CC=C2)C[C@]([H])(CO)[C@@]1([H])O
6885,[H][C@@]1(C[C@@]1([H])C(=O)NC1=CC(F)=CC=C1F)C(O)=O
6886,CC1=CC=CC(=C1)C(=O)C1=CC=NC(NCC2=CC=C(C=C2)C(N)=N)=C1
6887,OC1=CC=C(CCC(=O)C2=C(O)C=C(O)C=C2O)C=C1
6888,CC1=NN=C(O1)C1=CC=C(C(C)=C1)C1=CC(=CC=C1C)C(=O)NC1CC1
6889,[H][C@](CN)(NC(=O)C1=CC=C(S1)C1=C2C=CNC2=NC=C1)C1=CC=CC=C1
6890,[H][C@@](C)(NC(=O)CN)C(=O)N1CCC[C@@]1([H])C(=O)NC1=CC=C2C=CC=CC2=C1
6891,[H][C@@]12CC[C@]3(O)C[C@]1(CC3=C)[C@@H](C(O)=O)[C@]1([H])[C@@]3(C)[C@@H](O)C=C[C@@]21OC3=O
6892,[H][C@@]12C[C@]3(CC1=C)[C@@H](C(O)=O)[C@]1([H])[C@@]4(C)[C@@H](O)CC[C@@]1(OC4=O)[C@]3([H])CC2
6893,OC(=O)C\N=C(\NC(C1=CC=CC=C1)C1=CC=CC=C1)NC1=CC=C(C=C1)C#N
6894,O=C(NC1=NC=CS1)NC1=CC(=CC=C1)S(=O)(=O)N1CCN(CC1)C1=CC=CC=N1
6895,ONC(=O)\C=C\C1=CC=C(Cl)C=C1Cl
6896,ONC(=O)\C=C\C1=CC=C(Cl)C=C1
6897,CCOCN1C(=O)NC(=O)C(C(C)C)=C1CC1=CC(C)=CC(C)=C1
6898,[H][C@](C)(O[P@]([H])(C)=O)C(C)(C)C
6899,[H][C@@](C)(N1C(=O)[C@@]2([H])[C@@]3([H])CC[C@]([H])(C3)[C@@]2([H])C1=O)C(O)=O
6900,CCC1=C(C)NN(C1=O)C1=NN=NN1
6901,[H][C@]1(CN(C(=O)C1)C1=CC=C(C=C1)C(C)=O)C(O)=O
6902,ClC1=CC=C(OCC(=O)NC2=CC=CC=C2)C(=C1)C(=O)C1=CC=CC=C1
6903,CN1C(=O)N(CC2=CC=C(C=C2)C(O)=O)C(=O)C2=C1C=CC(=C2)C#CCC1=CC=CC=C1
6904,FC1=CC=C(C=C1)C1=NNC=C1C1=CC=NC=C1
6905,[H][C@]1(N)CN(CCC2=CC=C3OCOC3=C2)C(=O)C[C@]1([H])C1=CC(F)=C(F)C=C1F
6906,CCCC1=CC=C(NC(=O)C2=CC=CC=C2NCC2=CNC(=O)C=C2)C=C1C(F)(F)F
6907,CC1=C(NC2=CC=NC3=CC(=CC=C23)C2=CSC(C=O)=N2)C=C(O)C=C1
6908,CC1=NN=C(O1)C1=CC=C(C)C(=C1)C1=CC=C(C=C1)C(=O)NC1=CC(=CC=C1)C#N
6909,CC1=NN=C(O1)C1=CC=C(C)C(=C1)C1=CC=C(C=C1)C(=O)NCC1CC1
6910,CC1=CC=C(C=C1C1=CC=C(C=C1)C(=O)NCC1CC1)C(=O)NC1CC1
6911,[H][C@](COCCCCCCCCCC)(COCC(F)(F)F)O[P@](O)(=O)OC
6912,OC(=O)CC1=CC=C(C=C1)C1=CNC2=NC=C(C=C12)C1=CC=C2C=CC=CC2=C1
6913,OC1=C(\C=C2/SC(=S)N(CC3=CC=CC=C3)C2=O)C=CC=C1[N+]([O-])=O
6914,[H][C@@](CC1CCCCC1)(NC1=NC2=CC=CC=C2O1)C(=O)NCCNC1=CC=C(OC)C=C1
6915,COC1=CC=CC(=C1)C(=O)C1=CNC2=NC=CC(=C12)C1=CC(F)=CC(F)=C1
6916,CC(C)=CCCC(C)=CCCC(C)=CCCC(C)=CCOP(O)(=O)OP(O)(O)=O
6917,[H][C@@](CC1=CC=CC=C1)(OC1=CC=C(CC)C=C1)C(O)=O
6918,[H][C@@](C)(N1CC[C@]([H])(NS(=O)(=O)C2=CC3=C(S2)C=CC(Cl)=C3)C1=O)C(=O)N1CCOCC1
6919,[H][C@@](C)(N1CC[C@]([H])(NS(=O)(=O)C2=CC3=C(S2)C=C(Cl)C=C3)C1=O)C(=O)N1CCOCC1
6920,COC1=C(NC2=NC3=C(C=CN3)C(NC3=CC=CC(F)=C3C(N)=O)=N2)C=CC(CS(C)(=O)=O)=C1
6921,CCC1=CC=CC=C1NC(=O)OC1=CC2=C(C=C1)N(C)C1C2(C)CC[N+]1(C)[O-]
6922,[H][C@@](C)(N1CC[C@]([H])(NS(=O)(=O)C2=CC3=CC=C(Cl)C=C3C=C2)C1=O)C(=O)N1CCOCC1
6923,C[C@H](N1CC[C@H](NS(=O)(=O)C2=CC3=C(N2)C=CC(Cl)=C3)C1=O)C(=O)N1CCOCC1
6924,[H][C@](N)(CSCCCCCCCCC)C(O)=O
6925,[H][C@]1(CCCC[C@]1([H])C1=NNC(=S)N1)C(O)=O
6926,[H][C@]1(N)CCN(C[C@@]1([H])C1=CC(C)=CC=C1)C1=CC(OC)=C(OC)C=C1
6927,CC1=NC(=NN1C1=CC(Cl)=CC(Cl)=C1)C(O)=O
6928,N#CCC1C=CC(C=C1)=NC1=NC2=CC=CC=C2C(NC2=NNC(=C2)C2CC2)=N1
6929,CNCC1=CC=C(C=C1)C1=NC=NC2=C1N=CN2
6930,[H][C@](N)(C1=CC=CC=C1)C1=CC=C(C=C1)C1=C2N=CNC2=NC=N1
6931,ClC1=CC=C(C=C1)C1(CCNCC1)C1=CC=C(C=C1)C1=C2N=CNC2=NC=N1
6932,NC[C@@H](C1=CC=C(Cl)C=C1)C1=CC=C(C=C1)C1=CNN=C1
6933,NC[C@H](C1=CC=C(Cl)C=C1)C1=CC=C(C=C1)C1=CNN=C1
6934,ClC1=CC=C(C=C1)C1(CCNCC1)C1=CC=C(C=C1)C1=CNN=C1
6935,[H][C@@](CN)(C1=CC=CC=C1)C1=CC=C(Cl)C=C1
6936,[H][C@](CC1=CC2=C(C=CC=C2)C=C1)(NS(=O)(=O)C1=CC2=C(C=CC=C2)C=C1)C(=O)NO
6937,CCC(CC)N1C=CC2=C1C=CC1=C2C(N)=NC(N)=N1
6938,[O-][N+](=O)C1=CC=C(Cl)C(=C1)C(=O)NC1=CC=CC=C1
6939,CC(C)C1=C(OC#CC2CC2)C2=CC(F)=CC=C2NC1=O
6940,O=C1CCCC(NC2=NN=NN2)=C1
6941,CCC[C@]1(C)SC(NC2CCCCCCC2)=NC1=O
6942,CCCC1=C(OC2CCCCC2)C2=CC(Cl)=CC=C2NC1=O
6943,CCCC1=C(SC2CCCCC2)C2=CC(Cl)=CC=C2NC1=O
6944,[H]N1C(=O)C(CCC)=C(C2=C1C=CC(Cl)=C2)[S@](=O)C1CCCCC1
6945,C[C@@H](OC1=CC=C(OC2=C(Cl)C=C(C=N2)C(F)(F)F)C=C1)C(O)=O
6946,CC(C)C1=C(OC2CCCCC2)C2=CC(Cl)=CC=C2NC1=O
6947,[H][C@]1(CCN(CC(=O)NC2=C(F)C=C(C=C2)N2C=CC=CC2=O)C1)NC(=O)C1=CC=C(Cl)S1
6948,CCCCCCCCCCCC(O)(P(O)(O)=O)P(O)(O)=O
6949,COC1=CC(=CC=C1)C1=CC(=CC=C1)[C@]1(C)CC(=O)N(C)C(N)=N1
6950,[H][C@]1(O)CN(CC(=O)NC2=C(F)C=C(C=C2)N2C=CC=CC2=O)C[C@]1([H])NC(=O)C1=CC=C(Cl)S1
6951,[H][C@]1(C)CNCCCN1S(=O)(=O)C1=C2C(C)=CN=CC2=CC=C1
6952,CC(C)NCCCN1C(SC2=C(Br)C=C3OCOC3=C2)=NC2=C1N=CN=C2N
6953,C\C=C\C[C@]([H])(C(C)=O)N1N=NC(=C1)[C@](C)(C(C)C)NC(=O)C1=CC=CC=C1
6954,ONC(=O)C1=CC=C(S1)C(=O)N1CCN2C(C1)=NC=C2C1=CC=CC=C1
6955,OC(=O)C1=CC=CC=C1\N=N\C1=CC=C(O)C=C1
6956,[H][C@](CC1=CC=CC=C1)(NC(=O)CCCC(O)=O)[P@](O)(=O)OCC(=O)NCCC1=CC=CC=C1
6957,[H][C@@]12O[C@]1(C)CC[C@]1([H])[C@]2(C)CCC[N@+]1([O-])CC(=O)NC1=CC=C(NC(=O)CCCC(O)=O)C=C1
6958,[H][C@]12CC[C@]([H])(C1)[C@](N)(C(=O)C1=CC=CC=C1)[C@]2([H])C1=CC=CC=C1
6959,CC[C@@H]1N(C(=O)OC(C)C)C2=C(NC1=O)C=CC(F)=C2
6960,[H][C@@]1(CSC)N(C(=O)OC(C)C)C2=C(NC1=S)C=CC(OC)=C2
6961,[H]N([H])C(=NCC1=CC=C(C=C1)B1OC[C@@H](CO)O1)N([H])[H]
6962,[H][C@]1(CC(=O)OC)CC(=NO1)C1=CC=C(O)C=C1
6963,[H]N(C1=CC=C(OC[C@@H](O)CN(C)C)C=C1)C1=NC=CC(=N1)C1=C(C)N=C2C=CC=CN12
6964,OC1=C(SCC\C=C\P(O)(O)=O)C=CC=C1
6965,[H][C@@]12CC[C@H](OC(=O)CCC(O)=O)[C@@]1(C)CC[C@]1([H])C3=CC=C(O)C=C3CC[C@@]21[H]
6966,CC1=C(SC2=CC=CC=C2)N(COCCO)C(=O)NC1=O
6967,[H][C@@](CCCC)(NC(=O)CCC(O)=O)[P@](O)(=O)OC1=CC=CC=C1
6968,OC1=CC=C(F)C=C1SCC\C=C\P(O)(O)=O
6969,[H][C@@](C)(CCCC(C)C)CCC[C@@]([H])(C)C[C@@]([H])(O)P(O)(O)=O
6970,[H][C@@](O)(C(O)=O)C1=CC=C(O)C=C1
6971,OCCCCCCCCNCO
6972,[H][C@@](COC(=O)CCC)(COP(O)(O)(O)O)OC(=O)CCC
6973,[H][C@@](C)(NC(C)=O)C(=O)N[C@@]([H])(CC1=CC=CC=C1)C(=O)CCCl
6974,[H][C@@](O)(C(=O)NO)[C@@]([H])(CC(C)C)C=O
6975,CC1=C(Cl)C(NCCC2=CC=CC=C2)=NC(=N1)C1=NC=CC=C1
6976,CC(C)(C)OC(=O)NC1=C(N=CC=C1)C(=O)NC1=NC=CS1
6977,CC(C)(C)C(=O)NC1=C(N=CC=C1)C(=O)NC1=NC=CS1
6978,[H]\C1=C([H])\C(=O)[C@@H](O)[C@@H](O)C[C@H]2O[C@@H]2C2=C(C(O)=CC(OC)=C2)C(=O)O[C@@H](C)C1
6979,[H][C@]1(CO)CC2=CC=C(C=C2CN1)[N+]([O-])=O
6980,[H][C@](O)(CCCCCC)C(O)=O
6981,CC1=C(CCO)C(=O)OC2=CC(O)=CC=C12
6982,[H][C@]1(O)C[C@]([H])(CC[C@]1([H])C1=CC=C(C=C1)C(=O)NCCCC(O)=O)C1=CC=CC=C1
6983,[H][C@](N)(CC1=CC=CC=C1)C(O)O
6984,[O-]C(=O)C(=O)\C=C\CC(=O)C1=CC=CC=C1
6985,CCCCCC(=O)CP(O)(O)=O
6986,[H][C@](N)(CCC1=CC=CC=C1)C(C)=O
6987,OC(=O)C(\O)=C\C=C\C(=O)C1=CC=CC=C1
6988,OC(=O)C(\O)=C/C=C/C(=O)C1=CC=CC=C1
6989,[H][C@@](CC(O)=O)(NC(=O)[C@@]([H])(CCCCNC(=O)C1=NC2=C(C=CC=C2O)C=C1)C1=CC=CS1)C=O
6990,C(CN1CCC(CC1)OC(C1=CC=CC=C1)C1=CC=CC=C1)CC1=NN=NN1
6991,CCCCCCCC1=[N+]([O-])C2=CC=CC=C2C(O)=C1
6992,COC1=CC2=C(C=C1)C1=C(N2)C(C)=NC=C1
6993,O=NC(=O)CNS(=O)(=O)C1=CC=C(C=C1)C1=CC=CC=C1
6994,FC1=CC=C(C=C1)S(=O)(=O)NCC(=O)N=O
6995,O=NC(=O)CNS(=O)(=O)C1=CC=CC=C1
6996,[H][C@]1(O)[C@@]([H])(O)[C@]([H])(CO)O[C@@]([H])(OCCCCCCCC)[C@]1([H])O
6997,[H][C@]1(O)[C@@]([H])(O)[C@@]([H])(CO)O[C@@]([H])(OCCCCCCCC)[C@]1([H])O
6998,OC1=CC=CC=C1[S@](=O)CCCCP(O)(O)=O
6999,[H][C@@](CC(C)C)(CC(=O)NO)C(=O)N[C@@]([H])(CC1=CC=C(OC)C=C1)C(=O)NC
7000,OC(=O)C1=C(C=CS1)S(=O)(=O)NC1=C(O)C=C(C=C1)C(O)=O
7001,[H][C@@]1(CCOC1=O)NC(=O)CCCCCCC
7002,CC1=CC(=CC(C)=C1)C(=O)N(NC(=O)C1=C(C)C2=C(OCCO2)C=C1)C(C)(C)C
7003,[H][C@@](O)(CCCCCCCCC)CC(O)=O
7004,[H][C@](CC)(C1=CC=C(O)C=C1)[C@]([H])(CC)C1=CC=C(O)C=C1
7005,[H][C@]12O[C@]([H])(C(C(=O)OC)=C1C(=O)OC)C(=C2C1=CC=C(O)C=C1)C1=CC=C(O)C=C1
7006,[H][C@@]12CCC[C@]1([H])[C@@]([H])(OC1=C2C=C(O)C=C1)C1=CC=C(O)C=C1
7007,[H][C@](CCNC1=CC=[NH+]C=C1)(NC(=O)CNS(=O)(=O)C1CCCCC1)C(=O)N1CCCCC1
7008,CC1=NNC2=C1C(OC1=CC(=CC(=C1)C#N)C#N)=C(F)C=C2
7009,[H][C@@]1(CCN(C1)C(=O)C1=CC=C(NC2=NC(C3=CN=C(C)N3C(C)C)=C(F)C=N2)C=C1)N(C)C
7010,CCCCOC1=NC(NCCN2CCOCC2)=C2N=CN(CC3=C(F)C=CC=C3F)C2=N1
7011,[H][C@]1(OC2=C(C=C1)C(CC1=CN=C(N)N=C1N)=CC(OC)=C2OC)C1CC1
7012,[H][C@](C)(NC(=O)CCS)C(O)=O
7013,IC1=CC=CC(CNC2=C3CCCCC3=NC3=C2C=CC=C3)=C1
7014,CNC(=O)C1=CC=C(C)C(=C1)N1C(C)=CC(OCC2=C(F)C=C(F)C=C2)=C(Br)C1=O
7015,FC1=CC=C(C=C1)C1=CNN=C1C1=CC(F)=NC=C1
7016,OCC(=O)N1CCC(CC1)C1=NNC(=C1C1=CC=NC=N1)C1=CC=C(Cl)C=C1
7017,CC1=CC(OCCNC2=CC=[NH+]C=C2)=CC(NS(=O)(=O)C2=CC=CC=C2)=C1
7018,NC(=O)C1=CC=CC(CN2C3=C(CCCCC3)C3=CC=CC(C(O)=O)=C23)=C1
7019,[H]N([H])C(=NOCCN([H])C(=O)CC1=C(Cl)C=CC(N([H])CC(F)(F)C2=CC=CC=C2)=C1F)N([H])[H]
7020,ClC1=CC=C(COCCNCCNS(=O)(=O)C2=CC=CC3=CN=CC=C23)C=C1
7021,OC(=O)CO\N=C1/C2=CC=CCC2=N/C/1=C1\C(=O)N=C2CC=CC=C12
7022,OC(=O)CC1=CNC2=CC=CC=C12
7023,OC(=O)C[C@H](NC(=O)CC1=CNC2=CC=CC=C12)C(O)=O
7024,OC(=O)CNC(=O)CC1=CNC2=C1C=CC=C2
7025,[H][C@](NC(=O)CC1=CNC2=CC=CC=C12)(C(C)C)C(O)=O
7026,CC(C)CN1C2=C(N=CN2)C(=O)N(C)C1=O
7027,NC1=CC(C=O)=C(CC(=O)OCCBr)C=C1
7028,[H][C@](NC(=O)OC(C)(C)C)(C(C)C)C(=O)NC1=CC=CC(Cl)=C1C=O
7029,[H][C@](OC(C)=O)(C(=O)OC)C1=CC=C(N)C=C1C(O)=O
7030,CCCC1=CC2=C(NC(CC(N)=O)=C2)C(CC(O)=O)=C1
7031,N1N=C(C2=NC3=CC=CC=C3N2)C2=C1C=CC=C2
7032,[H][C@]1(O)C=C(O[C@@]([H])(OCC(C)C)[C@]1([H])NC(C)=O)C(O)=O
7033,[H]N([H])C(\CC1=C(Cl)C=CC=C1Cl)=N/C(=S)N([H])C1=CC=C(C=C1)C#N
7034,COC(=O)CCNC(=O)C1=C(O)C(I)=CC(=C1)C1=C(F)C=C(F)C=C1
7035,OC(=O)CCNC(=O)C1=C(O)C(I)=CC(=C1)C1=C(F)C=C(F)C=C1
7036,[H][C@]1(N(CCSC1(C)C)S(=O)(=O)C1=CC=C(OCC#CC)C=C1)C(=O)NO
7037,CN1CCN(CCN2C=NC3=C(NC4CCCCC4)N=C(N=C23)C#N)CC1
7038,N#CCC1=CC=C(NC2=NC3=CC=CC=C3C(NC3=NNC(=C3)C3CC3)=N2)C=C1
7039,N#CC1=NC2=C(N=CN2C2CCCC2)C(NC2=CC=CC=C2OCCCN2C=CN=C2)=N1
7040,COC1=CC=C(O)C=C1NC(=O)NC(=O)C1=CC=C(F)C=C1Cl
7041,CN1CCN(CC1)C1=NC2=C(C=C(C=C2N=C1)C(F)(F)F)C1=CC(O)=CC=C1
7042,CC1=C(NC2=CC(=CN=C2)C(N)=O)C=C(C=C1)C(=O)NC1=CC=CC(=C1)C(F)(F)F
7043,NC1=CC=C(SC2=CC=C(C=C2)N2C(=O)C3=C(C=C(N)C=C3)C2=O)C=C1
7044,CC1=CC=CC(=C1)N1C=NC2=CC(N)=CC=C12
7045,COC1=CC(CN2C(=CC3=C2C=CC=C3)C(=O)NC2CCN(CC2)C(C)C)=CC=C1
7046,CC(C)N1CCC(CC1)NC(=O)C1=CC2=C(C=CC=C2)N1CC(=O)NC1=CC=C(Cl)C=C1
7047,OC(=O)C1=C(CCC1)C(=O)NC1=C(F)C=C(C=C1F)C1=CC=CC(OC(F)(F)F)=C1
7048,COC1=CC=CC(=C1)C1=CC=C(NC(=O)C2=C(SC=C2)C(O)=O)C(F)=C1
7049,OC(=O)C1=C(C=CS1)C(=O)NC1=C(F)C=C(C=C1F)C1=CC(OC(F)(F)F)=CC=C1
7050,OC(=O)C1=C(C=CC1)C(=O)NC1=C(F)C(F)=C(C(F)=C1F)C1=CC(OC(F)(F)F)=CC=C1
7051,[H]N=C(CC1=CC(O)=C(O)C=C1)C(O)=O
7052,CC[C@H](CO)NC(=O)CC1=C(C)N(C(=O)C2=CC=C(Cl)C=C2)C2=CC=C(OC)C=C12
7053,CC(C)N1C(C)=NC=C1C1=NC(NC2=CC=C(C=C2)N2CCN(CC2)C(=O)CO)=NC=C1
7054,COC1=CC=C2N(C(=O)C3=CC=C(I)C=C3)C(C)=C(CC(O)=O)C2=C1
7055,CC[C@@H](CO)NC(=O)CC1=C(C)N(C(=O)C2=CC=C(Cl)C=C2)C2=C1C=C(OC)C=C2
7056,[H][C@](CCC1=CC=C(C=C1)C(N)=N)(CC(=O)OC)C1=CC=CC(=C1)C(N)=N
7057,OC(=O)CNS(=O)(=O)C1=CC=C(C=C1)N1CCC(CC1)C1=CC=CC=C1
7058,[H]N([C@H](CC(=O)N([H])C1=NN([H])C(=S)S1)C1=CC=CC=C1)C(=O)OCC1=CC=CC=C1
7059,CNC(=O)[C@H](CC1=C(F)C(F)=C(F)C(F)=C1F)NC(=O)NC1=NN=C(S)S1
7060,[H][C@](CC(C)C)(N(O)C(C)=O)C(=O)OC
7061,[H][C@@](CC)(COC1=CC=CC=C1)O[P@](C)(Cl)=O
7062,[H][C@@](C)(CCC1=CC=C(O)C=C1)NC(=O)CC1=C(NC2=C1C=CC=C2)C1=CC=CC=C1
7063,OS(=O)(=O)OC1=CNC2=CC=CC=C12
7064,NC1=NC=CC=C1NCC1=CC=CC(=C1)C1=CC2=C(C=CN2)C=C1
7065,NC1=NC=CC=C1NCC1=C(OCC2=NC=CC=C2)C=CC(=C1)C1=CC2=C(C=CN2)C=C1
7066,BrC1=CC=C(\C=C\CNCCNS(=O)(=O)C2=CC=CC3=C2C=CN=C3)C=C1
7067,CC1CNCCN1S(=O)(=O)C1=C2C=CN=CC2=CC=C1
7068,CNCCNS(=O)(=O)C1=CC=CC2=C1C=CN=C2
7069,OC(=O)COC(=O)C1=C2C(C(=O)N(CC(O)=O)S2(=O)=O)=C2C=CC=CC2=C1
7070,OC(=O)CN1C(=O)C2=C(C(=CC3=CC=CC=C23)C(O)=O)S1(=O)=O
7071,COC(=O)C1=C(O)C=CC=C1OC\C=C\C1=CC(=CC=C1)C1=C(CO)C(=NO1)C(O)=O
7072,[H][C@@](CC1=CC=C(C=C1)[C@]1([H])CC(=O)NS1(=O)=O)(NC(=O)[C@]([H])(CC1=CC=CC=C1)NC(C)=O)C(N)=O
7073,[H][C@](CO)(NC1=NN2C(C=C1)=NC=C2C1=CC(N)=CC=C1)C(C)C
7074,CCNC(=O)N1CCC(CC1)NC1=NC(C2=CNC3=CC=CC=C23)=C(Cl)C=N1
7075,CC1=NC2=NC=NN2C(NC2=CC3=CC4=CC=CC=C4C=C3C=C2)=C1
7076,[H][C@@](O)(CNC(=O)NCC1=CC=CC=C1)C(O)=O
7077,CC1=NC2=NC=NN2C(NC2=CC=C(C=C2)C(F)(F)F)=C1
7078,CCN(CC)CCNC(=O)C1=C(C)NC(\C=C2/C(=O)NC3=C2C=C(Cl)C=C3)=C1C
7079,O\N=C1/C(=O)N(CC2=C3OCOCC3=CC(F)=C2)C2=CC=CC(\C=C\C3=CC=CC=C3)=C12
7080,O\N=C1\C(=O)N(CC2=CC(F)=CC3=C2OCOC3)C2=C1C=C(F)C=C2
7081,CCOC(=O)C1=CC=C(OCCC2CCN(CC2)C2=CC=C(C)N=N2)C=C1
7082,CCOC(=O)C1=CC=C(OCCCC2CCN(CC2)C2=NN=C(C)C=C2)C=C1
7083,CCOC(=O)C1=CC=C(OCCCCC2CCN(CC2)C2=NN=C(C)C=C2)C=C1
7084,O\N=C1/C(=O)N(CC2=CC(F)=CC3=C2OCOC3)C2=CC=CC(=C12)C1=CC=CC=C1
7085,OP(O)(=O)OCCCCC1=C(Cl)NC(=O)NC1=O
7086,COC1=NN=C(C=C1)N1CCN(CC1)C1=CC(C)=CC=C1
7087,[H][C@]1(CC2=NC(N)=CC(C)=C2)CNC[C@@]1([H])NCCNCC1=CC=C(Cl)C=C1
7088,[H][C@]1(CC2=NC(N)=CC(C)=C2)CNC[C@]1([H])NCCNCC1=CC(Cl)=CC=C1
7089,[H][C@@]12CCC[C@]1([H])[C@@]([H])(OC1=C2C=C(O)C=C1COC)C1=CC=C(O)C=C1
7090,ClC1=C(N2CCN(CC#C)CC2)C(NC(=O)C2=CC=C(Br)O2)=CC=C1
7091,[H][C@](C#N)(C1=NC2=C(S1)C=CC=C2)C1=NC(NCCC2=CC=CN=C2)=NC=C1
7092,CN(C1CCCCC1)C1=NC(=CC=N1)C1=CN=C2C=CC=CN12
7093,N[C@@H](CC1=CC=C(C=C1)C1=CC=CC=C1)C(=O)N1CCC[C@H]1C#N
7094,[H][C@@]1(CC[C@@]([H])(CC1)C(=O)NC1=CC(=CC=N1)C1=CC(NC2=CC=C(F)C=C2)=NC=C1)OC
7095,CNC(=O)CN1CCC(CC1)NC1=NC(=CC=N1)C1=CN=C2C=CC=CN12
7096,CN(C)CC1=CC=C(CSCCNC(=O)NC2=CC=C(C)C(Cl)=C2)O1
7097,ClC1=CC=C(C=C1)C1=NN\C(SC1)=N\CCC=C
7098,OCCN(CC(=O)NO)S(=O)(=O)C1=CC=C(C=C1)C1=CC=CC=C1
7099,ONC(=O)CCOC1=CC=C(C=C1)C1=CC=C(C=C1)C#N
7100,CC(C)(NC(=O)C1=CC=C2C(=C1)N1CCOC3=C(C=CC=C3)C1=C2C1CCCCC1)C(O)=O
7101,CCN(CC)C(=O)C1=C(NC(=O)C2=CC=CS2)SC2=C1CCCC2
7102,[H][C@@]1(C)CCC2=C(C1)C(C(=O)N(CC)CC)=C(NC(=O)C1=CC=CS1)S2
7103,COC1=C(\C=N\NC(=O)C2=CC(O)=C(O)C=C2)C2=CC=CC=C2C=C1
7104,CC1=CC=C(C)C(CC2=NN(C3=C2C(N)=NC=N3)C(C)(C)C)=C1
7105,O=C1NCC2=C3C(NC4=CC=CC=C34)=C3NC4=C(C=CC=C4)C3=C12
7106,CN([C@H]1CCN(C)C[C@H]1F)C(=O)N1CC(=C[C@@]1(CO)C1=CC=CC=C1)C1=C(F)C=CC(F)=C1
7107,[H][C@@](C)(N)C(=O)N[C@@]([H])(C)C(=O)N[C@@]([H])(CC1=CC=CC=C1)[C@@]([H])(C)O
7108,CN(C)S(=O)(=O)C1=CC=C2NC(=O)\C(=C/C3=CC4=C(CCCC4)N3)C2=C1
7109,C[C@H](NC(=O)[C@@H](CC(=O)NO)CC1=CC=CC=C1)C(O)=O
7110,[H][C@@](CC1=CC=CC=C1)(NC(=O)OCC1=CC=CC=C1)[C@@]([H])(O)C(O)=O
7111,COC1=CC(NC2=NC(=CC=N2)N(C)C2=CC3=C(C=C2)C(C)=NN3)=CC(OC)=C1OC
7112,FC(F)(F)C1=CC(NC(=O)NC2=CC=C(OC3=CC=NC=C3)C=C2)=CC=C1
7113,[H][C@]1(N)CC(=CC[C@]1([H])C1=CC(F)=C(F)C=C1F)C(=O)N1CCN2C(C1)=NN=C2C(F)(F)F
7114,NCCCOC1=CC=C(C=C1)C1=C(NN=C1)C1=CC(Cl)=C(O)C=C1O
7115,NS(=O)(=O)C1=C(Cl)C=CC(=C1)[C@@]1(O)NC(=O)C2=C1C=CC=C2
7116,OC1=CC(O)=C(C=C1)C1=NN(CC=C)C2=C1C=CC=C2C(F)(F)F
7117,OC1=CC=C2C(NN=C2C2=CC=C(O)C=C2O)=C1
7118,OC1=CC=C2C(OC(=O)C=C2C2=CC=CC=C2)=C1O
7119,OC(=O)C(=O)CCCC1=CC=CC=C1
7120,[H][C@](N)(CC(=O)N1CCCCCN1C(=O)C1=CC=CC=C1)CC1=C(F)C=C(F)C(F)=C1
7121,NC1=NC=NC2=C1C(=NN2C1CCCC1)C1=CC2=C(NC=C2)N=C1
7122,COC1=C(OC)C=C(C=C1)C1=NN(C2CCC2)C2=NC=NC(N)=C12
7123,CC(C)N1N=C(C2=C(N)N=CN=C12)C1=CC2=CC=CN=C2C=C1
7124,ClC1=C(NC2=NC=C(N3C=NC=C23)C2=CC=CC=C2)C=CC=C1
7125,CC1=CC=CC(C)=C1NC1=NC=C(N2C=NC=C12)C1=CC=CC=C1
7126,[H][C@]1(C)CN(CCN1)C1=CC=C2N=C(NC3=C(C)C=CC=C3Cl)C3=CN=CN3C2=C1
7127,FC1=CC=C(CC2=NNC(=O)C3=CC=CC=C23)C=C1C(=O)N1CCCNCC1
7128,[H][C@@]12CCC(=O)[C@@]1(C)C[C@@H](OC(C)=O)C1=C2C(=O)C2=C3C(=CO2)C(=O)O[C@H](COC)[C@]13C
7129,NC1=CC=CC=C1C(=O)CCC(O)=O
7130,ClC1=CC=C(C=C1)C1=NNC(=C1)C1CCNCC1
7131,CSC1=NN=C(N1)C1=CC=C(Cl)C=C1
7132,COC1=CC=C(NC2=C(C(=O)N(CC3=CC=CC=C3)C2=O)C2=CC=CC=C2)C=C1
7133,CC(C)(C)C1=NNC(NC(=O)NC2=CC=C(Cl)C(COC3=CC=CN=C3)=C2)=C1
7134,N1C=CC(=N1)C1=NC2=CC=CC=C2N1
7135,O=C(NC1=CNN=C1C1=NC2=C(N1)C=CC=C2)C1=CC=CC=C1
7136,O=C(NC1CC1)NC1=CNN=C1C1=NC2=CC=C(C[NH+]3CCOCC3)C=C2N1
7137,[H][C@@]1(F)C[C@]([H])(CC(=C1)C(=O)NC1=CC=C(Cl)C(COC2=CN=CC=C2)=C1)N1CCOCC1
7138,CC1=CC=CC=C1C1=NNC(=S)N1N
7139,CC1=NNC=C1C1=CC=C(CCN)C=C1
7140,[H][C@](C)(C[C@@]([H])(C)C1=CC=CC=C1)C[C@]1([H])CCCCN1C
7141,CC(C)OC1=CC(NC(=O)C2=CC(Cl)=C(OCCN)C(Cl)=C2)=CC=C1
7142,[H][C@@](N)(COC1=CN=CC(=C1)C1=CC=C2NN=C(C)C2=C1)CC1=CNC2=CC=CC=C12
7143,CC(C)=CCN1C=NC(N)=C2N=CN=C12
7144,NC1=NC(=CS1)C1=NC(N)=NC=C1
7145,CC1=NC(=CN1CC1=C(Cl)C=CC=C1Cl)C1=NC(N)=NC=C1
7146,CC(C)(OC1=CC=C(NC(=O)NC2=CC(Cl)=CC(Cl)=C2)C=C1)C(O)=O
7147,CCCC1=C(OCCCOC2=CC=C(OCC(O)=O)C=C2)C=CC(C(C)=O)=C1O
7148,COC1=CC2=NC=CC(OCC3=NN=C4C=CC(=NN34)C3=CC=CC=C3)=C2C=C1
7149,[H][C@]1(CSC(=O)N1)[C@@]1(O)C[C@H]2C[C@@H](CC[C@H](C)\C=C/CC\C(C)=C/C(=O)O2)O1
7150,[H][C@@]1(CCOC1=O)NC(=O)CC(=O)CCCCC
7151,OCCNC(=O)C1=CC=C(Cl)C=C1
7152,NS(=O)(=O)C1=CC=C2NC(=NC2=C1)C1=CSC=N1
7153,OC(=O)COC1=CC(F)=CC=C1C(=S)NCC1=CC=C(Br)C=C1F
7154,CCCCCCC1=CC=C(C=C1)C(=O)C=C
7155,[H][C@@](CC(C)C)(NC(=O)CCCCCCCCCCCN1C=CN=C1)C(O)=O
7156,[H][C@@]1(O)CCN2C(=O)N(C(=O)[C@]12[H])C1=CC=C(C#N)C2=CC=CC=C12
7157,N#CC1=CC=C(\N=C2/O[C@@]([H])(C(F)(F)F)[C@]3([H])[C@](O)([H])CCN23)C(C)=C1Cl
7158,FC(F)(F)CN(CC(F)(F)F)C1=CC2=C(NC(=O)C=C2C(F)(F)F)C=C1
7159,[H][C@]12CO\C(=N/CCCCCCCC)N1[C@@]([H])(O)[C@]([H])(O)[C@@]([H])(O)[C@]2([H])O
7160,FC1=CC(=CC(=C1)C(=O)NC1=CC=C2NC=C(CCC3=CC=NC=C3)C2=C1)N1CCOCC1
7161,FC1=CC(=CC(=C1)C(=O)NC1=CC=C2NC=CC2=C1)N1CCOCC1
7162,NC1=C(OCC2=CC=CC3=CC=CC=C23)C=CC=N1
7163,COC1=CC=C(F)C(F)=C1C(=O)C1=CN=C(NC2CCN(CC2)S(C)(=O)=O)N=C1N
7164,[H][C@@](C)(NC1=NC=CC(=N1)N(C(=O)NC1=CC=CC=C1Cl)C1=CC=C(OC)C=C1)C(C)(C)O
7165,CCN1C(NC2=CC=CC=C2Cl)=NC2=C1N=C(NC1=C(F)C=CC=C1F)N=C2
7166,CC(C)N1C(NC2=CC=CC=C2F)=NC2=CN=C(OC3=C(F)C=CC=C3F)N=C12
7167,OC(=O)CSC1=NN=C(O1)C1=CC=C(O1)[N+]([O-])=O
7168,[H][C@]1(CCC2=CC=C(C=C2N1CCCOC)C1=C(N)N=C(N)N=C1CC)C1=CC=CC=C1
7169,CC1=CC(\C=C\C2=CC=CC=C2)=CC(C)=C1O
7170,OC1=C(Br)C=C(\C=C\C2=CC=CC=C2)C=C1Br
7171,OC1=C(Br)C=C(C=C1Br)C1=CC=CC=C1
7172,OC1=C(Br)C=C(OC2=CC=CC=C2)C=C1Br
7173,OC1=C(Br)C=C(NC(=O)C2=CC=CC=C2)C=C1Br
7174,CCCCOC1=CC2=CC=C(C=C2C=C1)S(=O)(=O)N[C@@H](CCC(O)=O)C(O)=O
7175,CCCCOC1=CC2=CC=C(C=C2C=C1)S(=O)(=O)N[C@H](CCC(O)=O)C(O)=O
7176,[H][C@](CCC(O)=O)(NS(=O)(=O)C1=CC2=C(C=C1)C=C(OCCCCC)C=C2)C(O)=O
7177,[H][C@](CCC(O)=O)(NS(=O)(=O)C1=CC2=C(C=C1)C=C(OCC1=CC=C(C=C1)C#N)C=C2)C(O)=O
7178,[H][C@](CC)(C=O)[C@@]1([H])NC(C(O)=O)=C2[C@@]1([H])CCC[C@@]2([H])OCCCC
7179,[H][C@]1(NC(C(O)=O)=C2[C@]1([H])CCC[C@]2([H])OC)C(=C/C)\C=O
7180,OC1=CC=C(CC2=NN=C3C=CC(=NN23)C2=CC=CC=C2)C=C1
7181,[H][C@](CCC(O)=O)(NS(=O)(=O)C1=CC2=C(C=C1)C=C(OCC1=C(F)C=C(C=C1)C#N)C=C2)C(O)=O
7182,N1N=C(C2=C1C=CC=C2)C1=CC=NC=C1
7183,NC1=NC=C(CC2=CC=CC=C2)S1
7184,NCCOC(=O)CC1=C2C=CC=CC2=CC=C1
7185,[H][C@](NC1=C(C=O)C=C2C=CC=CN12)(C(O)=O)[C@](C)(COC(=O)CC1=CC(O)=C(O)C=C1)[S@](O)=O
7186,CNC1=C(C=C(SC2=NN=CN2C)C=C1)C(=O)NC1=NC(C)=CS1
7187,[H][C@@](CC(C)C)(NC(C)=O)C(=O)N[C@@]([H])(CC1=CC=CC=C1)C(=O)C(F)(F)F
7188,[H][C@](S)(CCS)CCCCC(N)=O
7189,[H][C@@](CC1=CC=CC=C1)(OC1=CC=C(C=C1)C1=CC=CC=C1)C(O)=O
7190,[H]\C(NC1=CC=C(C=C1)S(=O)(=O)NC)=C1\C(=O)NC2=CC=CC=C12
7191,CNS(=O)(=O)CC1=CC=C(N\N=C2/C(=O)NC3=C2C2=C(C=C3)N=CS2)C=C1
7192,O=C1NC2=CC=C(C=C2\C1=C\NC1=CC2=C(CS(=O)(=O)C2)C=C1)C1=CN=CO1
7193,O=C1NC2=CC=CC=C2\C1=C\NC1=CC=C(C=C1)S(=O)(=O)NC1=NC=CS1
7194,NC(=N)NS(=O)(=O)C1=CC=C(N\C=C2/C(=O)NC3=C2C=CC=C3)C=C1
7195,C\C=C(/C)\C=C\C1=C(C)CCCC1(C)C
7196,[H][C@]12CC[C@]([H])(C3=C(C=CC=C13)C(F)(F)F)[C@@]2([H])N
7197,[H][C@](O)(CN)C1=CC=CC(=C1)C(F)(F)F
7198,NCCNC1=NN=C(O1)C1=C(NC2=CC=C(I)C=C2F)C(F)=C(F)C=C1
7199,[H][C@](NC(=O)C1=CC=C(CCC2=CNC3=C2C(=O)NC(N)=N3)C=C1)(C(C)C)C(O)=O
7200,NS(=O)(=O)C1=C2C=CC=C(O)C2=CC=C1
7201,NS(=O)(=O)C1=CC=C(NC(=O)C2=NNC3=C2C=CC=C3)C=C1
7202,NS(=O)(=O)C1=CC=C(NC2=NC(Cl)=CN=C2)C=C1
7203,O=C(NC1=CC=CC=C1)C1=NNC=C1
7204,CC(=O)NC1=CNN=C1C(=O)NC1=CC=C(F)C=C1
7205,FC1=CC=C(NC(=O)C2=NNC=C2NC(=O)C2=CC=CC=C2)C=C1
7206,FC1=CC=C(NC(=O)C2=NNC=C2NC(=O)C2=C(F)C=CC=C2F)C=C1
7207,CC(C)NC1=CC(Cl)=NC2=C(C=NN12)C#N
7208,[H][C@]1(N)CC[C@@]([H])(CC1)NC1=NC2=C(C=NN2C(NC(C)C)=C1)C#N
7209,[H][C@@]1(CCCNC1)NC(=O)C1=NNC=C1NC(=O)C1=C(F)C=CC=C1F
7210,ClC1=CC=CC(Cl)=C1C(=O)NC1=CNN=C1C(=O)NC1CCNCC1
7211,[H][C@]1(F)CN(CC(=O)NC2=CC=C(C=C2F)N2C=CC=CC2=O)C[C@]1([H])NC(=O)C1=CC=C(Cl)S1
7212,NC1=NC2=NC(N)=C(C=C2C=N1)C1=C(Br)C=CC=C1Br
7213,COC1=CC=CC(OC)=C1C1=CC2=CN=C(N)N=C2N=C1N
7214,NC1=NC2=C(C=N1)C=C(C1=CC=CC=C1)C(=N2)N1CC=CC1
7215,OC(=O)C(=O)CC(=O)C1=CC=CC(=C1)N(CC1=CC=CC=C1)CC1=CC=CC=C1
7216,NCC1(CCN(CC1)C1=C2C=CNC2=NC=N1)C1=CC=C(Cl)C=C1
7217,NCC1(CC2=CC=C(Cl)C=C2)CCN(CC1)C1=C2C=CNC2=NC=N1
7218,[NH3+]C1(CC2=CC=C(Cl)C=C2)CCN(CC1)C1=C2C=CNC2=NC=N1
7219,[H][C@]1(CO)O[C@@]2(CC(=NO2)C2=CC=CC=C2)[C@]([H])(O)[C@@]([H])(O)[C@]1([H])O
7220,[H][C@@]1(COC(=O)CC2=CC(Cl)=CC=C2)CCCN1C(=O)CNC(=O)OC(C)(C)C
7221,OC1=CC(O)=C2C(CC(=O)CCCCC\C=C\CCOC2=O)=C1Cl
7222,ClC1=CC(=CC(OC2=C(Cl)C=CC(OCC3=NNC4=C3C=CC=C4)=C2)=C1)C#N
7223,CC(=O)NCCC1=CC=C(C=C1)S(N)(=O)=O
7224,NS(=O)(=O)C1=CC=C(CCC(O)=O)C=C1
7225,CCOC(=O)CCC1=CC=C(C=C1)S(N)(=O)=O
7226,[H][C@]1(CO)O[C@@]([H])(OC2=C(C=C(C=C2)[N+]([O-])=O)[N+]([O-])=O)[C@@]([H])(F)[C@@]([H])(O)[C@]1([H])O
7227,OC(=O)CCCN1C2=C(C(=O)C3=CC=CC=C23)C2=CC=CC=C2C1=O
7228,[H][C@](N)(CCSC)C(O)(O)C1=NC=CS1
7229,[H][C@](CS)(CCCC1=CC=CC=C1)C(O)=O
7230,O=S(=O)(N1CCCNCC1)C1=CC=CC2=C1C=CN=C2
7231,[H][C@]1(CN(C)CCCCON)O[C@@]([H])(N2C(C=C)=NC3=C(N)N=CN=C23)[C@]([H])(O)[C@]1([H])O
7232,[H][C@]1(N)CN(CC[C@]1([H])C1=CC(F)=C(F)C=C1F)C1=NC=NC(=C1)C1=CC=CC(=C1)S(C)(=O)=O
7233,NS(=O)(=O)C1=CC=C2CCCC2=C1
7234,[H][C@@]1(C#N)C2=C(N(C)C3=CC(Cl)=CC=C23)C(=O)NC11CCNCC1
7235,CN(C)C1=CC2=[S+]C3=CC(=CC=C3N=C2C=C1)N(C)C
7236,CC1=CC(=O)OC2=C1C=CC(N)=C2
7237,O\C(C1CC1)=C(\C#N)C(=O)NC1=CC=C(C=C1)C1=CC=CC=C1
7238,[H][C@]1(N(CCC2=CC(O)=C(OC)C=C12)S(=O)(=O)C1=CC=C(OC)C=C1)C(=O)NO
7239,OC(=O)CCCCCCCCCCS
7240,COC1=CC=CC=C1C1=CC(Cl)=C(NC(=O)C(\C#N)=C(\C)O)C=C1
7241,ClC1=CC=C(S1)C(=O)NCCNC(=O)C1=CC=C(C=C1)N1C=CC=CC1=O
7242,[H][C@]1(CCC[C@]1([H])NC(=O)C1=CC=C(C=C1)N1C=CC=CC1=O)NC(=O)C1=CC=C(Cl)S1
7243,COC(C)(C)CCC[C@@](C)([H])C\C=C\C(\C)=C\C(O)=O
7244,[H]N=C([H])C(=C)CCC1=CC=C(F)C=C1
7245,[H]\C(C1=CC=C(O1)C1=CC=C(Cl)C=C1)=C1/SC(=S)N(CCC(O)=O)C1=O
7246,COC1=C2C(NC=C2C2=NC(N)=NC=C2)=NC=C1
7247,COC(=O)C1=C(C)C=C(OC2=C(O)C(O)=CC(C)=C2)C=C1O
7248,CN(CCO[P@@](O)(=O)OP(O)(O)=O)CC\C=C(/C)CC\C=C(/C)CCC=C(C)C
7249,CC1=CC(=CC=C1O)\N=N\C1=CC=CC=C1C(O)=O
7250,CCCOC1=C2C(NC=C2C2=NC(N)=NC=C2)=NC=C1
7251,CC1=C(C=CC=C1)C1=CC2=C(N1)C=CC(=C2)C(N)=N
7252,[H][C@]1(COP(O)(O)=O)O[C@@]([H])(N2C=NC3=C2N=C(SC)N=C3NCCC(C)C)[C@]([H])(O)[C@]1([H])O
7253,CN1C=C(\C=C\C(C)=O)C2=CC=CC=C12
7254,CN[C@H](CC1=CC=CC=C1)C(=O)N1CCC[C@H]1C(=O)NC[C@H]1CC[C@H](N)CC1
7255,CCOCN1C(=O)NC(=O)C(C(C)C)=C1CC1=CC=CC=C1
7256,COC1=CC=C2NC(I)=C(CCNC(C)=O)C2=C1
7257,OC(=O)C1=CC=C(C=C1)C1=CNC2=C1C=C(C=N2)C1=CC=CC=C1
7258,[H][C@]1(CC2=C(CN1)C=CC=C2)C1=NC(C(O)=O)=C(S1)C(C)C
7259,OC(=O)CC1=CC(=CC=C1)[N+]([O-])=O
7260,CC1=NC(N)=NC2=C1CSCC2
7261,[H][C@@](CS(=O)(=O)CC1=C(OC(F)F)C=CC=C1)(OC(=O)N1CCOCC1)C(=O)NCC#N
7262,COC1=CC(=CC(OC)=C1O)\N=N\C1=CC=CC=C1C(O)=O
7263,[H][C@]1(C\C(=N/O)C2=C(C1)N=C(N)N=C2C)C1=CC=C(F)C=C1C1=CC=CN=C1
7264,[H][C@@]1(NC(=S)N(C)C(C)=C1C(=O)C1=CC=CC=C1)C1=CC(O)=CC=C1
7265,[H][C@@](CS)(NC(=O)OCC1=CC=CC=C1)C(=O)NCC(O)=O
7266,CCCCCCP(O)(=O)O[C@@H]1C[C@H](C)CC[C@H]1C(C)C
7267,CCCCCCP(O)(=O)O[C@H]1C[C@@H](C)CC[C@@H]1C(C)C
7268,CN1CCN(CC1)NC(=S)NC1=CC=C(C=C1)S(N)(=O)=O
7269,COCC(COC)N1C=CC2=C1C=CC1=NC(N)=NC(N)=C21
7270,OC1=CC=C(C=C1)C1(OC(=O)C2=CC=CC3=C(C=CC1=C23)[N+]([O-])=O)C1=CC=C(O)C=C1
7271,CC1=CC(=CC(C)=C1O)C1=NC2=CC=CC=C2O1
7272,OC1=C(Br)C=C(C=C1Br)C1=NC2=C(O1)C=CC=C2
7273,CC1=CC(=CC(C)=C1)C1=NC2=C(O1)C=CC=C2
7274,OCCONC(=O)C1=CC=C(F)C(F)=C1NC1=CC=C(C=C1F)C#C
7275,CN(C)C1=CC=C(C=C1)\N=N\C1=CC=CC=C1C(O)=O
7276,CN1C=CN=C1SC1=CC(C(=O)NC2=NC=CS2)=C(N)C=C1F
7277,NC(=O)C1=C(C2=CC(Br)=CC=C2N1)S(=O)(=O)N1CCCC1
7278,[H][C@]1(C[C@]1([H])C1=C(OC)C=CC(C(C)=O)=C1O)NC(=S)NC1=NC=C(C=C1)C#N
7279,[H][C@@]1(COC2=CC=CC=C2)CCCN1S(=O)(=O)C1=CC2=C(C=C1)N(C)C(=O)C2=O
7280,OC1=CC=C(C=C1)N1C=CN=C1
7281,CCNC1=NC(SC)=NC(NC(C)(C)C)=N1
7282,CC(C)(C)C1=CC(=CC=C1O)\N=N\C1=CC=CC=C1C(O)=O
7283,CC1(C)C=C(CSS(C)(=O)=O)C(C)(C)N1O
7284,O=N(=O)C1=CC=CC(=C1)\N=C1\N=CCC(=N1)C1=CC=CC(CN2C=NC=N2)=C1
7285,CC1=C(SC(N)=N1)C1=N\C(=N/C2=CC=C(C=C2)N2CCOCC2)N=CC1
7286,[H][C@@]1(CC[C@@]2([H])[C@]3([H])CC=C4C=C(CC[C@]4(C)[C@@]3([H])CC[C@]12C)C(O)=O)C(=O)C1=CC=C(O)C=C1
7287,CC1=CC=C(NC(=O)C2=CC=CC(=C2)C(F)(F)F)C=C1NC1=NC=CC=C1C1=CC=NC=N1
7288,CCCCCCCCCCC[P@@](O)(=O)OC
7289,[H][C@@](O)(CN(CC1CC1)S(=O)(=O)C1=CC=CO1)[C@]([H])(CC1=CC=CC=C1)NC(=O)CCC(=O)NC
7290,[H][C@]1(O)CC(=O)O[C@@]([H])(CC[C@@]2([H])[C@@]([H])(C)C=CC3=CCC[C@]([H])(O)[C@]23[H])C1
7291,CCCC\C(C)=C\C=C(/C)C(=O)C1=C(O)C=C(CCC\C=C\NC(=O)OC)OC1=O
7292,CC1(C)CC(CC(C)(C)N1O)N1C(=O)CCC1=O
7293,COC1=C2N(C)C(=O)C=C(C)C2=C(OC)C=C1
7294,[H]N([H])N(CC(O)=O)C(=O)CC([H])(O)C(=O)N(CC1=CC=CC=C1)CC1=CC=CC=C1
7295,OC1=CC(O)=C2C(=O)C=C(OC2=C1)C1=CC(O)=C(O)C(O)=C1
7296,CCCCCCCCCCCCCC(O)=O
7297,NC1=CC=C2NC(=CC2=N1)C1=CC(CC(O)=O)=CC(=C1O)C1=CC=CC(=C1)[N+]([O-])=O
7298,OC1=CC=C(NC2=NC(OCC3CCCCC3)=C3N=CNC3=N2)C=C1
7299,CCC1=NC(N)=NC(N)=C1C#CCC1=CC(OC)=CC=C1OC
7300,CC1=C(CCNC(=O)C2=CC=CS2)C2=CC=CC=C2N1
7301,[H][C@]1(SCC(=O)N1C1=CC(Cl)=CC=C1O)C1=CC=CC(Br)=C1
7302,[H][C@]1(O)C[C@@]([H])(O[C@]1([H])COP(O)(O)=O)N1C=NC2=C1N=C(NCC1=CC=CC3=C1C=CC=C3)NC2=O
7303,NC1=C2C=CC(=CC2=CC=C1)S(O)(=O)=O
7304,[H][C@]1(C=C(CN1C(=O)N(C)C1CCNCC1)C1=CC(F)=CC=C1F)C1=CC=CC=C1
7305,OP(O)(=O)OC1=C(C=C2C=CC=CC2=C1)C(=O)NC1=CC=C(Cl)C=C1
7306,NC(=O)C1=CC=C(NC2=NC(OCC3CCCCC3)=C3N=CNC3=N2)C=C1
7307,CNC(=O)C1=CC(NC2=C3C=NN(C3=NC=N2)C2=CC=CC=C2)=C(C)C=C1
7308,[H][C@](N)(C1CC1)C(=O)N1CC(=C[C@@]1([H])C1=CC=CC=C1)C1=CC(F)=CC=C1F
7309,[H][C@]1(O)C[C@@]([H])(O[C@]1([H])COP(O)(O)=O)N1C=CC2=CC(=CC=C12)[N+]([O-])=O
7310,[H][C@]1(C=C(CN1C(=O)N(C)C)C1=CC(F)=CC=C1F)C1=CC=CC=C1
7311,CC(C)C1=NC2=C(OCC3CCCCC3)N=C(N)N=C2N1
7312,NS(=O)(=O)C1=CC=CC(NC2=NC(OCC3CCCCC3)=C3N=CNC3=N2)=C1
7313,CCCCCCCCOCCOCCOCCOCCOCCO
7314,CCNC(=O)N1N=C(C[C@@]1(CCCN)C1=CC=CC=C1)C1=C(F)C=CC(F)=C1
7315,[H][C@@](CC(O)=O)(NC(=O)C1=CN=CC(=C1)C1=CC=C(C=C1)C(O)=O)C=O
7316,OC(=O)C1=CC=CC=C1\N=N\C1=C2C=CC=CC2=C(O)C=C1
7317,[H][C@](N)(CC1=CC=CC2=C1C=CC=C2)C(N)=O
7318,OS(=O)(=O)C1=CC2=CC=CC=C2C=C1
7319,[H][C@]12O[C@]([H])(CO)[C@@]([H])(O)[C@]([H])(O)[C@@]1([H])N=C(CCC)S2
7320,OC(=O)CNC(=O)NC1CCCCC1
7321,OC(=O)CCCNC(=O)NC1CCCCC1
7322,OC(=O)CCCCCNC(=O)NC1CCCCC1
7323,OC(=O)CCCCCCNC(=O)NC1CCCCC1
7324,[H][C@@]12CO[C@@]([H])(N1C(=S)NCCCCCCCC)[C@]([H])(O)[C@@]([H])(O)[C@]2([H])O
7325,[H][C@]1(O)C=C[C@@]([H])(O)[C@]1([H])OC(=O)C1=C(O)C=CC2=C(C)C=C(OC)C=C12
7326,OC(=O)C1=CC2=CC=C(C=C2C=C1)C(O)=O
7327,[H][C@](CC1=CC=CC=C1)(NC(=O)C(O)=O)C(O)=O
7328,[H][C@]1(O)C=CC2=C(C=CC=C2)[C@@]1([H])O
7329,CC1=CC=C(C=C1)S(=O)(=O)N1N=CC2=C(C=CC=C2)B1O
7330,[H]\C(CCC[C@@]([H])(C)C1=CC(=O)C([H])(C(=O)C(\C)=C(/[H])\C(\[H])=C(/C)CCC)C(=O)O1)=N/C(=O)OC
7331,NC1=NC2=C(C=C3NC=NC3=C2CCC2=CC=CC=C2)C(=O)N1
7332,CC1=CC=C(CCC2=C3N=CNC3=CC3=C2N=C(N)NC3=O)C=C1
7333,[H][C@@](CC(C)C)(N[C@@]([H])(C1=CC=C(C=C1)C1=CC=C(C=C1)S(N)(=O)=O)C(F)(F)F)C(=O)NCCN
7334,COC1=CC=C(C=C1)S(=O)(=O)N(CC(C)C)CC(=O)NO
7335,[H][C@@](N)(C[C@]([H])(CC1=CC2=CC=CC=C2C=C1)C(O)=O)C(O)=O
7336,OC1=C(C=C(CC(=O)NCCCCCC([O-])=O)C=C1I)[N+]([O-])=O
7337,[H][C@](CC)(C1=CC=CC=C1)C1=C(O)C2=C(CCCCC2)OC1=O
7338,[H][C@@](CC1=CC=C(O)C=C1)(NC(=O)CCCCCCCCCCC)C(O)=O
7339,CN(CCO[P@](O)(=O)O[P@@](O)(=O)O[Be-](F)(F)F)C1=CC=CC=C1[N+]([O-])=O
7340,[H][C@@]12C[C@@]3([H])C[C@@](C1)(C[C@@]([H])(C2)[C@@]3([H])NC(=O)C(C)(C)OC1=C(Cl)C=C(F)C=C1)S(C)(=O)=O
7341,OC1=C(C(=O)N(CCC2CC2)C2=C1C=C(F)C=C2)C1=NS(=O)(=O)C2=C(N1)C=CC=C2
7342,[H][C@]1(C)CC[C@@]([H])(CC1)C(=O)N(C(C)C)C1=C(SC(=C1)C1=CC=CC=C1)C(O)=O
7343,[H][C@@]12C[C@@]3([H])C[C@@](C1)(C[C@@]([H])(C2)[C@@]3([H])NC(=O)C(C)(C)OC1=CC=C(OC)C=C1)C(N)=O
7344,BrC1=CC=C(NC(=S)OCCN2C(=O)C3=C(C=CC=C3)C2=O)C=C1
7345,ClC1=CC=C(NC(=S)OCCN2C(=O)C3=C(C=CC=C3)C2=O)C=C1
7346,[H][C@]1(O)CN(CCCCCCCCC)[C@]([H])(CO)[C@@]([H])(O)[C@]1([H])O
7347,IC1=CC=C(NC(=S)OCCN2C(=O)C3=C(C=CC=C3)C2=O)C=C1
7348,[H][C@@](CC)(CO)NC1=NC2=C(C=NN2C(NCC2=CC=CC=C2)=N1)C(C)C
7349,OC(=O)COC1=CC=CC2=CC=CC=C12
7350,[H][C@@]1(CS(=O)(=O)C2=CC=C(OC)C=C2)CCCC[C@@]1([H])C(=O)NCCN
7351,[H][C@](N)(CC1CCCCC1)[C@@]([H])(O)C(=O)OC(C)C
7352,OC(=O)CCCC(=O)NC1=CC=C(CC[N+]2([O-])CCCCC2)C=C1
7353,NCCCNC1=CC=CC=C1[N+]([O-])=O
7354,OC1=CC(O)=C2C(CC(=O)CCC\C=C/CCOC2=O)=C1Cl
7355,OC1=CC(O)=C2C(CC(=O)CCC\C=C\CCOC2=O)=C1Cl
7356,OC(=O)CC1=CC(=C(O)C=C1)[N+]([O-])=O
7357,OC1=C(C=C(CC(=O)NCCCCCC([O-])=O)C=C1)[N+]([O-])=O
7358,OC(=O)CCCC[P@]([O-])(=O)OC1=CC=C(C=C1)[N+]([O-])=O
7359,[H][C@]1(C)O[C@@]([H])(OC2=CC=CC=C2[N+]([O-])=O)[C@]([H])(O)[C@@]([H])(O)[C@@]1([H])O
7360,OC(=O)C1=CC=C(C=C1)C1=NC(C2=CC=CC(=C2)[N+]([O-])=O)=C2N=CC=CC2=C1
7361,CN1N=C(C2=C(N)N=CN=C12)C1=CC2=CC=CC=C2C=C1
7362,CC1=CC=C(C=C1)S(=O)(=O)NC(=O)NC1=CC=C(C=C1)S(N)(=O)=O
7363,CCC\C(=C\C1=CC=C(O1)C1=CC(=CC=C1)C(O)=O)[N+]([O-])=O
7364,[H][C@@]1(NC2=CC(C)=C(C=C2S(=O)(=O)N1)S(=O)(=O)N1CCN(C)CC1)C1CCCC1
7365,[H][C@@]1(CC2=C(C=C(C=C2)S(=O)(=O)N2CCN(C)CC2)S(=O)(=O)N1)C1CCCC1
7366,[H][C@@]1(CC2=CC(C)=C(C=C2S(=O)(=O)N1)S(=O)(=O)N1CCN(C)CC1)C1CCCC1
7367,[H]N(C1=CC(=CC=C1)[N+]([O-])=O)S(=O)(=O)C1=C(SC=C1)C(O)=O
7368,OC(C1=CC=C(C=C1[N+]([O-])=O)C(F)(F)F)=C1C(=O)CCCC1=O
7369,[H][C@]1(CC[C@@]2([H])[C@]3([H])CCC4=CC(=O)CC[C@]4([H])[C@@]3([H])CC[C@]12C)OC(=O)CCC(O)=O
7370,OCCCNCCS(=O)(=O)C1=CC=C(NC2=NC(OCC3CCCCC3)=C3N=CNC3=N2)C=C1
7371,[H][C@@](CCCC)(CN(O)C=O)C(=O)N1CCC[C@@]1([H])C1=NC2=C(O1)C=CC=C2
7372,NC1=NC(N)=C(N=O)C(OCC2CCCCC2)=N1
7373,COC(=O)NC1=NC2=CC(=CC=C2N1)C(=O)C1=CC=CS1
7374,NC1=NC=C(O1)C(=O)C1=CC(Br)=CC=C1
7375,NC1=NC=C(O1)C(=O)N(CC1=CC=CC=C1)CC1=CC=CC=C1
7376,CC1(C)CC(=O)C2=C(N)N=CN=C2C1
7377,CC1=C(C=CC2=NC(N)=NC(N)=C12)C1=CC=CC=C1
7378,NC1=NC(OCCOC2=CC=CC=C2)=NC(N)=N1
7379,OC1=CC=CC=C1C1=CC=CC=C1[S@@](O)=O
7380,[H][C@]12O[C@]([H])(C(=C1C1=CC=C(O)C=C1)C1=CC=C(O)C=C1)[C@]([H])(C(=O)OCC)[C@]2([H])C(=O)OCC
7381,[H][C@@]1(O)C(CO)=C[C@@]([H])(NCCCCCCCC)[C@]([H])(O)[C@@]1([H])O
7382,[H][C@@](CC(O)=O)(OC(=O)\C=C\C1=CC=C(O)C=C1)[C@@]([H])(OC(=O)\C=C\C1=CC=C(O)C=C1)C(O)=O
7383,[H][C@@]1(CCNC1=O)NC(=O)CC(=O)CCCCCCCCC
7384,[H][C@@]1(CCOC1=O)NC(=O)CC(=O)CCCCCCCCC
7385,[H]N(CCO)C1=NC(N([H])C2=CC(Cl)=CC=C2)=C2N=CN(C(C)C)C2=N1
7386,OC1=CC2=C(C=C1)N=C(S2)C1=NC(=O)CS1
7387,OC(=O)CC1=CC(O)=CC=C1O
7388,[H][C@](O)(C(=O)NCCC(=O)NCCO)C(C)(C)COC(=O)C(C)(C)C
7389,NS(=O)(=O)C1=CC=C(C=C1)N1CCCCS1(=O)=O
7390,CO\C=C(\C(=O)OC)C1=C(\C=C\C2=CC=CC=C2)C=CC=C1
7391,N(C1=NC=CN1)C1=CC=C(NC2=CC=C(NC3=NC=CN3)C=C2)C=C1
7392,C[C@@]12OO[C@@](CCC(O)=O)(C3=C1C=CC=C3)C1=C2C=CC=C1
7393,OC1=CC=C(\C=N\OC(=O)C2CCCCC2)C=C1
7394,OC1=CC=C(\C=N\OC(=O)C2CCCCC2)C=C1F
7395,CC(C)(C)CC(=O)O\N=C\C1=CC=C(O)C=C1
7396,[H]N(C(=O)OC(C)(C)C)[C@]([H])(C(C)C)C1=NN=CO1
7397,[H]N(C(=O)OC(C)(C)C)[C@@]([H])(C(C)C)C1=NN=CO1
7398,O=C1CCCCC2=C3N=C(NC4=CC(N1)=CC=C4)N=C(NC1CC1)N3N=C2
7399,CN1C(=O)C(=CC2=CN=C(NC3=CC=CC(CO)=C3)N=C12)C1=C(Cl)C=CC=C1Cl
7400,N(C1=CC=CC=C1)C1=NC2=CC=NN2C(NC2=CC=CC=C2)=N1
7401,[H][C@]1(CCC[C@@]1([H])N(C)C)NC1=NC(NC2=CC=C(C=C2)S(=O)(=O)NC)=NC=C1C(F)(F)F
7402,CCCCCCCCCCCCCCCC(=O)SC[C@H](N)C(O)=O
7403,[H][C@@]1(CCCN(CCC2=CC=CC=C2)C1)N(CCCOC)C(=O)C1=CC=C(Cl)C=C1
7404,N#CC1=C2N=C(NC3=CC=CC=C3)N=C(NCCC3=CN=CN3)N2N=C1
7405,OC1=CC(O)=C2C(CC(=O)CCCC\C=C\CCOC2=O)=C1Cl
7406,CC(C)(C)NC[C@H](O)COC1=CC=CC2=C1CC(=N2)C#N
7407,CN(C)CC(=O)NC1=CC2=C(NC(=O)C3=CC=CC=C23)C=C1
7408,CN1C2=C(C=NN2C2=C(F)C=C(F)C=C2)C(NC2=C(C)C=CC(=C2)C(=O)NC2CC2)=CC1=O
7409,COC1=CC=CC=C1C1=CNC2=C1C=C(C=N2)C1=CC(=CN=C1)C(=O)N(C)C
7410,CC1=CC=C(C=C1C1=CC2=C(C=C1)N=C(NCCN1CCOCC1)N=C2)C(=O)NC1CC1
7411,CC(C)NC1=NC2=C(S1)C=C(C=C2)C1=C(N=CO1)C1=CC=CC=C1F
7412,N#CC1=C2N=C(NCC3CCCCC3)N=C(NC3=CC=CC=C3)N2N=C1
7413,ClC1=CC=C(CNC2=NC3=C(C=NN3C(NC3=CC=CC=C3)=N2)C#N)C=C1
7414,CN1N=C(C(O)=O)C2=C1C1=NC(NC3=CC=CC=C3)=NC=C1CC2
7415,COC1=CC=C(C=C1)C1=C(C)NN=C1C1=C(O)C=C(O)C=C1
7416,CCOCCOCCOCC
7417,O=C1NCCC2=C1C=C(N2)C1=CC(=NC=C1)C1=CC2=C(C=CC=C2)N=C1
7418,CC(=O)C1=C(C)N=C(NC2=CC=CC=C2)S1
7419,CCN1CCN(CC1)C1=NC2=C(C=NN2C(NC2=CC=CC=C2)=N1)C#N
7420,[H][C@]1(N)CCCC[C@@]1([H])NC1=NC(NC2=CC=CC(C)=C2)=C(C=N1)C(N)=O
7421,CC(=O)NC1=CC=CC(NC2=NC3=C(C=NN3C(NC3=CC=CC=C3)=N2)C#N)=C1
7422,CCN1C2=CC=C(CNC)C=C2C2=C1C=CC=C2
7423,CCCCCCCCCC(=O)C\N=C\C1=C(COP(O)(O)O)C=NC(C)=C1O
7424,CN1C2=C(C(Br)=C1C(=O)NCCO)C1=C(C(=O)NC1=O)C(=C2)C1=C(Cl)C=CC=C1
7425,[H][C@]12C[C@]3([H])O[C@@]1(C)C[C@@]1(C2)CCC(=O)[C@@](C)(CCC(=O)NC2=C(O)C=CC(C(O)=O)=C2O)[C@]31[H]
7426,[H][C@@](COC(=O)CCCC)(COP(O)(O)=O)OC=O
7427,[H][C@](C)(C[C@]([H])(C[C@@]([H])(CCC(O)=O)C(O)=O)C(O)=O)C(O)=O
7428,C(N1C=CN=C1)C1=CC=C(C=C1)C1=CC=CC=C1
7429,[H][C@](N)(CSCC1=CC=C(Br)C=C1)C(O)=O
7430,N[C@@H](CC1=CC=C(C=C1)C(=O)C1=CC=CC=C1)C(O)=O
7431,CCOC1=C(F)C(CCNC(=S)NC2=CC=C(C)C=N2)=NC=C1
7432,CS(=O)(=O)C1=CC(Cl)=C(C=C1Cl)C1=C(Cl)C=C(C(Cl)=C1)S(C)(=O)=O
7433,[H][C@](N)(CC1=CC=CC=C1)C(=O)CCl
7434,[H][C@@]1(SCC(=C)C(=N1)C(O)=O)[C@H](NC(=O)C(=N/OC)\C1=CSC(N)=N1)C=O
7435,[H][C@@](COC(=O)CCCCCC)(COP(O)(O)=O)OC(=O)CCCCCC
7436,C[C@@H](NC(=O)CCCP(O)(=O)OC1=CC=C(C=C1)[N+]([O-])=O)C(O)=O
7437,[H][C@](O)(CCC(O)=O)NC1=CC=C(C=C1)N1C(=O)CCC1=O
7438,FC1=C(CC2=NNC(=O)C=C2)C=CC(Cl)=C1OC1=CC=CC=C1
7439,[H][C@]1(CN[C@@]([H])(C1)C(=O)N1CCC(F)(F)C1)N1CCN(CC1)C1=NC=CC=N1
7440,COC1=CC=C(C=C1)C1=C(N=C(N1)C1=CC=CS1)C1=CC=C(OC)C=C1
7441,C(OC1=CC=C(C=C1)C1=NNC=C1CC1=CC=NC=C1)C1=NC2=CC=CC=C2C=C1
7442,OC(=O)N1CCC(CC2=CN=C3C=CC=CC3=C2)CC1
7443,C(OC1=CC=C(C=C1)C1=NNC=C1C1=CC=NC=C1)C1=CC=C2C=CC=CC2=N1
7444,CN1C=C(C(=N1)C1=CC=C(OCC2=NC3=CC=CC=C3C=C2)C=C1)C1=CC=NC=C1
7445,CCOCCC1(OC2=CC=C(OC3=CC=C(F)C=C3)C=C2)C(=O)NC(=O)NC1=O
7446,[H][C@]1(CCN(C1)C1=NC=NC2=CC(OC)=C(OC)C=C12)OC1=CC2=CC=CC=C2C=C1
7447,CC(C)OC1=CC=C(CC[C@]2(CC(O)=CC(=O)O2)C2CCCC2)C=C1F
7448,COC1=CC2=NC=NC(N3CC[C@H](C3)OC3=NC4=CC=CC=C4N=C3)=C2C=C1OC
7449,COC1=CC=C(C=C1)C1=C(C2=C(NCCO)N=CN=C2O1)C1=CC=C(OC)C=C1
7450,OCCNC1=NC=NC2=C1C(=C(O2)C1=CC=CC=C1)C1=CC=CC=C1
7451,OC(=O)CNC(=O)CCC[P@](O)(=O)OC1=CC=C(C=C1)[N+]([O-])=O
7452,CCOCN1OC(=O)C(=C1C1=CC=NC(OC2=CC=CC=C2O)=N1)C1=CC=C(F)C=C1
7453,OC(=O)CCCNC=C1N=C(OC1=O)C1=CC=CC=C1
7454,OC(=O)C1=CC2=C(C=C1)C=C(C=C2)C(F)(F)P(O)(O)=O
7455,CN1C(N)=NC2=NC=C(C=C12)C1=CC=CC=C1
7456,OC1=CC(\C=C\C2=CC=C(O)C(O)=C2)=CC(O)=C1
7457,OC(=O)N1CCC(CC2=CC(OC3=NC=C(C=C3)C(F)(F)F)=CC=C2)CC1
7458,[H][C@@](CO\N=C(/CCC(O)=O)C(O)=O)(NC(=O)COC1=CC=CC=C1)C(O)=O
7459,OC(=O)C1=C(NC(=O)C2=C(Cl)C=C(Cl)C=C2)C=CC(OC2=NC=CC=N2)=C1
7460,[H][C@@](CC(C)C)(CC(=O)NO)C(=O)N[C@@]([H])(CC1=CC=CC=C1)C(=O)NC
7461,[H][C@](O)(C(=O)NCCC(=O)NCCSC(=O)CCCCC)C(C)(C)CO[P@]([H])(O)=O
7462,[H][C@](O)(C(=O)NCCC(=O)NCCSC(=O)CCCCCC)C(C)(C)CO[P@]([H])(O)=O
7463,NC1=NC2=C(N=C(CN3C4=CC=CC=C4C=CC4=CC=CC=C34)C=N2)C(N)=N1
7464,[H][C@]12C[C@@H]3O[C@@]1(C)C[C@@]1(C2)C=CC(=O)[C@@](C)(CCC(=O)NC2=C(O)C(=CC=C2O)C(O)=O)[C@]31[H]
7465,[H][C@](O)(C(=O)NCCC(=O)NCCS)C(C)(C)COC(=O)C(C)(C)C
7466,OC(=O)CNC(=O)CCC[P@@](O)(=O)OCC1=CC=C(C=C1)[N+]([O-])=O
7467,OC(=O)CNC(=O)CCCC(=O)NCC1=CC=C(C=C1)[N+]([O-])=O
7468,[H][C@@](C)(NC(=O)CCC[P@](O)(=O)OC1=CC=C(C=C1)[N+]([O-])=O)C(O)=O
7469,OC(=O)CCCCCNC(=O)CCC[P@](O)(=O)OC1=CC=C(C=C1)[N+]([O-])=O
7470,C[P@](O)(=O)OC1=CC=C(C=C1)[N+]([O-])=O
7471,C[C@H](SC1=NC(Cl)=CC(N)=N1)C1=CC2=C(OC=C2)C=N1
7472,[H][C@@]1(CC[C@@]2([H])[C@]3([H])CCC4=C(C=C(OC)C(OS(N)(=O)=O)=C4)[C@@]3([H])CC[C@]12C)OS(N)(=O)=O
7473,[H][C@]12CC[C@]3(C)C(=O)N(CC4=CC=CN=C4)C(=O)C[C@@]3([H])[C@]1([H])CCC1=C2C=CC(OS(N)(=O)=O)=C1
7474,[H][C@](CC)(COC1=CC=CC=C1)O[P@](C)(Cl)=O
7475,[H][C@@](N)(CC1=CC=CC=C1)C(=O)N1CCC[C@@]1([H])C(=O)N[C@@]([H])(CC1=CC(=CC=C1)C#N)B(O)O
7476,[H][C@]1(CCCCN1)C(=O)NC(C)(C)C
7477,[H][C@@](N)(CC1=CC=CC=C1)C(=O)N1CCC[C@@]1([H])C(=O)NCCNC1=CC=NC=C1
7478,NC1=C(C=NN1C1=CC=C(F)C=C1)C(=O)C1=CC(OC2CCNCC2)=CC=C1
7479,[H][C@](O)(CO)COC1=CC(=CC=C1)C(=O)C1=C(N)N(N=C1)C1=CC=C(F)C=C1
7480,[H][C@@]1(CCN(CC2=CC3=C(N2)C=NC=C3)C1=O)NS(=O)(=O)C1=CC2=C(S1)C=CC=N2
7481,[H][C@]1(O)C=C[C@](CC(=O)C(O)=O)(C=C1)C(O)=O
7482,[H][C@@](C)(O)[C@@]([H])(N)CC1=CC=CC=C1
7483,[H][C@](N)(CC(=O)N1CCC[C@@]1([H])CNC(=O)C1=CC=CC(=C1)S(C)(=O)=O)CC1=CC(Cl)=CC=C1
7484,[H][C@]1(CO)O[C@@]([H])(SC2=CC=C(C=C2)[N+]([O-])=O)[C@]([H])(O)[C@@]([H])(O)[C@]1([H])O
7485,[H][C@](C)(C(=O)C[P@]([H])(O)=O)[C@@]([H])(O)CC
7486,[H][C@]1(O)C[C@@]([H])(O[C@]1([H])COP(O)(O)=S)N1C=C(C)C(=O)NC1=O
7487,C=CS(=O)(=O)OC1=CC=CC=C1
7488,[H][C@]1(C(O)=O)[C@]([H])(C(=O)NC)[C@]1([H])C1=CC=C(OP(O)(O)=O)C=C1
7489,[H][C@]1(C\C=C\CCCC(O)=O)C=CC(=O)\C1=C/C=C/CCCCC
7490,CCCCN1C(CC2=CC3=C(OCO3)C=C2)=NC2=C(N)N=CN=C12
7491,COC1=CC=C(C[C@H](N)C(=O)N[C@@H]2[C@@H](CO)O[C@H]([C@@H]2O)N2C=NC3=C2N=CN=C3N(C)C)C=C1
7492,[H][C@](O)(COC(=O)CCCCCCCCCCCCCCC)[C@@]([H])(O)C(\O)=C(\O)C(O)=O
7493,CCC(=O)NS(=O)(=O)C1=CC=C(C=C1)C1=C(C)ON=C1C1=CC=CC=C1
7494,CC(=O)NC1=C2C=CC=NC2=C2N=CC=CC2=C1
7495,BrC1=C2NCCCNS(=O)(=O)C3=CC=CC(NC(N=C1)=N2)=C3
7496,[H][C@@]1(CCCN1C(=O)C1=C(O)C=C(O)C=C1)C1=CC=CC=C1C
7497,OC1=CC(O)=C(C(=O)N2C=CC=C2)C(O)=C1
7498,CC1=CC(=CC(OC2=C(Br)C=C(CC3=NNC4=NN=CC=C34)C=C2)=C1)C#N
7499,[H][C@]1(N)CN(C[C@]1([H])C1=C(F)C=C(F)C(F)=C1)C1=CC(=NC=N1)C1=CC=C(OC)N=C1
7500,FC1=C(CC2=NNC3=NN=CC=C23)C=CC(Br)=C1OC1=CC(=CC(Cl)=C1)C#N
7501,CN(C)CC1=CNC2=C1C=CC=C2CCCO
7502,[H][C@]12C=CCC=C1C=CC1=CC(O)=CC=C1N2CC1=NC2=C(N)N=C(N)N=C2N=C1
7503,OC(=O)CN1C=C(CC2=NC3=C(S2)C(F)=CC(F)=C3F)C2=CC=CN=C12
7504,CC1=CC=CC(=N1)C1=NC(NC2=CC=C3NN=CC3=C2)=C2C=CC=CC2=N1
7505,CS(=O)(=O)NC1=CC=CC2=C1N=CC=C2
7506,CCCCCCCCCC1=[N+]([O-])C2=CC=CC=C2C(O)=C1
7507,CC1=CC(NC2=C3C=CC=CC3=NC(=N2)C2=CC=CC=C2)=NN1
7508,[H]/C(=C(/[H])\C(\C)=C(/[H])C(O)=O)/C(/[H])=C(\C)/C(/[H])=C(\[H])C1=C(C)C=C(O)C(C)=C1C
7509,CC1(C)N(O)C(C)(C)C(=C1CSS(C)(=O)=O)C1=CC=CC=C1
7510,CC1=C(CSCC2=CC=CO2)C(OC2=CC(C)=CC(C)=C2)=C(I)C(=O)N1
7511,CN(C\C=C\COC1=CC=C(C=C1)C(=O)C1=CC=C(Br)C=C1)C1CC1
7512,ClC1=CC(OC2=C(Cl)C=CC(OCC3=NNC4=NC=CC=C34)=C2)=CC(=C1)C#N
7513,NC1=CC=C2C(COC3=CC=C(Cl)C(OC4=CC(=CC(Cl)=C4)C#N)=C3)=NNC2=N1
7514,CC(C)(C)N1N=C(CC2=CC(O)=CC=C2)C2=C1N=CN=C2N
7515,C=CC(=O)NC1=CC=C2N=CN=C(NC3=CC=CC=C3)C2=C1
7516,[H][C@@](CC)(CO)NC1=NC2=C(N=CN2C(C)C)C(NCC2=CC=C(C=C2)C2=CC=CC=N2)=N1
7517,COC(=O)C1=C(CCC(=O)NC2=C(O)C=C(OC)C(O)=C2)C(Cl)=C(O)C=C1O
7518,COC1=CC(N)=C(OC)C(CCOC(=O)C2=C(O)C=C(O)C(Cl)=C2)=C1OC
7519,OC1=CC=C(CCC2=CC(O)=CC(O)=C2)C=C1
7520,O=C(O)\C=C(/C)\C=C\C[C@]1(C)CC2=C(CCCC2(C)C)C1=C
7521,CC(C)(C)OC(=O)N1CCC(CC1)C1=NC(=NO1)C1=CC=CS1
7522,FC1=CC=C(C=C1)C1=NN=C(N1)C1=CC=CC=C1
7523,O=C(CC1=CC=CS1)N1CCC(CC1)C1=NC(=NO1)C1=CC=CS1
7524,CNCC[C@@H](OC1=CC=C(C=C1)C(F)(F)F)C1=CC=CC=C1
7525,OC[C@H]1O[C@H]([C@H](O)[C@@H]1O)N1C=NC2=CC(Cl)=C(Cl)C=C12
7526,[H][C@](CC(=O)NC(CC)CC)(C(N)=O)C(C)(C)C
7527,CC1(C)OC[C@@H](COP(O)(=O)CCCCC=C)O1
7528,[H][C@]1(N)CCCCCCCCCCNC1=O
7529,[H]N([H])C(\N=C(N([H])[H])N([H])[H])=N/C1=C(Cl)C=CC(=C1)C(F)(F)F
7530,COC1=CC(OC)=CC(NC(=N)NC(N)=N)=C1
7531,[H][C@]1(CCC2=C1C=CC=C2O)\N=C\C=C
7532,[H]N(C1=NC(=O)\C(S1)=C\C1=CC=C(C)O1)S(=O)(=O)C1=CC=C(C)C=C1
7533,[H][C@@](C)(NC(=O)[C@]([H])(CC(C)C)NC(=O)[C@]([H])(CC(C)C)CC(=O)NO)C(=O)OCC
7534,NC1=CC=C(C=C1)S(=O)(=O)NC(=O)NCCS
7535,[H][C@@]1(O)C[C@@](O)(C=C(C2=CC=CC(SC3=CC=CC=C3)=C2)[C@@]1([H])O)C(O)=O
7536,CC1=CC(NC(=O)CC2=CC=C(OC(C)(C)C(O)=O)C=C2)=CC(C)=C1
7537,NC(=N)C1=CC(CN2CCN(CC2=O)S(=O)(=O)C2=CC3=C(S2)C=C(Cl)C=C3)=CC=C1
7538,ClC1=CC=C(S1)\C=C\S(=O)(=O)N1CCN(CC2=CC3=C(N2)C=CN=C3)C(=O)C1
7539,[H][C@@](CC(C)C)(CC(=O)NO)C(=O)N[C@@]1([H])CC2=CN(CCCCCCNC1=O)C1=C2C=CC=C1
7540,ONC(=O)C1(CS(=O)(=O)C2=CC=C(OC3=CC=C(Cl)C=C3)C=C2)CCOCC1
7541,ONC(=O)CC1(CCOCC1)S(=O)(=O)C1=CC=C(OC2=CC=CC=C2)C=C1
7542,CCCCCCC#CC1=CC=CC=C1\C=C\C(O)=O
7543,[H][C@@](CC(C)C)(CC(O)=O)C(=O)N[C@@]1([H])CC2=CN(CCCCCCNC1=O)C1=C2C=CC=C1
7544,CC1=CC2=C(C=C1)N(CCC2)C(=O)SCC(=O)NC1=C(Cl)C=C(C=C1)S(N)(=O)=O
7545,NC(=N)C1=CC=C(CN2CCN(CC2=O)S(=O)(=O)C2=CC3=C(S2)C=C(Cl)C=C3)C=C1
7546,CC(=O)C[C@H](C1=CC=CC=C1)C1=C(O)C2=C(OC1=O)C=CC=C2
7547,[H][C@@](OC(C)=O)(C(=O)NC1=CC=CC2=C1C(=O)C(=O)NC2=O)C1=CC=CC=C1
7548,[H][C@@](OC(C)=O)(C(=O)NC1=CC=CC2=C1C(=O)C(=O)NC2=O)C1=CC=CC(Cl)=C1
7549,FCCOC1=CC=CC(NC(=O)CCC(=O)NC2=CC=C3C(=O)NC(=O)C(=O)C3=C2)=C1
7550,[H][C@]1(C[C@]2(ON1)O[C@]([H])(CO)[C@@]([H])(O)[C@]([H])(O)[C@@]2([H])O)C1=CC2=CC=CC=C2C=C1
7551,CCOC(=O)NCCCNC(=O)OCC
7552,CC(C)C1=C(SC2=CC(Cl)=CC(Cl)=C2)N(CC2=CC=NC=C2)C(COC(N)=O)=N1
7553,[H][C@]1(C[C@]2(ON1)O[C@]([H])(CO)[C@@]([H])(O)[C@]([H])(O)[C@@]2([H])O)C1=CC=C(C)C=C1
7554,[H][C@@](N)(C(=O)N1CC[C@]([H])(F)C1)[C@@]([H])(C(=O)N(C)C)C1=CC=C(C=C1)C1=CN2N=CN=C2C=C1
7555,[H][C@@](CC1=CC=C(Br)C=C1)(NC(=O)CCCCCCC(=O)NO)C(=O)OC
7556,[H][C@@](C)(N)[P@@](O)(=O)C[C@@]([H])(CC1=CC=CC=C1)C(=O)N[C@@]([H])(CC1=CC=CC=C1)C(O)=O
7557,[H][C@](CC(C)C)(N(CC1=CC=CC=C1)[P@](C)(=O)C1=CC=CC=C1)C(=O)NO
7558,[H][C@](C)(NC(=O)C1=CC=CC=C1)C(O)=O
7559,COC1=CC(Cl)=C(OCCCCCCN2C=CN=C2)C=C1
7560,[H][C@@]1(CC[C@@]2([H])[C@]3([H])CC[C@@]4([H])C[C@]([H])(CC[C@]4(C)[C@@]3([H])CC[C@]12C)OC(=O)CCC(O)=O)C(C)=O
7561,CC1=NC2=C(N1)C=C1C(=O)NC(N)=NC1=C2
7562,NC1=NC2=CC3=C(C=C2C(=O)N1)N=C(NCC1=CC=CC2=CC=CC=C12)N3
7563,CC1=CC(NC2=NC(NC3=CC=C(CC(O)=O)C=C3)=NC=C2C(N)=O)=CC=C1
7564,NC1=NC2=CC3=C(NC(NCC4=CC=CS4)=N3)C=C2C(=O)N1
7565,[H][C@](O)([C@@]1([H])CCCC=C1)[C@]1(NC(=O)[C@]2([H])CCO[C@]12C)C=O
7566,[H][C@@](C)(\N=C\C1=CC=C(OCC2=CC(F)=CC=C2)C=C1)C(N)=O
7567,COC1=CC(O)=C2C(=O)C[C@H](OC2=C1)C1=CC=C(O)C=C1
7568,COC1=CC(NC2=NC=CC(NC3=CC=C4C(C)=NNC4=C3)=N2)=CC(OC)=C1OC
7569,[H][C@@]12CCCCN1C(=O)C(=O)C(C)(C)COC(=O)CCCCCCCCCCCOC2=O
7570,C[S@@](=O)C1=CC=C(C=C1)C1=NC(=C(N1)C1=CC=NC=C1)C1=CC=C(F)C=C1
7571,FC1=CC=C(C=C1)C1=C(N(CC2CC2)C=N1)C1=CC=NC=C1
7572,OCN(O)CCCC1=CC=CC=C1
7573,ON(CCOC1=CC=CC(=C1)C(=O)C1=CC=CC=C1)C=O
7574,CC1=NC(CCCN(O)C=O)=CC=C1
7575,[H][C@@](O)(COC)[C@]([H])(CC(C)C)NC(=O)[C@]([H])(CC(C)C)NC(=O)OCC1=CC=CC=C1
7576,NC(=O)C1=NN(C2=C1C=CC1=C2C=NN1)C1=CC=C(C=C1)S(N)(=O)=O
7577,CC1=CC(=CC(C)=C1)S(=O)(=O)C1=C(C#N)C(N)=CC=C1
7578,CCCCC\C=C\CC(C\C=C\CCCCC)(P(O)(O)=O)P(O)(O)=O
7579,CN1C2=C(N(CC3=CC=CC=C3)C(=N2)N2CC[NH2+]CC2)C(=O)N(C)C1=O
7580,ClC1=CC=CC(=C1Cl)C1=NC2=CC=NN2C(NCC2=CC=NC=C2)=C1
7581,FC1=CC=CC=C1C1=CN2C=CN=C2C(NCC2=CC=CN=C2)=N1
7582,CC1=CN=C2N1C=CN=C2NCC1=CC=NC=C1
7583,FC1=CC=CC=C1C1=NC2=CC=NN2C(NCC2=CC=NC=C2)=C1
7584,BrC1=C2N=C(C=C(NCC3=CC=CN=C3)N2N=C1)C1=CC=CC=C1
7585,BrC1=C2C=C(C=C(NCC3=CN=CN=C3)N2N=C1)C1=CC=CC=C1
7586,BrC1=CN=C2N1C=C(C=C2NCC1=CN=CN=C1)C1=CC=CC=C1
7587,CCC1=C2N=C(C=C(NCC3=CN=C(N)N=C3)N2N=C1)C1=C(F)C=CC=C1F
7588,C(NC1=CC(=NC2=C(C=NN12)C1CC1)C1=CC=CC=C1)C1=CN=CC=C1
7589,CCOC(=O)C1=CSC(=N1)N1CCN(CC1)C1=NC2=CC=CC=C2SC1
7590,[H][C@@]1(CC(O)=O)CC2=CC3=C(C(O)=CC=C3)C(=O)C2=C(C)O1
7591,[H][C@@]12CCC(=O)[C@@]1(C)CCC(=O)[C@@]2([H])CCC1=C(O)C(O)=CC=C1C
7592,[H][C@@](O)(COC1=CC=C(C=C1)C1CCCCC1)CN1CCN(CC1)C1=CC=CC=N1
7593,CNCC[C@H](OC1=CC=C(C=C1)C(F)(F)F)C1=CC=CC=C1
7594,[H]N(C(C)=O)C1=CC=C(CP([O-])(=O)O[C@@H](C)C2=CC=CC=C2)C=C1
7595,[H][C@]1(O)C[N@]2[C@@]([H])(C1)[C@]1([H])C(=O)N(CC3=CC=C4OCOC4=C3)C(=O)[C@]1([H])[C@]2([H])C1=CC=C(C=C1)C(N)=N
7596,[H][C@@]1(CC[C@@]2([H])[C@]3([H])CCC4=CC(=O)CC[C@]4(C)[C@@]3([H])[C@@]([H])(C[C@]12C)OC(=O)CCC(O)=O)C(C)=O
7597,CC1(C)OC[C@H](COP(O)(=O)CCCCC=C)O1
7598,[H][C@]1(CC2=C(CN1C(=O)OCC1=CC=CC=C1)C=C(NS(O)(=O)=O)C=C2)C(=O)NC
7599,ClC1=CC=C2CCNCC2=C1Cl
7600,[H][C@@](NC(=O)CC1=CC=CS1)(B(O)O)C1=CC(=CC=C1)C(O)=O
7601,[H][C@@](NC(=O)CC1=CC=CS1)(B(O)O)C1=CC=CC=C1
7602,O\N=C1/CCC2=CC(=CC=C12)C1=CN(N=C1C1=CC=NC=C1)C1CCNCC1
7603,[H][C@@](CCC)(NC(=O)CCC(O)=O)C(O)=O
7604,COC1=CC2=C(C=C1Cl)C(=NCC2)C1=CC=CC(Br)=C1
7605,CC(=O)C1=CC=C(S1)C1=CC(NS(=O)(=O)C2=CC=C(C)C=C2C)=C(S1)C(O)=O
7606,COCCNC1=CC(=CC=C1C(N)=O)N1C2=C(C3=CC=CC=C13)C(=O)CCC2
7607,[H][C@]1(CO)O[C@@]([H])(SCCCCCCCC)[C@]([H])(O)[C@@]([H])(O)[C@]1([H])O
7608,[H][C@@]1(NC(=O)CC2=CC=CC=C2)C(=O)[N@]2[C@]1([H])[S@@]([H])(O)C(C)(C)[C@]2([H])C(O)=O
7609,FC1=CC=C(C=C1)N1N=C(C=C1NS(=O)(=O)C1=CC=CC(F)=C1)C1=CC=CS1
7610,O=C(OCC1=CC=CC=C1)C1=CN2C(S1)=CC(=O)N(CC1=CC=CC=C1)C2=O
7611,OC(=O)CCCC(=O)NC1=CC=C(\C=C\C2=CC=CC=C2)C=C1
7612,CN(C)C\C=C\C(=O)NC1=CC=C2N=CN=C(NC3=CC(Br)=CC=C3)C2=C1
7613,[H]N([C@@H](CC1=CC=CC2=CC=CC=C12)[B-](O)(O)O)C(C)=O
7614,[H]N(C(C)=O)[C@]([H])(CC1=C2C=CC=CC2=CC=C1)[B-](O)(O)O
7615,CC1=NNC2=C1C=C(C=C2)C1=CC(OC[C@@H](N)CC2=CC=CC=C2)=CN=C1
7616,[H][C@@](N)(COC1=CN=CC(=C1)C1=CC2=C(NN=C2C)C=C1)CC1=CC=C(Br)C=C1
7617,CC(=O)NC1=C(O)C=C(C=C1[N+]([O-])=O)C(O)=O
7618,CC(=O)NC1=C(N)C=C(C=C1O)C(O)=O
7619,NC(=O)C1=CC=C(NC2=NC(OCC3CCCCC3)=C(N=O)C(N)=N2)C=C1
7620,OC(=O)C1=C(C=CS1)S(=O)(=O)NC1=CC=C(Cl)C=C1
7621,FC(F)(F)C1=CC=C(C[C@H]2SC(=S)NC2=O)C=C1
7622,[H][C@](CS)(CC1=CC=CC=C1)C1=NC2=C(N1)C=C[NH+]=C2
7623,CNCC(=O)C1=NN=C(O1)C(C)(C)C
7624,CC1=CNC(\C=C2/C(=O)NC3=CC=CC=C23)=C1CCC(O)=O
7625,OC(=O)CCC(=O)NC1=CC=C(Br)C=N1
7626,[H][C@]1(C)CN(C[C@@]([H])(C)C1)C(=O)C1=CC(Br)=CC=C1N
7627,[H][C@]1(CC2=C(Cl)C=CC=C2)CCCN1C(=O)C1=CC(Br)=CC=C1N
7628,[H][C@]1(C)CN(C[C@@]([H])(C)C1)C(=O)C1=CC(Br)=CC=C1NC(=O)CCC(O)=O
7629,[H][C@]1(C)CN(C[C@@]([H])(C)C1)C(=O)C1=C(NC(=O)CCC(=O)N2CCOCC2)C=CC(Br)=C1
7630,CCN1N=CC=C1C1=CNC2=NC=C(C=C12)C1=CC(C(=O)N(C)C)=C(N)C=C1
7631,[H][C@@](O)(C(=O)NCCC(=O)NCCSC(=O)CCCCC)C(C)(C)COP(O)(O)=O
7632,[H][C@@](O)(C(=O)NCCC(=O)NCCSC(=O)CCCCCCC)C(C)(C)COP(O)(O)=O
7633,COC1=CC(\C=C\C(O)=O)=CC(OC)=C1O
7634,[H][C@@]1(N)CCCN(C1)C1=NC2=C(C=CC=C2)C(=O)N1CC1=C(C=CC=C1)C#N
7635,COC(=O)C1=CC(OC)=C(O)C(OC)=C1
7636,CC(C)(C)C(=O)OC1=CC=C2N(CCCO)C(NC(=O)C3=CC(=CC=C3)[N+]([O-])=O)=NC2=C1
7637,COC1=CC=C(C=C1N1CC(=O)NS1(=O)=O)C1=CC=CC=C1
7638,O=C1CN(C2=CC=CC=C2)S(=O)(=O)N1
7639,CN(NC(=O)OC(C)(C)C)C#N
7640,[H][C@]12CC=C(C)[C@]([H])(C1)[C@@]([H])(OC2(C)C)C1=CC=C(O)C=C1
7641,[H][C@]1(O)C[C@@]([H])(O[C@]1([H])CN1CCCCC1)N1C=C(C)C(=O)NC1=O
7642,C(CN1CCCCC1)OC1=CC=C(C=C1)C1=CN2N=CC(=C2N=C1)C1=CC=NC=C1
7643,C[C@H]1CN2C(=S)NC3=CC(Cl)=CC(CN1CC=C(C)C)=C23
7644,[H][C@](C)(NS(=O)(=O)C1=CC=C(OC)C=C1)C(O)=O
7645,[H]N1C(=S)N2C[C@H](C)N(CC=C(C)C)CC3=C(Cl)C=CC1=C23
7646,[H][Sn](CCCC)(CCCC)CCCC
7647,CSC1=NC2=CC=CC=C2C(=O)N1C1=C(F)C=CC=C1F
7648,[H][C@@](CCCCN)(NS(=O)(=O)C1=CC=C(C)C=C1)C(=O)CCl
7649,OC1=CC(Cl)=CC=C1OC1=C(Cl)C=C(Cl)C=C1
7650,CCCS(=O)(=O)N1N=CC2=C(C=C(C)S2)B1O
7651,[H][C@]1(O)CN(CC2=CNC3=C(N)N=CN=C23)C[C@]1([H])CSC
7652,[H][C@]1(CC2=CC=C(OC[C@@]3(C)CCC4=C(C)C(O)=C(C)C(C)=C4O3)C=C2)SC(=O)NC1=O
7653,[H][C@@]1(C)CN(C(=O)[C@@](C)(O)C(F)(F)F)[C@@]([H])(C)CN1C(=O)C1=CC=C(C=C1)C#N
7654,[H]N(C(=O)C(C)(O)C(F)(F)F)C1=C(C)C=C(C=C1)S(=O)(=O)N(CC)C1=CC=CC=C1
7655,CC(C)C1=CC=C(COC2=C(Cl)C=C(CC(=O)NCCN)C=C2)C=C1
7656,OCCOC1=C(C=CC=C1)C1=C(F)C(F)=C(F)C=C1
7657,CCCCCCCCSCC(=O)C(F)(F)F
7658,OC(O)(C1=CC=C(S1)C(=O)N1CCN2C(C1)=NC=C2C1=CC=CC=C1)C(F)(F)F
7659,[H][C@](NC(=O)CN1C(=O)C(NS(=O)(=O)NC)=CC=C1C1=CC=CC=C1)(C(C)C)C(=O)C(F)(F)F
7660,CN(C)C1=CC=C(C=C1)C1=[N+](C)C2=CC=C(O)C=C2S1
7661,[H][C@](N)(CC1=CC=C(CC(F)(F)F)C=C1)C(O)=O
7662,[H][C@@]12CC[C@@]([H])(N1C)[C@@]([H])(C(=O)OC)[C@]([H])(C2)O[P@](O)(=O)C1=CC=CC=C1
7663,[H][C@@]1(CC[C@@]2([H])[C@]3([H])CCC4=CC(=O)CC[C@]4(C)[C@@]3([H])CC[C@]12C)OC(=O)CCC(O)=O
7664,ClC1=CC=C(CN2CCS\C2=N/C#N)C=N1
7665,[H][C@](CO)(NC(=O)C(Cl)Cl)[C@]([H])(O)C1=CC=C(C=C1)S(C)(=O)=O
7666,OC1(CCN(CCCC2(SCCS2)C2=CC=C(F)C=C2)CC1)C1=CC=C(Cl)C=C1
7667,[H][C@@](NC(=O)CC1=CC=CS1)(C(O)=O)C1=N[C@]([H])(C(O)=O)C(=C)CS1
7668,N[C@@H](CCCNC(N)=N)C(=O)C1=NC2=CC=CC=C2S1
7669,[H][C@](CS)(CC1=CC=CC=C1)C(=O)NCC(O)=O
7670,C\C=C\C(\C)=C\[C@@]1(C)SC(=O)C(C)=C1O
7671,CC1=C(O)[C@](C)(SC1=O)\C=C\C=C
7672,[H][C@](N)(CC(C)C)CN1CCC[N@@]2CCC[C@@]12[H]
7673,ClC1=CC=C(NS(=O)(=O)C2=CC=C3CCNCC3=C2)C=C1
7674,OC(=O)C1=CC(=CC(=C1)C(O)=O)C(O)=O
7675,[H][C@]1(CC=C(C)C)O[C@]1(C)[C@@]1([H])[C@]([H])(OC)[C@@]([H])(CC[C@]11CO1)OC(=O)NC(=O)CCl
7676,CC(C)C1=C(CC2=CC=CC=C2)N(COCC2=CC=CC=C2)C(=O)NC1=O
7677,CN(CCCCC(O)=O)C1=CC=C(\C=C\C2=CC=C(C=C2)[N+]([O-])=O)C=C1
7678,OC(=O)C(=O)\C=C\C1=CC=CC=C1O
7679,[H]\C(=C(/[H])C1=CC=CC=C1OC)C(=O)C(O)=O
7680,N[C@@H](CC1=CN(OO)C2=CC=CC=C12)C(O)=O
7681,CC1=CC(C)=C(NC2=NC(NC3=CC=C(C=C3)C#N)=NC=C2)C(C)=C1
7682,[H][C@@](CC)(C=O)[C@@]([H])(CNS(=O)(=O)C1=CC=C(C)C=C1)C(O)=O
7683,[H][C@@](CC)(C=O)[C@@]([H])(CNS(=O)(=O)C1=CC=C(C=C1)[N+]([O-])=O)C(O)=O
7684,COC1=CC(=CC(OC)=C1OC)N(C)C[C@H]1CCC2=C(C1)C(N)=N[C@H](N)N2
7685,[H][C@@](CS)(NCC1=CC=C(C=C1)C1=CC=CC=C1)C(=O)NCC(=O)N[C@@]([H])(C(C)C)C(=O)OC
7686,[H][C@@](CC)(C=O)[C@@]1([H])N(CC[C@]1([H])NS(C)(=O)=O)C(=O)[C@@]([H])(NC(=O)OC(C)(C)C)C(C)C
7687,[H][C@]1(NC2=CC(Cl)=C(C=C2S(=O)(=O)N1)S(N)(=O)=O)C(Cl)Cl
7688,[H][C@](N)(CC1=CNC2=C1C=CC(NNC1=CC=CC=C1)=C2O)C=O
7689,[H][C@]1(C)[C@]([H])(C(C)C)C2=C(C=C(C)C(=C2)C(=O)CCC(O)=O)C1(C)C
7690,[H][C@]12C[C@](C[C@H](O1)C(O)=O)(C=C[C@H]2O)C(O)=O
7691,[H][C@](N)(O)CC1=CNC2=CC=CC=C12
7692,[H][C@]1(S)C[C@@]([H])(O[C@]1([H])COP(O)(O)=O)N1C=C(C)C(=O)NC1=O
7693,NC(=O)CC1=CNC2=CC=CC=C12
7694,NCCC1=CNC2=CC=CC=C12
7695,[H][C@]1(N)CCC2=CC=CC=C2[C@]1([H])O
7696,CC(=O)N1C2=CC=CC=C2C2=C1C(=O)CCC2
7697,[H][C@](C)(NC(=O)C1=C(C)C=CC(N)=C1)C1=CC=CC2=C1C=CC=C2
7698,OC(=O)COC1=CC=C(C=C1)C1=CNC(CNC(=O)NC2=NC=C(SC3=NC=CC=C3)S2)=N1
7699,CCO[P@](O)(=O)N(CC)CC
7700,NNC(=O)C1=C(C2=C(N1)C=CC(=C2)S(N)(=O)=O)C1=CC=CC=C1
7701,OC1=CC=C(O)C2=C1C(=O)C1=C(C(O)=C(O)C=C1)C2=O
7702,[H][C@@]1(O)C[C@]([H])(O[C@@]1([H])CN1CCCC1)N1C=C(C)C(=O)NC1=O
7703,[H][C@](C(C)C)(C1=CC=C(Br)C=C1)C1=C(O)C2=C(OC1=O)C=CC=C2
7704,[H][C@](CC)(C1=CC=CC=C1)C1=C(O)C2=C(OC1=O)C=C(OC)C=C2
7705,CC[C@@H](C1=CC(NC(=O)CNC(=O)OC(C)(C)C)=CC=C1)C1=C(O)C2=CC=CC=C2OC1=O
7706,CCN1C2=CC(=CC=C2N(C)C(=O)C2=C1N=CC=C2)[N+]([O-])=O
7707,FC(F)(F)C1=CC(NN=C2C(=N)N=NC2=N)=CC=C1
7708,FC1=CC=C(NN=C2C(=N)N=NC2=N)C=C1
7709,OC(=O)C1=CC(NN=C2C(=N)N=NC2=N)=CC=C1
7710,[H][C@@](C)(NC(=O)[C@@]([H])(O)[C@]([H])(N)C1=CC=C(C)C=C1)C(=O)N[C@]([H])(CC(C)C)C(=O)OC
7711,[H][C@@](C)(NC(=O)[C@@]([H])(O)[C@]([H])(N)C1=CC=C(C=C1)C(C)C)C(=O)N[C@]([H])(CC(C)C)C(=O)OC
7712,FC(F)(F)C1=CC=CC=C1NN=C1C(=N)N=NC1=N
7713,[H][C@@](C)(CCC1=CC=C(C=C1)C(N)=O)NCC(=O)C1=CC=C(F)C=C1
7714,CC(C)C1=CN=C(NC2=CC=C(C=C2)S(N)(=O)=O)S1
7715,[H][C@@]12CCN(C1=O)C1=C3C=C(OC4=C(C=CC(CN5C=NC=C5CN2)=C4)C#N)C=CC3=CC=C1
7716,[H]\C(CCCC(O)=O)=C(/[H])C[C@@]1([H])[C@]2([H])C[C@@]([H])(N=N2)[C@]1([H])C(\[H])=C(/[H])CCCCCC
7717,[H][C@]12CCN(C1=O)C1=CC=CC3=C1C=C(OC1([H])CC(CN4C=NC=C4CCN2)=CC[C@]1([H])C#N)C=C3
7718,[H]N(C(=O)CC1=CN=CC=C1)C1=NC=C(S1)C(C)C
7719,CCC1=CC=C(NS(O)(=O)=O)C=C1
7720,CC1=C(C=CO1)C(=S)NC1=CC(\C=N\OC(C)(C)C)=C(Cl)C=C1
7721,CC(C)OC(=S)NC1=CC(C(=O)OC(C)C)=C(Cl)C=C1
7722,CC(C)OC(=O)C1=C(Cl)C=CC(NC(=O)C2=C(C)OCCS2)=C1
7723,[H][C@]12CC[C@]([H])(O1)N1C3=C(C=CC=C3)C3=C4C(=O)NC(=O)C4=C4C5=C(C=CC=C5)N2C4=C13
7724,CCCCCCCCCCOC(S)=O
7725,CN1CCN(C)C2=CC(CN)=CC=C12
7726,[H][C@](CC)(C1=CC=CC=C1)C1=C(O)C2=C(CCCCCC2)OC1=O
7727,OC(=O)CNC(=O)C1=C(O)C2=CC=CC=C2C(Cl)=N1
7728,CCCCCCCCCC(C)=O
7729,COC1=C(OC)C(=O)C(CC=C(C)C)=C(C)C1=O
7730,COC1=C(OC)C(=O)C(C\C=C(/C)CCC=C(C)C)=C(C)C1=O
7731,CCOC(=O)C1=C(\C(=C/N)C#N)C2=C(N1C)C(Cl)=C(Cl)C=C2
7732,[H]N(C(C)=O)[C@]([H])(CC1=CC=C(Cl)C=C1)[B-](O)(O)O
7733,[H]N([C@@H](CC1=CC=C(Cl)C=C1)[B-](O)(O)O)C(C)=O
7734,NC1=NC=CC(=N1)C1=C2C=CN=C(N)N2C2=NC=CC(O)=C12
7735,[O-][N+](=O)C1=CC=C(C=C1)C1=NNC=C1
7736,CC1=CC(=CC(C)=C1OCCN)C(=O)NC1=CC(Cl)=CC(=C1)N1CCCCC1
7737,[H][C@@]1(N=C(C2=CC=CC=C2)C2=CC=CC=C2N=C1N1CC(O)C1)C1=CC=CS1
7738,CC1=CC(CC2=NN(C3=C2C(N)=NC=N3)C(C)(C)C)=CC=C1
7739,OCCNC1=CC=C2C(=O)N(C(=O)C3=CC=CC1=C23)C1=CC(Br)=CC=C1
7740,OC(=O)C1=C(OC(=C1C(O)=O)C1=CC=CC=C1)C1=CC=CC=C1
7741,CC(C)OC1=CC=C2C(CCC3=C2C2=C(C=NC2=O)C2=C3N(CCO)C3=CC=CC=C23)=C1
7742,[H][C@]1(CO)O\C(=N/OC(=O)NC2=CC=CC=C2)[C@]([H])(NC(=O)CCCC)[C@@]([H])(O)[C@]1([H])O
7743,OC1=C(C=C(Br)C=C1)C1=CC(C2=CC=CC=C2)=C(C#N)C(=O)N1
7744,CCC1=CC=C(O1)\C=C1/SC(N[C@H](C(O)=O)C2=CC=C(F)C=C2)=NC1=O
7745,NC1=NC=CC(=N1)C1=CC2=C(ON=C2C=C1)C1=CC=C(Cl)C=C1
7746,FC(F)(F)C1=CC=CC(=C1)C1=NN=C2C=CC(NC3CCCCC3)=NN12
7747,OC(=O)C1=CC=CC2=C1NC(=C2C1=CC=CC=C1)C1=CC=CC=C1
7748,CCC1=CC=C(O1)\C=C1/SC(N[C@H](C2=NN=NN2)C2=CC=C(F)C=C2)=NC1=O
7749,COC(=O)C1=CC(OC)=C(O)C=C1
7750,OC(=O)CCCCCCCCCCOC(S)=O
7751,CN1N=NC(=N1)C1=CC(C)=C(OCCCC2=CC(C)=NO2)C(C)=C1
7752,CC1=NOC(CCCOC2=C(C)C=C(C=C2C)N2N=NC(C)=N2)=C1
7753,CC1=NC(=CO1)C1=CC(C)=C(OCCCC2=CC(C)=NO2)C(C)=C1
7754,[H][C@@]1(CC(O)=O)NC2=CC=CC=C2CN(C)C1=O
7755,CCC1=C(SC=C1)C1=CC(O)=C(O)C=C1
7756,CC1=NOC(CCCCCOC2=CC=C(C=C2Cl)C2=NCCO2)=C1
7757,CC1=NOC(CCCCCOC2=CC=C(C=C2)C2=NCCO2)=C1
7758,OCCOCOCC1=NOC(CCCCCOC2=C(Cl)C=C(C=C2Cl)C2=NCCO2)=C1
7759,[H][C@]1(C)COC(=N1)C1=CC=C(OCCCCCCCC2=CC(C)=NO2)C(Cl)=C1
7760,CC1=NOC(CCCCCOC2=C(Cl)C=C(C=C2Cl)C2=NCCO2)=C1
7761,[H][C@]1(C)COC(=N1)C1=CC=C(OCCCCCC2=CC(C)=NO2)C=C1
7762,CC[C@H]1COC(=N1)C1=CC=C(OCCCCCCCC2=CC(C)=NO2)C=C1
7763,CC1=NOC(CCCCCCCOC2=CC=C(C=C2)C2=NCCO2)=C1
7764,C[C@@H]1COC(=N1)C1=CC=C(OCCCCCCCC2=CC(C)=NO2)C=C1
7765,CC1=NOC(CCCOC2=C(Cl)C=C(C=C2Cl)C2=NCCO2)=C1
7766,CCCC1=NN(C)C2=C1N=C(NC2=O)C1=C(OCC)SC(=C1)S(N)(=O)=O
7767,FC1=CC(=CC(=C1)C(=O)NC1=CC=C2C=CN(CCC3=CC=NC=C3)C2=C1)N1CCOCC1
7768,[H][C@](CC(O)=O)(CC1=CC=CC2=CC=CC=C12)N1C(=O)C2=CC=C(C=C2C1=O)C(O)=O
7769,[H][C@](C)(NC(=O)[C@]([H])(CC1=CC=CC=C1)NC(=O)OCC1=CC=CC=C1)C(=O)CCO
7770,[H][C@@](CNC(=O)C1=NC=CS1)(C(=O)NO)[C@@]([H])(CC(C)C)C(=O)N[C@]([H])(C(=O)NC)C(C)(C)C
7771,CC1(C)N=C(N)N=C(N)N1OCCCOC1=CC(Cl)=C(Cl)C=C1Cl
7772,[H][C@@](C)(O)C[C@]([H])(C1=CC=CC=C1)C1=C(O)C2=CC=CC=C2OC1=O
7773,[H][C@](C)(O)C[C@@]([H])(C1=CC=CC=C1)C1=C(O)C2=CC=CC=C2OC1=O
7774,[H][C@@]12CCC[C@]1([H])[C@@]([H])(OC1=CC=CC(O)=C21)C1=CC=C(O)C=C1
7775,[H][C@]1(CCCN1C(=O)CCN1C(=O)C(=NC2=CC=CC=C12)C1=CC=CC=C1)C(=O)N1CCCC1
7776,[H][C@]1(CC(F)(F)CN1C(=O)CCN1C(=O)C2=C(C=CC=C2)C1=O)C(=O)N1CCCC1
7777,[H][C@](N)(CC1CCCCC1)[C@@]([H])(O)[C@@]([H])(O)CC(C)C
7778,[H][C@@]1(OC2=C(OC)C(OC)=CC(CC3=C(N)N=C(N)N=C3)=C2C=C1)C1CC1
7779,C=C1\C(=C/C=C2\CCC[C@]3(C)[C@]([H])(CC[C@@]23[H])C#CC#CC(C)(O)C)C[C@](O)([H])C[C@@]1(O)[H]
7780,[H][C@@]1(N)CCCN(C1)C1=NC2=C(N1CC1=CC=CC=C1C#N)C(=O)N(C)C(=O)N2C
7781,COC1=CC(=O)N(C)C2=C3OCOC3=CC=C12
7782,ClC1=CC=C(\C=C\S(=O)(=O)N2CCN(CC3CCN(CC3)C3=CC=NC=C3)C(=O)C2)C=C1
7783,ClC1=CC=C(\C=C\S(=O)(=O)N2CCN(CC3CCN(CC3)C3=CC=NC=C3)CC2)C=C1
7784,[H][C@]1(N(C(C)=O)C2=CC=CC(O)=C2NC2=C1C(=O)CC(C)(C)C2)C1=C(Cl)C=C(Cl)C=C1
7785,CN(C)C1=CC=C(C=C1)C(O)=O
7786,CN(C1CCCCC1)C(=O)CCN1CC2=CC(=CC=C2N=C1N)C(=O)C1=CC=CC=C1
7787,NCC1=CC=C(C=C1)C(=O)N1CCC2(CC1)NC1=CC=CC(F)=C1C(N)=N2
7788,CN(CCN(C)C1=CC=C(C2=NON=C12)[N+]([O-])=O)C(C)=O
7789,[H][C@@](CC1CCCCC1)(NC(=O)N1CCOCC1)C(=O)NC1(CCN(C)CC1)C#N
7790,CC(=O)OC1=CC=C(\C=C\C(=O)NCCC2=CC=CC=C2)C=C1OC(C)=O
7791,OC1=CC=C(CCNC(=O)\C=C\C2=CC(O)=C(O)C=C2)C=C1
7792,[H][C@@](CC1CCCCC1)(NC(=O)N1CCOCC1)C(=O)N[C@@](C)(COCC1=CC=CC=C1)C#N
7793,[H][C@@]1(CC[C@@H](CC1)C(=O)NC1=CC=NC=C1)[C@@H](C)N
7794,NNC(=O)C1=CC=C(O1)C1=CC=CC=C1Cl
7795,NNC(=O)C1=CN2C=CC3=C(C=CC=C3)C2=N1
7796,[H][C@](C)(CO)C[C@]([H])(C)[C@]([H])(O)[C@@]([H])(C)C(=O)C[P@@]([H])(O)=O
7797,[H][C@@](CC1=CC=CC=C1)(OC1=CC=C(Cl)C=C1)C(O)=O
7798,[H][C@@]1(CC2=CC=C(O)C=C2)NC(=O)[C@]([H])(CC2=CC=C(O)C=C2)NC1=O
7799,[H][C@@](C)(NC(=O)OCC1=CC=CC=C1)C(=O)N[C@@]([H])(C)[P@](O)(=O)O[C@@]([H])(CC1=CC=CC=C1)C(O)=O
7800,[H][C@](NC(=O)OCC1=CC=CC=C1)(C1=CC=C(C=C1)C(N)=N)P(O)(O)=O
7801,NS(=O)(=O)C1=NC2=C(S1)C=C(O)C=C2
7802,C[C@H](CS)C(=O)N1C[C@H](C[C@H]1C(O)=O)SC1=CC=CC=C1
7803,COC1=CC=C(CC(N)=O)C=C1
7804,CC(C)=CCNC1=NC=NC2=C1N=CN2
7805,NC1=NC(NCCC2=CC=C(O)C=C2)=NC2=NC(=NN12)C1=CC=CO1
7806,CC(C)[C@H]1SC(NC2=C(F)C=CC=C2)=NC1=O
7807,OC(=O)CC1=NN(CC2=NC3=C(S2)C=CC(=C3)C(F)(F)F)C(=O)C2=C1C=CC=C2
7808,OC1=CC=C(C=C1)C1=CC2=C(S1)C=C(O)C=C2
7809,[H][C@]1(CN)CN(CCO1)C1=C(C=NC2=C1C=NN2)C1=CC=CC=C1
7810,C[C@H](NC(=O)[C@H](CC1=CC=C(O)C=C1)NC(=O)OCC1=CC=CC=C1)C(=O)CF
7811,CC(=O)NC1=NC2=C(S1)C(=O)NCCC2
7812,O=C1NC=NC2=C1C1=C(CCCC1)S2
7813,CC(C)(C)NC1=NC(N)=C(S1)C(=O)C1=CC=CC=C1
7814,CSC1=NC(O)=C(CC2=CC=CS2)N1
7815,C1CN(CCO1)C1=C2N=CNC2=NC=N1
7816,[H][C@]1(CN)CN(CCO1)C1=C(Br)C=NC2=C1C=NN2
7817,NCCC1=CC=C(C=C1)S(N)(=O)=O
7818,[H][C@@](CC1=CC=C(C[Se](O)=O)C=C1)(NC(=O)OC(C)(C)C)C(=O)OC
7819,OC(=O)C1=C(NC2=CC=C(Cl)C=C2)N=CC=C1
7820,CC1=CC(=O)OC2=CC=CC=C12
7821,COCCOC1=NC(N)=NC(C)=C1
7822,NC1=NC(=C(C=N1)\N=N\C1=CC=CC=C1)C1=C(Cl)C=C(Cl)C=C1
7823,CCOC1=CC=C(C=C1)C1=C(C#N)C(N)=NC2=C1C(N)=C(S2)C(N)=O
7824,CCNC(=O)C1=CC2=C(N=C(N)N=C2S1)C1=C(Cl)C=C(Cl)C=C1
7825,OC(=O)C1=CN(N=C1)C1=CC=CC=C1
7826,NC(=O)C1=CN=C2C=CN(C2=C1)S(=O)(=O)C1=CC=CC=C1[N+]([O-])=O
7827,CN(C(=O)C(Cl)Cl)C1=CC=C(O)C=C1
7828,CCOC(=O)C(C1=C(O)C2=CC=CC=C2OC1=O)C1=C(O)C2=CC=CC=C2OC1=O
7829,[H][C@]12SC(C)(C)[C@@H](N1C(=O)[C@H]2NC(=O)[C@H](N=[N+]=[N-])C1=CC=CC=C1)C(O)=O
7830,O=C(OCCOCCN1CCCCC1)N1C2=CC=CC=C2SC2=C1N=CC=C2
7831,NC(=O)C1=CC=CC=C1O
7832,CC1=C(C)N=C(NS(=O)(=O)C2=CC=C(N)C=C2)O1
7833,C(N(CC1=CC=CC=C1)C1=CC=CC=C1)C1=NCCN1
7834,CN(C)CCN(CC1=CC=C(Cl)C=C1)C1=CC=CC=N1
7835,CC(C1=C(CCN(C)C)CC2=CC=CC=C12)C1=CC=CC=N1
7836,CC(CN1C2=CC=CC=C2SC2=C1N=CC=C2)N(C)C
7837,CC(C)C1=C(OCC2=NCCN2)C=C(C)C=C1
7838,[H][C@@]12CC[C@H](OC(=O)CCCCCCCCC)[C@@]1(C)CC[C@]1([H])[C@@]3([H])CCC(=O)C=C3CC[C@@]21[H]
7839,CNC(=S)NCCSCC1=C(C)NC=N1
7840,CC(=O)OCC(=O)NCCCOC1=CC=CC(CN2CCCCC2)=C1
7841,CC1=CC2=C(N1)C=CC=C2OCC(CNC(C)(C)C)OC(=O)C1=CC=CC=C1
7842,CC1=CC(OCC(O)CNC(C)(C)C)=C(Cl)C=C1
7843,OC(=O)C(Cl)Cl
7844,CCOC1=CC(N)=C(C=C1C(=O)NC1CCN(CC2CCC=CC2)CC1)[N+]([O-])=O
7845,CCC1C2=CC(OC)=C(OC)C=C2C(=NN=C1C)C1=CC(OC)=C(OC)C=C1
7846,
7847,CC(=O)OC1=C(C=CC(=C1)C(F)(F)F)C(O)=O
7848,[H][C@@]12[C@H]3CC[C@H](C3)[C@]1([H])C(=O)N(C[C@@H]1CCCC[C@H]1CN1CCN(CC1)C1=NSC3=CC=CC=C13)C2=O
7849,CCCSC1=NC2=C(N=NN2[C@@H]2C[C@H](OCCO)[C@@H](O)[C@H]2O)C(N[C@@H]2C[C@H]2C2=CC(F)=C(F)C=C2)=N1
7850,CC(=O)N[C@H]1[C@H](O)O[C@H](CO)[C@@H](O)C1O[C@@H]1O[C@@H]([C@@H](O[C@@H]2O[C@H](CO)[C@@H](O)C(O[C@@H]3O[C@@H]([C@@H](O)[C@H](O)[C@H]3O)C(O)=O)[C@H]2NC(C)=O)[C@H](O)[C@H]1O)C(O)=O
7851,CC(C)OC(=O)CCC\C=C/C[C@H]1[C@@H](O)C[C@@H](O)[C@@H]1\C=C\C(F)(F)COC1=CC=CC=C1
7852,CC(C)(C)C1=CC(=C(O)C=C1NC(=O)C1=CNC2=CC=CC=C2C1=O)C(C)(C)C
7853,CCOC1=NC2=C(N1CC1=CC=C(C=C1)C1=CC=CC=C1C1=NOC(=O)N1)C(=CC=C2)C(=O)OCC1=C(C)OC(=O)O1
7854,[H][C@]1(C[C@@]2([H])C=C[C@@]3([H])[C@]4([H])CC(=O)O[C@@]([H])(CC)CCC[C@]([H])(O[C@@]5([H])CC[C@]([H])(N(C)C)[C@@]([H])(C)O5)[C@@]([H])(C)C(=O)C4=C[C@@]3([H])[C@]2([H])C1)O[C@]1([H])O[C@@]([H])(C)[C@]([H])(OC)[C@@]([H])(OC)[C@@]1([H])OC.[H][C@]1(C[C@@]2([H])C(C)=C[C@@]3([H])[C@]4([H])CC(=O)O[C@@]([H])(CC)CCC[C@]([H])(O[C@@]5([H])CC[C@]([H])(N(C)C)[C@@]([H])(C)O5)[C@@]([H])(C)C(=O)C4=C[C@@]3([H])[C@]2([H])C1)O[C@]1([H])O[C@@]([H])(C)[C@]([H])(OC)[C@@]([H])(OC)[C@@]1([H])OC
7855,[H][C@]12CC[C@]([H])([C@H]([C@H](C1)C1=CC=C([123I])C=C1)C(=O)OC)N2CCCF
7856,CN1C=CC(=O)C(O)=C1C
7857,FC(F)(F)CNC(=O)C1(CCCCN2CCC(CC2)NC(=O)C2=C(C=CC=C2)C2=CC=C(C=C2)C(F)(F)F)C2=CC=CC=C2C2=CC=CC=C12
7858,CS(=O)(=O)C1=CC(Cl)=C(C=C1)C(=O)NC1=CC=C(Cl)C(=C1)C1=CC=CC=N1
7859,[H][C@](O)(CO)[C@@]1([H])OC(=O)C(=O)C1=O
7860,[H]C([H])(C=O)[C@@]([H])(O)[C@]([H])(O)[C@]([H])(O)CO
7861,[H][C@@]1(CC[C@@]2([H])[C@]3([H])[C@H](O)C[C@]4([H])C[C@H](O)CC[C@]4(C)[C@@]3([H])CC[C@]12C)[C@H](C)CCC(=O)NCCS(O)(=O)=O
7862,[H][C@@]12CC[C@H]([C@H](C)CCC(=O)NCCS(O)(=O)=O)[C@@]1(C)CC[C@@]1([H])[C@@]2([H])[C@@H](O)C[C@]2([H])C[C@H](O)CC[C@]12C
7863,CC(=O)N[C@@H](CC(=O)N[C@@H](CCC(O)=O)C(O)=O)C(O)=O
7864,CCOC(=O)[C@H](CCC1=CC=CC=C1)N[C@H]1CS[C@@H](CN(CC(O)=O)C1=O)C1=CC=CS1
7865,CC[N+](CC)(CC)CC
7866,NCCCCNC(N)=N
7867,NCCC1=CNC2=CC=C(O)C=C12
7868,CNC(=O)C1=CC=CN=C1
7869,NCCC1=CC=C(O)C=C1
7870,CC(=O)O[C@H](CC([O-])=O)C[N+](C)(C)C
7871,NC1=NC(N)=C2N=CN(CCOCP(O)(O)=O)C2=N1
7872,O=C1NC2=C(N1)C(=O)NC(=O)N2
7873,OC(=O)CCC(=O)C(O)=O
7874,OC1=C(O)C2=C3C(=C1)C(=O)OC1=C3C(=CC(O)=C1O)C(=O)O2
7875,O[C@H]1CN[C@@H](C1)C(O)=O
7876,OC(=O)C1=CCCNC1
7877,OC(=O)C1CCCNC1
7878,CCCCC\C=C/C\C=C/C=C/C=C/[C@@H](SC[C@H](NC(=O)CC[C@H](N)C(O)=O)C(=O)NCC(O)=O)[C@@H](O)CCCC(O)=O
7879,CC(C)C[C@@H](NC(=O)[C@H](CC1=CC=CC=C1)NC(=O)CNC(=O)[C@@H](C)NC(=O)[C@@H](N)CC1=CC=C(O)C=C1)C(O)=O
7880,
7881,N.N.Cl.[Pt++].CC(CCC([O-])=NCC([O-])=O)C1CCC2C3C(O)CC4CC(O)CCC4(C)C3CC(O)C12C
7882,O[C@H](C[C@H](O)\C=C\C1=C(N=C2C=CC=CC2=C1C1=CC=C(F)C=C1)C1CC1)CC(O)=O
7883,CC1(C)SSC(C)(C)[C@@H](NC(=O)[C@@H](N)CC2=CC=C(O)C=C2)C(=O)NCC(=O)N[C@@H](CC2=CC=CC=C2)C(=O)N[C@H]1C(O)=O
7884,
7885,CC1=CC(\C=C\C#N)=CC(C)=C1NC1=CC=NC(NC2=CC=C(C=C2)C#N)=N1
7886,C[C@@H](OC1=CC(=CN=C1N)C1=CN(N=C1)C1CCNCC1)C1=C(Cl)C=CC(F)=C1Cl
7887,CN(C)C1=CC=C(C=C1)[C@H]1C[C@@]2(C)[C@@H](CC[C@]2(O)C(C)=O)[C@@H]2CCC3=CC(=O)CCC3=C12
7888,CCCCCCCCC1=CC=C(CCC(N)(CO)CO)C=C1
7889,CC/C=C/CC(=O)N[C@@H](CC1=CC=C(C=C1)O)C(=O)N[C@@H](C)C(=O)N[C@@H](CC(=O)O)C(=O)N[C@@H](C)C(=O)N[C@@H](C(C)CC)C(=O)N[C@@H](CC2=CC=CC=C2)C(=O)N[C@@H](C(C)O)C(=O)N[C@@H](CC(=O)N)C(=O)N[C@@H](CO)C(=O)N[C@@H](CC3=CC=C(C=C3)O)C(=O)N[C@@H](CCCNC(=N)N)C(=O)N[C@@H](CCCCN)C(=O)N[C@@H](C(C)C)C(=O)N[C@@H](CC(C)C)C(=O)NCC(=O)N[C@@H](CCC(=O)N)C(=O)N[C@@H](CC(C)C)C(=O)N[C@@H](CO)C(=O)N[C@@H](C)C(=O)N[C@@H](CCCNC(=N)N)C(=O)N[C@@H](CCCCN)C(=O)N[C@@H](CC(C)C)C(=O)N[C@@H](CC(C)C)C(=O)N[C@@H](CCC(=O)N)C(=O)N[C@@H](CC(=O)O)C(=O)N[C@@H](C(C)CC)C(=O)N[C@@H](CCSC)C(=O)N[C@@H](CO)C(=O)N[C@@H](CCCNC(=N)N)C(=O)N[C@@H](CCC(=O)N)C(=O)N[C@@H](CCC(=O)N)C(=O)NCC(=O)N[C@@H](CCC(=O)N)C(=O)N[C@@H](CO)C(=O)N[C@@H](CC(=O)N)C(=O)N[C@@H](CCC(=O)N)C(=O)N[C@@H](CCCNC(=N)N)C(=O)NCC(=O)N[C@@H](C)C(=O)N[C@@H](CCCNC(=N)N)C(=O)N[C@@H](C)C(=O)N[C@@H](CCCNC(=N)N)C(=O)N[C@@H](CC(C)C)C(=O)N
7890,C=CCNC1=CN(C(=O)NC1=O)[C@H]2[C@H]([C@@H]([C@H](O2)COP(=O)(O)OP(=O)(O)OP(=O)(O)O)O)O
7891,[H][C@@]12CC(=C)[C@]([H])(CC[C@@]3([H])C[C@@H](C)C(=C)[C@@]([H])(C[C@]4([H])O[C@H](C[C@H](O)CN)[C@H](OC)[C@@]4([H])CC(=O)C[C@@]4([H])CC[C@]5([H])O[C@@]6([H])[C@H]7O[C@@]8(C[C@]7([H])O[C@@]6([H])[C@@]([H])(O8)[C@@]5([H])O4)CC1)O3)O2
7892,CC(C)C(=O)OC(C)OC(=O)NCC1(CC(O)=O)CCCCC1
7893,[H][C@]12CN([C@H](C(=O)NC(CC3CCC3)C(=O)C(N)=O)[C@@]1([H])C2(C)C)C(=O)[C@@H](NC(=O)NC(C)(C)C)C(C)(C)C
7894,[H][C@@]1(O[C@@H]2[C@@H](CC)\C=C(C)\[C@@H](O)C\C=C\C=C(CO[C@@H]3O[C@H](C)[C@@H](OC(=O)C4=C(CC)C(Cl)=C(O)C(Cl)=C4O)[C@H](O)[C@@H]3OC)\C(=O)O[C@@H](C\C=C(/C)\C=C2/C)[C@@H](C)O)OC(C)(C)[C@@H](OC(=O)C(C)C)[C@H](O)[C@@H]1O
7895,COC1=CC2=C(C=C1OC)C(OC1=CC=C(NC(=O)C3(CC3)C(=O)NC3=CC=C(F)C=C3)C=C1)=CC=N2
7896,CC1=NN[C@@H](C1)C2=C(N=CNC2=O)OC3=CC=CC(=C3)C(=O)OC
7897,N#CC[C@H](C1CCCC1)N1C=C(C=N1)C1=C2C=CNC2=NC=N1
7898,NC1=NC2=C(N=C(CNC3=CC=C(C=C3)C(=O)N[C@@H](CCC(O)=O)C(O)=O)C=N2)C(N)=N1
7899,CC1=C(C=CC=C1Cl)S(=O)(=O)NC2=NC(=CS2)CC(=O)N3CCN(CC3)C.Cl
7900,C\C(O)=C(/C#N)C(=O)NC1=CC=C(C=C1)C(F)(F)F
7901,CCCS(=O)(=O)NC1=C(F)C(C(=O)C2=CNC3=NC=C(C=C23)C2=CC=C(Cl)C=C2)=C(F)C=C1
7902,CC#CCN1C(=NC2=C1C(=O)N(CC1=NC3=C(C=CC=C3)C(C)=N1)C(=O)N2C)N1CCC[C@@H](N)C1
7903,O=C1N(C=C(C=C1C1=CC=CC=C1C#N)C1=NC=CC=C1)C1=CC=CC=C1
7904,[Gd+3].[H][C@@](CN(CCN(CC([O-])=O)CC([O-])=O)CC([O-])=O)(CC1=CC=C(OCC)C=C1)N(CC(O)=O)CC(O)=O
7905,COC[C@H]1CCCCN1C(=O)N2N=CC(=N2)C(C3=CC=CC=C3)(C4=CC=CC=C4)O
7906,CC(COC)NC(=O)CN1C(=O)C(NC1=O)(C)C2=CC(=C(C=C2)F)F
7907,CCOC(=O)CCC\C=C/C\C=C/C\C=C/C\C=C/C\C=C/CC
7908,CC1=CC=C(C=C1)C(=O)OC[C@H]2[C@@H](C[C@H](O2)N3C=C(C(=NC3=O)N4C=NC=N4)C)OC(=O)C5=CC=C(C=C5)C
7909,CC(C)C[C@H](NC(=O)[C@H](CCC1=CC=CC=C1)NC(=O)CN1CCOCC1)C(=O)N[C@@H](CC1=CC=CC=C1)C(=O)N[C@@H](CC(C)C)C(=O)[C@@]1(C)CO1
7910,[H][C@]1(CSSC[C@]2([H])NC(=O)[C@H](CC3=CC=C(O)C=C3)NC(=O)[C@H](CCC(O)=O)NC(=O)[C@@H]3CSSC[C@H](NC(=O)[C@H](C)NC(=O)[C@@H]4CCCN4C(=O)[C@H](CC(N)=O)NC(=O)[C@H](CSSC[C@H](N)C(=O)N3)NC2=O)C(=O)N[C@@]([H])([C@@H](C)O)C(=O)NCC(=O)N1)C(=O)N[C@@H](CC1=CC=C(O)C=C1)C(O)=O
7911,[H][C@@](CN)(CC(O)=O)C1=CC=C(Cl)C=C1
7912,CC(C)[C@H](OC(=O)NC[C@H](CC(O)=O)C1=CC=C(Cl)C=C1)OC(=O)C(C)C
7913,NC1=NC(CC(=O)NC2=CC=C(CCNC[C@H](O)C3=CC=CC=C3)C=C2)=CS1
7914,COC(=O)[C@H]1C2=CN=C(N=C2C3=C(O1)C=CC(=C3)Br)N
7915,C[C@@H]1CCN(C[C@@H]1N(C)C1=NC=NC2=C1C=CN2)C(=O)CC#N
7916,CNC(=O)C1=CC(OC2=CC(F)=C(NC(=O)NC3=CC=C(Cl)C(=C3)C(F)(F)F)C=C2)=CC=N1
7917,OC(C(=O)O[C@H]1C[N+]2(CCCOC3=CC=CC=C3)CCC1CC2)(C1=CC=CS1)C1=CC=CS1
7918,[Zn+2].[Zn+2].[Zn+2].[Zn+2]
7919,CNC(=O)C1=C(F)C=C(C=C1)N1C(=S)N(C(=O)C1(C)C)C1=CC=C(C#N)C(=C1)C(F)(F)F
7920,CC[C@H](C)[C@@H](C(=O)N[C@@H]([C@@H](C)O)C(=O)N[C@@H](CC(=O)O)C(=O)O)NC(=O)[C@H](CCCCN)NC(=O)[C@H]([C@@H](C)O)NC(=O)[C@H](CCC(=O)N)NC(=O)[C@H]([C@@H](C)CC)NC(=O)[C@H](CC(C)C)NC(=O)[C@H](CC1=CNC2=CC=CC=C21)NC(=O)[C@H](CC(=O)N)NC(=O)[C@H]([C@@H](C)CC)NC(=O)[C@H](CC3=CC=CC=C3)NC(=O)[C@H](CC(=O)O)NC(=O)[C@H](CCCNC(=N)N)NC(=O)[C@H](C)NC(=O)[C@H](C)NC(=O)[C@H](CC(C)C)NC(=O)[C@H](CC(=O)N)NC(=O)[C@H](CC(=O)O)NC(=O)[C@H](CC(C)C)NC(=O)[C@H]([C@@H](C)CC)NC(=O)[C@H]([C@@H](C)O)NC(=O)[C@H](CC(=O)N)NC(=O)[C@H](CCSC)NC(=O)[C@H](CCC(=O)O)NC(=O)[C@H](CC(=O)O)NC(=O)[C@H](CO)NC(=O)[C@H](CC4=CC=CC=C4)NC(=O)[C@H](CO)NC(=O)CNC(=O)[C@H](CC(=O)O)NC(=O)CNC(=O)[C@H](CC5=CN=CN5)N
7921,CN1CCN(CC2=CC=C(NC(=O)C3=CC(C#CC4=CN=C5C=CC=NN45)=C(C)C=C3)C=C2C(F)(F)F)CC1
7922,CCS(=O)(=O)CC(=O)NC(C)C1=CC=CC=C1OC
7923,COC1=NC2=C(C=C(Br)C=C2)C=C1[C@@H](C1=CC=CC=C1)[C@@](O)(CCN(C)C)C1=CC=CC2=C1C=CC=C2
7924,C1CN(CCN1C(=O)C2=CC=CS2)C(=O)C3=CC(=O)NC4=CC=CC=C43
7925,[H][C@@]12CCC(=O)[C@@]1(C)CC[C@@]1([H])[C@@]2([H])CCC2=C(O)C(=O)CC[C@]12C
7926,[H][C@@]12C[C@@H](C)[C@](OC(=O)C3=CC=CO3)(C(=O)SCF)[C@@]1(C)C[C@H](O)[C@@]1(F)[C@@]2([H])C[C@H](F)C2=CC(=O)C=C[C@]12C
7927,[H][C@]1(O[C@H](CO)[C@@H](O)[C@H](O)[C@H]1O)C1=CC=C(C)C(CC2=CC=C(S2)C2=CC=C(F)C=C2)=C1
7928,[H]\C(=C(\[H])C(=O)OC)C(=O)OC
7929,O=C(CCCC1=CC=CC=C1)OCC(COC(=O)CCCC1=CC=CC=C1)OC(=O)CCCC1=CC=CC=C1
7930,NC1=CC=CC2=C1C(=O)N(C1CCC(=O)NC1=O)C2=O
7931,CN1C(=O)C(C)=C2N(C(=O)N(C3CC3)C(=O)C2=C1NC1=CC=C(I)C=C1F)C1=CC(NC(C)=O)=CC=C1
7932,CC(C)(C)C1=NC(=C(S1)C1=NC(N)=NC=C1)C1=C(F)C(NS(=O)(=O)C2=C(F)C=CC=C2F)=CC=C1
7933,[Cl-].[Cl-].[223Ra++]
7934,CO[C@@H](CC1=CC=C(OCCC2=C(C)OC(=N2)C2=CC=CC=C2)C2=C1SC=C2)C(O)=O
7935,CN(C)C\C=C\C(=O)NC1=C(O[C@H]2CCOC2)C=C2N=CN=C(NC3=CC(Cl)=C(F)C=C3)C2=C1
7936,CC1=C2CCN[C@H](C2=C(C=C1)C)C3=C(N=CC=C3)F
7937,CCN(CC)C(=O)[C@]1(C[C@H]1CN)C1=CC=CC=C1
7938,CC(=C)[C@@H]1CCC(C)=CC1
7939,[H][C@@]12CCCC[C@]1([H])C(=O)N(CCCCN1CCN(CC1)C1=NSC3=CC=CC=C13)C2=O
7940,CC(CC1=CC=CC=C1)\N=C\C(Cl)(Cl)Cl
7941,ONC(=O)CS(=O)C(C1=CC=CC=C1)C1=CC=CC=C1
7942,[H]N([H])C1=CC=C(C=C1)S(=O)(=O)C1=CC=C(C=C1)N([H])CC(O)=O
7943,[H]N(CC)C(=O)N1CCN(CCCC(C2=CC=C(F)C=C2)C2=CC=C(F)C=C2)CC1
7944,CC(=O)NC1=CC(=CC=C1O)[As]1SCC(CO)S1
7945,[H][C@]12CN3C=C(C(=O)NCC4=CC=C(F)C=C4F)C(=O)C(O)=C3C(=O)N1[C@H](C)CCO2
7946,COC(=O)N(C)C1=C(N)N=C(N=C1N)C1=NN(CC2=C(F)C=CC=C2)C2=C1C=CC=N2
7947,CCCNS(=O)(=O)NC1=C(C(OCCOC2=NC=C(Br)C=N2)=NC=N1)C1=CC=C(Br)C=C1
7948,ClC1=CC(Cl)=C(C=C1)[C@@H]1CS\C(S1)=C(\C#N)N1C=CN=C1
7949,CC(C)OC(=O)[C@H](C)N[P@](=O)(OC[C@H]1O[C@@H](N2C=CC(=O)NC2=O)[C@](C)(F)[C@@H]1O)OC1=CC=CC=C1
7950,CC1=C2CCN[C@@H](C2=C(C=C1)C)CNC
7951,CN1CCN(CC1)C(C1=CC=CC=C1)C1=CC=C(Cl)C=C1
7952,C1CC(=N)N(C1)CC2=C(C(=O)NC(=O)N2)Cl.C1[C@@H]([C@H](O[C@H]1N2C=C(C(=O)NC2=O)C(F)(F)F)CO)O.Cl
7953,O.[OH-].[OH-].[OH-].[OH-].[OH-].[OH-].[OH-].[OH-].[OH-].[OH-].[OH-].[OH-].[OH-].[OH-].[OH-].[OH-].[OH-].[OH-].[OH-].[OH-].[OH-].[OH-].[OH-].[OH-].[OH-].[OH-].[OH-].[OH-].[OH-].[OH-].[OH-].[Mg++].[Mg++].[Mg++].[Mg++].[Mg++].[Mg++].[Mg++].[Mg++].[Mg++].[Mg++].[Al+3].[Al+3].[Al+3].[Al+3].[Al+3].[O-]S([O-])(=O)=O.[O-]S([O-])(=O)=O
7954,CCOC(=O)CSCCC1NC(CS1)C(O)=O
7955,CC(=O)CCC1C(=O)N(N(C1=O)C1=CC=CC=C1)C1=CC=CC=C1
7956,C[C@H](COC1=CC=CC=C1)N[C@H](C)[C@@H](O)C1=CC=C(O)C=C1
7957,CN1C(C(=O)NC2=NOC(C)=C2)=C(O)C2=C(C=CC=C2)S1(=O)=O
7958,ClC1=CC(Cl)=C(C=C1)C(CN1C=CN=C1)OCC1=C(Cl)C=CC=C1Cl
7959,CC(C)[C@@](C[C@H](C)N(C)C)(C#N)C1=CC=CC=C1
7960,OC(=O)C1=C(I)C(NC(=O)COCCOCCOCC(=O)NC2=C(I)C(C(O)=O)=C(I)C=C2I)=C(I)C=C1I
7961,CCC(CC1=C(I)C(N)=C(I)C=C1I)C(O)=O
7962,C[C@H](O)C(=O)NC1=C(I)C(C(=O)NC(CO)CO)=C(I)C(C(=O)NC(CO)CO)=C1I
7963,CC(=O)NCC1=C(I)C(NC(C)=O)=C(I)C(C(O)=O)=C1I
7964,O=C(O[C@H]1[C@H](OC(=O)C2=CC=CN=C2)[C@@H](OC(=O)C2=CC=CN=C2)[C@H](OC(=O)C2=CC=CN=C2)[C@H](OC(=O)C2=CC=CN=C2)[C@@H]1OC(=O)C1=CC=CN=C1)C1=CC=CN=C1
7965,O=C(NC1CCN(CCC2=CNC3=C2C=CC=C3)CC1)C1=CC=CC=C1
7966,CC(C(O)=O)C1=CC=C(C=C1)N1CC2=CC=CC=C2C1=O
7967,CC(C)NCC(O)COC1=CC=CC2=C1C=CC2
7968,C(CC1=CNC2=CC=CC=C12)C1CCNCC1
7969,CC(C(O)C1=CC=C(O)C=C1)N1CCC(CC2=CC=CC=C2)CC1
7970,CC(C)CC1=CC=C(C=C1)C(C)C(=O)NO
7971,[H][C@@]1(CC[C@@]2([H])[C@]3([H])CC[C@]4([H])CC(=O)CC[C@]4(C)[C@@]3([H])CC[C@]12C)C(=O)CO
7972,OC(CNCCCCCCNCC(O)C1=CC(O)=C(O)C=C1)C1=CC(O)=C(O)C=C1
7973,CCCCC(CC)CN1CN(CC(CC)CCCC)CC(C)(N)C1
7974,C[N+](C)(C)CCCCCC[N+](C)(C)C
7975,NS(=O)(=O)C1=C(Cl)C=C(NCC2=CC=CS2)C(=C1)C1=NNN=N1
7976,CC1=CC=C(C=C1)S(=O)(=O)NC(=O)N[C@@H]1[C@H](O)[C@]2(C)CC[C@H]1C2(C)C
7977,CCCCC(C)(C)[C@H](O)\C=C\[C@H]1[C@H](O)CC(=O)[C@@H]1CCCC\C=C\C(=O)OC
7978,[H]C1(OC(=O)[C@]([H])(C(C)C)N(C)C(=O)C([H])(OC(=O)[C@]([H])(C(C)C)N(C)C(=O)C([H])(OC(=O)[C@]([H])(C(C)C)N(C)C1=O)C(C)C)C(C)C)C(C)C
7979,C\C(N(CC1=C(N)N=C(C)N=C1)C=O)=C(\CCO)SSCC1CCCO1
7980,CC(CN1C2=CC=CC=C2SC2=C1C=C(C=C2)S(=O)(=O)N(C)C)N(C)C
7981,CN(CC(=O)N1CCOCC1)CC1=C(Cl)C=CC=C1NC(=O)C1=CC=CC=C1
7982,FC(F)(F)COCC(F)(F)F
7983,[H][C@@]12CC(=C)[C@](O)(C(=O)CO)[C@@]1(C)C[C@H](O)[C@@]1(F)[C@@]2([H])CCC2=CC(=O)C=C[C@]12C
7984,[H][C@@]12C[C@@H](C)[C@H](C(=O)CO)[C@@]1(C)C[C@H](O)[C@@]1([H])[C@@]2([H])C[C@H](F)C2=CC(=O)C=C[C@]12C
7985,CC1CCC2=CC(F)=CC3=C2N1C=C(C(O)=O)C3=O
7986,[H][C@@]12C[C@@]3([H])[C@]4([H])C[C@H](F)C5=CC(=O)C=C[C@]5(C)[C@@]4(Cl)[C@@H](Cl)C[C@]3(C)[C@@]1(OC(C)(C)O2)C(=O)CO
7987,COC(=O)NC1=NC2=C(N1)C=CC(=C2)C(=O)C1=CC=C(F)C=C1
7988,OC(=O)CCC(=O)C1=CC2=C(C=C1)C1=C3C2=CC=CC3=CC=C1
7989,OCC(O)COC(=O)C1=CC=CC=C1NC1=CC=NC2=C(C=CC=C12)C(F)(F)F
7990,[H][C@](CO)(C(=O)O[C@]1([H])C[C@]2([H])CC[C@]([H])(C1)[N+]2(C)CC(=O)C1=CC=C(C=C1)C1=CC=CC=C1)C1=CC=CC=C1
7991,O=C1NCC2(CCN(CCC3=CC=CC=C3)CC2)O1
7992,CC(NCCC(C1=CC=CC=C1)C1=CC=CC=C1)C1=CC=CC=C1
7993,OC(=O)CCC(=O)C1=CC=C(C=C1)C1=CC=CC=C1
7994,[H]\C(C(=O)OCC)=C1\SC(N2CCCCC2)C(=O)N1C
7995,CC(C)(OC1=CC=C(Cl)C=C1)C(=O)OCCOC(=O)C1=CN=CC=C1
7996,OCCOCCOC(=O)C1=CC=CC=C1NC1=CC=CC(=C1)C(F)(F)F
7997,CCNCC(O)C1=CC=CC(O)=C1
7998,CCNC1=NC2=CC=C(Cl)C=C2C(C)(O1)C1=CC=CC=C1
7999,CCCN(CC)C(CC)C(=O)NC1=C(C)C=CC=C1C
8000,CCOC(=O)C1(CCCN(C)CC1)C1=CC=CC=C1
8001,CCN(CC)C(=O)C1=CC(OC)=C(O)C=C1
8002,CCOC(CN1CCN(CC(C)C(=O)C2=CC=CC=C2)CC1)C1=CC=CC=C1
8003,COC1=CC(C)=NN1C1=NC(C)=CC(OC)=N1
8004,CCC1=CC=C(C=C1)C(=O)C(C)CN1CCCCC1
8005,[H][C@@]1(CCN=C(N)N1)[C@]1([H])NC(=O)\C(NC(=O)[C@H](CO)NC(=O)[C@H](CO)NC(=O)[C@H](CNC1=O)NC(=O)C[C@@H](N)[C@H](O)CCN)=C\NC(N)=O
8006,OCCN(CCO)C1=NC(=C(O1)C1=CC=CC=C1)C1=CC=CC=C1
8007,COC1=C(O)C=C(C=C1)C1=CC(=O)C2=C(O)C=C(O[C@@H]3O[C@H](CO[C@@H]4O[C@@H](C)[C@H](O)[C@@H](O)[C@H]4O)[C@@H](O)[C@H](O)[C@H]3O)C=C2O1
8008,CN(C)CCCN1C2=CC=CC=C2C(C)(C)C2=CC=CC=C12
8009,O=C1CC[C@@](C2CCN(CC3=CC=CC=C3)CC2)(C(=O)N1)C1=CC=CC=C1
8010,CNCCON=C1C2=CC=CC=C2C=CC2=CC=CC=C12
8011,CNC(C)CC1CCCC1
8012,CC(CN(C)C)CN1C2=CC=CC=C2SC2=C1C=C(C=C2)C#N
8013,CN[C@@H](C)CC1CCCCC1.CCC1(C(=O)NC(=O)NC1=O)C1=CC=CC=C1
8014,ClC1=CC=C(C=C1)C(OCCN1CCCCC1)C1=CC=CC=C1
8015,OC(=N)C1(CCN(CCCN2C3=CC=CC=C3CCC3=C2C=C(Cl)C=C3)CC1)N1CCCCC1
8016,CC(CN(C)C)C(C)(O)CC1=CC=C(Cl)C=C1
8017,
8018,CCC(C)(OC1=CC=C(C=C1)C1(CCCCC1)C1=CC=C(OC(C)(CC)C(O)=O)C=C1)C(O)=O
8019,CN(C)CCOC(C)(C1=CC=CC=C1)C1=CC=C(Cl)C=C1
8020,[H][C@]12SCC(C[N+]3=CC=CC=C3)=C(N1C(=O)[C@H]2NC(=O)CC1=CC=CS1)C([O-])=O
8021,CCCNC(C)C(=O)NC1=C(SC=C1C)C(=O)OC
8022,CCCCCCNC(=O)N1C=C(F)C(=O)NC1=O
8023,ClCCC(=O)NCC1=CC=CC=C1
8024,CN1CC(O)C2=C\C(=N\NC(N)=O)C(=O)C=C12
8025,CC(C)NCC(O)COC1=CC=CC2=C1OC(=C2)C(C)=O
8026,CCCCSC1=CC=C(C=C1)C(SCCN(C)C)C1=CC=CC=C1
8027,[H][C@@]12CC[C@@](O)(CCC(O)=O)[C@@]1(C)CC[C@@]1([H])[C@@]2([H])C=CC2=CC(=O)CC[C@]12C
8028,CC(CC1C2=CC=CC=C2CCC3=CC=CC=C13)CN(C)C
8029,CC1=NN=C2CN=C(C3=C(SC(Br)=C3)N12)C1=CC=CC=C1Cl
8030,CCN(CC)CCNC(=O)C1=CC(Br)=C(N)C=C1OC
8031,CN(CC1=CC(Br)=CC(Br)=C1N)C1CCCCC1
8032,CC(=O)OC1=CC=C(C=C1)C(C1=CC=C(OC(C)=O)C=C1)C1=CC=CC=N1
8033,CNCC12CCC(C3=CC=CC=C13)C1=CC=CC=C21
8034,CC(CC1=CC(=CC=C1)C(F)(F)F)NCCOC(=O)C1=CC=CC=C1
8035,CCN(CC)CCOC(=O)C(O)(C1=CC=CC=C1)C1=CC=CC=C1
8036,COCCCOC1=C(OC)C=CC(C[C@@H](C[C@H](N)[C@@H](O)C[C@@H](C(C)C)C(=O)NCC(C)(C)C(N)=O)C(C)C)=C1
8037,COC(=O)N[C@@H](C(C)C)C(=O)N1CC2(CC2)C[C@H]1C1=NC(=CN1)C1=CC=C2C3=CC=C(C=C3C(F)(F)C2=C1)C1=CC=C2NC(=NC2=C1)[C@@H]1[C@H]2CC[C@H](C2)N1C(=O)[C@@H](NC(=O)OC)C(C)C
8038,O=C1C=CC=C2[C@H]3CNC[C@H](C3)CN12
8039,COC(=O)[C@H]1C2=C(C3=C(O1)C=CC(=C3)F)NC(=O)N=C2
8040,[H][C@@]12C[C@]3([H])C[C@@H](CC[C@@]3([H])[C@H](\C=C\C3=CC=C(C=N3)C3=CC(F)=CC=C3)[C@]1([H])[C@@H](C)OC2=O)NC(=O)OCC
8041,CCCCCCCCCCCCCCCCOP([O-])(=O)OCC[N+](C)(C)C
8042,CC1=CC2=C(C=C1C)[C@H](NCC2)CBr
8043,[H][C@@]1(C)CCN(CCN1C(=O)C1=C(C=CC(C)=C1)N1N=CC=N1)C1=NC2=C(O1)C=CC(Cl)=C2
8044,CC1=NN(C2=C1C(CCC2)NC(=O)C3=CC4=C(S3)C5(CCNCC5)OCC4)C
8045,CC1=C[C@@H]([C@@H]([C@H](C1)C2=C(C=C(C=C2)O)O)C(=O)C3=C(C=C(C=C3)O)O)C4=C(C5=C(C=C4O)O[C@]6(C7=C(C=C(C=C7)O)O[C@]6(C5=O)CC=C(C)C)O)O
8046,C1CNC(=O)C2=C1C=C(C=C2)C#CC3=CC=CC=C3
8047,OC[C@H]1O[C@H]([C@H](O)[C@@H](O)[C@@H]1O)C1=CC=C(Cl)C(CC2=CC=C(O[C@H]3CCOC3)C=C2)=C1
8048,CCCCCCCC(=O)N[C@H](CN1CCCC1)[C@H](O)C1=CC=C2OCCOC2=C1
8049,C[C@@H](N1CCC(=C)CC1)[C@](O)(CN1C=NC=N1)C1=C(F)C=C(F)C=C1
8050,OB1OCC2=CC(F)=CC=C12
8051,CN1N=NC(=N1)C1=CC=C(C=N1)C1=CC=C(C=C1F)N1C[C@H](COP(O)(O)=O)OC1=O
8052,CC1=C2CCN[C@@H](C2=C(C=C1)C)CC3=CNC4=CC=CC=C43
8053,C[C@@]1(CC[C@@]2(C1(C)C)C(=O)NC(=O)N2)C(=O)O
8054,CC1=NC(=NO1)CS(=O)(=O)CC2=C(C=CC=C2Cl)F
8055,[H][C@]12CN(C[C@]1([H])OCCN2)C1=C(F)C=C2C(=O)C(=CN(C3CC3)C2=C1C#N)C(O)=O
8056,CN(C(=O)C(C)(C)C1=CC(=CC(=C1)C(F)(F)F)C(F)(F)F)C1=CN=C(C=C1C1=CC=CC=C1C)N1CCN(C)CC1
8057,COCCOCCOCCOCCOCCOCCOCCO[C@H]1CC[C@@]2(O)[C@H]3CC4=CC=C(O)C5=C4[C@@]2(CCN3CC=C)[C@H]1O5
8058,CN1C(N)=C(NC(=O)NCCN)C=[N+]1CC1=C(N2[C@H](SC1)[C@H](NC(=O)C(=N/OC(C)(C)C(O)=O)\C1=NSC(N)=N1)C2=O)C([O-])=O
8059,CC1=CC2=C(C(=C1)[C@H](C)C3=C(C(=CC=C3)N(C4=C(N=C(C=C4)Cl)C(=O)OC)S(=O)(=O)O)[N+](=O)[O-])OC(=CC2=O)C5=CC6=CN(N=C6C=C5)C
8060,CC1=C2CCN[C@@H](C2=C(C=C1)C)C(C)(C)CCl
8061,NC1=NC=NC2=C1C(=NN2[C@@H]1CCCN(C1)C(=O)C=C)C1=CC=C(OC2=CC=CC=C2)C=C1
8062,[H][C@@](CC)(NC1=NC=NC2=C1N=CN2)C1=NC2=CC=CC(F)=C2C(=O)N1C1=CC=CC=C1
8063,CC1=[N+]([O-])C=C(N=C1)C(O)=O
8064,[H]C(C)(CN1C[C@]([H])(C)O[C@]([H])(C)C1)CC1=CC=C(C=C1)C(C)(C)CC
8065,
8066,[H][C@]1(NC(=O)[C@@]([H])(NC(=O)[C@@H](CC2=CC=C(OCC)C=C2)NC(=O)CCSSC[C@H](NC(=O)[C@H](CC(N)=O)NC1=O)C(=O)N1CCC[C@H]1C(=O)N[C@@H](CCCN)C(=O)NCC(N)=O)[C@@H](C)CC)[C@@H](C)O
8067,NC(=O)[C@@H]1CC[C@@H]2CN1C(=O)N2OS(O)(=O)=O
8068,CCCCCC1=CC(O)=C([C@@H]2C=C(C)CC[C@H]2C(C)=C)C(O)=C1
8069,[H][C@]12SCC(CSC3=NN=NN3C)=C(N1C(=O)[C@]2(NC(=O)CSC[C@@H](N)C(O)=O)OC)C(O)=O
8070,CC(C)OC1=C(NC2=NC=C(Cl)C(N2)=NC2=CC=CC=C2S(=O)(=O)C(C)C)C=C(C)C(=C1)C1CCNCC1
8071,CC(C)(OC1=CC=C(C=C1)C1CC1(Cl)Cl)C(O)=O
8072,CC(C)C1=NC(CN(C)C(=O)N[C@@H](CCN2CCOCC2)C(=O)N[C@H](CC[C@H](CC2=CC=CC=C2)NC(=O)OCC2=CN=CS2)CC2=CC=CC=C2)=CS1
8073,
8074,CC[C@H](C)[C@@H](C(=O)N[C@@H](CO)C(=O)N[C@@H](CC(C)C)C(=O)N[C@@H](CC(=O)O)C(=O)N[C@@H](CC(C)C)C(=O)N[C@@H]([C@@H](C)O)C(=O)N[C@@H](CC1=CC=CC=C1)C(=O)N[C@@H](CC2=CN=CN2)C(=O)N[C@@H](CC(C)C)C(=O)N[C@@H](CC(C)C)C(=O)N[C@@H](CCCNC(=N)N)C(=O)N[C@@H](CCC(=O)O)C(=O)N[C@@H](C(C)C)C(=O)N[C@@H](CC(C)C)C(=O)N[C@@H](CCC(=O)O)C(=O)N[C@@H](CCSC)C(=O)N[C@@H]([C@@H](C)O)C(=O)N[C@@H](CCCCN)C(=O)N[C@@H](C)C(=O)N[C@@H](CC(=O)O)C(=O)N[C@@H](CCC(=O)N)C(=O)N[C@@H](CC(C)C)C(=O)N[C@@H](C)C(=O)N[C@@H](CCC(=O)N)C(=O)N[C@@H](CCC(=O)N)C(=O)N[C@@H](C)C(=O)N[C@@H](CC3=CN=CN3)C(=O)N[C@@H](CO)C(=O)N[C@@H](CC(=O)N)C(=O)N[C@@H](CCCNC(=N)N)C(=O)N[C@@H](CCCCN)C(=O)N[C@@H](CC(C)C)C(=O)N[C@@H](CC(C)C)C(=O)N[C@@H](CC(=O)O)C(=O)N[C@@H]([C@@H](C)CC)C(=O)N[C@@H](C)C(=O)N)NC(=O)[C@@H]4CCCN4C(=O)[C@@H]5CCCN5C(=O)[C@H](CCC(=O)O)NC(=O)[C@H](CCC(=O)N)NC(=O)[C@H](CO)N
8075,CC1=CC=C(SC2=CC=CC=C2N2CCNCC2)C(C)=C1
8076,COC1=C(OC)C(OC)=C(CN2CCNCC2)C=C1
8077,[H][C@@]12CC[C@@](O)(C#C)[C@@]1(C)CC[C@]1([H])C3=C(CC(=O)CC3)C[C@@]([H])(C)[C@@]21[H]
8078,CCC(=O)NC[C@@H]1C[C@H]1C1=CC=CC2=C1CCO2
8079,[Na+].OCCCC([O-])=O
8080,CC(=O)C1=C(C)C2=CN=C(NC3=NC=C(C=C3)N3CCNCC3)N=C2N(C2CCCC2)C1=O
8081,FC1=CC=C(CC2=NNC(=O)C3=CC=CC=C23)C=C1C(=O)N1CCN(CC1)C(=O)C1CC1
8082,CN(C)C(=O)[C@H]1CC[C@H](NC(=O)C(=O)NC2=NC=C(Cl)C=C2)[C@@H](C1)NC(=O)C1=NC2=C(CN(C)CC2)S1
8083,OC(C1=CC=CC=C1)(C1=CC=CC=C1)C12CC[N+](CCOCC3=CC=CC=C3)(CC1)CC2
8084,CCC(=O)N1CCC(CC1)NC(=O)NC2CCCCC2
8085,COC1=C(C=C2C(OC3=CC=C(NC(=O)NC4CC4)C(Cl)=C3)=CC=NC2=C1)C(N)=O
8086,COC(=O)C1=CC=C2C(NC(=O)\C2=C(/NC2=CC=C(C=C2)N(C)C(=O)CN2CCN(C)CC2)C2=CC=CC=C2)=C1
8087,COC1=CC=C(CC(C)(C)NC[C@H](O)C2=C3OCC(=O)NC3=CC(O)=C2)C=C1
8088,COC1=C(OC)C(=O)C(CCCCCCCCCCO)=C(C)C1=O
8089,OCC1=C(O)C=CC(=C1)[C@@H](O)CNCCCCCCOCCOCC1=C(Cl)C=CC=C1Cl
8090,COC1=C(OC)C=C2[C@@H](CN(C)CCCN3CCC4=CC(OC)=C(OC)C=C4CC3=O)CC2=C1
8091,CN(C)CCCOC1=NN(CC2=CC=CC=C2)C2=CC=CC=C12
8092,CCCCNC1=CC=C(C=C1)C(=O)OCCN(C)C
8093,COC1=C(O)C=CC(CC=C)=C1
8094,[Al+3].[K+].[O-]S([O-])(=O)=O.[O-]S([O-])(=O)=O
8095,CCC(C)(CN(C)C)OC(=O)C1=CC=CC=C1
8096,CCC(COC(=O)C1=CC(OC)=C(OC)C(OC)=C1)(N(C)C)C1=CC=CC=C1
8097,COC1=C(OC)C=C(C[N+]2(CCOCCC3CCC4CC3C4(C)C)CCOCC2)C(Br)=C1
8098,[H][C@@]12CC[C@](O)(C(=O)CS)[C@@]1(C)C[C@H](O)[C@@]1([H])[C@@]2([H])CCC2=CC(=O)CC[C@]12C
8099,CN(CCO)CC(O)CN1C=NC2=C1C(=O)N(C)C(=O)N2C
8100,[H][C@@]12C[C@@]3([H])C(=C(O)[C@]1(O)C(=O)C(C(N)=O)=C(O)[C@H]2N(C)C)C(=O)C1=C(O)C=CC(Cl)=C1[C@@]3(C)O
8101,COC1=CC(=CC(OC)=C1OC)C1C2C(COC2=O)C(O)C2=CC3=C(OCO3)C=C12.COC1=CC(=CC(OC)=C1OC)C1C2C(COC2=O)C(O)C2=CC3=C(OCO3)C=C12.COC1=CC(=CC(OC)=C1OC)C1C(C(CO)C(O)C2=CC3=C(OCO3)C=C12)C(O)=O.COC1=CC(=CC(OC)=C1OC)C1C(C(CO)C(O)C2=CC3=C(OCO3)C=C12)C(O)=O
8102,[H][C@@]12C[C@@H](C)[C@H](C(=O)CO)[C@@]1(C)C[C@H](O)[C@@]1(F)[C@@]2([H])C[C@H](F)C2=CC(=O)C=C[C@]12C
8103,O=C(OOC(=O)C1=CC=CC=C1)C1=CC=CC=C1
8104,[H][C@]12C[C@@H](CN(CCC)[C@]1([H])CC1=CC=CC(O)=C1C2)NS(=O)(=O)N(CC)CC
8105,C[C@@H](C(=O)N[C@@H](C(C)C)C(=O)NCC(=O)N[C@@H](CCC(=O)O)C(=O)N[C@@H](CCC(=O)O)C(=O)N1CCC[C@H]1C(=O)NCC(=O)N2CCC[C@H]2C(=O)N[C@@H](CCCN=C(N)N)C(=O)N)NC(=O)[C@H](C(C)C)N
8106,C[C@@H](O)[C@@H]1NC(=O)[C@H](CC2=CC=CC=C2)NC(=O)[C@@H](NC(=O)[C@H](CCCCN)NC(=O)[C@H](CC2=CNC3=C2C=CC=C3)NC(=O)[C@H](CC2=CC=CC=C2)NC(=O)[C@H](CC2=CC=CC=C2)NC(=O)[C@H](CC(N)=O)NC(=O)[C@H](CCCCN)NC(=O)[C@H](CSSC[C@H](NC(=O)[C@H](CO)NC1=O)C(O)=O)NC(=O)CNC(=O)[C@H](C)N)[C@@H](C)O
8107,
8108,[H][C@@](CO)(C(C)C)N1C=C(C(O)=O)C(=O)C2=C1C=C(OC)C(CC1=C(F)C(Cl)=CC=C1)=C2
8109,COC(=O)N[C@@H](C(C)C)C(=O)N1CCC[C@H]1C1=NC=C(N1)C1=CC=C(C=C1)C1=CC=C(C=C1)C1=CN=C(N1)[C@@H]1CCCN1C(=O)[C@@H](NC(=O)OC)C(C)C
8110,
8111,[OH-].[OH-].[Mg++]
8112,CC1=CC(=C(C(=C1)C)SC2=CC(=C(C=C2)C#N)OC)C
8113,OP(=O)(O)[O-].OP(=O)([O-])[O-].[O-]S(=O)(=O)[O-].[Na+].[Na+].[Na+].[Mg+2].[Cl-].[Cl-].[K+].[K+]
8114,
8115,
8116,C[C@@H]1CC[C@@]2([C@H]([C@H]3[C@@H](O2)C[C@@H]4[C@@]3(CC[C@H]5[C@H]4CC=C6[C@@]5(CC[C@@H](C6)O[C@H]7[C@@H]([C@H]([C@@H]([C@H](O7)CO)O[C@H]8[C@@H]([C@@H]([C@H]([C@@H](O8)C)O)O)O)O)O[C@H]9[C@@H]([C@@H]([C@H]([C@@H](O9)C)O)O)O)C)C)C)OC1
8117,OS(=O)(=O)CCS
8118,
8119,ON=O
8120,CC1=CC2=C(C=C1C)[C@@H](NCC2)C34CC5CC(C3)CC(C5)C4
8121,CCCCCCCCCCCCCCCC(=O)OC[C@H](COP([O-])(=O)OCC[N+](C)(C)C)OC(=O)CCCCCCCCCCCCCCC
8122,OC1=C2N=CC=CC2=C(I)C=C1I
8123,[Ca++].[N-]=C=[N-]
8124,CC1OC(C)OC(C)O1
8125,CC(C)(C)C(O)\C=C\C1=CC2=C(OCO2)C=C1
8126,CC(=O)O[C@H]1CC2=CC=CC=C2N(C(N)=O)C2=CC=CC=C12
8127,COC1=C(O)C=CC(CNC(=O)CCCC\C=C/C(C)C)=C1
8128,OC[C@H]1O[C@H](S[Au])[C@H](O)[C@@H](O)[C@@H]1O
8129,CCCC[C@@H](C(=O)N[C@@H](CC(=O)O)C(=O)N[C@@H](CC1=CC=CC=C1)C(=O)N)N(C)C(=O)[C@H](CC2=CNC3=CC=CC=C32)NC(=O)CNC(=O)[C@@H](C)NC(=O)[C@H](CC4=CC=C(C=C4)O)N
8130,[H][C@@]12CC[C@@](O)(CC#N)[C@@]1(C)CCC1=C3CCC(=O)C=C3CC[C@@]21[H]
8131,[H][C@@]12CC[C@](C)(C(C)=O)[C@@]1(C)CC[C@@]1([H])[C@@]2([H])C=C(C)C2=CC(=O)CC[C@]12C
8132,[K+].[K+].[K+].OC(CC([O-])=O)(CC([O-])=O)C([O-])=O
8133,CCCCCCOC(=O)C1=CC2=C(C=C1)NC(=O)CO2
8134,O=C1NC2=CC(OCCCCN3CCN(CC3)C3=C4C=CSC4=CC=C3)=CC=C2C=C1
8135,[Cl-].[Cl-].[Cl-].[Cr+3]
8136,[Cu]
8137,Cl[Cu]Cl
8138,[Gd+3].OC(=O)CN1CCN(CC([O-])=O)CCN(CC([O-])=O)CCN(CC([O-])=O)CC1
8139,CNC(=O)C1=C(I)C(C(O)=O)=C(I)C(NC(C)=O)=C1I
8140,OCCN(C(=O)CO)C1=C(I)C(C(=O)NCC(O)CO)=C(I)C(C(=O)NCC(O)CO)=C1I
8141,CC(=O)N(CC(O)CO)C1=C(I)C(C(=O)NCC(O)CO)=C(I)C(C(=O)NCCO)=C1I
8142,CCN(CC)C1=CC=C(C=C1)C(=C1C=CC(C=C1)=[N+](CC)CC)C1=CC(=CC=C1S(O)(=O)=O)S(O)(=O)=O
8143,[Tc].CC1=CC(C)=C(Br)C(C)=C1NC(=O)CN(CC(O)=O)CC(O)=O
8144,O.O.[98Tc+4].[O-]P([O-])(=O)CP([O-])([O-])=O
8145,[99Tc].OC(P(O)(O)=O)P(O)(O)=O
8146,O=O
8147,CC1=C(C=C(C=C1)S(=O)(=O)C)C(=O)OCC(=O)NC2=C(C=CC(=C2)C(=O)OC)C
8148,CSCC[C@@H](C(=O)NCC(=O)N[C@@H](CC1=CNC2=CC=CC=C21)C(=O)N[C@@H](CCSC)C(=O)N[C@@H](CC(=O)O)C(=O)N[C@@H](CC3=CC=CC=C3)C(=O)N)NC(=O)[C@H](CC4=CC=C(C=C4)OS(=O)(=O)O)NC(=O)[C@H](CC(=O)O)N
8149,[H][C@]1(C)CN(C[C@@]([H])(C)O1)C1=CC=C(NC(=O)C2=CC=CC(=C2C)C2=CC=C(OC(F)(F)F)C=C2)C=N1
8150,CC(=O)OC[C@H]1O[C@H]([C@H](OC(C)=O)[C@@H]1OC(C)=O)N1C=CC(=O)NC1=O
8151,O
8152,O.O.O.[OH-].[O--].[O--].[O--].[O--].[O--].[O--].[O--].[O--].[Na+].[Na+].[Fe+3].[Fe+3].[Fe+3].[Fe+3].[Fe+3].OC[C@H]1O[C@@](CO)(O[C@H]2O[C@H](CO)[C@@H](O)[C@H](O)[C@H]2O)[C@@H](O)[C@@H]1O
8153,[Fe+3].[Fe+3].[Fe+3].[Fe+3].[O-]P([O-])(=O)OP([O-])([O-])=O.[O-]P([O-])(=O)OP([O-])([O-])=O.[O-]P([O-])(=O)OP([O-])([O-])=O
8154,CNC1=CC=C(\C=C\C2=CC=C(OCCOCCOCC[18F])C=C2)C=C1
8155,[H]N(C1=C([H])C([H])=C(\C([H])=C(/[H])C2=C([H])N=C(OC([H])([H])C([H])([H])OC([H])([H])C([H])([H])OC([H])([H])C([H])([H])[18F])C([H])=C2[H])C([H])=C1[H])C([H])([H])[H]
8156,CNC1=C([18F])C=C(C=C1)C1=NC2=CC=C(O)C=C2S1
8157,N#N
8158,[Na+].[Cl-]
8159,[Na+].[Na+].[Na+].OC(CC([O-])=O)(CC([O-])=O)C([O-])=O
8160,[He]
8161,COCC(=O)NC1=C(I)C(C(=O)N(C)CC(O)CO)=C(I)C(C(=O)NCC(O)CO)=C1I
8162,O=C=O
8163,CC1=CC(=CC=C1\N=N\C1=C(C=C2C=C(C=C(N)C2=C1O)S(O)(=O)=O)S(O)(=O)=O)C1=CC(C)=C(C=C1)\N=N\C1=C(O)C2=C(N)C=C(C=C2C=C1S(O)(=O)=O)S(O)(=O)=O
8164,O.O.[98Tc].CCOCCP(CCOCC)CCP(CCOCC)CCOCC.CCOCCP(CCOCC)CCP(CCOCC)CCOCC
8165,[Tc+].COC(C)(C)C[N+]#[C-].COC(C)(C)C[N+]#[C-].COC(C)(C)C[N+]#[C-].COC(C)(C)C[N+]#[C-].COC(C)(C)C[N+]#[C-].COC(C)(C)C[N+]#[C-]
8166,COC(=O)C1=CC2=C(C=C1)C(=O)N(C(=N2)SCC(=O)NC3CC3)C[C@H]4CCCO4
8167,[99Tc].CC(C)C1=CC=CC(C(C)C)=C1NC(=O)CN(CC(O)=O)CC(O)=O
8168,[99Tc+4].[O-]P([O-])(=O)OP([O-])([O-])=O
8169,CCC1=CC2=C(S1)N1C(C)=NN=C1CN=C2C1=CC=CC=C1Cl
8170,CN(C)CC\C=C1/C2=CC=CC=C2CSC2=CC=CC=C12
8171,CCC(=O)N(C1=CC=CC=C1)C1(CCN(CCC2=CC=CC=C2)CC1)C1=CC=CC=C1
8172,CCC(=O)N([C@@H]1CCN(CCC2=CC=CC=C2)C[C@@H]1CC=C)C1=CC=CC=C1
8173,CCC(=O)N(C1CCN(CC(O)C2=CC=CS2)CC1)C1=CC=CC=C1
8174,CCC(=O)N(C1CCN(CC(C)C2=CC=CC=C2)CC1)C1=CC=CC=C1
8175,CCN1N=NN(CCN2CC[C@@H]([C@H](C)C2)N(C(=O)COC)C2=CC=CC=C2F)C1=O
8176,CCCC(=O)N(C1CCN(CCC2=CC=CC=C2)CC1)C1=CC=CC=C1
8177,CCC(=O)N(C1=CC=CC=C1)[C@]1(CCN(CCC2=CC=CC=C2)C[C@H]1C)C(=O)OC
8178,O=C(N(C1CCN(CCC2=CC=CC=C2)CC1)C1=NC=CN=C1)C1=CC=CO1
8179,CCC(=O)N(C1CCN(CCC2=CC=CC=C2)CC1)C1=CC=C(F)C=C1
8180,CCC(=O)N(C1CC(C)N(CCC2=CC=CC=C2)CC1C)C1=CC=CC=C1
8181,CCC(=O)N(C1=CC=CC=C1)C1(COC)CCN(CCC2=CC=CC=C2)CC1
8182,CCC(=O)N(C1CCN(CCC2=CC=CS2)CC1)C1=CC=CC=C1
8183,CCN1N=NN(CCN2CCC(CC2)(N(C(=O)CC)C2=CC=CC=C2F)C2=CC=CC=C2)C1=O
8184,CCC(=O)N(C1CCN(CC2=CC=CC=C2)CC1)C1=CC=CC=C1
8185,COC1=C(C=C(C=C1C1=CC2=CC=C(NS(C)(=O)=O)C=C2C=C1)N1C=CC(=O)NC1=O)C(C)(C)C
8186,[H][C@]1(CNCCO1)[C@@](O)(CC1=C(OC)C=CC(F)=C1)C1CCOCC1
8187,CCOC1=CC=CC=C1OCC1CNCCO1
8188,CNCCC(OC1=CC=CC=C1OC)C1=CC=CC=C1
8189,CN1CCC23NC(=O)CC(C2C1)C1=CC(Cl)=CC=C1O3
8190,CNCCC[C@]1(C)C(=O)N(C2=CC=CC=C12)C1=CC=CC=C1
8191,[H]N(C)CCCC1(C)CN(C2=CC=CC=C12)C1=CC=CC=C1
8192,[H]N(C)CCCC1(OC(C)(C)C2=CC=CC=C12)C1=CC=CC=C1
8193,[H]N(C)CCCC1(SC(C)(C)C2=CC=CC=C12)C1=CC=CC=C1
8194,CCN1C2=CC=CC=C2C2=C1C(C)(CCN(C)C)SCC2
8195,CNC1CC(C2=CC=CC=C2)C2=CC=CC=C2C1
8196,CCN1C(=O)N(CCCN2CCN(CC2)C2=CC=CC(Cl)=C2)N=C1CC
8197,[H][C@@]12CCC[C@]1([H])C1=NN=C(CCN3CCN(CC3)C3=CC=CC(=C3)C(F)(F)F)N1C2
8198,[H]N1CCO[C@H](COC2=C3CCCC3=C(F)C=C2)C1
8199,[H]N1N=C(CCN2CCN(CC2)C2=CC(Cl)=CC=C2)C=C1C
8200,COC1=CC=C(OC2=NC=NC(=C2)N(C)CCOC2=CC=C(CC3SC(=O)NC3=O)C=C2)C=C1
8201,FC1=C(COC2=CC=C3C=C(CC4SC(=O)NC4=O)C=CC3=C2)C=CC=C1
8202,COC1=CC=C2N=C(COC3=CC=C(CC4SC(=O)NC4=O)C=C3)N(C)C2=C1
8203,CC1(COC2=CC=C(CC3SC(=O)NC3=O)C=C2)CCCCC1
8204,[H]N1CCN=C1COC1=CC=CC=C1C1CC1
8205,CNCC(O)C1=CC=C(O)C=C1
8206,CC(C)(C)NCC(O)CSC1=NC(=CS1)C1=CC=C(S1)C(N)=O
8207,CC(C)C1=C(OCCN(C)C)C=C(C)C(OC(C)=O)=C1
8208,COC1=CC2=C(N=C(N=C2N)N2CCN(CC2)C(=O)OCC(C)(C)O)C(OC)=C1OC
8209,[H]N(C)C1=C(Br)C=C(C(=O)N([H])[C@@H]2CN(C)CCN(CC)C2)C(OC)=C1
8210,CC1=C2CCN[C@H](C2=C(C=C1)C)[C@@H](C)S
8211,[H][C@@]12OC3=C(OCCN4CCOCC4)C=CC4=C3[C@@]11CCN(C)[C@]([H])(C4)[C@]1([H])C=C[C@@H]2O
8212,NC(=O)CN1CCCC1=O
8213,CCCC[C@H](C)C[C@H](O)\C=C\[C@H]1[C@H](O)CC(=O)[C@@H]1CCCC\C=C\C(O)=O
8214,CC(C(O)=O)C1=CC=C(CC2CCCC2=O)C=C1
8215,CC(C)CC1=CC=C(C=C1)[C@H](C)C(O)=O
8216,[H][C@@](C)(C(O)=O)C1=CC(=CC=C1)C(=O)C1=CC=CC=C1
8217,CN1C2=C(OC(=O)N(C2=O)C2=CC=CC=N2)C2=CC=CC=C2S1(=O)=O
8218,CC1=C(Cl)C=CC=C1NC1=CC=CC=C1C(O)=O
8219,CC1(C)OC(=O)C(OCC2CC2)=C1C1=CC=C(C=C1)S(C)(=O)=O
8220,CC1=C(NC2=C(C=CC=N2)C(O)=O)C=CC=C1Cl
8221,OC1=CC=C(C=C1)C1(OC2=CC=CC=C2NC1=O)C1=CC=C(O)C=C1
8222,[O-][N+](=O)OCCNC(=O)C1=CC=CN=C1
8223,NCCC(=O)N1[Zn]OC(=O)[C@@H]1CC1=CN=CN1
8224,
8225,CCN1CCN(CC1)C1=NC2=C(CCCCCC2)C(=C1)C1=CC=C(F)C=C1
8226,CC1CCN(CCCC(=O)C2=CC=C(F)C=C2)CC1
8227,CN(C)CCOC1=CC2=CC=CC=C2SC2=CC=C(Cl)C=C12
8228,ClC1=C(Cl)C(=CC=C1)N1CCN(CCCCOC2=CC=C3OCC(=O)NC3=C2)CC1
8229,COC(=O)C1=C(C)NC(C)=C([C@H]1C1=CC(=CC=C1)[N+]([O-])=O)C(=O)O[C@H]1CCN(CC2=CC=CC=C2)C1
8230,
8231,COC(=O)C1=C(C)NC(C)=C(C1C1=CC=CC=C1[N+]([O-])=O)C(=O)OCC(C)=O
8232,CC(C)OC(=O)C1=C(C)NC(N)=C(C1C1=CC=CC(=C1)[N+]([O-])=O)C(=O)OC1CN(C1)C(C1=CC=CC=C1)C1=CC=CC=C1
8233,COC(=O)C1=C(C)NC(C)=C([C@@H]1C1=CC=CC(=C1)[N+]([O-])=O)C(=O)O[C@@H]1CCCN(CC2=CC=CC=C2)C1
8234,COCCOC(=O)C1=C(C)NC(C)=C(C1C1=CC=CC(=C1)[N+]([O-])=O)C(=O)OC\C=C\C1=CC=CC=C1
8235,[H]N1C(C)=C(C(C2=CC(=CC=C2)[N+]([O-])=O)C(C(=O)OCC2COC3(CCN(CC3)C3=CC=C(Cl)C=C3)O2)=C1C)C(=O)OC
8236,CCOC(=O)C1=C(C)NC(C)=C(C1C1=CC=CC2=NON=C12)C(=O)OCC
8237,CC1=C(C(C2=CC=CC(=C2)[N+]([O-])=O)C(=C(C)N1)P1(=O)OCC(C)(C)CO1)C(=O)OCCN(CC1=CC=CC=C1)C1=CC=CC=C1
8238,CCOC(=O)C1=C(C)NC(C)=C(C1C1=CC=CC=C1\C=C\C(=O)OC(C)(C)C)C(=O)OCC
8239,CCOC(=O)C1=C(COCCN)NC(C)=C([C@@H]1C1=CC=CC=C1Cl)C(=O)OC
8240,COC(=O)C1=C(C)NC(C)=C(C1C1=CC(=CC=C1)N(=O)=O)C(=O)OCCN1CCN(CC1)C(C1=CC=CC=C1)C1=CC=CC=C1
8241,[H]N1C(C)=C([C@H](C2=CC(=CC=C2)[N+]([O-])=O)C(C(=O)OCCCN2CCC(CC2)(C2=CC=CC=C2)C2=CC=CC=C2)=C1C)C(=O)OC
8242,[H]N1C(C)=C(C(C2=CC(=CC=C2)[N+]([O-])=O)C(C(=O)OCCOCCC)=C1C)C(=O)OCCOCCC
8243,[Cl-].CN(C)C1=CC2=[S+]C3=C(C=CC(=C3)N(C)C)N=C2C=C1
8244,COC1=NC(C)=NC(Cl)=C1NC1=NCCN1
8245,[H]N([H])N([H])C1=NN=C(C=C1)C(=O)N([H])[H]
8246,CC1=CC=C2N3CCNC4CCCC(=C34)C2=C1
8247,CC1=CC(=CC=C1)N1CC(CO)OC1=O
8248,CC(NNC(=O)C1=CC=CC=C1)C1=CC=CC=C1
8249,CC(C)NNC(=O)COC1=CC=C(Cl)C=C1
8250,CC(NN)C1=CC=CC=C1
8251,CCCCCCC(C)NN
8252,CC(CC1=CC=CC=C1)NN
8253,[H]N([H])N([H])C(C)COC1=CC=CC=C1
8254,[H]N(CC1=CC=CC=C1)N([H])C(=O)C(C)(C)C
8255,CC(CCC1=CC2=C(OCO2)C=C1)NN
8256,NC(=O)CN1CC2=CC=CC=C2OC1=O
8257,CCC1=NC2=CC=CC=C2C(=C1C)C(=O)OCC3=CC(=O)N4C(=CSC4=N3)C
8258,FC1=CN(C2CCCO2)C(=O)NC1=O
8259,OC1=CC(=O)NC=C1Cl
8260,
8261,CC(C(=O)NC1=CC=CC=C1OC)OC(=O)C2=CC=CC=C2F
8262,
8263,
8264,CC1=NC=CN1CCC(C(N)=O)(C1=CC=CC=C1)C1=CC=CC=C1
8265,C1=CC=C(C=C1)CN2C(=C3C=CC=C(C3=N2)C(F)(F)F)C4=CC=CC=C4
8266,CC1=NC(=CC=C1)NC(=O)C2=CC(=CC=C2)Cl
8267,CC[C@H](C)[C@@H](C(=N[C@@H](CCC(=O)O)C(=N[C@@H](CC1=CNC2=CC=CC=C21)C(=N[C@@H](CC(C)C)C(=N[C@@H](CCCCN)C(=N[C@@H](CC(=N)O)C(=NCC(=NCC(=O)N3CCC[C@H]3C(=N[C@@H](CO)C(=N[C@@H](CO)C(=NCC(=N[C@@H](C)C(=O)N4CCC[C@H]4C(=O)N5CCC[C@H]5C(=N[C@@H](CO)C(=N[C@@H](CCCCN)C(=N[C@@H](CCCCN)C(=N[C@@H](CCCCN)C(=N[C@@H](CCCCN)C(=N[C@@H](CCCCN)C(=N[C@@H](CCCCN)C(=N)O)O)O)O)O)O)O)O)O)O)O)O)O)O)O)O)O)O)O)N=C([C@H](CC6=CC=CC=C6)N=C([C@H](CC(C)C)N=C([C@H](CCCNC(=N)N)N=C([C@H](C(C)C)N=C([C@H](C)N=C([C@H](CCC(=O)O)N=C([C@H](CCC(=O)O)N=C([C@H](CCC(=O)O)N=C([C@H](CCSC)N=C([C@H](CCC(=N)O)N=C([C@H](CCCCN)N=C([C@H](CO)N=C([C@H](CC(C)C)N=C([C@H](CC(=O)O)N=C([C@H](CO)N=C([C@H]([C@@H](C)O)N=C([C@H](CC7=CC=CC=C7)N=C([C@H]([C@@H](C)O)N=C(CN=C([C@H](CCC(=O)O)N=C(CN=C([C@H](CC8=CN=CN8)N)O)O)O)O)O)O)O)O)O)O)O)O)O)O)O)O)O)O)O)O)O)O.[V]
8268,
8269,[Sr++].[Sr++].[O-]C(=O)CN(CC([O-])=O)C1=C(C#N)C(CC([O-])=O)=C(S1)C([O-])=O
8270,OS(=O)(=O)OC1=CC=C(C=C1)C(C1=CC=C(OS(O)(=O)=O)C=C1)C1=CC=CC=N1
8271,OC(=O)CC1=CC=CC=C1
8272,COC1=C(OC)C(=O)C(C\C=C(/C)CC\C=C(/C)CC\C=C(/C)CC\C=C(/C)CC\C=C(/C)CC\C=C(/C)CC\C=C(/C)CC\C=C(/C)CC\C=C(/C)CCC=C(C)C)=C(C)C1=O
8273,[H][C@](CO)(C(=O)O[C@@]1([H])C[C@@]2([H])[C@]3([H])O[C@]3([H])[C@@]([H])(C1)[N+]2(C)CC1CC1)C1=CC=CC=C1
8274,COC1=CC=C(CN([C@@H](C)C2=NC(=CN2)C2=CC=CC=C2)C(=O)[C@@H](N)CC2=C(C)C=C(C=C2C)C(N)=O)C=C1C(O)=O
8275,CN1C2=C(N(CC3OCCO3)C=N2)C(=O)N(C)C1=O
8276,[H][C@@]12CC[C@@H](C)[C@]3([H])CC[C@@]4(C)OO[C@@]13[C@]([H])(O[C@@H](OC(=O)CCC(O)=O)[C@@H]2C)O4
8277,[K+].[K+].[K+].[K+].[K+].[Bi+3].[O-]C(=O)CC([O-])(CC([O-])=O)C([O-])=O.[O-]C(=O)CC([O-])(CC([O-])=O)C([O-])=O
8278,[Na+].[Na+].[O-]C(=O)CC(S[Au])C([O-])=O
8279,[Cl-].C[N+](C)([11CH3])CCO
8280,[C]
8281,CCCCC1=NC(C)=C(CC(=S)N(C)C)C(=O)N1CC1=CC=C(C=C1)C1=C(C=CC=C1)C1=NN=NN1
8282,CC1=CC=C(NC(=O)C2(CC2)C2=CC=C3OC(F)(F)OC3=C2)N=C1C1=CC(=CC=C1)C(O)=O
8283,[Mg++].[Mg++].[O-][Si](=O)O[Si]([O-])([O-])O[Si]([O-])=O
8284,CCOC(=O)[N-]C1=C[N+](=NO1)N1CCOCC1
8285,CCN(CC)C1=CC(C)=NC2=NC=NN12
8286,CCN(CC)CCN1C(=N)ON=C1C1=CC=CC=C1
8287,FC(F)(F)C1=CC(NC2=C(C=CC=N2)C(=O)OCCN2CCOCC2)=CC=C1
8288,NC(=O)C1(CCN(CCCC(=O)C2=CC=C(F)C=C2)CC1)N1CCCCC1
8289,CCCC1=C(SC(=C1)C(=O)NCCC2=NN=C3N2C=CC=C3)C
8290,CCN(CC)CC(=O)OC1=CC=C(NC(C)=O)C=C1
8291,CN1C2=CC=CC=C2C(NCCCCCCC(O)=O)C2=C(C=C(Cl)C=C2)S1(=O)=O
8292,CN1C=C(C(=O)[C@@H]2CCC3=C(C2)N=CN3)C2=C1C=CC=C2
8293,C[C@@H](OC[C@]1(CC[C@]2(CCC(=O)N2)CN1)C1=CC=CC=C1)C1=CC(=CC(=C1)C(F)(F)F)C(F)(F)F
8294,CCOC(=O)[C@H](C)C[C@@H](CC1=CC=C(C=C1)C1=CC=CC=C1)NC(=O)CCC(O)=O
8295,[131I-]
8296,FC(F)(F)C1=CC(NC2=C(C=CC=N2)C(=O)OC2OC(=O)C3=CC=CC=C23)=CC=C1
8297,COC(=O)N[C@@H](C(C)C)C(=O)N1CCC[C@H]1C(=O)NC1=CC=C(C=C1)[C@@H]1CC[C@H](N1C1=CC=C(C=C1)C(C)(C)C)C1=CC=C(NC(=O)[C@@H]2CCCN2C(=O)[C@@H](NC(=O)OC)C(C)C)C=C1
8298,[H][C@@]12C[C@]1(NC(=O)[C@]1([H])C[C@H](CN1C(=O)[C@H](CCCCC\C=C/2)NC(=O)C1=CN=C(C)C=N1)OC1=NC2=C(C=CC=C2)C2=C1C=CC=C2)C(=O)NS(=O)(=O)C1CC1
8299,[H][C@@]1(OC2=C(O[C@@H]1CO)C=CC(=C2)[C@@]1([H])OC2=C(C(O)=CC(O)=C2)C(=O)[C@@H]1O)C1=CC(OC)=C(O)C=C1
8300,CC(C)OC(=O)[C@H](C)N[P@](=O)(CO[C@H](C)CN1C=NC2=C(N)N=CN=C12)OC1=CC=CC=C1
8301,CCCC[N+]1(C)[C@H]2C[C@@H](C[C@@H]1[C@H]1O[C@@H]21)OC(=O)[C@H](CO)C1=CC=CC=C1
8302,CC(=O)N[C@H]1[C@H]([C@H]([C@H](O[C@H]1O)CO)O)OC2[C@@H]([C@@H](C=C(O2)C(=O)O)O)O
8303,CC1=CC2=C(C(=C1)[C@@H](C)NC3=CC=CC=C3C(=O)OC(C)(C)C)OC(=C(C2=O)C)C4=CC=C(C=C4)C5CN(CCO5)C
8304,CCCCCCCCCC(=O)O
8305,CN1CCC2=C(C1)C1=CC=CC=C1CC1=CC=CC=C21
8306,CN1CCN2C(C1)C1=CC=CN1CC1=C2C=CC=C1
8307,COC1=CC2=C(C=C1)N1CCN(C)C3=NCCC2=C13
8308,CNCC(O)CC12CCC(C3=CC=CC=C13)C1=CC=CC=C21
8309,[H][C@]12N(CCCCN3C=C(N=N3)C3=CC(N)=CC=C3)C(=O)O[C@]1(C)[C@@]([H])(CC)OC(=O)[C@@](C)(F)C(=O)[C@]([H])(C)[C@@]([H])(O[C@]1([H])O[C@]([H])(C)C[C@]([H])(N(C)C)[C@@]1([H])O)[C@@](C)(C[C@@]([H])(C)C(=O)[C@]2([H])C)OC
8310,CO[C@H]1[C@H](O)CC(=O)O[C@H](C)C\C=C\C=C\[C@H](O)[C@H](C)C[C@H](CC=O)[C@@H]1O[C@@H]1O[C@H](C)[C@@H](O[C@H]2C[C@@](C)(O)[C@@H](OC(=O)CC(C)C)[C@H](C)O2)[C@@H]([C@H]1O)N(C)C
8311,CCCCC(=O)OCC(=O)[C@]1(C[C@@H](C2=C(C1)C(=C3C(=C2O)C(=O)C4=C(C3=O)C=CC=C4OC)O)O[C@H]5C[C@@H]([C@@H]([C@@H](O5)C)O)NC(=O)C(F)(F)F)O
8312,CC1CC(CN(C1)C(=O)CSC2=NN=CN2C3=CC=CC=C3C)C
8313,CC1=C2CCN[C@H](C2=C(C=C1)C)CC3=CC=CC=C3[N+](=O)[O-]
8314,CNC(=O)C1=C(I)C(C(=O)NCC(=O)NC2=C(I)C(C(O)=O)=C(I)C(C(=O)NCCO)=C2I)=C(I)C(N(C)C(C)=O)=C1I
8315,O.O.O.O.[98Tc-]
8316,[133Xe]
8317,[Cl-].[Tl+]
8318,
8319,COC1=CC=CC(=C1)CS(=O)(=O)CC(=O)NCC2CC2
8320,[H][C@]12SC(C)(C)[C@@H](N1C(=O)[C@H]2NC(=O)C(C(=O)OC1=CC2=C(CCC2)C=C1)C1=CC=CC=C1)C(O)=O
8321,CCN(CC)CCOC(=O)C1=CC=C(N)C=C1.[H][C@]12SC(C)(C)[C@@H](N1C(=O)[C@H]2NC(=O)CC1=CC=CC=C1)C(O)=O
8322,O=[Zn]
8323,[Zn++].[O-]S([O-])(=O)=O
8324,[H][C@@]12CC(=O)N1[C@@]([H])(C(O)=O)C(C)(C)S2(=O)=O
8325,[F-].[Na+]
8326,[13NH3]
8327,O=C1NC=CC(=O)N1.FC1=CN(C2CCCO2)C(=O)NC1=O
8328,
8329,
8330,COC1=C(NC2=NC=CC(=N2)C2=CN(C)C3=C2C=CC=C3)C=C(NC(=O)C=C)C(=C1)N(C)CCN(C)C
8331,
8332,[Na+].[Na+].[Na+].[Na+].CC1=C(OP([O-])([O-])=O)C2=CC=CC=C2C(OP([O-])([O-])=O)=C1
8333,CN(C)C=NC1=C(I)C=C(I)C(CCC(O)=O)=C1I
8334,
8335,[H][C@@]12CN(C[C@]1([H])[C@H]2NC(=O)[C@H](C)NC(=O)[C@H](C)N)C1=NC2=C(C=C1F)C(=O)C(=CN2C1=CC=C(F)C=C1F)C(O)=O
8336,
8337,
8338,COC(CNC(=O)C1=CC=CC=C1OCC(O)=O)C[Hg]O
8339,
8340,CCCC(=O)NC1=C(I)C=C(I)C(CC(CC)C(O)=O)=C1I
8341,
8342,CCCOC1=CC(N)=CC=C1C(=O)OCCN(CC)CC
8343,ClC1=C(CN2CCCC2=N)NC(=O)NC1=O
8344,C(C(C(C(C(C=O)O)O)O)O)O.C(C(C(C(C(=O)CO)O)O)O)O
8345,CCCCOC1=CC=C(OCCCN2CCOCC2)C=C1
8346,CN(C(C)=O)C1=C(I)C(C(O)=O)=C(I)C(NC(C)=O)=C1I
8347,CC(=O)NC1=C(I)C(C(O)=O)=C(I)C=C1I
8348,O=C1CCO1
8349,
8350,CCCCOCCOCCOCC1=CC2=C(OCO2)C=C1CCC
8351,CC(C)NC[C@H](O)COC1=CC=C(CCOCC2CC2)C=C1
8352,CC(N)CC1=CC=C(O)C=C1
8353,S1SSSSSSS1
8354,NC1=CC=C(C=C1)S(=O)(=O)NC(=O)C1=CC=CC=C1
8355,CC(C)(CO)[C@@H](O)C(=O)NCCCO
8355,CC(C)(CO)[C@@H](O)C(=O)NCCCO
8356,
8357,O.[Hg+].CCN(CC)CCOC(=O)C1=CC=C(N)C=C1.[CH2]C(CN=C(O)C1=CC=CC=C1OCC([O-])=O)OCCOC
8358,CCCOC(=O)CN1C=C(I)C(=O)C(I)=C1
8359,CS(=O)(=O)NCCCNC(=O)C1=CC(=NC=C1)N2C=NC=N2
8360,[Na+].[Na+].O[32P]([O-])([O-])=O
8361,[H][C@@]12CC[C@@](O)(C#C)[C@@]1(C)CC[C@]1([H])C3=C(CC[C@@]21[H])CC(=O)CC3
8362,OC1=CC(=CC(O)=C1O)C(=O)OC1=C(O)C(O)=CC(=C1)C(=O)OC[C@H]1OC(OC(=O)C2=CC(OC(=O)C3=CC(O)=C(O)C(O)=C3)=C(O)C(O)=C2)[C@H](OC(=O)C2=CC(OC(=O)C3=CC(O)=C(O)C(O)=C3)=C(O)C(O)=C2)[C@@H](OC(=O)C2=CC(OC(=O)C3=CC(O)=C(O)C(O)=C3)=C(O)C(O)=C2)[C@@H]1OC(=O)C1=CC(OC(=O)C2=CC(O)=C(O)C(O)=C2)=C(O)C(O)=C1
8363,
8364,CC1(C)C(=CC=CC=CC=CC2=[N+](CCCCS([O-])(=O)=O)C3=CC=C4C=CC=CC4=C3C2(C)C)N(CCCCS(O)(=O)=O)C2=CC=C3C=CC=CC3=C12
8365,CC1=CN=C(C=C1)NC(=O)C2=C(C3=CC=CC=C3O2)CSC4=NC=NN4
8366,CCCCCCCCCCCC(=O)OCCNC(=O)C[N+]1=CC=CC=C1
8367,[Cl-].CCC(=O)OCCNC(=O)C[N+]1=CC=CC=C1
8368,[H][C@@]12CC[C@](O)(C(=O)CO)[C@@]1(C)C[C@H](O)[C@@]1([H])[C@@]2([H])C[C@H](F)C2=CC(=O)C=C[C@]12C
8369,
8370,[Na+].[Na+].[O-][51Cr]([O-])(=O)=O
8371,
8372,[Na+].[O-]C(=O)CNC(=O)C1=C([131I])C=CC=C1
8373,[H][C@]1(C)C[C@@]2([H])[C@]3([H])CCC4=CC(=O)C=C[C@]4(C)[C@@]3([H])C(=O)C[C@]2(C)[C@@]1(O)C(=O)CO
8374,[57Co+3].[C-]#N.C[C@H](CNC(=O)CC[C@]1(C)[C@@H](CC(N)=O)C2[N-]\C1=C(C)/C1=N/C(=C\C3=N\C(=C(C)/C4=N[C@]2(C)[C@@](C)(CC(N)=O)[C@@H]4CCC(N)=O)\[C@@](C)(CC(N)=O)[C@@H]3CCC(N)=O)/C(C)(C)[C@@H]1CCC(N)=O)OP([O-])(=O)O[C@@H]1[C@@H](CO)O[C@@H]([C@@H]1O)N1C=[NH]C2=C1C=C(C)C(C)=C2
8375,CCC12CCC3C(CCC4=CC(=O)CCC34)C1CCC2(O)C#C
8376,
8377,OP(O)(O)=O
8378,[Na+].CC([O-])=O
8379,[99Tc].S1SSSSSSS1
8380,[18F-]
8381,C[75Se]CC[C@H](N)C(O)=O
8382,[H][C@]1(O)CO[C@]2([H])[C@]([H])(O)CO[C@]12[H]
8383,CC(CN(C(C)=O)C1=C(I)C=C(I)C(N)=C1I)C(O)=O
8384,[Mg++].[Cl-].[Cl-]
8385,O.O.O.O.[Mg++].CC([O-])=O.CC([O-])=O
8386,[K+].OP(O)([O-])=O
8387,[K+].[K+].OP([O-])([O-])=O
8388,CNC[C@H](O)[C@@H](O)[C@H](O)[C@H](O)CO
8389,[K+].[O-][Cl](=O)(=O)=O
8390,OC[C@@H](O)[C@H](O)[C@@H](O)C=O
8390,OC[C@@H](O)[C@H](O)[C@@H](O)C=O
8391,[123I-]
8392,[H][C@@](CC1=CN=CN1)(NC(=O)[C@]1([H])CCC(=O)N1)C(=O)N1CCC[C@@]1([H])C(N)=O
8393,
8394,
8395,[111In+3].OC(=O)CN(CCN(CCN(CC([O-])=O)CC([O-])=O)CC([O-])=O)CC(O)=O
8396,
8397,
8398,[81Kr]
8399,
8400,
8401,[Na+].[O-]C(=O)CNC(=O)C1=CC=CC=C1[123I]
8402,[Na+].OP(O)([O-])=O
8403,
8404,O[C@H]([C@@H](O)C(O)=O)C(O)=O
8405,[Na+].[Na+].[O-]C([O-])=O
8406,[127Xe]
8407,OCC(O)CO
8408,[Na+].[Na+].[O-]S([O-])(=O)=O
8409,[111In+3].[O-]C1=CC=CC2=C1N=CC=C2.[O-]C1=CC=CC2=C1N=CC=C2.[O-]C1=CC=CC2=C1N=CC=C2
8410,[H][C@@](C)(N[C@@]([H])(CCC1=CC=CC=C1)C(O)=O)C(=O)N1CCC[C@@]1([H])C(O)=O
8411,[82Rb+]
8412,CC(C)NC(C)CC1=CC=C([123I])C=C1
8413,[Mg++].[O-]C([O-])=O
8414,[K+].CC(O)C([O-])=O
8415,[Na+].[Na+].[O-]P([O-])(F)=O
8416,CN(C(=O)CC(=O)N(C)C1=C(I)C(C(=O)NC(CO)C(O)CO)=C(I)C(C(=O)NC(CO)C(O)CO)=C1I)C1=C(I)C(C(=O)NC(CO)C(O)CO)=C(I)C(C(=O)NC(CO)C(O)CO)=C1I
8417,[H]\C(CN1CCCC1)=C(\C1=CC=C(C)C=C1)C1=CC=CC(=N1)C(\[H])=C(/[H])C(O)=O
8418,Cl[111In](Cl)Cl
8419,
8420,CCCCCCCCCCCCCCCCO
8421,COC1=CC=C(C=C1)C(=O)CC(=O)C1=CC=C(C=C1)C(C)(C)C
8422,[H]\C(=C(\[H])C1=CC=C(OC)C=C1)C(=O)OCC(CC)CCCC
8423,[Cl-].[Cl-].[89Sr++]
8424,OS(O)(=O)=S
8425,N.[Fe+3].OC(=O)CC(O)(CC(O)=O)C(O)=O
8426,[H]C(=O)[C@H]([18F])[C@@H](O)[C@H](O)[C@H](O)CO
8427,
8428,[O-2].[O-2].[O-2].[O-2].[Fe+2].[Fe+3].[Fe+3]
8429,N[13C](N)=O
8430,[O--].[O--].[O--].[O--].[O--].[O--].[O--].[O--].[O--].[O--].[Mg++].[Mg++].[Mg++].[Si+4].[Si+4].[Si+4].[Si+4].[O-][H].[O-][H]
8431,O=[Si]=O.CO[Si](C)(C)O[Si](C)(C)C
8432,N[14C](N)=O
8433,COC1=CC=C(O)C=C1
8434,[O--].[O--].[O--].[Na+].[Fe+3].[Fe+3].OC[C@@H](O)[C@@H](O)[C@H](O)[C@@H](O)C([O-])=O.OC[C@H]1O[C@@](CO)(O[C@H]2O[C@H](CO)[C@@H](O)[C@H](O)[C@H]2O)[C@@H](O)[C@@H]1O.OC[C@H]1O[C@@](CO)(O[C@H]2O[C@H](CO)[C@@H](O)[C@H](O)[C@H]2O)[C@@H](O)[C@@H]1O.OC[C@H]1O[C@@](CO)(O[C@H]2O[C@H](CO)[C@@H](O)[C@H](O)[C@H]2O)[C@@H](O)[C@@H]1O.OC[C@H]1O[C@@](CO)(O[C@H]2O[C@H](CO)[C@@H](O)[C@H](O)[C@H]2O)[C@@H](O)[C@@H]1O.OC[C@H]1O[C@@](CO)(O[C@H]2O[C@H](CO)[C@@H](O)[C@H](O)[C@H]2O)[C@@H](O)[C@@H]1O
8435,OC1=CC=C(O)C=C1
8436,CC(C)CC(C(=O)NC(C(C)C)C(=O)O)NC(=O)CNC(=O)C(CCC(=O)N)NC(=O)C(CC(C)C)NC(=O)C(CC(C)C)NC(=O)C(CCCNC(=N)N)NC(=O)C(CCC(=O)N)NC(=O)C(CC(C)C)NC(=O)C(CCCNC(=N)N)NC(=O)C(C)NC(=O)C(CO)NC(=O)C(CC(=O)O)NC(=O)C(CCCNC(=N)N)NC(=O)C(CC(C)C)NC(=O)C(CCCNC(=N)N)NC(=O)C(CO)NC(=O)C(CC(C)C)NC(=O)C(CCC(=O)O)NC(=O)C(CO)NC(=O)C(C(C)O)NC(=O)C(CC1=CC=CC=C1)NC(=O)C(C(C)O)NC(=O)CNC(=O)C(CC(=O)O)NC(=O)C(CO)NC(=O)C(CC2=NC=CN2)N
8437,FC(F)(F)C(F)(F)C(F)(F)C(F)(F)C(F)(F)C(F)(F)F
8438,
8439,CC1(C)C2CCC1(CS(O)(=O)=O)C(=O)C2=CC1=CC=C(C=C2C3CCC(CS(O)(=O)=O)(C2=O)C3(C)C)C=C1
8440,CCCCC(CC)COC(=O)C(C#N)=C(C1=CC=CC=C1)C1=CC=CC=C1
8441,O=[Ti]=O
8442,
8443,
8444,COC(=O)C1=CC=CC=C1O
8445,OS(O)(=O)=O.NC(=N)NCC1=CC([123I])=CC=C1.NC(=N)NCC1=CC([123I])=CC=C1
8446,
8447,CCCCCCCCCCCCCCCC[N+](C)(C)CCN(CC1=CC=C(OC)C=C1)C1=NC=CC=N1
8448,OC(=O)\C=C/C(O)=O.CN(C)CC[C@@H](C1=CC=C(Cl)C=C1)C1=CC=CC=N1
8449,C1C2=C(C=CC(=C2)OCCCC(=O)N(CCO)C3=CC=CC=C3)N=C4N1CC(=O)N4
8450,[Na+].[Na+].OCC(O)COP([O-])([O-])=O
8451,C[N+](C)([11CH3])CCO
8452,C1=CC=C(C=C1)C[C@@H](C(=O)O)NS(=O)(=O)C2=CC=CC(=C2)N
8453,
8454,
8455,CC(C)C[C@H](NC(=O)CNC(=O)C1=CC(Cl)=CC=C1Cl)B(O)O
8456,CN[C@H](C)CC1=CC=CC=C1
8457,
8458,
8459,
8460,
8461,
8462,
8463,
8464,C1=CC=C2C(=C1)C=CNC2=O
8465,
8466,
8467,
8468,
8469,
8470,
8471,
8472,
8473,
8474,
8475,
8476,
8477,
8478,
8479,
8480,
8481,
8482,
8483,
8484,
8485,
8486,
8487,
8488,
8489,
8490,
8491,
8492,
8493,
8494,
8495,
8496,
8497,
8498,
8499,
8500,
8501,
8502,
8503,
8504,
8505,
8506,
8507,
8508,
8509,
8510,
8511,
8512,
8513,
8514,
8515,
8516,
8517,
8518,
8519,
8520,
8521,
8522,
8523,
8524,
8525,
8526,
8527,
8528,
8529,
8530,
8531,
8532,
8533,
8534,
8535,
8536,C1=CN=C(C=C1C(=O)O)C(=O)O
8537,
8538,
8539,
8540,
8541,
8542,
8543,
8544,
8545,
8546,
8547,
8548,
8549,
8550,
8551,
8552,
8553,
8554,
8555,
8556,
8557,
8558,
8559,
8560,
8561,
8562,
8563,
8564,
8565,
8566,
8567,
8568,
8569,
8570,
8571,
8572,
8573,
8574,
8575,
8576,
8577,
8578,
8579,
8580,
8581,
8582,
8583,
8584,
8585,
8586,
8587,
8588,
8589,
8590,
8591,
8592,
8593,
8594,
8595,
8596,
8597,
8598,
8599,
8600,
8601,
8602,
8603,
8604,
8605,
8606,
8607,
8608,
8609,
8610,
8611,
8612,
8613,
8614,
8615,
8616,
8617,
8618,
8619,
8620,
8621,
8622,
8623,
8624,
8625,
8626,
8627,
8628,
8629,
8630,
8631,
8632,
8633,
8634,
8635,
8636,
8637,
8638,
8639,
8640,
8641,
8642,
8643,
8644,
8645,
8646,
8647,
8648,
8649,
8650,
8651,
8652,
8653,
8654,
8655,
8656,
8657,
8658,
8659,
8660,
8661,
8662,
8663,
8664,
8665,
8666,
8667,
8668,
8669,
8670,
8671,
8672,
8673,
8674,C1CCC2=NC3=C(C=CC(=C3)Cl)C(=C2C1)NCCCNC(=O)CCCCC4CCSS4
8675,
8676,
8677,
8678,
8679,
8680,
8681,
8682,
8683,
8684,
8685,
8686,
8687,
8688,
8689,
8690,
8691,
8692,
8693,
8694,
8695,
8696,
8697,
8698,
8699,
8700,
8701,
8702,
8703,
8704,
8705,
8706,
8707,
8708,
8709,
8710,
8711,
8712,
8713,
8714,
8715,
8716,
8717,
8718,
8719,
8720,
8721,
8722,
8723,
8724,
8725,
8726,
8727,
8728,
8729,
8730,
8731,
8732,
8733,
8734,
8735,
8736,
8737,
8738,
8739,
8740,
8741,
8742,
8743,
8744,
8745,
8746,
8747,
8748,
8749,
8750,
8751,
8752,
8753,
8754,
8755,
8756,
8757,
8758,
8759,
8760,
8761,
8762,
8763,
8764,
8765,
8766,
8767,
8768,
8769,
8770,
8771,
8772,
8773,
8774,
8775,
8776,
8777,
8778,
8779,
8780,
8781,
8782,
8783,
8784,
8785,
8786,
8787,
8788,
8789,
8790,
8791,
8792,
8793,
8794,
8795,C1CC(C2=CC=CC=C2C1)C3=NCCN3.Cl
8796,
8797,
8798,
8799,
8800,
8801,
8802,
8803,
8804,
8805,
8806,
8807,
8808,
8809,
8810,
8811,
8812,C1=CC=C2C(=C1)C=CC(=O)C2=O
8813,
8814,
8815,
8816,
8817,
8818,
8819,
8820,
8821,
8822,
8823,
8824,
8825,
8826,
8827,
8828,
8829,
8830,
8831,
8832,
8833,
8834,
8835,
8836,
8837,
8838,
8839,
8840,
8841,
8842,
8843,
8844,
8845,
8846,
8847,
8848,
8849,
8850,
8851,
8852,
8853,
8854,
8855,
8856,
8857,
8858,
8859,
8860,
8861,
8862,
8863,
8864,
8865,
8866,
8867,
8868,
8869,
8870,
8871,
8872,
8873,
8874,
8875,
8876,
8877,
8878,
8879,
8880,
8881,
8882,
8883,
8884,
8885,
8886,
8887,
8888,
8889,
8890,
8891,
8892,
8893,
8894,
8895,
8896,
8897,
8898,
8899,
8900,
8901,
8902,
8903,
8904,
8905,
8906,
8907,
8908,
8909,
8910,
8911,
8912,
8913,
8914,
8915,
8916,
8917,
8918,
8919,
8920,
8921,
8922,
8923,
8924,
8925,
8926,
8927,
8928,
8929,
8930,
8931,
8932,
8933,
8934,
8935,
8936,
8937,
8938,
8939,
8940,
8941,
8942,
8943,
8944,
8945,
8946,
8947,
8948,
8949,
8950,
8951,
8952,
8953,
8954,
8955,
8956,
8957,
8958,
8959,
8960,
8961,
8962,
8963,
8964,
8965,
8966,
8967,
8968,
8969,
8970,
8971,
8972,
8973,
8974,
8975,
8976,
8977,C1=CC2=C(C=C1Br)C(=CN2)C3=NC(=NC=C3)N
8978,
8979,
8980,
8981,
8982,
8983,
8984,
8985,
8986,
8987,
8988,
8989,
8990,
8991,C1=CC=C(C(=C1)N)S(=O)(=O)N
8992,
8993,
8994,
8995,
8996,
8997,
8998,
8999,
9000,
9001,
9002,
9003,C1(=NN=C(S1)S(=O)(=O)N)N
9004,
9005,
9006,
9007,
9008,
9009,
9010,
9011,
9012,
9013,
9014,
9015,
9016,
9017,
9018,
9019,
9020,
9021,
9022,
9023,
9024,
9025,
9026,
9027,
9028,
9029,
9030,
9031,
9032,
9033,
9034,
9035,
9036,
9037,
9038,
9039,
9040,
9041,
9042,
9043,
9044,
9045,
9046,
9047,
9048,
9049,
9050,
9051,
9052,
9053,
9054,
9055,
9056,
9057,
9058,
9059,
9060,
9061,
9062,
9063,
9064,
9065,
9066,
9067,
9068,
9069,
9070,
9071,
9072,CC1=CC2CC3=C(C=CC(=O)N3)[C@@]4(C1)[C@@H]2CCCN4C(=O)CN(C)CCN(C)CC(=O)N5CCC[C@H]6[C@@]57CC(=CC6CC8=C7C=CC(=O)N8)C
9073,
9074,
9075,
9076,
9077,
9078,
9079,
9080,
9081,
9082,
9083,
9084,
9085,
9086,
9087,
9088,
9089,
9090,
9091,
9092,
9093,
9094,
9095,
9096,
9097,
9098,
9099,
9100,
9101,
9102,
9103,
9104,
9105,
9106,
9107,
9108,
9109,
9110,
9111,
9112,
9113,
9114,
9115,
9116,
9117,
9118,
9119,
9120,
9121,
9122,
9123,
9124,
9125,
9126,
9127,
9128,
9129,
9130,
9131,CCCCCCCCCCCCCC(O)=O
9132,
9133,
9134,
9135,
9136,
9137,
9138,
9139,
9140,
9141,
9142,
9143,
9144,
9145,
9146,
9147,
9148,
9149,
9150,
9151,CC(=O)NC1CC2=C(C1)C=C(C=C2)S(=O)(=O)N
9152,CCCC(CCC)C(=O)NC1CCC2=C1C=CC(=C2)S(=O)(=O)N
9153,CCCC(CCC)C(=O)NC1CC2=C(C1)C=C(C=C2)S(=O)(=O)N
9154,C1CCC(CC1)C(=O)NC2CCC3=C2C=CC(=C3)S(=O)(=O)N
9155,C1CCC(CC1)C(=O)NC2CC3=C(C2)C=C(C=C3)S(=O)(=O)N
9156,C1CC2=C(C1NC(=O)C3=C(C(=C(C(=C3F)F)F)F)F)C=CC(=C2)S(=O)(=O)N
9157,C1C(CC2=C1C=CC(=C2)S(=O)(=O)N)NC(=O)C3=C(C(=C(C(=C3F)F)F)F)F
9158,
9159,CCCC(=O)NC1CC2=C(C1)C=C(C=C2)S(=O)(=O)N
9160,CCCCC(=O)NC1CC2=C(C1)C=C(C=C2)S(=O)(=O)N
9161,CCCCCCCCCC(=O)NC1CC2=C(C1)C=C(C=C2)S(=O)(=O)N
9162,
9163,
9164,
9165,
9166,
9167,
9168,
9169,
9170,
9171,
9172,
9173,
9174,[Cl-].[Cl-].[Sn++]
9175,CN(C)C1=CC=C(C=C1)C(=C2C=CC(=[N+](C)C)C=C2)C3=CC=C(C=C3)N(C)C.[Cl-]
9176,CC1=CC(=NO1)CSC2=CC=CC=C2C(=O)N3CCN(CC3)CC4=CC=NC=C4
9177,
9178,
9179,CC1=C(C=C(C=C1)S(=O)(=O)C)C(=O)OCC(=O)C2=C(NC3=CC=CC=C32)C
9180,CCCCC(CC)COC(=O)C1=C(O)C=CC=C1
9181,
9182,CC1CC(CC(C)(C)C1)OC(=O)C1=C(O)C=CC=C1
9183,
9184,
9185,CC1=C(C2=CC3=C(C(=C([N-]3)C=C4C(=C(C(=N4)C=C5C(=C(C(=N5)C=C1[N-]2)C)C=C)C)C=C)C)CCC(=O)O)CCC(=O)O.[Fe+2]
9186,O[Se](O)(=O)=O
9187,
9188,OC1=CC=CC=C1C(=O)OC1=CC=CC=C1
9189,F
9190,CCCCCCCCCCCCCCCC[N+]1=CC=CC=C1
9191,
9192,
9193,
9194,OCCN(CCO)CCO.OC(=O)C1=CC=CC=C1O
9195,[Ag+].[O-]N(=O)=O
9196,Cl[Al](Cl)Cl
9197,
9198,OC1=CC(O)=CC=C1
9199,
9200,
9201,
9202,CCCCC(CC)COC(=O)CC(C(=O)OCC(CC)CCCC)S(O)(=O)=O
9203,[K+].[O-][N+]([O-])=O
9204,OO
9205,F[Sn]F
9206,[Ca++].[Ca++].[Ca++].OC(CC([O-])=O)(CC([O-])=O)C([O-])=O.OC(CC([O-])=O)(CC([O-])=O)C([O-])=O
9207,
9208,CC[C@H](C)[C@H]1C(=O)N[C@H](C(=O)NCC(=O)N[C@H](C(=O)N[C@H](C(=O)NCC(=O)N[C@H](C(=O)N[C@H](C(=O)N[C@H](C(=O)N[C@H](C(=O)N[C@@H](CSSC[C@H]2C(=O)NCC(=O)N[C@H](C(=O)NCC(=O)N[C@H](C(=O)N[C@H](C(=O)N[C@@H](CSSC[C@@H](C(=O)N[C@H](C(=O)NCC(=O)N[C@H](C(=O)N[C@H](C(=O)N[C@H](C(=O)N2)C(C)C)CC(=O)N)CO)CCC(=O)O)NC(=O)[C@H](CC(C)C)NC(=O)[C@@H]3CSSC[C@@H](C(=O)N[C@H](C(=O)N[C@H](C(=O)N[C@H](C(=O)NCC(=O)N[C@H](C(=O)N[C@H](C(=O)N[C@H](C(=O)N3)CC(C)C)CC(=O)N)CCC(=O)N)CO)CCC(=O)O)[C@@H](C)O)NC(=O)[C@H](CC(=O)O)NC(=O)[C@H]([C@@H](C)O)NC(=O)[C@H](CC4=CC=C(C=C4)O)NC(=O)[C@H](C(C)C)NC(=O)[C@H](C(C)C)N)C(=O)N1)CCCCN)CC(=O)N)CCC(=O)N)C(=O)N[C@@H](C(C)C)C(=O)N[C@@H]([C@@H](C)O)C(=O)NCC(=O)N[C@@H](CCC(=O)O)C(=O)NCC(=O)N[C@@H]([C@@H](C)O)C(=O)N5CCC[C@H]5C(=O)N[C@@H](CCCCN)C(=O)N6CCC[C@H]6C(=O)N[C@@H](CCC(=O)N)C(=O)N[C@@H](CO)C(=O)N[C@@H](CC7=CN=CN7)C(=O)N[C@@H](CC(=O)N)C(=O)N[C@@H](CC(=O)O)C(=O)NCC(=O)N[C@@H](CC(=O)O)C(=O)N[C@@H](CC8=CC=CC=C8)C(=O)N[C@@H](CCC(=O)O)C(=O)N[C@@H](CCC(=O)O)C(=O)N[C@@H]([C@@H](C)CC)C(=O)N9CCC[C@H]9C(=O)N[C@@H](CCC(=O)O)C(=O)N[C@@H](CCC(=O)O)C(=O)N[C@@H](CC1=CC=C(C=C1)O)C(=O)N[C@@H](CC(C)C)C(=O)N[C@@H](CCC(=O)N)C(=O)O)CCC(=O)N)CC(=O)N)CCCCN)CCC(=O)O)CC(=O)O)CO)CC(C)C
9209,CC(C)C1CCC(C)CC1OC(=O)C1=CC=CC=C1N
9210,
9211,[K+].OC([O-])=O
9212,
9213,NC(=O)NC1NC(=O)NC1=O
9214,CC(=O)N[C@@H](CC1=CC=C(O)C=C1)C(O)=O
9215,FS(F)(F)(F)(F)F
9216,
9217,[K+].O[C@H]([C@@H](O)C([O-])=O)C(O)=O
9218,
9219,ClCl
9220,[Mg++].[Mg++].[Mg++].OC(CC([O-])=O)(CC([O-])=O)C([O-])=O.OC(CC([O-])=O)(CC([O-])=O)C([O-])=O
9221,
9222,
9223,CCCCCCC(O)C/C=C\CCCCCCCC(=O)OCC(OC(=O)CCCCCCC/C=C\CC(O)CCCCCC)COC(=O)CCCCCCC/C=C\CC(O)CCCCCC
9224,
9225,OS(=O)(=O)C1=CC2=C(C=C1)N=C(N2)C1=CC=CC=C1
9226,
9227,OC(=O)CCCCCCCCC=C
9228,
9229,[Na+].[I-]
9230,
9231,CC1=CC(O)=CC(C)=C1Cl
9232,[O-]Cl
9233,
9234,CC(C)(C)CC(C)(C)C1=CC=C(OCCOCC[N+](C)(C)CC2=CC=CC=C2)C=C1
9235,[Ca++].[H][C@@](O)(CO)[C@@]([H])(O)[C@]([H])(O)[C@@]([H])(O)C([O-])=O.[H][C@@](O)(CO)[C@@]([H])(O)[C@]([H])(O)[C@@]([H])(O)C([O-])=O
9236,O[Se](O)=O
9237,[NH4+].[NH4+].[NH4+].[NH4+].[NH4+].[NH4+].O.O.O.O.[O--].[O--].[O--].[O--].[O--].[O--].[O--].[O--].[O--].[O--].[O--].[O--].[O--].[O--].[O--].[O--].[O--].[O--].[O--].[O--].[O--].[O--].[O--].[O--].[Mo+6].[Mo+6].[Mo+6].[Mo+6].[Mo+6].[Mo+6].[Mo+6]
9238,OO.NC(N)=O
9239,
9240,
9241,O=[Si]=O
9242,
9243,[O--].[Cu++]
9244,[Se]
9245,[Cr]
9246,[Mo]
9247,[51Cr]
9248,[Mn++].[H][C@@](O)(CO)[C@@]([H])(O)[C@]([H])(O)[C@@]([H])(O)C([O-])=O.[H][C@@](O)(CO)[C@@]([H])(O)[C@]([H])(O)[C@@]([H])(O)C([O-])=O
9249,C[Se]CC[C@H](N)C(O)=O
9250,
9251,
9252,OC1=CC=CC2=C1N=CC=C2
9253,
9254,CCCCOC(=O)C1=CC=C(N)C=C1
9255,
9256,[Ba++].[O-]S([O-])(=O)=O
9257,[OH-].[Na+]
9258,
9259,[OH-].[K+]
9260,[Zn++].[Zn++].[Zn++].OC(CC([O-])=O)(CC([O-])=O)C([O-])=O.OC(CC([O-])=O)(CC([O-])=O)C([O-])=O
9261,ClC1=CC=C(NC(=O)NC2=CC(Cl)=C(Cl)C=C2)C=C1
9262,[H]\C(=C(\[H])C1=NCCCN1C)C1=CC=CS1
9263,OC1=CC=CC2=C1C(=O)C1=C(O)C=CC=C1C2
9264,
9265,[Na+].[Na+].[S--]
9266,CN(C)CCOC1=CC=CC=C1CC1=CC=CC=C1
9267,
9268,CCOC(=O)[C@H](CS)NCCN[C@@H](CS)C(=O)OCC
9269,
9270,
9271,[Ca++].OC[C@H](O)[C@@H](O)C([O-])=O.OC[C@H](O)[C@@H](O)C([O-])=O
9272,
9273,O.O.O.O.O.[Fe+3].[Fe+3].[O-]S([O-])(=O)=O.[O-]S([O-])(=O)=O.[O-]S([O-])(=O)=O
9274,
9275,CC(C)[C@@H]1CC[C@@H](C)C[C@H]1OCCO
9276,[Zn++].[O-]C(=O)C1=CC=CC=N1.[O-]C(=O)C1=CC=CC=N1
9277,C\C(\C=C\C=C(/C)\C=C\C1=C(C)C[C@@H](O)CC1(C)C)=C/C=C/C=C(\C)/C=C/C=C(\C)/C=C/C1=C(C)C[C@@H](O)CC1(C)C
9278,
9279,C[C@@H](NCC(C)(C)CN[C@H](C)C(\C)=N\O)C(\C)=N\O
9280,CCOCCP(CCOCC)CCP(CCOCC)CCOCC
9281,[H][C@]12CC[C@]([H])(C[C@@H](C1)OC(=O)C(O)C1=CC=CC=C1)N2C
9282,OC(=O)C1=C(Cl)C(Cl)=C(Cl)C(Cl)=C1C1=C2C=C(I)C(=O)C(I)=C2OC2=C(I)C(O)=C(I)C=C12
9283,[Na+].[Na+].CCN(CC1=CC(=CC=C1)S([O-])(=O)=O)C1=CC=C(C=C1)C(C1=CC=C(C=C1)S([O-])(=O)=O)=C1C=CC(C=C1)=[N+](CC)CC1=CC(=CC=C1)S([O-])(=O)=O
9284,OC(=O)CN(CC(O)=O)CC1=CC2=C(OC3=CC(O)=C(CN(CC(O)=O)CC(O)=O)C=C3C22OC(=O)C3=CC=CC=C23)C=C1O
9285,COC1=C(C=C(C(=O)C2=CC=CC=C2)C(O)=C1)S(O)(=O)=O
9286,CCN(CC)CCOCCOC(=O)C1(CCCC1)C1=CC=CC=C1
9287,
9288,
9289,[Mg++].NCC([O-])=O.NCC([O-])=O
9290,CC(C)(CO)[C@@H](O)C(=O)NCCC(=O)NCCSSCCNC(=O)CCNC(=O)[C@H](O)C(C)(C)CO
9291,[C@H]1(C[Co-3]2345[N+]6=C7C(C)=C8N2[C@]([H])([C@H](CC(=O)N)[C@]8(CCC(=O)NC[C@@H](C)OP([O-])(=O)O[C@@H]2[C@@H](CO)O[C@H](N8C=[N+]3C3=CC(C)=C(C)C=C83)[C@@H]2O)C)[C@@]2(C)[C@@](CC(=O)N)([C@H](CCC(=O)N)C(C(C)=C3[N+]4=C(C=C6C([C@@H]7CCC(=O)N)(C)C)[C@@H](CCC(=O)N)[C@@]3(CC(=O)N)C)=[N+]52)C)O[C@@H](N2C3=C(N=C2)C(=NC=N3)N)[C@H](O)[C@@H]1O
9292,[H][C@](O)(CO)[C@@]([H])(O)C(O)=O
9293,
9294,OC[C@H](O)[C@@H](O)[C@H](O)CO
9295,[Fe++].NCC(O)=O.[H][C@](N)(CS)C(O)=O.[H][C@](N)(C[S-])C([O-])=O
9296,
9297,
9298,O.O.[Al+3].[Cl-].[Zr+4].NCC([O-])=O
9299,CC(C)[C@@H]1CC[C@@H](C)C[C@H]1OC(=O)C1=CC=CC=C1O
9300,
9301,[B]
9302,CC(C)(CO)C(O)C(=O)NCCCO
9303,[OH-].[OH-].[OH-].[OH-].[Al+3].[Al+3].[Cl-].NC(=O)NC1NC(=O)[N-]C1=O
9304,CCCCC(CC)COC1=CC(O)=C(C=C1)C1=NC(=NC(=N1)C1=CC=C(OC)C=C1)C1=C(O)C=C(OCC(CC)CCCC)C=C1
9305,COC1=CC=C(\C=C\C(=O)OCCC(C)C)C=C1
9306,
9307,
9308,[Fe++].NCC([O-])=O.NCC([O-])=O
9309,[S--].[Ca++]
9310,OC[C@H]1O[C@@H](OC2=CC=C(O)C=C2)[C@H](O)[C@@H](O)[C@@H]1O
9311,CNC(=O)C1=CC(OC2=CC(F)=C(NC(=O)NC3=CC=C(Cl)C(=C3)C(F)(F)F)C=C2)=CC=N1
9312,CC1=CC=C(\C=C2/C3CCC(C)(C2=O)C3(C)C)C=C1
9313,CCCCCCCCCCCCCCCCCCCCCCCCCCCCO
9314,COC1=CC(O)=C(C=C1)C(=O)C1=CC=CC=C1O
9315,
9316,
9317,
9318,
9319,CCCCC(CC)COC(=O)C(C#N)=C(C1=CC=CC=C1)C1=CC=C(OC)C=C1
9320,
9321,CC(C(=O)N)S(=O)(=O)CC1=C(C=C(C=C1)Cl)Cl
9322,
9323,
9324,CC(C)=CCC\C(C)=C\C=C\C(\C)=C\C=C\C(\C)=C\C=C\C=C(/C)\C=C\C=C(/C)\C=C\C=C(/C)CCC=C(C)C
9325,
9326,[Ag+].[Ag+].[Ag+].OC(CC([O-])=O)(CC([O-])=O)C([O-])=O
9327,
9328,COC1=CC=C(CN(CCN(C)C)C2=NC=CC=N2)C=C1
9329,
9330,
9331,
9332,[Al+3].[Al+3].[O-]S([O-])(=O)=O.[O-]S([O-])(=O)=O.[O-]S([O-])(=O)=O
9333,
9334,
9335,C[Si]1(C)O[Si](C)(C)O[Si](C)(C)O[Si](C)(C)O[Si](C)(C)O1
9336,[Cu++].OC[C@@H](O)[C@@H](O)[C@H](O)[C@@H](O)C([O-])=O.OC[C@@H](O)[C@@H](O)[C@H](O)[C@@H](O)C([O-])=O
9337,
9338,[Zn++].[H][C@@](O)(CO)[C@@]([H])(O)[C@]([H])(O)[C@@]([H])(O)C([O-])=O.[H][C@@](O)(CO)[C@@]([H])(O)[C@]([H])(O)[C@@]([H])(O)C([O-])=O
9339,CCCCCCCCCCCCCCCCCC(=O)OCC(O)CO
9340,
9341,
9342,OC(=O)C1=CC(=CC(=C1)C(O)=O)C(O)=O
9343,CCCCCCC1=C(O)C=C(O)C=C1
9344,[Cr+3].[O-]C(=O)C1=NC=CC=C1.[O-]C(=O)C1=NC=CC=C1.[O-]C(=O)C1=NC=CC=C1
9345,CN1[C@@H](CNC2=CC=C(C=C2)C(=O)N[C@@H](CCC(O)=O)C(O)=O)CNC2=C1C(=O)N=C(N)N2
9346,[F-]
9347,COC1=C(O)C=C(C=C1)C1=CC(=O)C2=C(O1)C=C(O)C=C2O
9348,C[C@H]1C[C@@]2(OC(C)=O)[C@H]([C@H]1OC(=O)C1=CC=CC=C1)[C@@H](OC(C)=O)C(=C)CC[C@H]1[C@@H](\C=C(C)\C2=O)C1(C)C
9349,
9350,CC(C)(C)CC(C)(C)C1=CC(CC2=C(O)C(=CC(=C2)C(C)(C)CC(C)(C)C)N2N=C3C=CC=CC3=N2)=C(O)C(=C1)N1N=C2C=CC=CC2=N1
9351,OC[C@H]1O[C@@H](OC2=CC(\C=C\C3=CC=C(O)C=C3)=CC(O)=C2)[C@H](O)[C@@H](O)[C@@H]1O
9352,[Ca++].OCC(CO)OP([O-])([O-])=O
9353,
9354,
9355,CCCCCCCC[Si](OCC)(OCC)OCC
9356,[H]C(=O)C1=CC(O)=C(O)C=C1
9357,CCCCCCOC(=O)C1=CC=CC=C1C(=O)C1=CC=C(C=C1O)N(CC)CC
9358,
9359,
9360,COC(=O)[C@H](CC(C)C)NC(=O)CCCCCCCCC=C
9361,[H][C@@]12CCCN1C(=O)[C@H](C(C)C)N1C(=O)[C@](NC(=O)[C@H]3CN(C)[C@]4([H])CC5=CNC6=CC=CC(=C56)[C@@]4([H])C3)(O[C@@]21O)C(C)C
9362,[H][C@@]12CCCN1C(=O)[C@H](CC(C)C)N1C(=O)[C@](NC(=O)[C@H]3CN(C)[C@]4([H])CC5=CNC6=CC=CC(=C56)[C@@]4([H])C3)(O[C@@]21O)C(C)C
9363,[H][C@@]12CCCN1C(=O)[C@]([H])([C@H](C)CC)N1C(=O)[C@](NC(=O)[C@H]3CN(C)[C@]4([H])CC5=CNC6=CC=CC(=C56)[C@@]4([H])C3)(O[C@@]21O)C(C)C
9364,
9365,
9366,C[C@@H]([C@H](O)C1=CC=CC=C1)N(C)C
9367,CCN(CC)C1=CC=C(C=C1)C(C1=CC=CC=C1)=C1C=CC(C=C1)=[N+](CC)CC
9368,[O--].[O--].[Bi+3].[Bi+3].[O-]C([O-])=O
9369,CCN(CC)C(=O)C1=CC(C)=CC=C1
9370,CCCCCCCCCCCCCC(=O)OCC(COP([O-])(=O)OCC[N+](C)(C)C)OC(=O)CCCCCCCCCCCCC
9371,CCCCCCCCCCCCCC(=O)OCC(COP(O)(=O)OCC(O)CO)OC(=O)CCCCCCCCCCCCC
9372,[H]\C(=C(\[H])C1=CC(OC)=C(O)C=C1)C(=O)OCC
9373,
9374,CC1(C)C2CCC1(C)C(O)C2
9375,
9376,[Al+3].CCCCCCCCCCCCCCCCCC([O-])=O.CCCCCCCCCCCCCCCCCC([O-])=O.CCCCCCCCCCCCCCCCCC([O-])=O
9377,CCCCC(CC)COC(=O)C1=CC=CC=C1
9378,
9379,
9380,
9381,NCCCC[C@H](NC(=O)[C@H](CC1=CNC=N1)NC(=O)CN)C(O)=O
9382,CCCCCCCCCCCCCCCC(=O)NCC(=O)N[C@@H](CC1=CNC=N1)C(=O)N[C@@H](CCCCN)C(O)=O
9383,
9384,CCCCOCC1=CC(OC)=C(O)C=C1
9385,
9386,
9387,
9388,C1=CC=C(C=C1)OCCO
9389,C1=CC=C2C(=C1)C(=CC=C2O)O
9390,
9391,OS(O)(=O)=O
9392,
9393,CC1=C2CCN[C@H](C2=C(C=C1)C)/C=C/C3=CC(=C(C=C3)O)O
9394,
9395,C[N+]1(C)[C@H]2C[C@@H](C[C@@H]1[C@H]1O[C@@H]21)OC(=O)[C@H](CO)C1=CC=CC=C1
9396,[H]C(CC)=C([H])C\C([H])=C(\[H])C\C([H])=C(\[H])C\C([H])=C(\[H])C\C([H])=C(\[H])C\C([H])=C(\[H])CCC(=O)OC[C@]([H])(COP(O)(=O)OC[C@]([H])(N)C(O)=O)OC(=O)CC\C([H])=C(\[H])C\C([H])=C(\[H])C\C([H])=C(\[H])CC([H])=C([H])C\C([H])=C(\[H])C\C([H])=C(\[H])CC
9397,
9398,OCCOC(=O)C1=CC=CC=C1O
9399,CCCCCCCCC(=O)NCC1=CC(OC)=C(O)C=C1
9400,
9401,OB(O)O
9402,[O-][N+]1=CC=CC=C1SSC1=CC=CC=[N+]1[O-]
9403,CCCCC(CC)CCC(CC(C)C)OS(O)(=O)=O
9404,
9405,
9406,CCCCCCCCCCCCCCCC(=O)OC[C@H](COP(O)(=O)OCC(O)CO)OC(=O)CCCCCCC\C=C/CCCCCCCC
9407,CC(C)C[C@H](NC(=O)[C@@H](N)CCCCN)C(=O)N[C@@H](CC(C)C)C(=O)N[C@@H](CC(C)C)C(=O)N[C@@H](CC(C)C)C(=O)N[C@@H](CCCCN)C(=O)N[C@@H](CC(C)C)C(=O)N[C@@H](CC(C)C)C(=O)N[C@@H](CC(C)C)C(=O)N[C@@H](CC(C)C)C(=O)N[C@@H](CCCCN)C(=O)N[C@@H](CC(C)C)C(=O)N[C@@H](CC(C)C)C(=O)N[C@@H](CC(C)C)C(=O)N[C@@H](CC(C)C)C(=O)N[C@@H](CCCCN)C(=O)N[C@@H](CC(C)C)C(=O)N[C@@H](CC(C)C)C(=O)N[C@@H](CC(C)C)C(=O)N[C@@H](CC(C)C)C(=O)N[C@@H](CCCCN)C(O)=O
9408,
9409,OC[C@H](O)[C@H]1OC(=O)C(O[C@H]2O[C@H](CO)[C@@H](O)[C@H](O)[C@H]2O)=C1O
9410,C(NC1=NC=NC2=C1NC=N2)C1=CC=CO1
9411,C\C(CO)=C/CNC1=C2N=CNC2=NC=N1
9412,
9413,COC1=C(OC)C(O)=C(C\C=C(/C)CC\C=C(/C)CC\C=C(/C)CC\C=C(/C)CC\C=C(/C)CC\C=C(/C)CC\C=C(/C)CC\C=C(/C)CC\C=C(/C)CCC=C(C)C)C(C)=C1O
9414,
9415,[O--].[O--].[O--].[Al+3].[Al+3]
9416,O[SiH3]
9417,CC(C)[C@H]1CC[C@H](C)C[C@@H]1O
9418,CC1(C)[C@H]2CC[C@]1(C)C(=O)C2
9419,[Rb]
9420,C[C@]1(CCC[C@]2([C@H]1CC[C@@]3([C@@H]2C[C@H]([C@]4([C@H]3CC=C5[C@@H]4COC5=O)C)O)C)C)CO
9421,[Ca++].[Ca++].[Ca++].[O-]P([O-])([O-])=O.[O-]P([O-])([O-])=O
9422,CCCCCCCCCCCCCCCCOC(=O)C(CC)CCCC
9423,
9424,
9425,
9426,
9427,
9428,
9429,COC1=C(O)C=CC=C1
9430,
9431,
9432,CC(C)N(CCCCOCC(=O)NS(C)(=O)=O)C1=NC(C2=CC=CC=C2)=C(N=C1)C1=CC=CC=C1
9433,CCC1=CC2=C(C=C1N1CCC(CC1)N1CCOCC1)C(C)(C)C1=C(C3=CC=C(C=C3N1)C#N)C2=O
9434,OC(=O)[C@@H]1CSCN1C(=O)[C@@H]1CCC(=O)N1
9435,OCC1OC(OC2=C3C(=O)C4=C(C=C(C=C4O)C(O)=O)C(C4C5=CC=CC(OC6OC(CO)C(O)C(O)C6O)=C5C(=O)C5=C4C=C(C=C5O)C(O)=O)C3=CC=C2)C(O)C(O)C1O
9436,CN(C(=O)C1=C(O)C2=C(C=CC=C2)N(C)C1=O)C1=CC=CC=C1
9437,[H][C@]12SCC(OC)=C(N1C(=O)[C@H]2NC(=O)[C@H](N)C1=CCC=CC1)C(O)=O
9438,OCCOC1=CC=C(Cl)C=C1
9439,FC(F)(F)CNC(=O)CNC(=O)C1=C2C=CC=CC2=C(C=C1)C1=NOC(C1)(C1=CC(=CC(Cl)=C1)C(F)(F)F)C(F)(F)F
9440,[H][C@@]1(CC[C@@]2([H])[C@]3([H])CC[C@@]4([H])C[C@]([H])(O)CC[C@]4(C)[C@@]3([H])C(=O)C[C@]12C)C(C)=O
9441,[H][C@@]12CC[C@@](O)(CC=C)[C@@]1(C)C=CC1=C3CCC(=O)C=C3CC[C@@]21[H]
9442,CN(\C=N\C1=C(C)C=C(C)C=C1)\C=N\C1=C(C)C=C(C)C=C1
9443,[Cl-].CCCC1=NC=C(C[N+]2=CC=CC=C2C)C(N)=N1
9444,[H][C@]12COC(O[C@@H]3O[C@H](COC)[C@@H](O[C@@H]4O[C@H](C)[C@H](OC)[C@H](O[C@H]5C[C@@]6(C)OC7(C[C@@H](O)[C@H](O[C@H]8C[C@@H](O)[C@H](OC(=O)C9=C(C)C(Cl)=C(O)C(Cl)=C9OC)[C@@H](C)O8)[C@@H](C)O7)O[C@]6([H])[C@@H](C)O5)[C@H]4O)[C@H](O)[C@@H]3OC)[C@H](OC(=O)C(C)C)[C@]1([H])O[C@@]1(O2)O[C@H](C)[C@@](O)(C(C)=O)[C@]2([H])OCO[C@@]12[H]
9445,FC1=CC=C(C=C1)C(=O)CCCN1CCN(CC1)C1=CC=CC=N1
9446,C[C@H]1O[C@@H](O[C@H]2[C@H](O)[C@@H](NC(C)=O)[C@H](O[C@H]3[C@@H](OP(O)(=O)OC[C@@H](O)C(=O)OCC\C=C(/C)CC\C=C\C(C)(C)CCC(=C)C\C=C(/C)CCC=C(C)C)O[C@H](C(O)=O)[C@@](C)(O)[C@@H]3OC(N)=O)O[C@@H]2CO[C@@H]2O[C@H](CO)[C@@H](O)[C@H](O)[C@H]2O)[C@H](NC(C)=O)[C@@H](O)[C@@H]1O[C@@H]1O[C@@H]([C@H](O)[C@H](O)[C@H]1O)C(=O)NC1=C(O)CCC1=O
9447,CCOC(=O)C1=CNC2=CC(OCC(C)C)=C(OCC(C)C)C=C2C1=O
9448,CCCC(=O)OC(C(Cl)(Cl)Cl)P(=O)(OC)OC
9449,CC(C)OC(=O)NC1=CC2=C(NC(=N2)C2=CSC=N2)C=C1
9450,NC(=O)NC1=CC=C(C=C1)[As](O)(O)=O
9451,[H][C@@]1(C[C@@](C)(O)[C@@H](OC(=O)CC(C)C)[C@H](C)O1)O[C@@H]1[C@@H](C)O[C@@]([H])(O[C@H]2[C@@H](CC=O)C[C@@H](C)C(=O)\C=C\[C@@H]3O[C@H]3C[C@@H](C)OC(=O)C[C@@H](OC(C)=O)[C@@H]2OC)[C@H](O)[C@H]1N(C)C
9452,[H][C@]12SCC(C[N+]3=CC=C(C=C3)C(N)=O)=C(N1C(=O)[C@H]2NC(=O)CC1=CC=CS1)C([O-])=O
9453,CC(C)(O)C(Cl)(Cl)Cl
9454,ClC(Cl)Cl
9455,NC1=C(C=C(C(=C1)C(Cl)=C(Cl)Cl)S(N)(=O)=O)S(N)(=O)=O
9456,CCOP(=S)(OCC)OC1=CC2=C(C=C1)C(C)=C(Cl)C(=O)O2
9457,COP(=S)(OC)OC1=CC=C(C=C1)S(N)(=O)=O
9458,[H][C@]12CN(C3=C(F)C=C4C(=O)C(=CN(C5CC5)C4=C3)C(O)=O)[C@]([H])(CN1C)C2
9459,CCCCCCCCCCOC1=C(OCC)C=C2NC=C(C(=O)OCC)C(=O)C2=C1
9460,COC1=C(F)C=C(C=C1)C1=CC(=NN1C1=CC=C(C=C1)S(N)(=O)=O)C(F)F
9461,OC1=CC=C(Cl)C=C1CC1=CC(Cl)=CC=C1O
9462,COP(=O)(OC)OC=C(Cl)Cl
9463,ClC1=CC=C(C=C1)C(C#N)C1=C(Cl)C=C(C=C1Cl)N1N=CC(=O)NC1=O
9464,CN(CC1=CC=CC=C1)C(=O)[C@@H](NC(=O)C1=CC2=C(C=CC(NC(=O)C3=CC=CC=C3C3=CC=C(C=C3)C(F)(F)F)=C2)N1C)C1=CC=CC=C1
9465,[H][C@@]12OC\C3=C/C=C/[C@H](C)[C@H](O[C@@]4([H])C[C@H](OC)[C@@H](O[C@@]5([H])C[C@H](OC)[C@@H](O)[C@H](C)O5)[C@H](C)O4)\C(C)=C\C[C@@H]4C[C@@H](C[C@]5(O4)O[C@H](C4CCCCC4)[C@@H](C)C=C5)OC(=O)[C@]([H])(C=C(C)[C@H]1O)[C@@]23O
9466,[H]\C(C)=C(\[H])/C(/[H])=C(\[H])C1OC(O)(C(CC)C(O)=NC\C([H])=C(/[H])\C(\[H])=C(/C)C(OC)C(C)C2OC(\C([H])=C(/[H])\C(\[H])=C(/[H])C([H])=C(C)C(\O)=C3\C(=O)C=CN(C)C3=O)C(O)C2O)C(O)C(OC2OC(C)C(OC3OC(C)C(OC)C(O)C3OC)C(OC)C2O)C1(C)C
9467,
9468,CCN1CCN(CC1)C1=CC2=C(C=C1F)C(=O)C(=CN2C1CC1)C(O)=O
9469,[H]O[C@@H]1C(C)=C[C@@]2([H])C(=O)O[C@@]3([H])C[C@@]([H])(C\C=C(C)/[C@@H](O[C@H]4C[C@H](OC)[C@H](O[C@H]5C[C@@H](OC)[C@H](N([H])C(C)=O)[C@H](C)O5)[C@H](C)O4)[C@@H](C)\C=C/C=C4/CO[C@@]1([H])[C@]24O[H])O[C@@]1(C3)O[C@H](C(C)C)[C@@H](C)C=C1
9470,COP(=S)(OC)OC1=CC=C(C=C1)S(=O)(=O)N(C)C
9471,COCC(=O)NC1=C(C=CC(SC2=CC=CC=C2)=C1)N=C(NC(=O)OC)NC(=O)OC
9472,COC(=O)NC1=NC2=C(N1)C=CC(SC1=CC=CC=C1)=C2
9473,COC(=O)CCC=C=CC[C@@H]1[C@H](O)C[C@H](O)[C@H]1\C=C\[C@H](O)COC1=CC=CC=C1
9474,COP(=S)(OC)OC1=CC=C(SC)C(C)=C1
9475,CS(=O)(=O)C1=CC=C(C=C1)[C@@H](O)[C@@H](CF)NC(=O)C(Cl)Cl
9476,CC1=CC(=CC=C1C(=O)NCC(=O)NCC(F)(F)F)C1=NOC(C1)(C1=CC(Cl)=CC(Cl)=C1)C(F)(F)F
9477,[H][C@@]1(C[C@@](C)(OC)[C@@H](O)[C@H](C)O1)O[C@H]1[C@H](C)[C@@H](O[C@]2([H])O[C@H](C)C[C@@H]([C@H]2O)N(C)C)[C@](C)(O)C[C@@H](C)N(CCC)C[C@H](C)[C@@H](O)[C@](C)(O)[C@@H](CC)OC(=O)[C@@H]1C
9478,[Fe+].OO.[H]C(O)(CO[C@@]1([H])O[C@]([H])(CO)[C@@]([H])(O)[C@]([H])(O)[C@@]1([H])O)C([H])(O)C([H])(O)C([H])(O)C([H])(O)C([O-])=O
9479,CC1=C(Cl)C(=O)OC2=C1C=CC(OP(=O)(OCCCl)OCCCl)=C2
9480,CC(C)CCCC(C)CCCC(C)CCCCC(C)CCCC(C)CCCC(C)C
9481,[O-][N+](=O)\N=C1/NCCN1CC1=CC=C(Cl)N=C1
9482,[H][C@@](C)(CCC1=C(C(O)=O)C(O)=C(C)C=C1)[C@]([H])(O)[C@]([H])(C)C(=O)[C@]([H])(CC)[C@@]1([H])O[C@@](CC)(C[C@]1([H])C)[C@@]1([H])CC[C@](O)(CC)[C@]([H])(C)O1
9483,FC(C(F)(F)F)C(F)(F)OC1=C(Cl)C=C(NC(=O)NC(=O)C2=C(F)C=CC=C2F)C(Cl)=C1
9484,O[C@H](COC1=CC(Cl)=CC=C1)CS[C@@H]1[C@@H](O)C[C@@H](O)[C@H]1C\C=C/CCCC(O)=O
9485,CN1CCN(CC1)C1=C(F)C=C2C(=O)C(=CN3N(C)COC1=C23)C(O)=O
9486,[H][C@]1(NCC2=CC(=CC=C2OC)C(C)(C)C)C2CCN(CC2)[C@@]1([H])C(C1=CC=CC=C1)C1=CC=CC=C1
9487,CC(C1=CN=CN1)C1=CC=CC(C)=C1C
9488,[H][C@@]12CC[C@](C)(O)[C@@]1(C)CC[C@]1([H])[C@@]3([H])CCC(=O)C=C3C[C@@H](C)[C@@]21[H]
9489,[H][C@@]1(C[C@H](C)[C@@]([H])(O1)[C@]1(CC)CC[C@@]([H])(O1)[C@]1(C)CC[C@]2(C[C@H](O)[C@@H](C)[C@]([H])(O2)[C@@H](C)[C@@H](OC)[C@H](C)C(O)=O)O1)[C@@]1([H])O[C@@](O)(CO)[C@H](C)C[C@@H]1C
9490,[H][C@@]12OC\C3=C/C=C/[C@H](C)C\C(C)=C\C[C@]4([H])C[C@@]([H])(C[C@]5(C\C(=N/OC)[C@H](C)[C@H](O5)C(\C)=C\C(C)C)O4)OC(=O)[C@]([H])(C=C(C)[C@H]1O)[C@@]23O
9491,[H][C@@]1(CC[C@](O)(CC)[C@H](C)O1)[C@]1(C)CC[C@]2(O1)O[C@@]1(O[C@]([H])([C@@H](CC)C(=O)[C@@H](C)[C@@H](O)[C@H](C)[C@]3([H])O[C@@]([H])([C@@H](CC)C(O)=O)[C@@H](C)C[C@@H]3C)[C@@H](C)C[C@H]1C)C=C[C@H]2O
9492,CCCCC1=CC2=C(NC=C(C(=O)OC)C2=O)C=C1OCC1=CC=CC=C1
9493,CC1=CC(C)=NC(O)=N1.[O-][N+](=O)C1=CC=C(NC(=O)NC2=CC=C(C=C2)[N+]([O-])=O)C=C1
9494,[H]\C(=C(\[H])C1=NC(CO)=CC=C1)C1=CC=C(O1)[N+]([O-])=O
9495,O[As](O)(=O)C1=CC=C(C=C1)N(=O)=O
9496,[H]C(=C(NC)N(CC)CC1=CN=C(Cl)C=C1)N(=O)=O
9497,[H][C@@]12CC[C@](OC(C)=O)(C(C)=O)[C@@]1(C)C[C@H](C)[C@]1([H])[C@@]3([H])CCC(=O)C=C3CC[C@@]21[H]
9498,CO[C@H]1C[C@H](O[C@H]2[C@H](C)[C@@H](O[C@@H]3O[C@H](C)C[C@@H]([C@H]3O)N(C)C)[C@@H](C)C[C@@]3(CO3)C(=O)[C@H](C)[C@@H](O)[C@@H](C)[C@@H](C)OC(=O)[C@@H]2C)O[C@@H](C)[C@@H]1O
9499,[H][C@]1(C)CN(C[C@@]([H])(C)N1)C1=C(F)C(F)=C2C(=O)C(=CN(C3CC3)C2=C1F)C(O)=O
9500,COC(=O)NC1=NC2=CC(=CC=C2N1)S(=O)C1=CC=CC=C1
9501,N1C2=CC=CC=C2SC2=CC=CC=C12
9502,COP(=S)(OC)SCN1C(=O)C2=CC=CC=C2C1=O
9503,CCC(C)(OC(=O)C1=CC=CC=C1C(O)=O)C#C
9504,COC1=CC=C(C=C1)C1=NC2=CC(=CC=C2N1)C1=NNC(=O)CC1C
9505,C1CO1.CC1CO1
9506,CN1C(=O)NC(=O)N(C1=O)C1=CC=C(OC2=CC=C(C=C2)S(=O)(=O)C(F)(F)F)C(C)=C1
9507,[H][C@]12CN(C[C@@]1([H])NCCC2)C1=C(F)C=C2C(=O)C(=CN(C3CC3)C2=C1C#N)C(O)=O
9508,CCCCC[C@@](C)(O)\C=C\[C@H]1[C@H](O)C[C@H](O)[C@@H]1CC=C=CCCC(=O)OC
9509,CCC1=CC(CC(O)=O)=C(NC2=C(F)C(F)=CC(F)=C2F)C=C1
9510,COP(=S)(OC)OC1=CC(Cl)=C(Cl)C=C1Cl
9511,[H][C@@]12COC3=C(C=C(OC)C(OC)=C3)[C@]1([H])C(=O)C1=CC=C3O[C@H](CC3=C1O2)C(C)=C
9512,OC1=C(C=C(C=C1)[As](O)(O)=O)N(=O)=O
9513,[H][C@@]12OC\C3=C/C=C/[C@H](C)[C@H](O[C@@]4([H])C[C@H](OC)[C@@H](O)[C@H](C)O4)\C(C)=C\C[C@]4([H])C[C@@]([H])(C[C@]5(CC[C@H](C)[C@]([H])(O5)C5CCCCC5)O4)OC(=O)[C@]([H])(C=C(C)\C1=N\O)[C@@]23O
9514,CC(C)=CCC\C(C)=C\CC\C(C)=C\CC\C=C(/C)CC\C=C(/C)CCC=C(C)C
9515,NC1=CC=C(C=C1)S(=O)(=O)NC1=NN=C(Cl)C=C1
9516,CCOC1=CC=C(NS(=O)(=O)C2=CC=C(N)C=C2)N=N1
9517,CC(=O)NC1=CC=C(C=C1)S(=O)(=O)NC1=CC=C(C=C1)[N+]([O-])=O
9518,NC1=CC=C(C=C1)S(=O)(=O)NC1=NC2=C(C=CC=C2)N=C1
9519,COC1=CC=C(C=C1)N1N=C(CCC(=O)N(C)O)C=C1C1=CC=C(Cl)C=C1
9520,[H]\C(C)=C1/N=C(O)C(N=C(O)C2=CSC(=N2)C23CCC(=NC2C2=CSC(=N2)C(N=C(O)C2=CSC(=N2)C(N=C(O)C2CSC1=N2)C(C)(O)C(C)O)C(C)OC(=O)C1=NC2=C(C=CC(NC(C(C)CC)C(O)=NC(C)C(O)=NC(=C)C(O)=NC(C)C(O)=N3)C2O)C(=C1)C(C)O)C1=NC(=CS1)C(O)=NC(=C)C(O)=NC(=C)C(O)=N)C(C)O
9521,[H][C@@]12C(=O)CC[C@]11CC[C@@]([H])(C)[C@@]2(C)[C@@H](C[C@@](C)(C=C)[C@@H](O)[C@@H]1C)OC(=O)CSCCN(CC)CC
9522,[H][C@@]1(O[C@H]2[C@@H](CCN3CCCCC3)C[C@@H](C)C(=O)\C=C\C(\C)=C\[C@H](CN3CCCCC3)[C@@H](CC)OC(=O)C[C@@H](O)[C@@H]2C)O[C@H](C)[C@@H](O)[C@@H]([C@H]1O)N(C)C
9523,CC[C@H]1OC(=O)C[C@@H](O)[C@H](C)[C@@H](O[C@@H]2O[C@H](C)[C@@H](O)[C@@H]([C@H]2O)N(C)C)[C@@H](CCN2C[C@@H](C)C[C@@H](C)C2)C[C@@H](C)C(=O)\C=C\C(\C)=C\[C@@H]1CO[C@@H]1O[C@H](C)[C@@H](O)[C@@H](OC)[C@H]1OC
9524,CCCOC1=CC=C2N=C(NC(=O)OC)SC2=C1
9525,COP(=O)(OC)C(O)C(Cl)(Cl)Cl
9526,[H][C@@]1(C[C@@](C)(OC)[C@](O)(CNCCC)[C@H](C)O1)O[C@H]1[C@H](C)[C@@H](O[C@]2([H])O[C@H](C)C[C@@H]([C@H]2O)N(C)C)[C@](C)(O)C[C@@H](C)CN[C@H](C)[C@@H](O)[C@](C)(O)[C@@H](CC)OC(=O)[C@@H]1C
9527,CC[C@H]1OC(=O)C[C@@H](O)[C@H](C)[C@@H](O[C@@H]2O[C@H](C)[C@@H](O[C@H]3C[C@@](C)(O)[C@@H](O)[C@H](C)O3)[C@@H]([C@H]2O)N(C)C)[C@@H](CC=O)C[C@@H](C)C(=O)\C=C\C(\C)=C\[C@@H]1CO[C@@H]1O[C@H](C)[C@@H](O)[C@@H](OC)[C@H]1OC
9528,CC(C)[C@H]1OC(=O)C2=CCCN2C(=O)C2=COC(CC(=O)C[C@H](O)\C=C(/C)\C=C\CNC(=O)\C=C\[C@H]1C)=N2.[H][C@@]12CCCN1C(=O)[C@@H](CC)NC(=O)[C@@H](NC(=O)C1=C(O)C=CC=N1)[C@@H](C)OC(=O)[C@@H](NC(=O)[C@]1([H])CC(=O)CCN1C(=O)[C@H](CC1=CC=CC=C1)N(C)C2=O)C1=CC=CC=C1
9529,CC1=CC=CC(C)=C1NC1=NCCCS1
9530,C[C@H]1CCC[C@H](O)CCCCCC2=CC(O)=CC(O)=C2C(=O)O1
9531,CC(C)N[C@@H]1CCN2C(=O)NC3=CC=CC([C@H]1O)=C23
9532,CC1=C(C=C(C=C1C(N)=O)[N+]([O-])=O)[N+]([O-])=O
9533,CCC1(CC2=CC=CC=C2C1)C1=CN=CN1
9534,
9535,[H][C@]12SCC(CSC(=O)C3=CC=CO3)=C(N1C(=O)[C@H]2NC(=O)C(=N/OC)\C1=CSC(N)=N1)C(O)=O
9536,[H][C@@]12C[C@@H](C)[C@](O)(C(=O)COC(=O)C3=CC=NC=C3)[C@@]1(C)C[C@H](O)[C@@]1(F)[C@@]2([H])CCC2=CC(=O)C=C[C@]12C
9537,[H][C@@]12OC3=C(O)C=CC4=C3[C@@]11CCN(CC=C)[C@]([H])(C4)[C@]1([H])C=C[C@@H]2O
9538,OC(=O)C1=CN(C2=CC=C(F)C=C2)C2=CC(N3CCNCC3)=C(F)C=C2C1=O
9539,[Na+].[Na+].[Na+].[Na+].[Na+].[O-]P([O-])(=O)OP([O-])(=O)OP([O-])([O-])=O
9540,[H]\C(C[C@@]([H])(C)CCCC(C)(C)OC)=C(\[H])/C(/C)=C(\[H])C(=O)OC(C)C
9541,S=C1NC2=C(S1)C=CC=C2
9542,CCOP(=S)(OCC)OP(=S)(OCC)OCC
9543,[H]N([C@@H](CC(O)=O)C(=O)NCC(=O)N[C@H]([C@H](C)N)C(=O)N[C@@H](C(C)C)C(=O)N1CCC[C@@]1([H])C(=O)N[C@@H](C)[C@]1([H])NC(=O)[C@@]2([H])CCCCN2C1=O)C(=O)CNC(=O)[C@H](CC(O)=O)NC(=O)[C@@H](NC(=O)[C@H](CC(O)=O)NC(=O)C\C=C\CCCCCC(C)CC)[C@@H](C)C(O)=O
9544,CCCCCCOC1=C2C=CC=CC2=C(C=C1)C(=N)N(CCCC)CCCC
9545,CCCCN(CCCC)CCCOC(=O)C1=CC=C(N)C=C1
9546,CCN(CC)CCOC(=O)C1(CCCC1)C1=CC=CC=C1
9547,[H][C@]12SCC([C@@H]3CCCO3)=C(N1C(=O)[C@H]2NC(=O)C(=N/OC)\C1=CSC(N)=N1)C(O)=O
9548,[H]\C(CCCC(O)=O)=C(/[H])C[C@@]1([H])[C@@]([H])(O)C[C@@]([H])(O)[C@]1([H])C(\[H])=C(/[H])[C@@]([H])(O)COC1=CC=CC(Cl)=C1
9549,[Cu++].NCC([O-])=O.NCC([O-])=O
9550,[H][C@]1(CCC(=O)N1)C(=O)N[C@@H](CC1=CNC=N1)C(=O)N[C@@H](CC1=CNC2=C1C=CC=C2)C(=O)N[C@@H](CO)C(=O)N[C@@H](CC1=CC=C(O)C=C1)C(=O)N[C@H](CC1=CNC2=CC=CC=C12)C(=O)N[C@@H](CC(C)C)C(=O)N[C@@H](CCCNC(N)=N)C(=O)N1CCC[C@H]1C(=O)NCC
9551,CN1CCN(CC1)C1=C(F)C=C2C(=C1)N(C=C(C(O)=O)C2=O)C1=CC=C(F)C=C1
9552,CN[C@H]1[C@H](O)[C@@H](O)[C@H](CO)O[C@H]1O[C@H]1[C@H](O[C@H]2[C@H](O)[C@@H](O)[C@H](NC(N)=N)[C@@H](O)[C@@H]2NC(N)=N)O[C@@H](C)[C@]1(O)CO
9553,[H]N(C(=O)OCC(CN1CCCCC1)OC(=O)N([H])C1=CC=CC=C1)C1=CC=CC=C1
9554,[H]C(C([H])=C([H])C1=[N+](CC)C2=CC=CC=C2S1)=C([H])C([H])=C1SC2=C(C=CC=C2)N1CC
9555,CCC1=CC2=C(SC3=CC=CC=C3N2CC(C)CN(C)C)C=C1
9556,CC1=C(C=CC=C1NC1=C(C=CC=N1)C(O)=O)C(F)(F)F
9557,[H]\C(CCCC(O)=O)=C(/[H])C[C@@]1([H])[C@@]([H])(O)C[C@@]([H])(O)[C@]1([H])C(\[H])=C(/[H])[C@@]([H])(O)COC1=CC=CC(=C1)C(F)(F)F
9558,[H][C@@]12OC3(O[C@]1([H])[C@H](O[C@]1([H])[C@@H](O)[C@H](N)C[C@H](NC)[C@H]1O)O[C@H](CO)[C@@H]2O)O[C@]([H])([C@@H](N)CO)[C@H](O)[C@H](O)[C@H]3O
9559,O=C(NC1=CC=CC(=C1)C1=NCCN1)NC1=CC=CC(=C1)C1=NCCN1
9560,[H][C@@]12CC[C@](O)(C(=O)CO)[C@@]1(C)C[C@]([H])(O)[C@@]1(F)[C@@]2([H])CCC2=CC(=O)C=C[C@]12C
9561,N.[H][C@@](C)([C@@]1([H])O[C@@]2(CC[C@](C)(O2)[C@@]2([H])CC[C@](C)(O2)[C@]2([H])O[C@]([H])(C[C@]2([H])O[C@]2([H])C[C@]([H])(OC)[C@@]([H])(OC)[C@]([H])(C)O2)[C@@]2([H])O[C@](C)(O)[C@]([H])(C)C[C@]2([H])C)C[C@]([H])(O)[C@@]1([H])C)[C@]1([H])O[C@](O)(CC(O)=O)[C@@]([H])(C)[C@]([H])(OC)[C@@]1([H])OC
9562,CN1CCN(CC2=CC=C(C=C2)C(=O)NC2=CC=C(C)C(NC3=NC(=CS3)C3=CN=CC=C3)=C2)CC1
9563,NCCS[As](SCCN)C1=CC=C(NC2=NC(N)=NC(N)=N2)C=C1
9564,[H][C@@]12CC(=C)[C@](O)(C(C)=O)[C@@]1(C)CC[C@@]1([H])[C@@]2([H])C=C(C)C2=CC(=O)CC[C@]12C
9565,[H][C@]12C[C@H](OC)[C@H](OC)[C@@H](C(=O)OC)[C@@]1([H])C[C@@]1([H])N(CCC3=C1NC1=C3C=CC(OC)=C1)C2
9566,[H][C@@]12OC\C3=C/C=C/[C@H](C)C\C(C)=C\C[C@]4([H])C[C@@H](C[C@]5(CC[C@H](C)[C@@H](C)O5)O4)OC(=O)[C@]([H])(C=C(C)\C1=N\O)[C@@]23O.[H][C@@]12OC\C3=C/C=C/[C@H](C)C\C(C)=C\C[C@]4([H])C[C@@H](C[C@]5(CC[C@H](C)[C@@H](CC)O5)O4)OC(=O)[C@]([H])(C=C(C)\C1=N\O)[C@@]23O
9567,CCCCCl
9568,[H][C@@](NC(=O)[C@@H]1C[C@H](CC)CCN1)([C@H](C)Cl)[C@@]1([H])O[C@H](SC)[C@H](O)[C@@H](O)[C@H]1O
9569,CCC(=O)C1=CC=C2SC3=C(C=CC=C3)N(CCCN(C)C)C2=C1
9570,CC(CCC1=CC=C(O)C=C1)NCC(O)C1=CC=C(O)C=C1
9571,ClC1=CC=C(\C=N\NC(=N)N\N=C\C2=CC=C(Cl)C=C2)C=C1
9572,FC1=CC=CC(Br)=C1NC1=NCCN1
9573,[H][C@@](C)(C(=O)[C@]([H])(CC)[C@@]1([H])O[C@@]2(O[C@@]3(CC[C@](C)(O3)[C@@]3([H])CC[C@](O)(CC)[C@]([H])(C)O3)[C@]([H])(O)C=C2)[C@]([H])(C)C[C@]1([H])C)[C@@]([H])(O)[C@]([H])(C)[C@]1([H])O[C@]([H])(CC[C@]1([H])C)[C@@]([H])(CC)C(O)=O
9574,[H][C@@]1(C[C@H](O[C@@]2([H])CC[C@H](OC)[C@@H](C)O2)[C@@]([H])(O1)[C@]1(C)CC[C@@]([H])(O1)[C@]1(C)CC[C@]2(C[C@H](O)[C@@H](C)[C@]([H])(O2)[C@@H](C)[C@]2([H])O[C@](O)(CC(O)=O)[C@@H](C)[C@H](O)[C@H]2OC)O1)[C@@]1([H])O[C@](C)(O)[C@H](C)C[C@@H]1C
9575,CC1=NC(NS(=O)(=O)C2=CC=C(N)C=C2)=NC(C)=C1Br
9576,CCNC1(CCCCC1=O)C1=CC=CS1
9577,[H][C@@]12CC[C@H](O)[C@@]1(C)C=CC1=C3CCC(=O)C=C3CC[C@@]21[H]
9578,CCOC(=O)C1=CC(N)=CC=C1
9579,CC[C@H]1OC(=O)C[C@@H](OC(C)=O)[C@H](C)[C@@H](O[C@@H]2O[C@H](C)[C@@H](O[C@H]3C[C@@](C)(O)[C@@H](OC(=O)CC(C)C)[C@H](C)O3)[C@@H]([C@H]2O)N(C)C)[C@@H](CC=O)C[C@@H](C)C(=O)\C=C\C(\C)=C\[C@@H]1CO[C@@H]1O[C@H](C)[C@@H](O)[C@@H](OC)[C@H]1OC
9580,CN1N=C(C)C2=C1N(C)C(=O)CN=C2C1=CC=CC=C1F
9581,CC1=C(C)C(CC2=CN=CN2)=CC=C1
9582,CC1=CC=CC=C1
9583,OC(=O)CSC1=NN=C(Br)N1C1=CC=C(C2CC2)C2=C1C=CC=C2
9584,NC1=C2C=CC=CC2=NC2=C1C=CC=C2
9585,[H][C@]1(OC(=O)C2=C1C=CC1=C2OCO1)[C@@]1([H])N(C)CCC2=CC3=C(OCO3)C=C12
9586,COC1=CC2=NC=CC(=C2C=C1)OC3=C(C=C(C=C3F)N4CC=C(C=C4)OC5CC5)F
9587,
9588,
9589,
9590,CCCCCCN(C1=CC=CC=C1)C(=O)CCCCCCOC2=CC3=C(CN4CC(=O)NC4=N3)C=C2
9591,CCCCC(CC)COC(=O)C1=CC=C(C=C1)N(C)C
9592,
9593,
9594,O.[OH-].[OH-].[OH-].[OH-].[OH-].[Al+3].[Al+3].[Cl-]
9595,[H][C@]1(CCCN1C(=O)[C@@H](NC(=O)OC)C(C)C)C1=NC=C(N1)C1=CC2=C(C=C1)N1[C@@H](OC3=C(C=CC(=C3)C3=CN=C(N3)[C@]3([H])CCCN3C(=O)[C@@H](NC(=O)OC)C(C)C)C1=C2)C1=CC=CC=C1
9596,COC1=CC2=NC3=C(CCCCC[C@@H]4C[C@H]4OC(=O)N[C@H](C(=O)N4C[C@@H](C[C@H]4C(=O)N[C@@]4(C[C@H]4C=C)C(=O)NS(=O)(=O)C4CC4)O3)C(C)(C)C)N=C2C=C1
9597,O=[Fe]O[Fe]=O
9598,OS(=O)(=O)C1=CC2=C(N\C(C2=O)=C2\NC3=C(C=C(C=C3)S(O)(=O)=O)C2=O)C=C1
9599,
9600,CC(=O)CCC(O)=O
9601,
9602,CC1(C)CCC(CN2CCN(CC2)C2=CC=C(C(=O)NS(=O)(=O)C3=CC=C(NCC4CCOCC4)C(=C3)[N+]([O-])=O)C(OC3=CN=C4NC=CC4=C3)=C2)=C(C1)C1=CC=C(Cl)C=C1
9603,COC1=C(O[C@@H]2O[C@H](CO)[C@@H](O)[C@H](O)[C@H]2O)C=C2CC[C@H](NC(C)=O)C3=CC(=O)C(SC)=CC=C3C2=C1OC
9604,CCCCCCCCCCCCCCCC[N+](C)(C)CC1=CC=CC=C1
9605,[H]N1CCCCC1C(O)(C1=CC=CC=C1)C1=CC=CC=C1
9606,CC(CC1=C(O)C(=CC(C)=C1)N1N=C2C=CC=CC2=N1)C[Si](C)(O[Si](C)(C)C)O[Si](C)(C)C
9607,COC1=CN=C(O[C@@H]2C[C@H](N(C2)C(=O)[C@@H](NC(=O)OC(C)(C)C)C(C)(C)C)C(=O)N[C@@]2(C[C@H]2C=C)C(=O)NS(=O)(=O)C2CC2)C2=C1C=CC(Cl)=C2
9608,CCN(C)[C@@H](C)[C@H](O)C1=CC=CC=C1
9609,[C-]#[O+]
9610,[Ne]
9611,[Na+].CC[Hg]SC1=CC=CC=C1C([O-])=O
9612,CCOCCN1C(=NC2=CC=CC=C12)C1CCN(CCC2=CC=C(C=C2)C(C)(C)C(O)=O)CC1
9613,[H][C@]12SCC(\C=C\C3=CC=C(C=C3[N+]([O-])=O)[N+]([O-])=O)=C(N1C(=O)[C@H]2NC(=O)CC1=CC=CS1)C(O)=O
9614,O=C1NC2=CC=CC=C2C(=O)O1
9615,CCCCCCCCCCCC[N+](C)(C)CCOC1=CC=CC=C1
9616,CCCN(C1=CC=NC=C1)N2C=C(C3=CC=CC=C32)CC
9617,NC1=NC(=O)C2=C(NC[C@H](CNC3=CC=C(C=C3)C(=O)N[C@@H](CCC(O)=O)C(O)=O)N2C=O)N1
9618,
9619,
9620,
9621,
9622,
9623,CC(O)COCC1OC(OC2C(COCC(C)O)OC(OCC(C)O)C(OCC(C)O)C2OCC(C)O)C(OCC(C)O)C(OCC(C)O)C1OCC(C)O
9624,
9625,
9626,
9627,
9628,
9629,
9630,CCC(=O)C(CCN(C)C)(C1=CC=CC=C1)C1=CC=CC=C1
9631,[H][C@@](C)(NC)[C@]([H])(O)C1=CC=C(O)C=C1
9632,CS(=O)(=O)C1=CC(C[C@H](NC(=O)C2=C(Cl)C3=C(CN(CC3)C(=O)C3=CC=C4C=COC4=C3)C=C2Cl)C(O)=O)=CC=C1
9633,COC[C@H]1C[C@H](N(C1)C(=O)[C@H](NC(=O)OC)C1=CC=CC=C1)C1=NC=C(N1)C1=CC=C2C(COC3=CC4=C(C=CC5=C4NC(=N5)[C@@H]4CC[C@H](C)N4C(=O)[C@@H](NC(=O)OC)C(C)C)C=C23)=C1
9634,CC1=CC(CN2CCC(CC2)=C2C3=CC=C(Cl)C=C3CCC3=C2N=CC=C3)=CN=C1
9635,[H][C@]1(N)C[C@]([H])(O[C@@]2([H])C[C@@](O)(CC3=C(O)C4=C(C(O)=C23)C(=O)C2=C(C=CC=C2OC)C4=O)C(=O)CO)O[C@@]([H])(C)[C@@]1([H])O[C@]1([H])CCCCO1
9636,CC[C@@]1(O)C[C@H](O[C@H]2C[C@@H]([C@H](O[C@H]3C[C@H](O)[C@H](O[C@H]4CCC(=O)[C@H](C)O4)[C@H](C)O3)[C@H](C)O2)N(C)C)C2=C(O)C3=C(C=C2[C@H]1C(=O)OC)C(=O)C1=C(C(O)=CC=C1)C3=O
9637,[H][C@@]1(C[C@@](O)(CC2=C(O)C3=C(C(O)=C12)C(=O)C1=C(C=CC=C1OC)C3=O)C(C)=NNC(=O)C1=CC=CC=C1)O[C@H]1C[C@H](N)[C@H](O)[C@H](C)O1
9638,[H][C@@]12CC[C@@](O)(C#C)[C@@]1(CC)C=CC1=C3CCC(=O)C=C3CC[C@@]21[H]
9639,NCCCCCC(O)(P(O)(O)=O)P(O)(O)=O
9640,
9641,[H][C@@]1(CC[C@@]2([H])[C@]3([H])C(=O)C[C@]4([H])CC(=O)CC[C@]4(C)[C@@]3([H])CC(=O)[C@]12C)[C@H](C)CCC(O)=O
9642,COCCOC[C@H](CC1(CCCC1)C(=O)N[C@H]1CC[C@H](CC1)C(O)=O)C(O)=O
9643,B(C1=CC=CC=C1F)(O)O
9644,FC(F)(F)C(F)(F)C(F)(F)C(F)(F)C(F)(F)F
9645,
9646,
9647,CC(C)[C@@H]1NC(=O)[C@H](CCCCN)NC(=O)[C@@H](CC2=CNC3=CC=CC=C23)NC(=O)[C@H](CC2=CC=C(O)C=C2)NC(=O)[C@H](CC2=CC=CC=C2)N(C)C(=O)[C@H](CCSCC(=O)NC[C@H](N)C(=O)N[C@@H](CCCCN)C(=O)N[C@@H](CS)C(=O)N[C@@H](CCCCN)C(N)=O)NC1=O
9648,CS(=O)(=O)C1=C2N(CC3=CC=C(Cl)C=C3)C3=C(CC[C@@H]3CC(O)=O)C2=CC(F)=C1
9649,OC1=CC=CC(=C1)C-1=C2\CCC(=N2)\C(=C2/N\C(\C=C2)=C(/C2=N/C(/C=C2)=C(\C2=CC=C\-1N2)C1=CC(O)=CC=C1)C1=CC(O)=CC=C1)\C1=CC(O)=CC=C1
9650,
9651,CC1=C(C2=NOC(=N2)C2=CC(=C(O)C(O)=C2)[N+]([O-])=O)C(Cl)=[N+]([O-])C(C)=C1Cl
9652,C[C@@H](C1=NC(=CS1)C1=CC=C(C=C1)C#N)[C@](O)(CN1C=NC=N1)C1=C(F)C=CC(F)=C1
9653,CC1=NC=CN1.C1C(O1)CCl
9654,C1=CC(=CC=C1CCNC(=O)C2=CC=C(C=C2)S(=O)(=O)N)S(=O)(=O)N
9655,CC(=O)[C@@]1(O)CC[C@H]2[C@@H]3C=C(C)C4=CC(=O)CC[C@@H]4[C@H]3CC[C@]12C
9656,C[C@]1(COC2=CC=C(C=C2)N2CCC(CC2)OC2=CC=C(OC(F)(F)F)C=C2)CN2C=C(N=C2O1)[N+]([O-])=O
9657,[H][C@@]12CC[C@@H](C)[C@]3([H])CC[C@@]4(C)OO[C@@]13[C@]([H])(O[C@H](O)[C@@H]2C)O4
9658,
9659,NC1=CC=NC=C1N
9660,CC[C@@]12C=CCN3CC[C@@]4([C@H]13)[C@@H](N(C)C1=CC(OC)=C(C=C41)[C@]1(C[C@@H]3C[C@H](C[N@@](C3)CC3=C1NC1=CC=CC=C31)C(C)(F)F)C(=O)OC)[C@](O)([C@@H]2OC(C)=O)C(=O)OC
9661,ClC1=CC=C(CCCOCCCN2CCCCC2)C=C1
9662,
9663,OC(=O)C1=CC=C2N=C(OC2=C1)C1=CC(Cl)=CC(Cl)=C1
9664,CN1N=CC=C1C1=CC=C(SC2=CC=CC(=C2)C2(CCOCC2)C(N)=O)C=C1
9665,CCCN1C2=C(C(=O)N(C1=O)CCC)NC(=N2)C34CC5CC(C3)CC4C5.C1=COC(=C1)CNC2=CC(=C(C=C2C(=O)O)S(=O)(=O)N)Cl
9666,[H][C@@]12CC3=C(C(O)=CC=C3)C(=O)C1=C(O)[C@]1(O)C(=O)C(C(N)=O)=C(O)C[C@]1([H])C2
9667,CN1N=CC(Cl)=C1C1=C(Cl)SC(=C1)C(=O)N[C@H](CN)CC1=CC=CC(F)=C1
9667,CN1N=CC(Cl)=C1C1=C(Cl)SC(=C1)C(=O)N[C@H](CN)CC1=CC=CC(F)=C1
9668,CCC1=NN(CCO)C(CC)=C1OC1=CC(=CC(=C1)C#N)C#N
9669,COC1=CC=C(C=C1OC1CCCC1)[C@H]1CNC(=O)[C@H](CC2=CC(C)=CC=C2)C1
9670,CN1C(=O)N(C2=C1C=NC1=CC=C(C=C21)C1=CN=C2C=CC=CC2=C1)C1=CC=C(C=C1)C(C)(C)C#N
9671,CC1=CC(NC2=NC=NC3=CC=C(NC4=NC(C)(C)CO4)C=C23)=CC=C1OC1=CC2=NC=NN2C=C1
9672,CCCC[C@@H](C(=O)N[C@H]1CC(=O)NCCCC[C@H](NC(=O)[C@@H](NC(=O)[C@@H](NC(=O)[C@H](NC(=O)[C@@H](NC1=O)CC2=CN=CN2)CC3=CC=CC=C3)CCCN=C(N)N)CC4=CNC5=CC=CC=C54)C(=O)O)NC(=O)C
9673,COCN1C(=O)N(COC)C(=O)C(C1=O)(C1=CC=CC=C1)C1=CC=CC=C1
9674,CN1N=NC(=N1)N(CC1=CC(=CC(=C1)C(F)(F)F)C(F)(F)F)[C@H]1CCCN(C[C@H]2CC[C@@H](CC2)C(O)=O)C2=C1C=C(C)C=C2C
9675,OC(=O)C(CC1=CC(=O)NC2=C1C=CC=C2)NC(=O)C1=CC=C(Cl)C=C1
9676,
9677,CC1=C(CC(O)=O)C2=CC=CN=C2N1CC1=CC=C(C=C1)S(C)(=O)=O
9678,[In]
9679,O[C@H](CC[C@H]1[C@H](O)C[C@H](O)[C@@H]1C\C=C/CCCC(=O)OCCCCO[N+]([O-])=O)CCC1=CC=CC=C1
9680,
9681,CC1=NC=C(NC(=O)NC2=C(OC[C@@H]3CNCCO3)C=C(C)C(Br)=C2)N=C1
9682,CS(=O)(=O)N1CCN(CC2=CC3=C(S2)C(=NC(=N3)C2=C3C=NNC3=CC=C2)N2CCOCC2)CC1
9683,CN(C)CCC1=CNC2=C1C(OP(O)(O)=O)=CC=C2
9684,COC1=CC=CC(NC2=NC=NN3C=CC(CN4CC[C@@H](N)[C@H](O)C4)=C23)=C1
9685,NC1=CC(=C(C=N1)C1=NC(=NC(=C1)N1CCOCC1)N1CCOCC1)C(F)(F)F
9686,NC1=NC(=O)N(C=C1)[C@@H]1O[C@H](CO)[C@@H](O)[C@@H]1C#N
9687,C[C@@H](C(=O)NCC(=O)N[C@@H](CC1=CC=C(C=C1)O)C(=O)N[C@@H](CCCCN)C(=O)N2CCC[C@H]2C(=O)N[C@@H](CC(=O)O)C(=O)N[C@@H](CCC(=O)O)C(=O)NCC(=O)N[C@@H](CCCCN)C(=O)N[C@@H](CCCNC(=N)N)C(=O)NCC(=O)N[C@@H](CC(=O)O)C(=O)N[C@@H](C)C(=O)N[C@@H](CS)C(=O)N[C@@H](CCC(=O)O)C(=O)NCC(=O)N[C@@H](CC(=O)O)C(=O)N[C@@H](CO)C(=O)NCC(=O)NCC(=O)N3CCC[C@H]3C(=O)N[C@@H](CC4=CC=CC=C4)C(=O)N[C@@H](C(C)C)C(=O)O)N.CC(=O)O
9688,CC(C)C[C@H](NC(=O)OC(C)(C)C)[C@@H](O)C(=O)O[C@H]1[C@@H]2OC(=O)O[C@@]22[C@@H](OC(=O)C3=CC=CC=C3)[C@@H]3[C@@]4(CO[C@@H]4C[C@H](O)[C@@]3(C)C(=O)[C@H](OC(C)=O)C(=C1C)C2(C)C)OC(C)=O
9689,CC(=O)N(CCCCNCCCN1C(=O)NC2=CC=CC=C2C1=O)CCCN1C(=O)NC2=CC=CC=C2C1=O
9690,CC(C)C(N(CCCN)C(=O)C1=CC=C(C)C=C1)C1=NC2=C(C(C)=NS2)C(=O)N1CC1=CC=CC=C1
9691,COC1=CC(\C=C\C(=O)CC(=O)\C=C\C2=CC(OC)=C(O)C=C2)=CC=C1O
9692,CC1=C(O)C(CN)=C(CO)C=N1
9693,OC1=CC=C(C=C1)[C@H]1COC2=C(C1)C=CC(O)=C2
9694,CCOC1=CC(N)=C(Cl)C=C1C(=O)NCC1CN(CC2=CC=C(F)C=C2)CCO1
9695,[H][C@]1(N[C@H](CO)[C@@H](O)[C@H]1O)C1=CNC2=C1N=CN=C2N
9696,CCCCCCC(=O)OCC(COC(=O)CCCCCC)OC(=O)CCCCCC
9697,CS(=O)(=O)OC[C@H](O)[C@@H](O)COS(C)(=O)=O
9698,CNC(=O)C1=C(C)OC2=CC(OC3=NC=NC4=CC(OC)=C(OC)C=C34)=CC=C12
9699,
9700,CCC1=NN(C2CCCC2)C2=C1CCN1C(=NN=C21)C1=CC=CS1
9701,OC(=O)CNC(=O)C1C(=O)N(C2CCCCC2)C(=O)N(C2CCCCC2)C1=O
9702,COC1=CC=C(Cl)C=C1C1=CC(=O)NC(=S)N1CC(N)=O
9703,COCC1(CO)N2CCC(CC2)C1=O
9704,C[C@@H]1CC[C@]2(CCCCO2)O[C@@H]1[C@@H](C)C[C@@H]([C@@H]3C(=C)[C@H]([C@H]4[C@H](O3)CC[C@]5(O4)CC[C@H](O5)/C=C/[C@@H](C)[C@@H]6CC(=C[C@@]7(O6)[C@@H](CC[C@H](O7)C[C@](C)(C(=O)O)O)O)C)O)O
9705,CN1CCCC[C@H]1CCC1=CC=CC=C1NC(=O)\C=C\C1=CC=CC=C1
9706,CCNC1=CC2=C(C(O)=C1)C(=O)O[C@@H](C)[C@H](C)\C=C/C(=O)[C@@H](O)[C@@H](O)C\C=C\2
9707,CN(CC(N)=O)C(=O)N(CCCl)N=O
9708,CN1C=NC2=C(F)C(NC3=C(Cl)C=C(Br)C=C3)=C(C=C12)C(=O)NOCCO
9709,
9710,[H][C@@]12OC3=C4C(C[C@@]5([H])N(CC6CC6)CC[C@@]14[C@@]5(O)CC(C(=O)NC(C)(C)C1=NC(=NO1)C1=CC=CC=C1)=C2O)=CC=C3O
9711,CC[C@H](NC(=O)C1=C(NS(C)(=O)=O)C(=NC2=CC=CC=C12)C1=CC=CC=C1)C1=CC=CC=C1
9712,[H][C@@]1([C@H](O)[C@H](C)C\C=C\C=C)N(C)C(=O)[C@H](C(C)C)N(C)C(=O)[C@H](CC(C)C)N(C)C(=O)[C@H](CC(C)C)N(C)C(=O)[C@@H](C)NC(=O)[C@H](C)NC(=O)[C@H](CC(C)C)N(C)C(=O)[C@@H](NC(=O)[C@H](CC(C)C)N(C)C(=O)CN(C)C(=O)[C@H](CC)NC1=O)C(C)C
9713,NC1=C2C(SC=C2C2=CC=C(NC(=O)NC3=CC(F)=CC=C3)C=C2)=C(C=N1)C1=CN(CCO)N=C1
9714,NCCC(=O)N[C@@H](CC1=CN=CN1)C(O)=O
9715,CC(=O)SCC(CC1=CC=CC=C1)C(=O)NCC(=O)OCC1=CC=CC=C1
9716,C(CN1CCCC1)OC1=CC=C2NC3=NC=CC(=N3)C3=CC(COC\C=C\COCC1=C2)=CC=C3
9717,OC[C@H]1O[C@H]([C@H](O)[C@@H](O)[C@@H]1O)C1=CC=C(F)C(CC2=CC3=CC=CC=C3S2)=C1
9718,[H][C@]12CC[C@]([H])(C[C@@]([H])(C1)OC(=O)C1=CNC3=CC=CC=C13)N2C
9719,[H]N([H])C(=O)[C@@H]1CSSC[C@H](N([H])C(=O)[C@H](CCCN=C(N([H])[H])N([H])[H])N([H])C(C)=O)C(=O)N[C@H](C)C(=O)N[C@@H](CC2=CN=CN2[H])C(=O)N[C@H](CC2=CC=CC=C2)C(=O)N[C@@H](CCCN=C(N)N)C(=O)N[C@@H](CC2=CN([H])C3=CC=CC=C23)C(=O)N1
9720,CC1=CC=CC(C)=C1N(CC(=O)NC1=CC=C(C=C1)C1=NOC=N1)C(=O)C1CCS(=O)(=O)CC1
9721,O=C(CC1=CC=CC=C1)N[C@H]1CCC(=O)NC1=O
9722,CC#CC(=O)N1CCC[C@H]1C1=NC(=C2N1C=CN=C2N)C1=CC=C(C=C1)C(=O)NC1=CC=CC=N1
9723,CC1=CC(O[C@@H](CCC(F)(F)F)C2=CC=C(C=C2)C(=O)NCCC(O)=O)=CC(C)=C1C1=CC=C(C=C1)C(C)(C)C
9724,CN(C(=O)CO)C1=C(I)C(C(=O)NCC(O)CO)=C(I)C(C(=O)NCC(O)CO)=C1I
9725,NC(=O)[C@@H]1CC[C@@H](N1)C1=CC=C(OCC2=CC=CC=C2F)C=C1
9726,
9727,NC(=O)C1=CN=C2NC=CC2=C1N[C@H]1[C@H]2CC3C[C@@H]1C[C@@](O)(C3)C2
9728,CSCC[C@H](NC(=O)[C@H](CCC(O)=O)NC(=C)[C@H](CCC(O)=O)NC(C)=O)C(=O)N[C@@H](CCC(N)=O)C(=O)N[C@@H](CCCNC(N)=N)C(=O)N[C@@H](CCCNC(N)=N)C(N)=O
9729,C[N+]1=CC=CC(=C1)C(N)=O
9730,CCC[C@@H](NC1=C(NC2=CC=CC(C(=O)N(C)C)=C2O)C(=O)C1=O)C1=CC=C(C)O1
9731,CC(C)(CO)C1=CC2=CC(NC(=O)C3(CC3)C3=CC=C4OC(F)(F)OC4=C3)=C(F)C=C2N1C[C@@H](O)CO
9732,COC(=O)N[C@@H](C(C)C)C(=O)N1CCC[C@H]1C1=NC=C(N1)C1=CC=C2N3[C@@H](OC4=C(C3=CC2=C1)C(F)=CC(=C4)C1=CN=C(N1)[C@@H]1CCCN1C(=O)[C@@H](NC(=O)OC)C(C)C)C1=CN=C(S1)C1CC1
9733,CC1=CC2=C(C=C1)N=C(N3N2C(=O)[C@@H](C3=O)CC=C)N(C)C
9734,CC(=O)CBr
9735,COCC(O)CN1C=CN=C1[N+]([O-])=O
9736,NS(=O)(=O)NCCNC1=NON=C1\C(NC1=CC=C(F)C(Br)=C1)=N\O
9737,COC(=O)N[C@@H](C)CNC1=NC=CC(=N1)C1=CN(N=C1C1=CC(Cl)=CC(NS(C)(=O)=O)=C1F)C(C)C
9738,CSC1=CC=C(OC2=CC=C(C=C2CN(C)C)S(N)(=O)=O)C=C1
9739,[H][C@](NC(=O)[C@H](CC1=CC=C(O)C=C1)NC(=O)[C@@H](NC(=O)[C@H](CCCNC(N)=N)NC(=O)[C@@H](N)CC(O)=O)C(C)C)([C@@H](C)CC)C(=O)N[C@@H](CC1=CN=CN1)C(=O)N1CCC[C@H]1C(O)=O
9740,CCC1=CN=C(C=C1)C(=O)COC1=CC=C(CC2SC(=O)NC2=O)C=C1
9741,OB(O)[C@@H]1CCCN1C(=O)CN[C@@H]1CCNC1
9742,[H]N=C(N([H])[H])N([H])CCC[C@H](N([H])C(=O)[C@H](CCC(=O)N([H])[H])N([H])C(=O)[C@@H]1CCC(=O)N1[H])C(=O)N([H])[C@@H](CC(C)C)C(=O)N([H])CC(=O)N([H])[C@@H](CC(=O)N([H])[H])C(=O)N([H])[C@@H](CCC(=O)N([H])[H])C(=O)N([H])[C@@H](CC1=CN([H])C2=CC=CC=C12)C(=O)N([H])[C@@H](C)C(=O)N([H])[C@@H](C(C)C)C(=O)N([H])CC(=O)N([H])[C@@H](CC1=CN([H])C=N1)C(=O)N([H])[C@@H](CC(C)C)C(=O)N([H])[C@@H](CCSC)C(=O)N([H])[H]
9743,CN1CCC2=C(C1)C1=CC(C)=CC=C1N2CCC1=CC=C(C)N=C1
9744,ClC1=C2SC(=CC2=CC=C1)C(=O)N[C@H]1CN2CCC1CC2
9745,
9746,CCCC[C@]1(CC)CS(=O)(=O)C2=CC(CNC(CC(O)=O)CC(O)=O)=C(OC)C=C2[C@H](N1)C1=CC=CC=C1
9747,CN(C)C(=O)C1=CC2=CN=C(NC3=CC=C(C=N3)N3CCNCC3)N=C2N1C1CCCC1
9748,CC[C@H](C)[C@@H]([C@@H](CC(=O)N1CCC[C@H]1C([C@@H](C)C(=O)N[C@@H](CC2=CC=CC=C2)C(=O)O)OC)OC)N(C)C(=O)[C@H](C(C)C)NC(=O)[C@H](C(C)C)N(C)C(=O)CCCCCN3C(=O)C=CC3=O
9749,CN1CCC(CC1)C(=O)C1=CC=CC(NC(=O)C2=C(F)C=C(F)C=C2F)=N1
9750,CN(C)C(=O)[C@@H]1CCCN1C(=O)NCC1=CC=C(C=C1C)C(=O)N1CCCCC2=C1C=CC=C2
9751,[H]C(=O)[C@H](O)[C@@H](O)[C@@H](O)[C@H](O)CO
9752,CCOCCN1N=C(C(=O)NS(C)(=O)=O)C2=NC(=NC(NC3=CC(C)=CC=N3)=C12)N(C)CC
9753,C#CC1=CC=CC(NC2=NC=NC3=CC4=C(OCCOCCOCCO4)C=C23)=C1
9754,C1CC1C(NC1=NCCO1)C1CC1
9755,CNCC1=CN(C(=C1)C1=CC=CC=C1F)S(=O)(=O)C1=CC=CN=C1
9756,CN1CCN(CC1)C1=CC=C(NC2=NC=C3C(=O)N(CC=C)N(C3=N2)C2=NC(=CC=C2)C(C)(C)O)C=C1
9757,CCN(CC)CCN1CCC2=C(C(C)=C(N2)\C=C2/C(=O)NC3=CC=C(F)C=C23)C1=O
9758,CC(C)(C)C1=CC=C(C=C1)C(=O)CCCN1CCC(CC1)OC(C1=CC=CC=C1)C1=CC=CC=C1
9759,[H][C@](CNC(C)C)(C(=O)N1CCN(CC1)C1=NC=NC2=C1[C@]([H])(C)C[C@@]2([H])O)C1=CC=C(Cl)C=C1
9760,NC[C@H]1OB(O)C2=C1C=CC=C2OCCCO
9761,CCNC1(CCN(CC1)C1=C2N=C(N(C2=NC=N1)C1=CC=C(Cl)C=C1)C1=CC=CC=C1Cl)C(N)=O
9762,
9763,CCN(CCCOC1=CC=C2C(NC3=CC(CC(=O)NC4=CC=CC(F)=C4)=NN3)=NC=NC2=C1)CCOP(O)(O)=O
9764,C\C(N(CC1=CN=C(C)N=C1N)C=O)=C(/CCOP(O)(O)=O)SC(=O)C1=CC=CC=C1
9765,[H][C@@]12CN(CC(=O)N1CCC1=CC=CC=C21)C(=O)C1CCCCC1
9766,[H][C@@]12C[C@H](C)[C@](O)(C(=O)CCl)[C@@]1(C)C[C@H](O)[C@@]1(F)[C@@]2([H])CCC2=CC(=O)C=C[C@]12C
9767,[H][C@@]12CN3C=C(C(=O)NCC4=C(F)C=C(F)C=C4)C(=O)C(O)=C3C(=O)N1[C@@H](C)CO2
9768,[H][C@]12C[C@H](OC(C)=O)C(C)(C)[C@](O)(C[C@]3([H])C\C(C[C@@]([H])(O3)\C=C\C(C)(C)[C@]3(O)O[C@@]([H])(C\C(=C/C(=O)OC)[C@@H]3OC(=O)\C=C\C=C\CCC)C[C@@]([H])(OC(=O)C[C@H](O)C1)[C@@H](C)O)=C\C(=O)OC)O2
9769,CO[C@H]1\C=C\O[C@@]2(C)OC3=C(C)C(O)=C4C(O)=C(NC(=O)\C(C)=C/C=C/[C@H](C)[C@H](O)[C@@H](C)[C@@H](O)[C@@H](C)[C@H](OC(C)=O)[C@@H]1C)C=C(O)C4=C3C2=O
9770,
9771,CCCC1=CC(O)=C2[C@@H]3C=C(C)CC[C@H]3C(C)(C)OC2=C1
9772,
9773,[H]\C(=C(\[H])C1=CC(OC)=C(OC)C=C1)C1=NC2=C(N1C)C(=O)N(CC)C(=O)N2CC
9774,CCCCOCCOC1=CC=C(C=C1)C1=CC2=C(C=C1)N(CC(C)C)CCC\C(=C/2)C(=O)NC1=CC=C(C=C1)[S@@](=O)CC1=CN=CN1CCC
9775,[H][C@]1(O)C[C@@]([H])(C[C@@]1([H])COS(N)(=O)=O)N1C=CC2=C(N[C@@]3([H])CCC4=CC=CC=C34)N=CN=C12
9776,CN1N=CN=C1[C@@H]1[C@H](NC2=C3C1=NNC(=O)C3=CC(F)=C2)C1=CC=C(F)C=C1
9777,CN1C[C@@H](C2=CC(=CC=C2)S(=O)(=O)NCCOCCOCCNC(=O)NCCCCNC(=O)NCCOCCOCCNS(=O)(=O)C2=CC(=CC=C2)[C@@H]2CN(C)CC3=C2C=C(Cl)C=C3Cl)C2=C(C1)C(Cl)=CC(Cl)=C2
9778,C[C@@]12OC(=O)[C@@]1(NC(=O)[C@@H]2CCCl)[C@@H](O)[C@H]1CCCC=C1
9779,O=C(NCC#N)C1=CC=C(C=C1)C1=CC=NC(NC2=CC=C(C=C2)N2CCOCC2)=N1
9780,COCCOC1=CC=C(NC2=NC=C(F)C(NC3=CC=CC(NC(=O)C=C)=C3)=N2)C=C1
9781,OC(=O)C1=CC=C(NC(=O)[C@H](CC2CCCC2)N2C=NC(=C2)C(F)(F)F)N=C1
9782,CC(C)(C)OC(=O)NCCN1C[C@H]2CN(CCOC3=CC=C(C=C3F)C#N)C[C@@H](C1)O2
9783,
9784,COP(=S)(NC(C)C)OC1=CC=C(Cl)C=C1Cl
9785,FC(F)(F)C1=CC=C(CN2C(=O)[C@@]3(COC4=C3C=C3OCOC3=C4)C3=CC=CC=C23)O1
9786,CC(C)(C)NCC(O)COC1=CC=C(NC(=O)NC2CCCCC2)C=C1
9787,
9788,COC1=CC=C(Cl)C(NC2=C(NS(=O)(=O)C3=CC(NC(=O)C(C)(C)N)=CC=C3)N=C3C=CC=CC3=N2)=C1
9789,CS(=O)(=O)C1=CC=C(N2C=C(Cl)C(OC3CCN(CC3)C3=NC=C(Cl)C=N3)=CC2=O)C(F)=C1
9790,[H][C@]1(C)COC2=C3N1C=C(C(O)=O)C(=O)C3=CC(F)=C2C1(N)CC1
9791,CN(C)C[C@@H](NC(=O)N1CC2=C(NN=C2NC2=C3SC=CC3=NC(C)=N2)C1(C)C)C1=CC=CC=C1
9792,COC1=CC(=CC2=C1CN3CC(=O)NC3=N2)OCCCCC(=O)N(CCO)C4CCCCC4
9793,
9794,CO[C@@H](C(=O)N1CC2=C(C1)C(NC(=O)C1=CC=C(C=C1)N1CCN(C)CC1)=NN2)C1=CC=CC=C1
9795,CC(C)(C)OC(=O)N[C@H]1CCCCC\C=C/[C@@H]2C[C@]2(NC(=O)[C@@H]2C[C@H](CN2C1=O)OC(=O)N1CC2=CC=CC(F)=C2C1)C(=O)NS(=O)(=O)C1CC1
9796,C=CCSS(=O)CC=C
9797,CC(C)C[C@H]([C@H](O)C(=O)NO)C(=O)N[C@H](C(=O)OC1CCCC1)C1=CC=CC=C1
9798,CC[C@H](NC(=O)[C@H](C)NC)C(=O)N1C[C@@H](O)C[C@H]1CC1=C(NC2=CC(F)=CC=C12)C1=C(C[C@@H]2C[C@H](O)CN2C(=O)[C@H](CC)NC(=O)[C@H](C)NC)C2=CC=C(F)C=C2N1
9799,[H][C@@](C)(N[C@@]([H])(CCC1=CC=CC=C1)C(=O)OCC)C(=O)N1C(=O)N(C)C[C@@]1([H])C(O)=O
9800,C[C@@H](O)[C@H](N)C(=O)N1CCC[C@H]1C(=O)N1CCC[C@@]1(CC1=CC=CC=C1)C(=O)N[C@@H]([C@@H](C)O)C(N)=O
9801,CN1[C@@H]2C[C@H](O)[C@H]1C[C@H](C2)OC(=O)[C@H](CO)C1=CC=CC=C1
9802,C[C@H](OCC(=O)NCC(F)(F)C(F)(F)F)C1=CC[C@H]2\C(CCC[C@]12C)=C\C=C1\C[C@@H](O)C[C@H](O)C1=C
9803,CC(C)(C)CN1C(N)=NC2=CC=C(N=C12)C1=C(NC(=N1)C(C)(C)C)C1=CC=C(F)C=C1
9804,
9805,[H][C@@]1(CC[C@@]2([H])[C@]3([H])C[C@H](O)[C@]4([H])C[C@H](O)CC[C@]4(C)[C@@]3([H])CC[C@]12C)[C@H](C)CCC(O)=O
9806,C[C@@H]1NC(C)(C)CO[C@@]1(O)C1=CC=CC(Cl)=C1
9807,CNC(=O)C1=C(F)C=C(C=C1)C1=NN2C(CC3=CC4=C(C=C3)N=CC=C4)=CN=C2N=C1
9808,CCCOC1=CC=C(C=C1C1=NC2=C(N(CC)C=C2CCC)C(=O)N1)S(=O)(=O)N1CCN(CCO)CC1
9809,NC(=O)C1=CC=CC2=CN(N=C12)C1=CC=C(C=C1)[C@@H]1CCCNC1
9810,CNCC1=CC=C(C=C1)C1=NOC(=C1)C1=NC(=CN=C1N)C1=CC=C(C=C1)S(=O)(=O)C(C)C
9811,CC1=NC2=C(C=C(C=C2N1CC1=C(C)C(=CC=C1)C(F)(F)F)N1CCOCC1)C(O)=O
9812,COC1=CN=C(N2C=NC(C)=N2)C2=C1C(=CN2COP(O)(O)=O)C(=O)C(=O)N1CCN(CC1)C(=O)C1=CC=CC=C1
9813,CC(=O)N[C@H]([C@@H](O)CC(=O)C(O)=O)[C@@H](O)[C@H](O)[C@H](O)CO
9814,[H][C@@]1(CCOC1)N1C(NC2=C(F)C=C(F)C=C2F)=NC2=CN=C(N[C@@]3([H])CC[C@]([H])(O)CC3)N=C12
9815,OC1=C2N(C[C@H]3O[C@@H]4CC[C@@H](C4)N3C2=O)C=C(C(=O)NCC2=C(F)C=C(F)C=C2F)C1=O
9816,COC1=C(OC)C=C2C(OC3=CC(Cl)=C(NC(=O)NC4=NOC(C)=C4)C=C3)=CC=NC2=C1
9817,C[C@@H](O)[C@H](N)C(=O)N1CCC[C@H]1C(=O)N1CCC[C@H]1C(=O)N[C@@H]([C@@H](C)O)C(N)=O
9818,
9819,CCN(C1CCN(CC[C@H](C2=CC=C(C=C2)S(C)(=O)=O)C2=CC(F)=CC(F)=C2)CC1)C(=O)CC1=CC=C(C=C1)S(C)(=O)=O
9820,CN1CCN(CCOC2=CC3=C(C(NC4=C(Cl)C=CC5=C4OCO5)=NC=N3)C(OC3CCOCC3)=C2)CC1
9821,C\C(\C=C\[C@@H]1C[C@]1(C)C1=CC=C2C(=C1)C(C)(C)CCC2(C)C)=C/C(O)=O
9822,CN[C@@]1(C)[C@@H]2CC[C@@H](C2)C1(C)C
9823,COC1=C(Br)C2=C(C=C1)C(O[C@@H]1C[C@H](N(C1)C(=O)[C@@H](NC(=O)OC1CCCC1)C(C)(C)C)C(=O)N[C@@]1(C[C@H]1C=C)C(O)=O)=CC(=N2)C1=CSC(NC(=O)C(C)C)=N1
9824,C(CN1CCOCC1)OC1=CC=C(C=C1)[C@H]1CC[C@]2(CC1)OOC1(O2)C2CC3CC(C2)CC1C3
9825,N[C@@H](CNC(=O)CC[C@@H](NC(=O)C1=CC=C(NCC2=CNC3=NC=NC(=O)C3=N2)C=C1)C(O)=O)C(=O)N[C@@H](CC(O)=O)C(=O)N[C@@H](CS)C(O)=O
9826,CC(=O)NCCOC(=O)[C@H](OC1=CC=CC(=C1)C(F)(F)F)C1=CC=C(Cl)C=C1
9827,CCC1=C(C)\C2=C\C3=C(C=C)C(C)=C(N3)\C=C3/N=C([C@@H](CCC(O)=O)[C@@H]3C)/C(/CC(=O)N[C@@H](CC(O)=O)C(O)=O)=C3\N\C(=C/C1=N2)C(C)=C3C(O)=O
9828,CCCCCCCC(=O)O[C@@H]1[C@@H](OC(=O)C(\C)=C/C)C(C)=C2[C@@H]3OC(=O)[C@@](C)(O)[C@@]3(O)[C@H](C[C@](C)(OC(C)=O)[C@@H]12)OC(=O)CCCCCCCCCCCNC(=O)C[C@H](N)C(=O)N[C@@H](CCC(=O)N[C@@H](CCC(=O)N[C@@H](CCC(=O)N[C@@H](CCC(O)=O)C(O)=O)C(O)=O)C(O)=O)C(O)=O
9829,OC(=O)C1=CC2=C(C=C1)C1=NN([C@@H](C3CCCC3)[C@H]1CC2)C1=CC=C(C#N)C(Cl)=C1
9830,CNC(=N)NCCC[C@H](N)C(O)=O
9831,COC(=O)N1CCN(CC2=C(F)C(NC(=O)NC3=CC=C(C)N=C3)=CC=C2)CC1
9832,CCS(=O)(=O)N1CC(CC#N)(C1)N1C=C(C=N1)C1=C2C=CNC2=NC=N1
9833,CC[C@H](C)[C@H]1N([C@@H](C(=O)N2CCOCC2)C2=COC(C)=N2)C(=O)[C@H](NC1=O)C1CC2=CC=CC=C2C1
9834,C[C@H](OC1=CC=C(C=C1C(F)(F)F)C1=NC(=NO1)C1=CC=C2NC=NC2=C1)C(F)(F)F
9835,CC1CS(=O)(=O)CCN1\N=C\C1=CC=C(O1)[N+]([O-])=O
9836,NCC(=O)N1C[C@@H](C[C@H]1C(O)=O)NC(=O)C1=CC=CC=C1
9837,COC1=CC=C2C3=C(C4CCCCC4)C4=CC=C5C=C4N3CC(=CC2=C1)C(=O)N(C)CCOCCN(C)S(=O)(=O)NC5=O
9838,CN[C@@]1(CCCCC1=O)C1=CC=CC=C1Cl
9839,CCC1=CC=C(CC2=CC=C3CO[C@]4(O[C@H](CO)[C@@H](O)[C@H](O)[C@H]4O)C3=C2)C=C1
9840,CCC1=C[C@@H]2[C@@H](C[C@]2(CN)CC(O)=O)C1
9841,
9842,CCOC1=CC=C(CC2=CC(=CC=C2Cl)[C@]23OC[C@](CO)(O2)[C@@H](O)[C@H](O)[C@H]3O)C=C1
9843,CCOC1=C(NC(=O)\C=C\CN(C)C)C=C2C(NC3=CC=C(OCC4=CC=CC=N4)C(Cl)=C3)=C(C=NC2=C1)C#N
9844,CN(C)C[C@@H]1CCN2C=C(C3=C2C=CC=C3)C2=C(C(=O)NC2=O)C2=CN(CCO1)C1=C2C=CC=C1
9845,NC1=CC=CC=C1NC(=O)C1=CC=C(CNC2=NC=CC(=N2)C2=CC=CN=C2)C=C1
9846,ClC1=C(C=C(C=C1)N(=O)=O)N(=O)=O
9847,CC1(COC2=CC=C3N(C=NC3=C2)C2=CC=C3C=CC=C(N4CCC(N)CC4)C3=N2)COC1
9848,CC1=NC(C#CC2=CC=NC(Cl)=C2)=C(C)N1C1=CC=C(F)C=C1
9849,
9850,[111In+3].CC(O)C(CO)N=C(O)C1CSSCC(N=C(O)C(CC2=CC=CC=C2)N=C([O-])CN(CCN(CCC(C(O)=O)C(O)=O)CC([O-])=O)CC([O-])=O)C(O)=NC(CC2=CC=CC=C2)C(O)=NC(CC2=CNC3=CC=CC=C23)C(O)=NC(CCCCN)C([O-])=NC(C(C)O)C(O)=N1
9851,CC(C)N1N=C(C2=C(N)N=CN=C12)C1=CC=C2OC(N)=NC2=C1
9852,FC1=C(C=CC(=C1)C#N)[C@H]1CCC2=CN=CN12
9853,[O-][N+]1=CC(Cl)=C(NC(=O)C2=CC=C(OC(F)F)C3=C2C2=CN=CC=C2O3)C(Cl)=C1
9854,CCCCCCCCCCCCCCCC(=O)N[C@@H](CCCCN)C(=O)N[C@@H](CCCCN)C(=O)N[C@@H](CO)C(=O)N[C@@H](CCCNC(N)=N)C(=O)N[C@@H](C)C(=O)N[C@@H](CC(C)C)C(=O)N[C@@H](CC1=CC=CC=C1)C(N)=O
9855,COC1=CC(=C(C=C1C(=O)NC2CCN3CCCC2C3)Cl)N
9856,NC1=CC=CC=C1NC(=O)C1=CC=C(CNC(=O)OCC2=CN=CC=C2)C=C1
9857,CC[C@H](C)[C@@H](C(=O)N[C@@H](CC1=CN=CN1)C(=O)N2CCC[C@H]2C(=O)N[C@@H](CC3=CC=CC=C3)C(=O)O)NC(=O)[C@H](CC4=CC=C(C=C4)O)NC(=O)[C@H](C(C)C)NC(=O)[C@H](CCCN=C(N)N)NC(=O)[C@H](CC(=O)O)N
9858,CC(C)S(=O)(=O)N[C@H]1COC[C@H]1OC1=CC=C(C=C1)C1=CC=C(S1)C#N
9859,CN(C(=O)CC1=CC=C(C=C1)C1=CC=CC=N1)C1=NC(C)=C(S1)S(N)(=O)=O
9860,CNC(=O)C1=C2C=CC(OC3=C4C=C(OC)C(OCC5(N)CC5)=CC4=NC=C3)=CC2=CC=C1
9861,CN1CC(=O)NC1=N
9862,OC[C@H]1CN(C(=O)O1)C1=CC(F)=C(OCC2(O)CCN(CC2)C2=C(F)C=C3C(=O)C(=CN(C4CC4)C3=C2)C(O)=O)C=C1
9863,[H][C@@](O)(COP(O)(O)=O)[C@@]([H])(O)[C@]([H])(O)[C@]([H])(O)C=O
9864,
9865,
9866,CN(C)[C@H]1CCN(CC2=C(C=C(C=C2)C(=O)NC2=CC=C(C)C(NC3=NC=CC(=N3)C3=CN=CN=C3)=C2)C(F)(F)F)C1
9867,FC1=CC=CC=C1C1=NC2=CN(CC3=CC=C(N=N3)C3=CC=C(C=C3C(F)(F)F)C(F)(F)F)C=CC2=N1
9868,CONC(=O)NC1=CC=C(C=C1)C1=C(CN(C)C)C2=C(S1)N(CC1=C(F)C=CC=C1F)C(=O)N(C2=O)C1=CC=C(OC)N=N1
9869,
9870,CN(CCN1CCC(CC1)OC(=O)NC1=CC=CC=C1C1=CC=CC=C1)C(=O)C1=CC=C(CN2CCC(CC2)C(N)=O)C=C1
9871,
9872,
9873,CCCCC\C=C/C\C=C/C=C/C=C/[C@@H](SC[C@H](N)C(=O)NCC(O)=O)[C@@H](O)CCCC(O)=O
9874,[H][C@@]1(CC[C@@]2([H])[C@]3([H])CC[C@@]4([H])C[C@H](O)CC[C@]4(C)[C@@]3([H])CC[C@]12C)C(C)=O
9875,CCCCCCCCCCCCCCCCCCCC(=O)N[C@H]1CC[C@@]2(C)[C@H](C[C@@H](O)[C@H]3[C@@H]4CC[C@H]([C@H](C)CCC(O)=O)[C@@]4(C)[C@@H](O)C[C@H]23)C1
9876,CCNCCS(=O)(=O)NC[C@]1(SC(NC(=O)C(C)(C)C)=NN1C(=O)C(C)(C)C)C1=CC=CC=C1
9877,
9878,CN1N=CC=C1C1=C(C)N(C2=CC=CC(=C2)C(F)(F)F)C(=O)C(=C1)C(=O)NCC1=NC=C(C=C1)S(C)(=O)=O
9879,COCCOC1=CC=C(C=C1)N1CCN(CCN2N=CC3=C2N=C(N)N2N=C(N=C32)C2=CC=CO2)CC1
9880,C[C@H](COC1=CN2N=CN=C(OC3=CC=C4NC(C)=CC4=C3F)C2=C1C)OC(=O)[C@H](C)N
9881,
9882,CN(C)C(=O)CCN1N=C(NC2=CC=C3OC(F)(F)OC3=C2)N=C1C1=CC=NC=C1
9883,CCC(N1CCCC1=O)C(N)=O
9884,C\C=C\C[C@@H](C)C(=O)[C@@H]1N(C)C(=O)[C@H](C(C)C)N(C)C(=O)[C@H](CC(C)C)N(C)C(=O)[C@H](CC(C)C)N(C)C(=O)[C@@H](C)NC(=O)[C@H](C)NC(=O)[C@H](CC(C)C)N(C)C(=O)[C@@H](NC(=O)[C@H](CC(C)C)N(C)C(=O)CN(C)C(=O)[C@@H](NC1=O)C(C)C)C(C)C
9885,CC(C)(C(=O)NCC(F)(F)C(F)(F)F)C(=O)N[C@H]1C2=CC=CC=C2C2=CC=CC=C2NC1=O
9886,CC(C)(CC1=CC=CC(CC(=O)NCC2=CC=CC(=C2)C2=CC=C(O)C=C2)=C1)NC[C@H](O)C1=CC=C(O)C(NS(C)(=O)=O)=C1
9887,COC1=C(OC)C(OC)=C2C(CC[C@H](NC(C)=O)C3=C2C=CC(OP(O)(O)=O)=C3)=C1
9888,CC(C)(SC1=CC=NC=C1C1=C2C=CC=CC2=C(C=C1)C#N)C(O)=O
9889,C\C(\C=C\C=C(/C)C(=O)O[C@@H]1O[C@H](CO[C@@H]2O[C@H](CO)[C@@H](O)[C@H](O)[C@H]2O)[C@@H](O)[C@H](O)[C@H]1O)=C/C=C/C=C(\C)/C=C/C=C(\C)C(=O)O[C@@H]1O[C@H](CO[C@@H]2O[C@H](CO)[C@@H](O)[C@H](O)[C@H]2O)[C@@H](O)[C@H](O)[C@H]1O
9890,C(C1=CNC2=CC=CC=C12)C1=CNC2=CC=CC=C12
9891,C[C@H](N)C(=O)N[C@@H](CCC(N)=O)C(O)=O
9892,CC1=C(COC2=CC=C(C=N2)C(=O)N2CCS(=O)(=O)CC2)C(=NO1)C1=CC=C(F)C=C1
9893,CCC1=CC(CC[C@@]2(CC(O)=C(CC3=NN4C(=N3)N=C(C)C=C4C)C(=O)O2)C2CCCC2)=CC(CC)=N1
9894,CC[C@H](C)C(NC(=O)[C@@H](N)CCCNC(N)=N)C(=O)N[C@@H](C(C)C)C(=O)N1CCC[C@H]1C(=O)N[C@@H](C)C(N)=O
9895,CN(C)CCNC(=O)C1=C2N=C3C=CC=CC3=CC2=CC=C1
9896,CCNC(=O)C1=NOC(=C1C1=CC=C(CN2CCOCC2)C=C1)C1=CC(=C(O)C=C1O)C(C)(C)C
9897,CC(C)C[C@H](NC(=O)CNC(=O)[C@H](C)NC(=O)[C@H](CC(O)=O)NC(=O)[C@H](CC(O)=O)NC(=O)[C@H](C)NC(=O)[C@@H]1CCCN1C(=O)[C@H](CCCCN)NC(=O)CNC(=O)[C@@H]1CCCN1C(=O)[C@@H]1CCCN1C(=O)[C@@H]1CCCN1C(=O)[C@H](CCC(O)=O)NC(=O)CN)C(=O)N[C@@H](C(C)C)C(O)=O
9898,FC(F)(F)C1=CC=C(N=C1)N1CC[C@H](C1)NC(=O)NC1=CC=CC=C1Br
9899,C[C@@H](C(=O)NC1=CC=C(C=C1)C2=CN3[C@@H](C2)C=NC4=CC(=C(C=C4C3=O)OC)OCCCOC5=C(C=C6C(=C5)N=C[C@@H]7CC(=CN7C6=O)C8=CC=C(C=C8)OC)OC)NC(=O)[C@H](C(C)C)NC(=O)CCCCCN9C(=O)C[C@H](C9=O)SC[C@@H](C(=O)O)N
9900,COC1=CC2=C(OC3=CC=C4NC(C)=CC4=C3F)C=CN=C2C=C1OCC1(N)CC1
9901,CCN1CCN(CC1)C1=CC=C(NC2=CC(=NC=N2)N(C)C(=O)NC2=C(Cl)C(OC)=CC(OC)=C2Cl)C=C1
9902,[H][C@]1(OC(=C[C@H](NC(N)=N)[C@H]1NC(C)=O)C(O)=O)[C@H](OC)[C@H](O)COC(=O)CCCCCCC
9903,N[C@@H](CC1=CC=CC=N1)C1=CC=CC=C1
9904,CC(C)[C@@H]1N(C)C(=O)[C@@H](CC2=CC=CC=C2)NC(=O)[C@H](CC(O)=O)NC(=O)CNC(=O)[C@H](CCCNC(N)=N)NC1=O
9905,COC1=CC=C(C=N1)C1=NC(N2CCOCC2)=C2SC(CN(C)C3=NC=C(C=N3)C(=O)NO)=CC2=N1
9906,CC1SC2=C(C(O)=O)C(=O)C3=CC(F)=C(C=C3N12)N1CCN(CC2=C(C)OC(=O)O2)CC1
9907,NC(=O)[C@@H](CCC(F)(F)F)N(CC1=CC=C(C=C1F)C1=NOC=N1)S(=O)(=O)C1=CC=C(Cl)C=C1
9908,CN1C(COC2=CC=C(CC3SC(=O)NC3=O)C=C2)=NC2=CC=C(OC3=CC(C)=C(N)C(C)=C3)C=C12
9909,
9910,CN(C)C1CCN(CC1)C(=O)C1=CC=C(NC(=O)NC2=CC=C(C=C2)C2=NC(=NC(=N2)N2CCOCC2)N2CCOCC2)C=C1
9911,O=C1CSC(=O)N1
9912,CN1C=C(C=N1)C1=C2N=C([C@@H]3CCCNC3)C(Br)=C(N)N2N=C1
9913,CC1=C(CC2=CC=C3C=CC=CC3=N2)C2=CC(F)=CC=C2N1CC(O)=O
9914,CNC(=O)C1=CC=C(C=C1F)N1C(=S)N(C(=O)C11CCC1)C1=CC(=C(N=C1)C#N)C(F)(F)F
9915,CCOC1=NC=C(C=C1C1=NC2=C(CC)N(CCOC)N=C2C(=O)N1)S(=O)(=O)N1CCN(CC)CC1
9916,FC(F)(F)C1=NC(NC2=C(Cl)C=C(Cl)C=C2)=NC=C1C(=O)NCC1CCOCC1
9917,CN1CCN(CC2=CC=C(C=C2C(F)(F)F)C(=O)NC2=CC(NC3=NC=CC(=N3)C3=CC=CN=C3)=C(C)N=C2)CC1
9918,CC(=O)NC[C@H]1CN(C(=O)O1)C1=CC=C(N2CCSCC2)C(F)=C1
9919,CC(C)C[C@H](NC(=O)[C@@H](CC1=CC=C(NC(C)=O)C=C1)NC(=O)[C@H](CC1=CC=C(NC(C)=O)C=C1)NC(=O)[C@H](CO)NC(=O)[C@@H](CC1=CC=CN=C1)NC(=O)[C@@H](CC1=CC=C(Cl)C=C1)NC(=O)[C@@H](CC1=CC=C2C=CC=CC2=C1)NC(C)=O)C(=O)N[C@@H](CCCCNC(C)C)C(=O)N1CCC[C@H]1C(=O)N[C@H](C)C(N)=O
9920,COC1=CC(=CC=C1NC1=NC=C(C(NC2=CC=CC(NC(=O)C=C)=C2)=N1)C(F)(F)F)N1CCN(CC1)C(C)=O
9921,CCC1=C(C(=O)C(N)=O)C2=C(OCC(O)=O)C=CC=C2N1CC1=CC=CC=C1
9922,CC1=NC2=CC=CC(=C2C(=O)N1C1=CC=C(OCCCN2CCCC2)C=C1)C(F)(F)F
9923,CC1=CC=CC(=N1)C1=NN2CCCC2=C1C1=C2C=C(C=CC2=NC=C1)C(N)=O
9924,CC1=NC(NNC(=O)[C@H](CC2CCCC2)CN(O)C=O)=C(F)C(=N1)N1CCN2CCOC[C@@H]2C1
9925,FC1=CC2=C3N(CCN(C2)C(=O)N2CCCCC2)C=C(C3=C1)C1=C(C(=O)NC1=O)C1=CN=C2C=CC=CN12
9926,
9927,COC1=C(OC)C=C2[C@H]3C[C@@H](OC(=O)[C@@H](N)C(C)C)[C@H](CC(C)C)CN3CCC2=C1
9928,[111In]
9929,CC(C)=CCC\C(C)=C\CC\C(C)=C\CC[C@@](C)(O)CCC1=C(C)C(=O)C(C)=C(C)C1=O
9930,NC1=NC(=O)C2=C(N1)N(C=N2)[C@H]1C[C@H](O)[C@@H](COP(O)(=O)O[C@H]2C[C@@H](O[C@@H]2CO)N2C=NC(N)=NC2=O)O1
9931,NC1=NC(OCC2=CC=CC=C2)=C2N=CNC2=N1
9932,NC[C@@H](F)CP(O)=O
9933,[H][C@@]12C[C@@]3([H])[C@]4([H])CCC5=CC(=O)C=C[C@]5(C)[C@@]4([H])[C@@]([H])(O)C[C@]3(C)[C@@]1(N=C(C)O2)C(=O)COC(C)=O
9934,CC1=C(NC(=O)NC2=CC=C(Cl)C(=C2O)S(=O)(=O)[C@H]2CCCNC2)C=CC=C1F
9934,CC1=C(NC(=O)NC2=CC=C(Cl)C(=C2O)S(=O)(=O)[C@H]2CCCNC2)C=CC=C1F
9935,NC1=CC=C(C=N1)C#CC1=C2N=C(C=C(N2N=C1)C(F)(F)F)C1=CC=C(C=C1)C(F)(F)F
9936,CCCCCCCCCCCCCCC[C@H](O)[C@@H](N)CO
9937,CNC(=O)C1=CC(=CC=C1)C1=CC=C2C(N=C(N=C2N2CCOC[C@@H]2C)N2CCOC[C@@H]2C)=N1
9938,
9939,CCCC1=NN(C)C2=C1N=C(NC2=O)C1=CC(=CC=C1OCC)S(=O)(=O)N1CCN(CCOC(=O)OCCN2CCN(CC2)S(=O)(=O)C2=CC=C(OCC)C(=C2)C2=NC3=C(N(C)N=C3CCC)C(=O)N2)CC1
9940,
9941,[H][C@]1(C[C@@H]2CN1C(=O)[C@@H](NC(=O)OCC(C)(C)CCCCC1=C3CN(CC3=CC=C1)C(=O)O2)C(C)(C)C)C(=O)N[C@@]1(C[C@H]1CC)C(=O)NS(=O)(=O)C1CC1
9942,C1=CC=C(C=C1)C2=NN3C(=CC(=NC3=C2C4=CC=C(C=C4)O)C(F)(F)F)C(F)(F)F
9943,CC1=CC=C(N=C1)C1=CC=C(C)C=N1
9944,[H][C@]1(CO)O[C@@]([H])(N2C=NC3=C(NCC=C(C)C)N=CN=C23)[C@]([H])(O)[C@]1([H])O
9945,CC[C@H](C)[C@H]1N([C@@H](C(=O)N2CCOCC2)C2=CC=C(C)N=C2C)C(=O)[C@H](NC1=O)C1CC2=CC=CC=C2C1
9946,CO[C@]1(NC(=O)CSC(F)F)[C@H]2OCC(CSC3=NN=NN3CCO)=C(N2C1=O)C(O)=O
9947,CC(C)(CCCCCC(O)CCCCCC(C)(C)C(O)=O)C(O)=O
9948,OC(=O)C1=CC(=O)C2=CC=CC=C2N1
9949,CC(C)C[C@@H](NC(=O)[C@@H](CC1=CC=CC=C1)NC(=O)[C@H](N)CC1=CC=CC=C1)C(=O)N[C@H](CCCCN)C(=O)N1CCC(N)(CC1)C(O)=O
9950,CCOC1=CC=C(CC2=CC(=CC=C2Cl)[C@@]23OC[C@@](CO)(O2)[C@@H](O)[C@H](O)[C@H]3O)C=C1F
9951,NC(=S)N\N=C\C1=C(N)C=CC=N1
9952,ClC1=CC(Cl)=C(C=C1)C(=O)NS(=O)(=O)C1=CC=C(Br)S1
9953,FC(F)(F)C1=CC(=CC(=C1)C1=NN(\C=C/C(=O)NNC2=NC=CN=C2)C=N1)C(F)(F)F
9954,NC1=NC(N2C=C(C(O)=O)C(=O)C3=CC(F)=C(N4CC(O)C4)C(Cl)=C23)=C(F)C=C1F
9955,OC(=O)CCCC(=O)NCCC1=CNC=N1
9956,
9957,CC(=O)NC1=C2C(=CC=C1)N(CC(O)=O)C(C)=C2SC1=CC=C(Cl)C=C1
9958,CCCN1CCC(CC1)C1=CC=CC(=C1)S(C)(=O)=O
9959,CC1(C)CCC2=C(O1)C1=CC=CC=C1C(=O)C2=O
9960,C[C@@H](N(C)C(=O)N1CCNC[C@@H]1C1=CC=C(F)C=C1C)C1=CC(=CC(=C1)C(F)(F)F)C(F)(F)F
9961,[H][C@]1(CN[C@@]([H])(C1)C(=O)N1CCSC1)N1CCN(CC1)C1=CC(C)=NN1C1=CC=CC=C1
9962,CC1=NC=C(OC[C@]2(C[C@H]2C(=O)NC2=NC=C(F)C=C2)C2=CC=CC(F)=C2)C(C)=N1
9963,C[C@H](NC1=C2N=CNC2=NC=N1)C1=CC2=CC=CC(Cl)=C2C(=O)N1C1=CC=CC=C1
9964,C[C@@H]1CN(CC2=NC=CC=N2)C[C@H]1C1=NC2=C(C=NN2C2CCOCC2)C(=O)N1
9965,C[C@H]1CC[C@@H](CC1)C(=O)N([C@H]1CC[C@H](O)CC1)C1=C(SC(=C1)C#CC(C)(C)C)C(O)=O
9966,COC1=C(C(=C2C(=C1)C(=NC=N2)NCCCCCO[N+](=O)[O-])OC)OC
9967,CC(C)C[C@H](NC(=O)[C@@H](NC(=O)C1=CC=CC(=N1)C1=CC=CC=C1)[C@@H](C)O)B(O)O
9968,FC(F)C(F)(F)COC1=CC=CC(CNCCC2=CNC3=CC(F)=CC=C23)=C1
9969,C[C@@H](O)COC1=CN2N=CN=C(OC3=CC=C4NC(C)=CC4=C3F)C2=C1C
9970,
9971,NC(=O)C1=C(N)N(CC2=CC(Cl)=C(C(=O)C3=CC=C(Cl)C=C3)C(Cl)=C2)N=N1
9972,C[C@]1(CS(=O)(=O)N2CCC(CC2)OC2=CC=C(Cl)C=N2)NC(=O)NC1=O
9973,O=C1NC(=O)\C(S1)=C\C1=CC=C2N=CC=C(C3=CC=NC=C3)C2=C1
9974,COC1=C(NC(=O)\C=C\CN2CCCCC2)C=C2C(NC3=CC(Cl)=C(F)C=C3)=NC=NC2=C1
9975,COC1=C(C)C(CS(=O)C2=NC3=C(N2)C=CC(=C3)N2C=CC=C2)=NC=C1
9976,COC1=CC2=C(C=C1OCCCOC1=CC3=C(C=C1OC)C(=O)N1CC(=C)C[C@H]1C=N3)N=C[C@@H]1CC(=C)CN1C2=O
9977,COC1=C2N=CN([C@@H]3O[C@H](COP(=O)(N[C@@H](C)C(=O)OCC(C)(C)C)OC4=C5C=CC=CC5=CC=C4)[C@@H](O)[C@@]3(C)O)C2=NC(N)=N1
9978,CN1C=NC2=C(F)C(NC3=CC=C(Br)C=C3F)=C(C=C12)C(=O)NOCCO
9979,CC1=C2COC(=O)C2=CC=C1[C@@H](O)CN1CCN(C[C@H](O)C2=C(C)C3=C(C=C2)C(=O)OC3)CC1
9980,CN1N=CC(Cl)=C1C1=C(Cl)OC(=C1)C(=O)N[C@H](CN)CC1=CC=C(F)C(F)=C1
9981,NC1=NC(NC[C@H]2CC[C@H](CNCCCNC3CCCCC3)CC2)=NC(=C1)N1CCN(CCP(O)(O)=O)CC1
9982,C[C@]12C[C@H](C3=CC=C(C=C3)S(C)(=O)=O)C3=C4CCC(=O)C=C4CC[C@H]3[C@@H]1CC[C@@]2(O)C(F)(F)C(F)(F)F
9983,
9984,COC1=C(OC[C@H]2C[C@H]3CN(C)C[C@H]3C2)C=C2N=CN=C(NC3=CC=C(Cl)C(Cl)=C3F)C2=C1
9985,COC1=CC=C(C=N1)C1=CC2=C(C)N=C(N)N=C2N([C@H]2CC[C@@H](CC2)OCCO)C1=O
9986,C[C@H]([C@@H](C(=O)N[C@@H](CC1=CC=CC=C1)C(=O)NNC(=O)N[C@@H](CC(C)C)C(=O)N[C@@H](CCCNC(=NC)N)C(=O)N[C@@H](CC2=CNC3=CC=CC=C32)C(=O)N)NC(=O)[C@H](CC(=O)N)NC(=O)[C@@H]4C[C@H](CN4C(=O)[C@@H](CC5=CC=C(C=C5)O)NC(=O)C)O)O
9987,
9988,CN1CCN(CC1)C1CCN(CC1)C(=O)NC1=CC(OC2=CC=C(NC(=O)C3(CC3)C(=O)NC3=CC=C(F)C=C3)C(F)=C2)=CC=N1
9989,CN1CC[C@H](C[C@@H]1C1=NC2=CC=CC=C2N1)NC(=O)NC1=CC=C(C=C1)C#N
9990,COC1=CC=CC(=C1F)C1=C(C)N(CC2=C(C=CC=C2F)C(F)(F)F)C(=O)N(C[C@H](NCCCC(O)=O)C2=CC=CC=C2)C1=O
9991,[C]
9992,CC1=CC(O)=CC(C)=C1C[C@H](NC(=O)[C@H](N)CCCNC(N)=N)C(=O)N[C@@H](CCCCN)C(=O)N[C@@H](CC1=CC=CC=C1)C(N)=O
9993,OCCONC(=O)C1=C(NC2=C(F)C=C(I)C=C2)N2C=NC=C2C=C1
9994,
9995,O[C@H](CS(=O)(=O)C1=CC=C2C=C(Cl)C=CC2=C1)C(=O)N1CCC(CC1)N1CCCNC1=O
9996,FC(F)(F)C1=CC=C(COC(CN2C=CN=C2)C2=CC=C(Cl)C=C2Cl)C=C1
9997,CN1CCN(CC1)C1=CC=C(C(=O)NC2=NNC3=CC=C(CC4=CC(F)=CC(F)=C4)C=C23)C(NC2CCOCC2)=C1
9998,CC(C)OC1=C(Cl)C=C(C=N1)C1=NC(=NO1)C1=C2C=CN(CCCC(O)=O)C2=CC=C1
9999,COC1=CC=CC(=C1)C2=NC(=CS2)CS(=O)(=O)C
10000,[O-][N+](=O)C1=NC=CN1CC(=O)NCC1=CC=CC=C1
10001,CO[C@@H]1COCC[C@@H]1N[C@@H]1CC[C@](CN2CCC3=C(C2)C=C(C=N3)C(F)(F)F)(C1)C(C)C
10002,COC[C@H](NC(=O)[C@H](COC)NC(=O)C1=CN=C(C)S1)C(=O)N[C@@H](CC1=CC=CC=C1)C(=O)[C@@]1(C)CO1
10003,CS(=O)(=O)N1C=C2CN(CC2=N1)[C@H]1CO[C@@H]([C@@H](N)C1)C1=CC(F)=CC=C1F
10004,[H][C@@]12CN(C)C[C@]1([H])[C@H]2CN(CC1=CC(Cl)=C(F)C=C1)C(=O)C1=CN(C)C=N1
10005,CC(=O)OC1=CC=CC2=C1C(=O)C1=C(OC(C)=O)C=C(C=C1C2=O)C(O)=O
10006,OC(=O)C1CCN(CC1)C1=C(Cl)C=C(C=N1)C(=O)NC1=NC(C2=CC(Cl)=CS2)=C(S1)N1CCN(CC1)C1CCCCC1
10007,CC(C)C(NC(=O)[C@H](CC(O)=O)NC(=O)[C@H](CCCCN)NC(=O)[C@@H](N)CCCN=C(N)N)C(=O)N[C@@H](CC1=CC=C(O)C=C1)C(O)=O
10008,
10009,OC[C@H]1O[C@H]([C@@H](O)[C@@H]1O)N1C=C(\C=C\Br)C(=O)NC1=O
10010,CN[C@H]1CN(C[C@@H]1OC)C1=CC=C2C(=O)C(=CN(C3=NC=CS3)C2=N1)C(O)=O
10011,COC1=CC2=C(C(=O)N=C(N2)C2=CC(C)=C(OCCO)C(C)=C2)C(OC)=C1
10012,CCN1CCN(CC2=CC=C(NC3=NC=C(F)C(=N3)C3=CC(F)=C4N=C(C)N(C(C)C)C4=C3)N=C2)CC1
10013,CNC(=O)C1=C(OC[C@@H](O)CN2CCC3(CC4=CC(Cl)=CC=C4O3)CC2)C=C(OC(C)(C)C(O)=O)C(Cl)=C1
10014,CC[C@H](C)[C@@H](C(=O)N[C@@H](CCC(=O)O)C(=O)N[C@@H](CCCCN)C(=O)N[C@@H](CC1=CC=CC=C1)C(=O)N[C@@H](CC(=O)O)C(=O)N[C@@H](CCCCN)C(=O)N[C@@H](CO)C(=O)N[C@@H](CCCCN)C(=O)N[C@@H](CC(C)C)C(=O)N[C@@H](CCCCN)C(=O)N[C@@H](CCCCN)C(=O)N[C@@H]([C@@H](C)O)C(=O)N[C@@H](CCC(=O)O)C(=O)N[C@@H]([C@@H](C)O)C(=O)N[C@@H](CCC(=O)N)C(=O)N[C@@H](CCC(=O)O)C(=O)N[C@@H](CCCCN)C(=O)N[C@@H](CC(=O)N)C(=O)N2CCC[C@H]2C(=O)N[C@@H](CC(C)C)C(=O)N3CCC[C@H]3C(=O)N[C@@H](CO)C(=O)N[C@@H](CCCCN)C(=O)N[C@@H](CCC(=O)O)C(=O)N[C@@H]([C@@H](C)O)C(=O)N[C@@H]([C@@H](C)CC)C(=O)N[C@@H](CCC(=O)O)C(=O)N[C@@H](CCC(=O)N)C(=O)N[C@@H](CCC(=O)O)C(=O)N[C@@H](CCCCN)C(=O)N[C@@H](CCC(=O)N)C(=O)N[C@@H](C)C(=O)NCC(=O)N[C@@H](CCC(=O)O)C(=O)N[C@@H](CO)C(=O)O)NC(=O)[C@H](CCC(=O)O)NC(=O)[C@H](C)NC(=O)[C@H](CCSC)NC(=O)[C@H](CC(=O)O)NC(=O)[C@@H]4CCCN4C(=O)[C@H](CCCCN)NC(=O)[C@H](CC(=O)O)NC(=O)[C@H](CO)NC(=O)C
10015,COC1=CC(OC)=C(\C=C\S(=O)(=O)CC2=CC=C(OC)C(OP(O)(O)=O)=C2)C(OC)=C1
10016,CCC[C@H](N[C@H]1CCC2=CC(F)=CC(F)=C2C1)C(=O)NC1=CN(C=N1)C(C)(C)CNCC(C)(C)C
10017,CN1C2=CC=CC=C2C(=N[C@H](NC(=O)[C@H](CCC(F)(F)F)[C@H](CCC(F)(F)F)C(N)=O)C1=O)C1=CC=CC=C1
10018,O=C1C(=COC2=CC=CC=C12)C1=CC=CC=C1
10019,COC1=CC=CC(OCCCN)=C1C1=CC(NC2=CN=C(C=N2)C#N)=NN1
10020,CCOC1=CC=C(C=C1)C1=NN2N=CC=CC2=C1C1=CC=C(C=C1)S(C)(=O)=O
10021,COC1=CC(NC2=NC=C(F)C(NC3=NC4=C(OC(C)(C)C(=O)N4COP(O)(O)=O)C=C3)=N2)=CC(OC)=C1OC
10022,CC1=C(CC(O)=O)C2=CC=CN=C2N1CC1=CC=C(C=C1C(F)(F)F)S(C)(=O)=O
10023,FC(F)(F)C1=CC=C(OC2=CC=CC(C=C3CCN(CC3)C(=O)NC3=CC=CN=N3)=C2)N=C1
10024,NC(=O)C1=CC=CC(=C1)[C@@H]1C[C@@H]2CC[C@H](C1)N2CCN(CC1CCCCC1)C(=O)[C@@H](O)CO
10025,
10026,CC1=C(SC(NC(=O)N2CCC[C@H]2C(N)=O)=N1)C1=CC(=NC=C1)C(C)(C)C(F)(F)F
10027,CCC\N=C1/S\C(=C/C2=CC=C(OC[C@H](O)CO)C(Cl)=C2)C(=O)N1C1=CC=CC=C1C
10028,OC(=O)\C=C\C1=CC=C(CN2C=CN=C2)C=C1
10029,
10030,CN(C)C[C@@H]1O[C@H]2[C@@H](O1)[C@]1(C)CC[C@H]3OC[C@@]3(OC(C)=O)[C@H]1[C@H](OC(=O)C1=CC=CC=C1)[C@]1(O)C[C@H](OC(=O)[C@H](O)[C@@H](NC(=O)OC(C)(C)C)C3=C(F)C=CC=N3)C(C)=C2C1(C)C
10031,FC(F)(F)C1=CC=C(C=C1)C(=O)NN1C(=O)[C@H]2[C@H]([C@H]3C=C[C@@H]2[C@@H]2C[C@H]32)C1=O
10032,CCC1=C2N=C(C=C(NCC3=CC=C[N+]([O-])=C3)N2N=C1)N1CCCC[C@H]1CCO
10033,CC(C)(C)C1=CC=C(CN(CC2=CC=CC(OCC(O)=O)=C2)S(=O)(=O)C2=CC=CN=C2)C=C1
10034,
10035,COC1=CC=C2C=C(OCC3(CN(C3)C(=O)C3=CC=C(F)C=C3)C(O)=O)C=CC2=C1
10036,CC(C)[C@]12O[C@H]1[C@@H]1O[C@]11[C@]3(O[C@H]3C[C@H]3C4=C(CC[C@]13C)C(=O)OC4)[C@@H]2O
10037,CC[C@@H]1[C@@H]2CN([C@@H]1C(=O)N[C@@]1(C[C@H]1C(F)F)C(=O)NS(=O)(=O)C1(C)CC1)C(=O)[C@@H](NC(=O)O[C@@H]1C[C@H]1CCCCC(F)(F)C1=C(O2)N=C2C=C(OC)C=CC2=N1)C(C)(C)C
10038,C(CC1=CNC2=CC=CC=C12)NC1=CC=C(NC2=CC=NC=C2)C=C1
10039,OC[C@H]1O[C@H](C[C@@H]1O)N1C=C(Br)C(=O)NC1=O
10040,O[C@@H]1C[C@](O)(C[C@@H](OC(=O)\C=C\C2=CC(O)=C(O)C=C2)[C@@H]1O)C(O)=O
10041,C[C@H](CCC(=O)N[C@@H](CCCCNC(=S)NC1=CC=C(C2C3=CC=C(O)C=C3OC3=C2C=CC(O)=C3)C(=C1)C(O)=O)C(O)=O)[C@H]1CC[C@H]2[C@@H]3[C@H](O)C[C@@H]4C[C@H](O)CC[C@]4(C)[C@H]3C[C@H](O)[C@]12C
10042,
10043,C[C@H]1CC(CN)(CC(O)=O)C[C@@H]1C
10044,
10045,[H][C@@]12CC3=C(CN(C)OC)C=CC(O)=C3C(=O)C1=C(O)[C@]1(O)C(=O)C(C(N)=O)=C(O)[C@@H](N(C)C)[C@]1([H])C2
10046,CCC1=C(O[C@@H]2CCN(C2)C(=O)C=C)N=C(NC2=CC=C(C=C2)N2CCC(CC2)N2CCN(C)CC2)C(=N1)C(N)=O
10047,CC[C@@H]1C[C@]1(NC(=O)[C@@H]1C[C@H](CN1C(=O)[C@@H](NC(=O)O[C@@H]1C[C@@H]2C[C@@H]2C1)C(C)(C)C)OC1=C2C=CC(OCCN3CCOCC3)=C(Cl)C2=NC(=C1)C1=CSC(NC(C)C)=N1)C(O)=O
10048,C1CC2(CC=C1)COC(OC2)C3=CC=CO3
10049,O[C@@H]1CC2=C(O)C=C(O)C=C2O[C@@H]1C1=CC(O)=C(O)C=C1
10050,CCCCCCC(C)OC(=O)C(=C)C#N
10051,CC1=CC=C2C(NC[C@](O)(CC(C)(C)C3=CC(F)=CC4=C3OCC4)C(F)(F)F)=CC=CC2=N1
10052,CC1=CC=C2C=C(SC2=C1)C(=O)NC1(CCCC1)C(=O)N[C@H](CC1=CC=CC=C1)C(=O)NCC1CCN(CC2CCOCC2)CC1
10053,CC(C)OC(=O)CCC[C@H]1CC[C@H]2[C@H](C[C@@H](O)[C@@H]2\C=C\[C@@H](O)COC2=CC(F)=CC=C2F)OC1
10054,COC1=CC2=CC=C(C=C2C=C1)C1=CC(=NN1[C@@H](C)C1=CC=C(C=C1)C(=O)NCCC(O)=O)C1=CC(Cl)=CC(Cl)=C1
10055,CC(C)C(=O)OC[C@H]1O[C@@H](N2C=CC(N)=NC2=O)[C@](C)(F)[C@@H]1OC(=O)C(C)C
10056,CCOC1=CC2=C(C(=N)N(CC(=O)C3=CC(=C(OC)C(=C3)N3CCOCC3)C(C)(C)C)C2)C(F)=C1OCC
10057,CC(C)C1=C(O)C=C(O)C(=C1)C1=NNC(=O)N1C1=CC2=C(C=C1)N(C)C=C2
10058,C[C@H](N1N=NC2=NC=C(N=C12)C1=CN(C)N=C1)C1=CN2C=CN=C2C=C1
10059,CCC(CC)COC(=O)[C@@H]1C[C@H]2C[C@H](CC[C@H]2CN1)OC1=CC=CC(Cl)=C1C1=NN=NN1
10060,C[C@H](NC(=O)CCC(F)(F)F)C(=O)N[C@H]1C2=CC=CC=C2C2=CC=CN=C2N(CCO)C1=O
10061,CS(=O)(=O)NC1=CC=C2NC(=NS(=O)(=O)C2=C1)C1=C(O)[C@@H]2[C@H]3CC[C@H](C3)[C@@H]2N(CC2=CC=C(F)C=C2)C1=O
10062,COC1=CC=C(C=C1)C1=C(O[C@@H]2O[C@@H](C)[C@H](O)[C@@H](O)[C@H]2O)C(=O)C2=C(O)C=C(O[C@@H]3O[C@H](CO)[C@@H](O)[C@H](O)[C@H]3O)C(CC=C(C)C)=C2O1
10063,
10064,CC(C)C[C@@H]1NC(=O)[C@H](NC(=O)[C@@H]2CCCN2C(=O)[C@@H](CC(O)=O)NC(=O)[C@@H](CC2=CNC3=CC=CC=C23)NC1=O)C(C)C
10065,COC1=CC=C(CC2OC(=O)NC2=O)C=C1C(=O)NCC1=CC=C(C=C1)C(F)(F)F
10066,C1=CSC(=C1)C(C(=O)O)N
10067,COC[C@@]1(C)CCCN2CCC3=C(OC4=CC=CC=C34)[C@H]12
10068,COC1=CC=C(C=C1OC)C1=CC(=O)C2=C(OC)C=C(OCC(O)=O)C=C2O1
10069,CCCCN1C=CC(N2CCC(CC2)C2=CC=CC=C2)=C(Cl)C1=O
10070,[O-][N+](=O)C1(CN(C1)C(=O)CBr)[N+]([O-])=O
10071,CN1CCN(CC1)C1=C2OC(=O)NC2=CC=C1
10072,CC[C@H]1N(C(C)C)C2=NC(NC3=CC=C(C=C3OC)C(=O)N[C@H]3CC[C@@H](CC3)N3CCN(CC4CC4)CC3)=NC=C2N(C)C1=O
10073,CC1=CC=C(COC(=O)N2CC[C@H](CNC3=NC=CC=N3)[C@H](F)C2)C=C1
10074,CCOC1=C(C(=O)NC2=CC=C(OC3=C(Cl)C(N)=NC=C3)C(F)=C2)C(=O)N(C=C1)C1=CC=C(F)C=C1
10075,CC1=CC[C@@H](CC1)C(=O)N([C@H]1CC[C@](O)(CO[C@H]2CCOC2)CC1)C1=C(SC(=C1)C#CC(C)(C)C)C(O)=O
10076,CNC(=O)C1=CC=C2C=C(C=CC2=C1)[C@@]1(O)CCN2C=NC=C12
10077,CC1=C([C@H](N2N=CC=C2N1)C1=CC=C(Cl)C(Cl)=C1)C(=O)N1CCC[C@H]1C1=CC=C(F)C=C1
10078,COC1=CC=C(NS(=O)(=O)C2=C(F)C(F)=C(F)C(F)=C2F)C=C1NC(N)=O
10079,COC1=CC2=NC(=CC(O[C@@H]3C[C@H](N(C3)C(=O)[C@@H](CC(=O)N3CCCCC3)C(C)(C)C)C(=O)N[C@@]3(C[C@H]3C=C)C(=O)NS(=O)(=O)C3CC3)=C2C=C1)C1=CC=CC=C1
10080,COC1=CC=CC(=C1)N1CCN(CC1)C1=NC2=C(C=CC=C2F)[C@H](CC(O)=O)N1C1=CC(=CC=C1OC)C(F)(F)F
10081,C1C[C@H]2CN3CCNCC4=C3C(=CC=C4)[C@H]2C1
10082,CC1=C(CCC(O)=O)C(C)=C(N1)\C=C1/C(=O)NC2=CC=CC=C12
10083,C[C@@H](N1C=NC2=CC(Cl)=CC=C2C1=O)[C@](O)(CN1C=NC=N1)C1=CC=C(F)C=C1F
10084,CC1=CN([C@@H]2O[C@](CO)(C=C2)C#C)C(=O)NC1=O
10085,
10086,CCCCCC1=CC=C(C=C1)C(\C)=C\C(=O)N[C@@H](CC1=CNC2=CC=CC=C12)C(=O)N[C@H](CC(N)=O)C(=O)N[C@@H](CC(O)=O)C(=O)N[C@H]1[C@@H](C)OC(=O)[C@H](CC(=O)C2=C(N)C=CC=C2)NC(=O)[C@@H](NC(=O)[C@@H](CO)NC(=O)CNC(=O)[C@H](CC(O)=O)NC(=O)[C@@H](C)NC(=O)[C@H](CC(O)=O)NC(=O)[C@H](CCCN)NC(=O)CNC1=O)[C@H](C)CC(O)=O
10087,
10088,C[C@](O)(COC1=CC=C(C=C1)C#N)C(=O)NC1=CC=C(C#N)C(=C1)C(F)(F)F
10089,[H]\C(CC\C(C)=C(/[H])CCC(=O)OC\C([H])=C(/C)CCC=C(C)C)=C(\C)CCC=C(C)C
10090,C[C@H](NCCC1=C(C)C=C(OCC(O)=O)C(C)=C1)[C@H](O)C1=CC=C(O)C=C1
10091,[H][C@@]12CC[C@](O)(C(=O)CO)[C@@]1(C)CC=C1[C@@]2([H])CCC2=CC(=O)CC[C@]12C
10092,COC1=C(OC)C=C(C=C1)C(=O)N1CCN(CC1)C1=CC=C2NC(=O)CCC2=C1
10093,OS(=O)(=O)CCS[C@H]1CCO[P@@](=O)(N1)N(CCCl)CCCl
10094,COC1=C(NC2=C(C)N=C(C=C2)S(C)(=O)=O)N=CN=C1OC1CCN(CC1)C(=O)OC(C)C
10095,CN[C@@H](C)C(=O)N[C@@H](C1CCCCC1)C(=O)N1CCC[C@H]1C1=NC(=CS1)C(=O)C1=CC=C(F)C=C1
10096,CC[N+]1(C)[C@H]2C[C@@H](C[C@@H]1[C@H]1O[C@@H]21)OC(=O)[C@H](CO)C1=CC=CC=C1
10097,COC1=C(O)C=CC(CO)=C1
10098,C[C@@H](O)[C@H](NC(=O)[C@@H]1CSSC[C@H](NC(=O)[C@H](N)CC2=CC=CC=C2)C(=O)N[C@@H](CC2=CC=C(O)C=C2)C(=O)N[C@H](CC2=CNC3=CC=CC=C23)C(=O)N[C@@H](CCCCN)C(=O)N1)C(N)=O
10099,
10100,CC(Cl)(Cl)Cl
10101,[Gd]
10102,COC1=CC=CC=C1N1CCN(CC(O)COC2=CC=CC3=CC=CC=C23)CC1
10103,COC1=CC=C2C[C@@H]3N(CCC4=CC(OC)=C(OC)C=C34)CC2=C1OC
10104,C\C(=N/NC(N)=N)C1=CC(=CC(NC(=O)CCCCCCCCC(=O)NC2=CC(=CC(=C2)C(\C)=N\NC(N)=N)C(\C)=N\NC(N)=N)=C1)C(\C)=N\NC(N)=N
10105,CCOC(=O)[C@@H](N)CC1=CC=C(C=C1)C1=NC(N)=NC(O[C@H](C2=CC=C(Cl)C=C2N2C=CC(C)=N2)C(F)(F)F)=C1
10106,CC(C)N1N=CC2=C1C(=O)CC1(CCN(CC1)C(=O)C1=CC=C3N=C(C)NC3=C1)C2
10107,CS(=O)(=O)OC[C@@H](O)[C@@H](O)[C@H](O)[C@H](O)COS(C)(=O)=O
10108,NC[C@@H](CC(O)=O)C1=CC=C(Cl)C=C1
10109,[H][C@](CCCN)(CC1=CN(CCC)C=N1)C(O)=O
10110,O[C@@H](CNCCCCCCOCC(F)(F)C1=CC=CC=C1)C1=C2C=CC(=O)NC2=C(O)C=C1
10111,O=C1N(CC2=C1C=CC=C2OCC1=CC=C(CN2CCOCC2)C=C1)[C@H]1CCC(=O)NC1=O
10112,
10113,
10114,CCC[C@@H](C)C[C@H](N)CC(O)=O
10115,C[C@H]([C@H](N)C1=NC2=CC=C(C=C2N1)C(C)(C)C)C(N)=O
10116,OB1O[C@H](CC(O)=O)CC[C@@H]1NC(=O)CC1=CC=CS1
10117,CC(C)N1N=C(C)N=C1C1=CN2CCOC3=CC(=CC=C3C2=N1)C1=CN(N=C1)C(C)(C)C(N)=O
10118,OC(=O)CCCCC(CCSCC1=CC=CC=C1)SCC1=CC=CC=C1
10119,ClC1=CC(=CC=C1)N1CCNCC1
10120,ClC1=NC(=CN=C1)N1CCNCC1
10121,CC(=O)OC\C=C(/C)\C=C\C=C(\C)/C=C/C1=C(C)CCCC1(C)C
10122,COC[C@H](O)CN1C(=O)C=NN(C1=O)C1=CC=C(Cl)C(=C1)C(=O)NCC1(O)CCCCCC1
10123,COC1=C(OC2CCN(CC2)C(=O)C=C)C=C2C(NC3=CC=C(Cl)C(Cl)=C3F)=NC=NC2=C1
10124,C[C@@](N1CCCCC1)(C(=O)O[C@H]1C[N+]2(CCC3=CC=C(F)C=C3)CCC1CC2)C1=CC=CC=C1
10125,OC1=CC(O)=C2C[C@@H](OC(=O)C3=CC(O)=C(O)C(O)=C3)[C@H](OC2=C1)C1=CC(O)=C(O)C(O)=C1
10126,CC(Cl)(Cl)C(C1=CC=C(Cl)C=C1)C1=CC=CC=C1Cl
10127,
10128,OC[C@H]1NC[C@H](O)[C@@H](O)[C@@H]1O
10129,COC1=CC(=C(C=C1C=C)C(=O)NC1=CC=C(C=C1)C(N)=N)C1=CC=C(N=C1C(O)=O)C(=O)NCC1CC1
10130,C1CN(CCO1)C1=CC=C(NC2=NC(=CN3C=CN=C23)C2=CC3=C(C=NN3)C=C2)C=C1
10131,CN(CCC1=CC(=CC(=C1)C(F)(F)F)C(F)(F)F)C(=O)[C@@H](N1CCN(CC2CC2)CC1)C1=CC=CC=C1
10132,COC1=CC(\C=C\C(=O)N2CCN(CC(=O)N3CCCC3)CC2)=CC(OC)=C1OC
10133,CC[C@@]1(O)C(=O)OCC2=C1C=C1N(CC3=C1N=C1C=CC=CC1=C3\C=N\OCCN)C2=O
10134,C1C[C@@]23C[N@@]1CC[C@@H]2OC1=C(C3)N=CC=C1
10135,N[C@@H](CCCNC(N)=N)C(=O)N1CCC[C@H]1C(=O)N1CCC[C@H]1C(=O)NCC(=O)N[C@@H](CC1=CC=CC=C1)C(=O)N[C@@H](CO)C(=O)N1CCC[C@H]1C(=O)N[C@@H](CC1=CC=CC=C1)C(=O)N[C@@H](CCCNC(N)=N)C(O)=O
10136,[H][C@]12SC(C)(C)[C@@H](N1C(=O)[C@H]2NC(=O)[C@H](N)C1=CC=CC=C1)C(=O)OCOC(=O)[C@@H]1N2C(=O)C[C@@]2([H])S(=O)(=O)C1(C)C
10137,C[C@@H]1CN[C@@H](C2CC2)C(=O)N(C)[C@H](C)C(=O)N[C@H](CC2=CC=C(F)C=C2)C(=O)NCCCC2=CC=CC=C2O1
10138,O=C1SN(C(=O)N1CC1=CC=CC=C1)C1=C2C=CC=CC2=CC=C1
10139,C[C@H]1OC2=C(N)N=CC(=C2)C2=C(C#N)N(C)N=C2CN(C)C(=O)C2=C1C=C(F)C=C2
10140,[H][C@]12N3CCC[C@@]1(CC)C=C(N1C4=CC=CC=C4C(CC3)=C21)C(=O)OCC
10141,
10142,CCCCC[C@@H](O)\C=C\C1=CC=CC=C1\C=C\[C@@H](O)[C@@H](O)CCCC(O)=O
10143,O=C1C=CC2=C3N1C[C@@H](CN1CCC(CC1)NCC1=CC4=C(OCCC4)C=N1)N3C(=O)C=N2
10144,OC1=C(C(Cl)=CC=C1NC(=O)NC1=C(Cl)C(F)=CC=C1)S(=O)(=O)N1CCNCC1
10145,
10146,COC1=CC=CC(NC2=C(C=NC3=C(C)C=C(C=C23)S(=O)(=O)C2=CC(=CC=C2)C(=O)N(C)C)C(N)=O)=C1
10147,CC(C)(C)C1=NN(C(NC(=O)NCC2=CC=CC=C2SC2=CN3C(C=C2)=NN=C3C2=CC=CC=C2SCCO)=C1)C1=CC=C(O)C(Cl)=C1
10148,CC[C@@H]1NC(=O)[C@H]([C@H](O)[C@H](C)C\C=C\C)N(C)C(=O)[C@H](C(C)C)N(C)C(=O)[C@H](CC(C)C)N(C)C(=O)[C@H](CC(C)C)N(C)C(=O)[C@@H](C)NC(=O)[C@H](C)NC(=O)[C@H](CC(C)C)N(C)C(=O)[C@@H](NC(=O)[C@H](C(C)C)N(CC)C(=O)[C@@H](C)N(C)C1=O)C(C)C
10149,CC1=CC(F)=CC=C1C1=C2C=CC(=O)N(C2=NC(NC(CO)CO)=N1)C1=C(F)C=CC=C1F
10150,CCC1=C(NC2CCOCC2)N=C(NC2=CC=C(N3CCC(CC3)N3CCN(C)CC3)C(OC)=C2)C(=N1)C(N)=O
10151,
10152,C[C@H](C1=CNC(=S)N1)C1=C(C)C(C)=CC=C1
10153,COC(=O)O[C@@]12CO[C@@H]1C[C@H](O)[C@]1(C)[C@@H]2[C@H](OC(=O)C2=CC=CC=C2)[C@]2(O)C[C@H](OC(=O)[C@H](O)[C@@H](NC(=O)OC(C)(C)C)C(C)(C)C)C(C)=C([C@@H](OC(C)=O)C1=O)C2(C)C
10154,C1C2=C(O[C@]11CN3CCC1CC3)N=CC=C2
10155,COC1=CC(OC)=C(\C=C\S(=O)(=O)CC2=CC=C(OC)C(NCC(O)=O)=C2)C(OC)=C1
10156,COC1=CC(=CC(OC)=C1)N(CCNC(C)C)C1=CC=C2N=CC(=NC2=C1)C1=CN(C)N=C1
10157,[H]\C(CC\C(C)=C(/[H])CC\C(C)=C(/[H])CC1=C(C)C(=O)C2=CC=CC=C2C1=O)=C(\C)CCC=C(C)C
10158,CC1=CC=C(C=C1)C#CC1=CC=C(S1)S(=O)(=O)N[C@H](CC1=CNC2=CC=CC=C12)C(O)=O
10159,[H]\C(C1=CC=C(C=C1)C(C)C(O)=O)=C1\CCCCC1=O
10160,CCCCCCCCCCCCCCCCOCCCOP(O)(=O)CO[C@H](CO)CN1C=CC(N)=NC1=O
10161,
10162,C[N+](C)(C)CCOP([O-])(=O)OP(O)(=O)OC[C@H]1O[C@H]([C@H](O)[C@@H]1O)N1C=CC(N)=NC1=O
10163,FC1=C(N=CC=C1C(=O)N1CCC(CC1)N1CC(CC#N)(C1)N1C=C(C=N1)C1=C2C=CNC2=NC=N1)C(F)(F)F
10164,CC(=O)C1=CC2=C(O1)C(=O)C1=CC=CC=C1C2=O
10165,[H][C@@]1(CO)C[C@@]([H])(O)[C@@]([H])(O1)N1C=NC2=C(N)N=CN=C12
10166,
10167,C[C@@H]1CC[C@@H](COC2=CC=C(F)C=N2)CN1C(=O)C1=CC(C)=CC=C1C1=NC=CC=N1
10168,
10169,CC(C)(S)C(=O)N[C@@H](CS)C(O)=O
10170,[2H]C([2H])([2H])OC1=CC2=C(C=C1OC([2H])([2H])[2H])[C@@H]1CC(=O)[C@@H](CC(C)C)CN1CC2
10171,CCCCCCOC1=CC(C)=C(O)C(C)=C1C
10172,COC1=CC(CCC2=CC=CC=C2OCC(CN(C)C)OC(=O)CCC(O)=O)=CC=C1
10173,CC1=CN2N=C(C=C2N=C1N1CC[C@H](N)C1)[C@@H]1CCCCN1C(=O)C1=CC(Cl)=CC=C1NS(C)(=O)=O
10174,CO[C@@H](C)CN1C(=O)N(C)C2=C1C1=CC(=CC=C1N=C2)C1=CC(=CN=C1)C(C)(C)O
10175,FC1=C(C=CC=C1)N1C=CC(NC(=O)[C@H]2CC[C@@]3(CC2)OC(=O)C2=C3C=NC=C2)=N1
10176,
10177,CCC[C@@H](N(NC(=O)C1=CC=CC(OC)=C1CC)C(=O)C1=CC(C)=CC(C)=C1)C(C)(C)C
10178,
10179,O=N(=O)C1=CN=CN1CCN1CCOCC1
10180,O=C1C(=C1C1=CC=CC=C1)C1=CC=CC=C1
10181,COC1=C(OCCCCCCC(=O)NO)C=C2C(NC3=CC=CC(=C3)C#C)=NC=NC2=C1
10182,[H]C(COC(=O)CCCCCCC)(COC(=O)CCCCCCC)OC(=O)CCCCCCC
10183,CN(C)CCO\N=C(\C=C\C1=CC=C(O)C=C1)/C1=CC=CC=C1F
10184,CC(C)CN(C[C@@H](O)[C@H](CC1=CC=CC=C1)NC(=O)[C@H](CC(N)=O)NC(=O)C1=CC=C2C=CC=CC2=N1)C(=O)NC(C)(C)C
10185,COC1=C(O)C=CC(C[C@@H](CO)[C@H](CO)CC2=CC(OC)=C(O)C=C2)=C1
10186,C[C@H](O)C(=O)N1CCN(CC2=C(C)C3=NC(=NC(N4CCOCC4)=C3S2)C2=CN=C(N)N=C2)CC1
10187,CCC(CC)CC1(CCCCC1)C(=O)NC1=CC=CC=C1SC(=O)C(C)C
10188,
10189,CNC(=O)CN1CCC(CC1)OC1=C(OC)C=C2N=CN=C(NC3=CC=CC(Cl)=C3F)C2=C1
10190,CC1(C)CC(=O)N(CCCCN2CCN(CC2)C2=NC=CC=N2)C(=O)C1
10191,CC[C@@]1(O)C(=O)OCC2=C1C=C1N(CC3=C1N=C1C=C(F)C(C)=C4CC[C@H](N)C3=C14)C2=O
10192,CC1=C(SC(=N1)C1=CC=CN=C1)C(=O)NC1=CC=CC=C1C1=CN2C(CN3CCOCC3)=CSC2=N1
10193,NC1=NC(NC2CC2)=C2N=CN([C@@H]3C[C@H](COC(=O)CO)C=C3)C2=N1
10194,CN1CCN(CC1(C)C)[C@@H]1C[C@H](C2=C1C=C(Cl)C=C2)C1=CC=CC=C1
10195,
10196,[H][C@]12SC([C@H]3CCCO3)=C(N1C(=O)[C@@H]2[C@@H](C)O)C(O)=O
10197,COC1=CC(=N\C1=C/C1=C(C)C=C(C)N1)C1=CC2=CC=CC=C2N1
10198,SCCNC(=O)C1=CC(=CC=C1)C(=O)NCCS
10199,[H][C@@]12CC(=CC[C@@]1([H])C(C)(C)OC1=CC(=CC(O)=C21)C(C)(C)CCCCCC)C(O)=O
10200,CC1=CC(=O)C=C2CC[C@H]3[C@@H]4CCC(=O)[C@@]4(C)CC[C@@H]3[C@@]12C
10201,CC1=NN=NN1N=CC1=CC=C(O)C(=C1)C(C1=CC=C(O)C=C1)C1=CC(C=NN2N=NN=C2C)=CC=C1O
10202,CC[C@]1([C@H]2CN(CC3(O)CC4=CC=CC=C4C3)C[C@@H]12)C1=CC=CC(NS(C)(=O)=O)=C1
10203,CC(C)(CS(O)(=O)=O)N(Cl)Cl
10204,[H][C@]12CCC3=C(C=CC(=C3)C(=O)NC3=C(C)N=CC=C3)[C@]1(CC1=CC=CC=C1)CC[C@](C2)(OP(O)(O)=O)C(F)(F)F
10205,[H][C@](NC(=O)[C@H](CC1=CC=C(O)C=C1)NC(=O)[C@@H](NC(=O)[C@H](CCCNC(N)=N)NC(=O)CNC)C(C)C)([C@@H](C)CC)C(=O)N[C@@H](CC1=CN=CN1)C(=O)N1CCC[C@H]1C(=O)N[C@H](C)C(O)=O
10206,O=C1NC(=O)[C@H]([C@@H]1C1=CNC2=CC=CC=C12)C1=CN2CCCC3=C2C1=CC=C3
10207,CCNC(=O)[C@H]1C[C@](F)(C1)C1=CC(F)=C(CN2CCCC2)C=C1
10208,CC(N(C1CCCCC1)C(=O)CCCOC2=CC3=C(C=C2)N=C4NC(=O)CN4C3)OC=O
10209,COC1=C2N=C(NC(=O)N3CCC(C)(O)CC3)SC2=C(C=C1)N1CCOCC1
10210,CC(C)(C)N\C(NC#N)=N\C1=CC(=CC=C1)C(=C/CCCC(O)=O)\C1=CC=CN=C1
10211,
10212,CC1=CC(=CC=C1N1C(CCC(O)=O)=CC=C1C1=CC=C(C=C1)N1C=CN=C1)C(N)=O
10213,FC(F)(F)C1=CC(=CC(=C1)C1=NN(\C=C/C(=O)NNC2=CC=CC=N2)C=N1)C(F)(F)F
10214,
10215,CCC(CC)N1C(=O)NC2=NC=C(N=C12)C#C
10216,CCCNC(=O)C1=NN=C2C(=CC=CC2=C1N)C1=CC(OC)=CC=C1OC
10217,OC(=O)C1=C2C=CC3=C(CCCC3)C2=NC(CC2=CC=C(Cl)C=C2)=C1O
10218,CC1(C)OC[C@@H](COC(=O)CCC2=CC=C(OC[C@@H](O)CNCCNC(=O)N3CCOCC3)C=C2)O1
10219,C1=CC(=C(C=C1[N+](=O)[O-])C(=O)NC2=CC=NC=C2)Cl
10220,CCOC1=CC=C(CC2=CC([C@@H]3S[C@H](CO)[C@@H](O)[C@H](O)[C@H]3O)=C(OC)C=C2C)C=C1
10221,COC1=C2C=CC(=O)OC2=CC2=C1C=CO2
10222,NC1(CCN(CC1)C1=C2C=CNC2=NC=N1)C(=O)N[C@@H](CCO)C1=CC=C(Cl)C=C1
10223,C[C@H](N(C)C(=O)CC1(CCN(C)CC1)C1=CC=C(F)C=C1)C1=C2C=CC=CC2=CC(Cl)=C1
10224,COC1=CC=C2[C@H]([C@@H](CN(C)CC(O)=O)CCC2=C1)C1=CC=CC=C1
10225,[H][C@@]12CC[C@@]3(CCC(=O)O3)[C@@]1(C)CC[C@@]1([H])[C@@]2([H])C=CC2=CC(=O)CC[C@]12C
10226,CC[C@@]1(O)C(=O)OCC2=C1C=C1N(CC3=C1N=C1C=C4OCCOC4=CC1=C3CN1CCN(C)CC1)C2=O
10227,CCCCOC1=C(OCCCC)C(=O)C1=O
10228,OC(=O)[C@@H]1CSC(=O)N1
10229,COC1=CC=C2C3=C(C4CCCCC4)C4=CC=C(C=C4N3C[C@]3(C[C@H]3C2=C1)C(=O)N1[C@H]2CC[C@@H]1CN(C)C2)C(=O)NS(=O)(=O)N(C)C
10230,COC1=CC=C(C[C@H](C)[C@H](C)CC2=CC=C(OC)C(OC)=C2)C=C1OC
10231,N[C@@H](CCCCNC(=S)NC1=CC=C(CC2CN(CC(O)=O)CCN(CC(O)=O)CCN(CC(O)=O)CCN2CC(O)=O)C=C1)C(O)=O
10232,FC1=C(F)C(=CC=C1)[C@@H]1CC[C@@H](NC(=O)N2CCC(CC2)N2C(=O)NC3=C2C=CC=N3)C(=O)N(CC(F)(F)F)C1
10233,CN(C)CCCOC1=CC=C2NN=C(C2=C1)S(=O)(=O)C1=C2C=CC=CC2=CC=C1
10234,CCCC(=O)N1CCCN(CC1)C1=NC(N)=C2C=C(OC)C(OC)=CC2=N1
10235,COP(=S)(OC)OC1=CC=C(SC2=CC=C(OP(=S)(OC)OC)C=C2)C=C1
10236,CCCCCCCCCCCCCCCCCCCCCCCCCC(=O)N[C@@H](CO[C@H]1O[C@H](CO)[C@H](O)[C@H](O)[C@H]1O)[C@H](O)[C@H](O)CCCCCCCCCCCCCC
10237,CS(=O)(=O)NC1=CC2=C(C=C1OC1=CC=CC=C1)C(=O)C(NC=O)=CO2
10238,[H][C@@]1(CC2=CC=CC=C2)CN(CC2=CN=CN2)C2=C(CN1S(=O)(=O)C1=CC=CS1)C=C(C=C2)C#N
10239,[H][C@@]12[C@@H](O)[C@@H](O)[C@H](O)[C@@]1(C)CC[C@]1([H])C3=CC=C(O)C=C3CC[C@@]21[H]
10240,OC[C@H]1O[C@H]([C@H](O)[C@@H](O)[C@@H]1O)C1=CC=C(Cl)C(CC2=CC=C(OCCOC3CC3)C=C2)=C1
10241,CC(=N)NCCSCC[C@H](N)C(O)=O
10242,CCN1N=CN=C1COC1=NN2C(C=C1C(C)(C)C)=NN=C2C1=CC=CC=C1F
10243,CCCN1CCN(CC1)C1=CC=C(C=C1)C(=O)NC1(CCCCC1)C(=O)NCC#N
10244,
10245,[H][C@](O)(CO)CN1C=NC2=C(C1=O)C(NC1=C(F)C=C(I)C=C1)=C(F)C(=O)N2C
10246,NC(=O)NC1=C(SC(=C1)C1=CC=CC(F)=C1)C(=O)N[C@H]1CCCNC1
10247,CC1=NN(C(=O)C1)C1=CC=CC=C1
10248,FC(F)(F)C1=CC2=C(C=C1)[C@H]1C[C@@H]2CNC1
10249,CSC1=NC2=C(N1)C=C(Cl)C(OC1=CC=CC(Cl)=C1Cl)=C2
10250,
10251,COC1=CC(OC)=CC(CCC2=CC(NC(=O)C3=CC=C(C=C3)N3C[C@H](C)N[C@H](C)C3)=NN2)=C1
10252,CC(C)(C)NCC(O)C1=CC=CC=C1Cl
10253,CC(C)NCC(O)COC1=CC=C(CC(N)=O)C=C1
10254,
10255,CCC1=NC(CC2=CC=CC=C2)=C2C=C(OC)C(OC)=CC2=C1
10256,CC(C)[C@]12O[C@H]1[C@@H]1O[C@]11[C@]3(O[C@H]3C[C@@]3(O)C4=C(CC[C@]13C)C(=O)OC4)[C@@H]2O
10257,CC\C(=C(\C1=CC=C(\C=C\C(O)=O)C=C1)C1=CC=C2NN=CC2=C1)C1=CC=C(F)C=C1Cl
10258,COC1=CC=C(C=C1)S(=O)(=O)NC1=C(NC2=CC=C(O)C=C2)N=CC=C1
10259,OC(=O)CNC(=O)C1=C(O)C=C(C=N1)C1=CC(Cl)=CC=C1
10260,
10261,[Pt]
10262,
10263,CN(C)CCCNC(=O)C(\COC1=C2C=CC=CC2=CC=C1)=C\CCCCC(=O)NO
10264,FC1=CC=C(CC2CCN(CC2)C(=O)C(=O)NC2=CC=C3NC(=O)OC3=C2)C=C1
10265,CC(=O)N[C@@H]1[C@H](C=C(O[C@H]1[C@H]([C@@H](CO)O)O)C(=O)O)O
10266,BrC1=CC2=C(OCC[C@H]2NCCCNC2=CC(=O)C3=C(N2)C=CS3)C(Br)=C1
10267,OC[C@@H](NS(=O)(=O)C1=CC=C(Cl)S1)C(C(F)(F)F)C(F)(F)F
10268,CCNC1=CC=CN=C1N1CCN(CC1)C(=O)C1=CC2=CC(OC)=CC=C2N1
10269,CSC1=CC=C(OCC2=NC=C(N2C)[N+]([O-])=O)C=C1
10270,[H][C@]1(C)CCC[C@@H]2[C@H](C[C@H](OC(=O)C[C@H](O)C(C)(C)C(=O)[C@H](C)[C@H]1O)C(\C)=C\C1=CSC(C)=N1)N2CCOC(=O)OCCSSC[C@H](NC(=O)[C@H](CC(O)=O)NC(=O)[C@H](CCCNC(N)=N)NC(=O)[C@H](CC(O)=O)NC(=O)CC[C@H](NC(=O)C1=CC=C(NCC2=CN=C3N=C(N)NC(=O)C3=N2)C=C1)C(O)=O)C(O)=O
10271,COC1=CC(=CC=C1NC1=NC=C(Cl)C(NC2=CC=CC=C2P(C)(C)=O)=N1)N1CCC(CC1)N1CCN(C)CC1
10272,[H][C@@]1(CF)CN(C(=O)C1)[C@@]1([H])CN2CCC3=CC(OC)=C(OC)C=C3[C@]2([H])C[C@]1([H])N
10273,CC(C)(CO)N1C=C(C(=O)C2=CC(NC(=O)CC3=CC=C(Cl)C=N3)=CN=C2)C2=CN=C(N)N=C12
10274,CC1=C(C=C(C=C1F)C(=O)NC1CC1)C1=CC=C(C=N1)C(=O)NCC(C)(C)C
10275,CC(C)C[C@H](N[C@@H](CC1=CN=CN1CC1=CC(Cl)=CC(Cl)=C1)C(O)=O)C(O)=O
10276,CC(C)(C)NC(=O)C1=CC=C(OC2=CC(F)=C(CC(O)=O)C=C2Cl)C(NS(=O)(=O)C2=CC=C(C=C2Cl)C2CC2)=C1
10277,[H][C@]12CCC3=CC=CC=C3[C@]1([H])C1=CC(O)=C(Cl)C=C1CCN2C
10278,
10279,CC(C)[C@@](O)(C1=CN=NN1)C1=CC=C2C=C(OC(F)F)C(OC(F)F)=CC2=C1
10280,CC(C)OP(=O)(OC(C)C)C(CC1=CC(=C(O)C(=C1)C(C)(C)C)C(C)(C)C)P(=O)(OC(C)C)OC(C)C
10281,
10282,CCCOC(C(=O)OC1CCN(C)CC1)(C1=CC=CC=C1)C1=CC=CC=C1
10283,CC(C)[C@H]1NC(=O)[C@H]2CSSCC\C=C\[C@H](CC(=O)N[C@H](C)C(=O)N2)OC(=O)C[C@@H]1O
10284,COC1=CC(=CC=C1)[C@@H](OC1=CC=C2N(N=CC2=C1)C1=CC=C(F)C=C1)[C@H](C)NC(=O)C(F)(F)F
10285,
10286,CNC(=O)C1=CC=C(NC2=NC=C(C(NCC3=C(N=CC=N3)N(C)S(C)(=O)=O)=N2)C(F)(F)F)C=C1
10287,CC(C)C(=O)OC[C@]1(O[C@H]([C@H](OC(=O)C(C)C)[C@@H]1OC(=O)C(C)C)N1C=CC(N)=NC1=O)N=[N+]=[N-]
10288,O=C(NC1=NC=C(SCCN2CCCC2)S1)[C@@]1(C[C@H]1C1CCCCC1)C1=CC=C(C=C1)S(=O)(=O)C1CC1
10289,CN1C(N)=N[C@@](C)(CS1(=O)=O)C1=CC(NC(=O)C2=CC=C(F)C=N2)=CC=C1F
10290,CC1CC(O)=NN=C1C1=CC=C(NN=C(C#N)C#N)C=C1
10291,C#CCO[C@H]1CN2CCC1CC2
10292,COC1=CC=C2NC=C(CCNC(=O)C3=CC(=O)C=CO3)C2=C1
10293,COC1=CC=C(C=C1)C(=O)NC1=C(NC(=O)C2=CC=C(C=C2)N2CCCN(C)CC2)C(O)=CC=C1
10294,OC[C@H]1O[C@H]([C@H](O)[C@@H](O)[C@@H]1O)C1=C(O)C=CC2=C1OC=C(C2=O)C1=CC=C(O)C=C1
10295,CC(=O)NC1=CC=C(C=C1)C(=O)NC1=CC=CC=C1N
10296,CC[C@H](C)[C@@H]1NC(=O)[C@@H](CC2=CNC3=CC=CC=C23)NC(=O)CCSCC[C@H](NC(=O)[C@H](CC(N)=O)NC(=O)[C@@H](NC1=O)[C@H](C)CC)C(=O)N(C)[C@H](CO)CCCN
10297,CN1CCOC(C2=CC=CC=C2)C2=CC=CC=C2C1
10298,
10299,COC(=O)N1CCC(CC#CC2=NC(N)=C3N=CN([C@@H]4O[C@@H]([C@@H](O)[C@H]4O)C(=O)NC4CC4)C3=N2)CC1
10300,COC1=C(C(=C(C=C1)Br)F)[N+](=O)[O-]
10301,COC1=CC=C(C=C1)S(=O)(=O)N[C@@H](CNC1=C(C)C(=NC(C)=N1)N1CCC(CC1)C1=CC=C2CCCNC2=N1)C(O)=O
10302,OCC1=CC=C(O1)C=O
10303,O=C(N1CCN(CC1)C1CC1)C1=CC=C(CN2CCOCC2)C=C1
10304,O=N(=O)C1=CC=C(C=C1)C1=CC=CC=C1
10305,CN1C(=O)NN=C1CN1C=CC(=C(OC2=CC(=CC(Cl)=C2)C#N)C1=O)C(F)(F)F
10306,COCC(=O)NC\C=C\C1=CC=C2N=CN=C(NC3=CC=C(OC4=CC=C(C)N=C4)C(C)=C3)C2=C1
10307,CCCN(CCC)C(=O)C1=CC2=CC=C(C=C2N=C(N)C1)C1=CC=C(C=C1)C(=O)N1CCCC1
10308,
10309,N[C@@H]1CC[C@@H](C2=CC=C(Cl)C(Cl)=C2)C2=CC=CC=C12
10310,C[C@H]1CC2=C(NC3=CC(Cl)=C(F)C=C23)[C@@]2(N1)C(=O)NC1=CC=C(Cl)C=C21
10311,COC1=C(OCCCN2CCOCC2)C=C2N=CC=C(OC3=CC=C(NC(=O)C4(CC4)C(=O)NC4=CC=C(F)C=C4)C=C3F)C2=C1
10312,[H][C@@]12CC[C@H](C(C)=O)[C@@]1(C)CC[C@@]1([H])[C@@]2([H])CC[C@]2([H])C[C@H](O)CC[C@]12C
10313,CC(C)N(C(=O)CN1C2=CC=CC=C2N(C2=CC=CC=C2)C(=O)[C@@H](NC(=O)NC2=CC=CC(=C2)C(O)=O)C1=O)C1=CC=CC=C1
10314,OC[C@H]1O[C@H](O[C@H]2O[C@H](CO)[C@@H](O)[C@H](O)[C@H]2O)[C@H](O)[C@@H](O)[C@@H]1O
10315,CC(=O)NC1=CC=C(C=C1)C(=O)NC(C)(C)C
10316,CC[C@@H](N(CCOC)CCOC)C(=O)OC1=C(OC)C=C(C)C=C1OC
10317,OC1=C(O)C=C(CCNCCCCCCNCCC2=CC=CC=C2)C=C1
10318,CC(C)NC(=N)NC(=N)NC1=CC=C(Cl)C(Cl)=C1
10319,[H]/C(=C(/[H])\C(\C)=C(/[H])C(O)=O)/C(/[H])=C(/C)\C(\[H])=C1/CCCC2=CC=CC=C12
10320,
10321,CC1=C2N(C=C1NC(=O)OC[C@@H]1COCCN1)N=CN=C2NC1=CC=C2N(CC3=CC=CC(F)=C3)N=CC2=C1
10322,CCC1=C(C(=O)C2=CC(Br)=C(O)C(Br)=C2)C2=CC=CC=C2O1
10323,CCCCCNC(=O)C1=COC(=N1)[C@@H]1[C@H]2CC[C@H](O2)[C@@H]1CC1=CC=CC=C1CCC(O)=O
10324,C[C@@H]1C[C@H]2[C@@H]3C[C@H](F)C4=CC(=O)C=C[C@]4(C)[C@@]3(F)[C@@H](O)C[C@]2(C)[C@@]1(OC(=O)C1C(C)(C)C1(C)C)C(=O)OCC#N
10325,CC1=CN(C=N1)C1=CC(NC(=O)C2=CC=C(C)C(NC3=NC=CC(=N3)C3=CN=CC=N3)=C2)=CC(=C1)C(F)(F)F
10326,COC1=CC(=CC=C1NC(=O)[C@@H]1N[C@@H](CC(C)(C)C)[C@@](C#N)([C@H]1C1=CC=CC(Cl)=C1F)C1=CC=C(Cl)C=C1F)C(O)=O
10327,COC1=C(OC)C(=O)[C@H](C)[C@@H](C\C=C(/C)CC\C=C(/C)CCC=C(C)C)[C@H]1O
10328,COC(=O)[C@@H]1C[C@H](OC(C)=O)C(=O)[C@H]2[C@@]1(C)CC[C@H]1C(=O)O[C@@H](C[C@]21C)C1=COC=C1
10329,[H][C@]12CC[C@]([H])(O1)[C@]1(C)C(=O)OC(=O)[C@]21C
10330,[H][C@@]12CC3=C(F)C=C(NC(=O)CN4CCCC4)C(O)=C3C(=O)C1=C(O)[C@]1(O)C(=O)C(C(N)=O)=C(O)[C@@H](N(C)C)[C@]1([H])C2
10331,C[N+]1(CCC(=C(C2=CC=CC=C2)C3=CC=CC=C3)CC1)C.COS(=O)(=O)[O-]
10332,CCC1=C2CN3C(=CC4=C(C3=O)COC(=O)[C@@]4(CC)OC(=O)OCC5=CC=C(C=C5)NC(=O)[C@H](CCCN)NC(=O)COCC(=O)NCCOCCOCCOCCOCCOCCOCCOCCOCCN6C=C(N=N6)CNC(=O)C7CCC(CC7)CN8C(=O)CC(C8=O)SC[C@@H](C(=O)O)N)C2=NC9=C1C=C(C=C9)O
10333,CNCC1=CC=C(C=C1)C1=C2CCNC(=O)C3=C2C(N1)=CC(F)=C3
10334,[H][C@]12C[C@@H](O[C@]3([H])O[C@H](C)[C@@H](O)[C@H](NC(=O)CN(C)C)[C@@H]3O)\C=C\C=C\C=C\C=C\C=C\C=C\C=C\[C@H](C)[C@]([H])(OC(=O)C[C@H](O)CC(=O)C[C@H](O)C[C@H](O)C[C@H](O)C[C@H](O)C[C@](O)(C[C@H](O)[C@H]1C(=O)NCCN(C)C)O2)[C@@H](C)CCC(O)CC(=O)C1=CC=C(NC)C=C1
10335,CCC(=O)O[C@H]1C[C@H]2OC[C@@]2(OC(C)=O)[C@H]2[C@H](OC(=O)C3=CC=CC=C3)[C@]3(O)C[C@H](OC(=O)[C@H](O)[C@@H](NC(=O)OC(C)(C)C)C4=CC=CO4)C(C)=C([C@@H](O)C(=O)[C@]12C)C3(C)C
10336,
10337,CN[C@@H](C)C(=O)N[C@@H](C1CCCCC1)C(=O)N1CCC[C@H]1C(=O)NC1=C(N=C(S1)C1=NC=CO1)C1=CC=CC=C1
10338,CC(=O)NC1=CC=C(C=C1)S(Cl)(=O)=O
10339,NC(=O)OC[C@@H](O)C1=CC=CC=C1Cl
10340,CC(=O)NC[C@H]1CN(C(=O)O1)C1=CC=C(C(F)=C1)C1=CC=C(CNCC2=CN=NN2)C=C1
10341,[H][C@@](CCN1CCOCC1)(CSC1=CC=CC=C1)NC1=C(C=C(C=C1)S(=O)(=O)NC(=O)C1=CC=C(C=C1)N1CCN(CC2=C(CCC(C)(C)C2)C2=CC=C(Cl)C=C2)CC1)S(=O)(=O)C(F)(F)F
10342,CC1=CC(=CC(C)=C1)[C@@H]1CCCN1CC1=CC=C(OC2=CC=C(C=C2F)C(N)=O)C=C1
10343,
10344,CO[C@]1(NC(=O)C(C(O)=O)C2=CSC=C2)[C@H]2SC(C)(C)[C@@H](N2C1=O)C(O)=O
10345,
10346,CCC1=CN=C(N=C1)N1CCC(CC1)C1=NC(COC2=CC=C(C=C2)N2C=NN=N2)=CS1
10347,
10348,CC1=C(CN2C=CC(OCCC3=CC=CS3)=CC2=O)C=CC=C1N
10349,NC1=NN=C(S)S1
10350,
10351,C[C@]12CC[C@H]3[C@@H](CC[C@@H]4C[C@@H](O)CC[C@]34C)[C@@]1(O)CC[C@]2(O)C1=COC=C1
10352,[H][C@]1(O[C@@]2(C[C@H](O)[C@H]1NC(C)=O)O[C@H]1[C@@H](O[C@@H]3O[C@H](CO)[C@H](O)[C@H](O[C@@H]4O[C@H](CO)[C@H](O)[C@H](O)[C@H]4O)[C@H]3NC(C)=O)[C@@H](CO)O[C@@H](O[C@H]3[C@H](O)[C@@H](O)[C@H](OC[C@H](NC(=O)CCCCCCCCCCCCCCCCC)[C@H](O)\C=C\CCCCCCCCCCCCC)O[C@@H]3CO)[C@@H]1OC2=O)[C@H](O)[C@H](O)CO
10353,CC1=CNC2=C(O)C=C3N(C[C@@H](CCl)C3=C12)C(=O)C1=CC2=CC(NC(=O)NC3=CC=C4NC(=CC4=C3)C(=O)N3C[C@@H](CCl)C4=C5C(C)=CNC5=C(O)C=C34)=CC=C2N1
10354,OC[C@H]1CN(CC2=CNC3=C2N=CNC3=O)C[C@@H]1O
10355,CCCN1CC(=C(C1=O)C1=CC=C(C)C=C1)C1=CC=C(C=C1)S(C)(=O)=O
10356,CNC1=CC(NC(=O)N[C@@H]2N=C(C3=CC=CC=N3)C3=CC=CC=C3N(CC(=O)C(C)(C)C)C2=O)=CC=C1
10357,
10358,[H][C@]1(CCCN1)C1=NC2=C(OC3=C2C=C(Cl)C=C3)C(=O)N1
10359,CCCCOC(=O)C(=C)C#N
10360,COC1=C(C)C=NC(CN2C=NC3=C(Cl)N=C(N)N=C23)=C1C
10361,CC(C)CNC(=O)[C@H]1C[C@](F)(C1)C1=CC(F)=C(CN2CCCC2)C=C1
10362,ClC1=COC2=CC=CC=C2C(=O)N1CCCCN1CCC(=CC1)C1=CC=CC=N1
10363,OC(CN(CC(O)=O)CC(O)=O)CN(CC(O)=O)CC(O)=O
10364,
10365,COC1=CC=C(NC(=O)C2=CC=C(C=C2)C(=N)N(C)C)C(=C1)C(=O)NC1=CC=C(Cl)C=N1
10366,OP(O)(=O)CCN1CCCNC2=C1C(=O)C2=O
10367,
10368,CC(C)C1=C(C=C2C(NC(=O)N(NS(C)(=O)=O)C2=O)=C1)C1=CC=NN1C
10369,NC1=N[C@@](C2=CC=CC(F)=C12)(C1=CC=CC(=C1)C1=CN=CN=C1)C1=CC=NC(=C1)C(F)F
10370,CN1CCN(CC1)C1=NC(C2=C(C(=O)NC2=O)C2=CNC3=C2C=CC=C3)=C2C=CC=CC2=N1
10371,CC(C)(N)C(=O)N[C@@H](CC1=CNC=N1)C(=O)N[C@H](CC1=CC=C2C=CC=CC2=C1)C(=O)N[C@H](CC1=CC=CC=C1)C(=O)N[C@@H](CCCCN)C(N)=O
10372,CCC1=CC(=CC=C1CN1CC(C1)C(O)=O)C(\C)=N\OCC1=CC=C(C2CCCCC2)C(=C1)C(F)(F)F
10373,
10374,OCCCCCCO
10375,CS(=O)(=O)NC1=CC2=C(OC3=C2C(=CC=C3OC(F)F)C(=O)NC2=C(Cl)C=NC=C2Cl)C=C1
10376,ONC(=O)CCCCCCNC(=O)C1=CN=C(N=C1)N(C1=CC=CC=C1)C1=CC=CC=C1
10377,OS(=O)(=O)ON1[C@H]2C[N@]([C@@H](CC2)C(=O)NC2CCNCC2)C1=O
10378,CCOC1=CC=C(C=C1)C1=CC(C)=CN1C1=CC=C(C=C1)S(N)(=O)=O
10379,O=C1NC2=C(C=CC=C2)\C1=C1/NC2=C(C=CC=C2)C1=O
10380,CN[C@@H](C)C(=O)N[C@@H](C1CCCCC1)C(=O)N1CCC[C@H]1C(=O)NC1=C(N=NS1)C1=CC=CC=C1
10381,CN1N=CC2=CC(OC3=C(F)C=C(NC(=O)C4=CC=C(C)N(C4=O)C4=CC=C(F)C=C4)C=C3)=C(C=C12)C1=CNN=C1
10382,ONC(=O)C1=CN=C(N=C1)N1CCN(CC1)S(=O)(=O)C1=CC2=CC=CC=C2C=C1
10383,NC1=NC(=O)N(C=C1Cl)[C@H]1C[C@H](O)[C@@H](CO)O1
10384,CC[C@@]1(O)C(=O)OCC2=C1C=C1N(CC3=C1N=C1C=CC(O)=CC1=C3[Si](C)(C)C(C)(C)C)C2=O
10385,CC[C@@]1(O)C(=O)OCC2=C1C=C1N(CC3=C1N=C1C=CC(O)=CC1=C3)C2=O
10386,
10387,COC1=C2NC(=CC2=CC=C1)C1=C2N(N=CN=C2N)C(=N1)[C@H]1CC[C@@H](CC1)C(O)=O
10388,C[C@@H](N[C@H]1CCN(C1)C1=CC=C(CC(O)=O)C=C1)C1=C2C=CC=CC2=CC=C1
10389,FC1=CC(F)=C2OC[C@@H](CC2=C1)N1C(=S)NC=C1CCNCC1=CC=CC=C1
10390,CCO[C@H](COC1=CC=C(C=C1)C(F)(F)F)CSC1=CC=C(OCC(O)=O)C(C)=C1
10391,C[C@H]1CCC[C@@]2(C)O[C@H]2C[C@H](OC(=O)C[C@H](O)C(C)(C)C(=O)[C@H](CC=C)[C@H]1O)C1=CC=C2SC(C)=NC2=C1
10392,CN(C)CC1=CC=C(C=C1)S(=O)(=O)N1C=CC(\C=C\C(=O)NO)=C1
10393,OP(O)(=O)CN1C(=O)C(=O)NC2=C1C=C(N1CCOCC1)C(=C2)C(F)(F)F
10394,FC(F)(F)OC1=CC=C(C=C1)C1=CC=C2OCCN(CC3=NC=CC=N3)C(=O)C2=C1
10395,[H][C@]1(CNCCO1)[C@@H](OC1=CC=CC=C1OCC)C1=CC=CC=C1
10396,
10397,CC1=NC2=NC(=NN2C(NC2=CC=C(C=C2)S(F)(F)(F)(F)F)=C1)C(C)(F)F
10398,COC1=CC2=CC=C(C=C2C=C1)[C@H](C)C(=O)OCCS(C)(=O)=O
10399,CC1(C)OC(=C(C1=O)C1=CC=CC(F)=C1)C1=CC=C(C=C1)S(N)(=O)=O
10400,CCN1C(=O)C(=CC2=C(C)N=C(N)N=C12)C1=CC=NN1
10401,OC1(CCN(CCCC(=O)C2=CC=C(F)C=C2)CC1)C1=CC=C(Br)C=C1
10402,O=C(N[C@H]1CN2CCC1CC2)C1=CNC2=C(SC=C2)C1=O
10403,[Sm]
10404,COC(=O)CC[C@@H]1N=C(C2=CC=CC=N2)C2=CC(Br)=CC=C2N2C(C)=CN=C12
10405,CN1N=C(N)C2=CN([C@@H]3O[C@H](CO)[C@@H](O)[C@H]3O)C3=C2C1=NC=N3
10406,C[C@@H](O)CCCCN1C(=O)N(C)C2=C(N(C)C=N2)C1=O
10407,CN(CC(O)CO)C(=O)C1=C(I)C(C(=O)N(C)CC(O)CO)=C(I)C(NC(=O)C(CO)CO)=C1I
10408,CC(C)(CCC(C(N)=O)(C1=CC=CC=C1)C1=CC=CC=C1)N1CC(C1)OC1=CC=CC(O)=C1
10409,
10410,[H][C@]1(N)C[C@]([H])(O[C@]2([H])[C@]([H])(C)O[C@]([H])(C[C@]2([H])O)O[C@@]2([H])C[C@@](O)(CC3=C(O)C4=C(C(O)=C23)C(=O)C2=CC=CC=C2C4=O)C(=O)CO)O[C@@]([H])(C)[C@@]1([H])O
10411,NC1=NC(NC2=CC=C3CC[C@@H](CCC3=C2)N2CCCC2)=NN1C1=CC2=C(N=N1)C1=CC=CC=C1CCC2
10412,N[C@H](CN1CC(F)(F)CCC1=O)CC(=O)N1CCC2=C(C1)N=C(N=C2C(F)(F)F)C(F)(F)F
10413,
10414,COC(=O)[C@H](N1CCC(CC1)C1=CC=C(NC(=O)C2=CC=CC=C2C2=CC=C(C=C2)C(F)(F)F)C=C1)C1=CC=CC=C1
10415,[H][C@@]12CC=C(N3C=NC4=CC=CC=C34)[C@@]1(C)CC[C@@]1([H])[C@@]2([H])CC=C2C[C@@]([H])(O)CC[C@]12C
10416,[H][C@]1(CCCN(C1)C(=O)NC[C@H](C[C@H]1CCCOC1)NC)[C@@H](OCCNC(=O)OC)C1=CC=CC(Cl)=C1
10417,CC1=NN2C=C(C=NC2=C1)C(=O)NCC(C)(C)NCC(=O)N1CCC[C@H]1C#N
10417,CC1=NN2C=C(C=NC2=C1)C(=O)NCC(C)(C)NCC(=O)N1CCC[C@H]1C#N
10418,O=C1NS(=O)(=O)C2=C1C=CC=C2
10419,C[C@@H]1CN(CCN1S(=O)(=O)C1=CC=CC(=C1)[C@@](C)(O)C(F)(F)F)C1=CC=C(F)C=C1C(F)(F)F
10420,CC(C)=CCC\C(C)=C\CC\C(C)=C\CN1C2=CC(O)=CC(O)=C2NC2=C(C=CC=C2O)C1=O
10421,
10422,C[S@@](=O)CCCCN=C=S
10423,CCCCCCCCCCCCSCC(COP(O)(=O)OC[C@H]1O[C@H](C[C@@H]1N=[N+]=[N-])N1C=C(C)C(=O)NC1=O)OCCCCCCCCCC
10424,FC1=CC(=CC(F)=C1)[C@@H]1CNC2(CCCC2)C(=O)N1CC(=O)NC1=CC=C2C[C@]3(CC2=C1)C(=O)NC1=C3C=CC=N1
10425,N[C@@H](CC1=CC([131I])=C(OC2=CC([131I])=C(O)C=C2)C([131I])=C1)C(O)=O
10426,C[C@H](OC1=CC=C(C=C1C(=O)N1CCN(CC1)C1=C(F)C=C(C=N1)C(F)(F)F)S(C)(=O)=O)C(F)(F)F
10427,C[C@@H](N(C)C(=O)N1CC[C@@H](C[C@@H]1C1=CC=C(F)C=C1C)N1CCN2[C@@H](CCC2=O)C1)C1=CC(=CC(=C1)C(F)(F)F)C(F)(F)F
10428,CCCC1=C(\C=C\C(=O)N[C@H](C)C2=CC(F)=C(NS(C)(=O)=O)C(F)=C2)C=CC(=N1)C(F)(F)F
10429,FC1=C(F)C(NC2=CC=C(I)C=C2Cl)=C(C=C1)C(=O)NOCC1CC1
10430,
10431,C(CN1CCCCC1)OC1=CC=CC(=C1)C1=NNC2=CC=C(C=C12)C1=NNC=N1
10432,CC1(CCCC2=CC(=O)OC3=C2C(=O)NC(=O)N3)CC1
10433,C[C@@]12CCC[C@](C)([C@H]1CC[C@@]13CC(=C)[C@@](C1)(CC[C@@H]23)O[C@@H]1O[C@H](CO)[C@@H](O)[C@H](O)[C@H]1O[C@@H]1O[C@H](CO)[C@@H](O)[C@H](O)[C@H]1O)C(O)=O
10434,CCCC1=C(O)C(=CC=C1SCCCOC1=C(CCC)C(OCCCC(O)=O)=C(C=C1)C(C)=O)C(C)=O
10435,COC1=CC=C(C=C1CN[C@H]1CCCN[C@H]1C1=CC=CC=C1)N1N=NN=C1C(F)(F)F
10436,NC1=NC2=C(N=CN2\C=C2\CC2(CO)CO)C(=O)N1
10437,OCC(O)CNC(=O)C1=C(I)C(C(=O)NCC(O)CO)=C(I)C(N(CC(O)CN(C=O)C2=C(I)C(C(=O)NCC(O)CO)=C(I)C(C(=O)NCC(O)CO)=C2I)C=O)=C1I
10438,CC(C)OCCN1C2=C(NC=C2)C(=O)NC1=S
10439,NCCCC[C@@H]1NC(=O)[C@H](CCC(O)=O)NC(=O)C2=C(OCC[C@H](NC1=O)C(=O)NCC(O)=O)C=CC(=C2)[N+]([O-])=O
10440,CO[C@H]1C[C@H](C)CC2=C(NCCN(C)C)C(=O)C=C(NC(=O)\C(C)=C\C=C/[C@H](OC)[C@@H](OC(N)=O)\C(C)=C\[C@H](C)[C@H]1O)C2=O
10441,NC1=C2N=CN([C@@H]3O[C@H](CO)[C@@H](O)[C@H]3O)C2=NC(OCCC2=CC=C(Cl)C=C2)=N1
10442,CCNC(=O)CC[C@H](N)C(O)=O
10443,CC(=O)OC1=CC=CC=C1C(=O)OC1=CC=CC(CO[N+]([O-])=O)=C1
10444,O[C@H]1CC[C@@H](CC1)NC1=C2C=CNC2=NC(=N1)C1=CC=CC=C1
10445,CC1CCC2=C3N1C=C(C(O)=O)C(=O)C3=CC(F)=C2N1CCC(O)CC1
10446,CC(C)(C)C1=CC=C(CCC(O)COC2=CC=C(C=C2)C(O)=O)C=C1
10447,CC1(C)CC(O)CC(C)(C)N1[O]
10448,CCCOC(=O)C1=CC(O)=C(O)C(O)=C1
10449,CC[C@@H]1NC(=O)[C@H]([C@H](O)[C@H](C)C\C=C\C)N(C)C(=O)[C@H](C(C)C)N(C)C(=O)[C@H](CC(C)C)N(C)C(=O)[C@H](CC(C)C)N(C)C(=O)[C@@H](C)NC(=O)[C@H](C)NC(=O)[C@H](CC(C)C)N(C)C(=O)[C@@H](NC(=O)[C@H](CC(C)(C)O)N(C)C(=O)[C@@H](SCCN(C)C)N(C)C1=O)C(C)C
10450,CCCCCCCCO
10451,O=[Cl]=O
10452,COC1=C(O)C2=C(C[C@H]3[C@H](O)N4[C@@H](CC5=C([C@@H]4CNC(=O)\C=C\C4=CC=CC(=C4)C(F)(F)F)C4=C(OCO4)C(C)=C5OC(C)=O)[C@@H]2N3C)C=C1C
10453,[H][C@@]12CC3=C(C=C(CNCC(C)(C)C)C(O)=C3C(=O)C1=C(O)[C@]1(O)C(=O)C(C(N)=O)=C(O)[C@@H](N(C)C)[C@]1([H])C2)N(C)C
10454,
10455,N[C@H]1[C@@H](CC[C@@H](OC(=O)N2CCC(CC2)N2C(=O)NC3=NC=CC=C23)C2=C1C=CC=N2)C1=C(F)C(F)=CC=C1
10456,NCC1=CC(=O)NO1
10457,CC[C@@]1(O)C(=O)OCC2=C1C=C1N(CC3=C1N=C1C=CC=CC1=C3CCNC(C)C)C2=O
10458,
10459,CN1C(=O)N(C(=O)[C@@]1(CO)C1=CC=CC=C1)C1=CC=C(C#N)C(=C1)C(F)(F)F
10460,OC(=O)COC[C@H]1CC[C@H](COC(=O)N(C2=CC=CC=C2)C2=CC=C(Cl)C=C2)CC1
10460,OC(=O)COC[C@H]1CC[C@H](COC(=O)N(C2=CC=CC=C2)C2=CC=C(Cl)C=C2)CC1
10460,OC(=O)COC[C@H]1CC[C@H](COC(=O)N(C2=CC=CC=C2)C2=CC=C(Cl)C=C2)CC1
10461,CC(C)[C@H](O)C(=O)N[C@@H](C)C(=O)N[C@H]1C2=CC=CC=C2CCN(C)C1=O
10462,COC1=CC(CNCCC2CCOCC2)=CC=C1OC1=CN=C(C=N1)C(N)=O
10463,FC1=CC=C(C=C1)C(=O)C1CCN(CCN2C(=O)NC3=CC=CC=C3C2=O)CC1
10464,NC(=O)C1=NC(F)=CN=C1O
10465,CN1C2C3=C(C1C1=CC=CC=C1C2=O)C(=O)C1=CC=CC=C1C3=O
10466,COC1=CC=C(Cl)C(=C1)C1=CC=C(NC(=O)C2=CC=NN2C)N=C1N
10467,NC1=NC(=O)N(C=C1F)[C@@H]1O[C@H](CO)C=C1
10468,[H][C@]12CC[C@@]3([H])[C@@]4(C)COC[C@@]3(C[C@H]([C@@H]4OC[C@](C)(N)C(C)(C)C)N3N=CN=C3C3=CC=NC=C3)C1=CC[C@@]1(C)[C@H](C(O)=O)[C@](C)(CC[C@]21C)[C@H](C)C(C)C
10469,[H][C@@](O)(CO)CN1CCN(CC1)C1=CC=CC=C1
10470,O=S1(=O)CCN(CN2CCS(=O)(=O)NC2)CN1
10471,C[C@]12CC[C@H]3[C@@H](CCC4=CCCC[C@H]34)[C@@H]1CC[C@@]2(O)C#C
10472,COC(=O)C1=CC=C(C=C1)C1=CC=C(C=C1)C(=O)OC
10473,CCC1=NC2=C(N1CCCCNS(C)(=O)=O)C1=CC=CC=C1N=C2N
10474,FC(F)(F)C(C(F)(F)F)(C(F)(F)F)C1(F)C(F)(F)C(F)(F)C(F)(F)C(F)(F)C1(F)F
10475,C(N1CCN(CC1)C1=NC=CC=N1)C1=CC2=C(OCO2)C=C1
10476,CON=C1CN(CC11CNC1)C1=C(F)C=C2C(=O)C(=CN(C3CC3)C2=N1)C(O)=O
10477,[H]OC(=O)[C@]12CC[C@@]([H])(C(C)=C)[C@]1([H])[C@@]1([H])CC[C@]3([H])[C@@]4(C)CC[C@]([H])(O[H])C(C)(C)[C@]4([H])CC[C@@]3(C)[C@]1(C)CC2
10478,[Ba]
10479,COC1=C(OC)C=C(C(=O)NC2=NC(=CS2)C(=O)NCCN(C(C)C)C(C)C)C(O)=C1
10480,COC1=C(OCCCN2CCOCC2)C=CC2=C1N=C(NC(=O)C1=CN=C(N)N=C1)N1CCN=C21
10481,OC[C@H]1O[C@H]([C@H](O)[C@@H]1O)N1CCC(O)NC1=O
10482,OC(CN1C=CN=C1[N+]([O-])=O)CN1CCCCC1
10483,CCCCC1(CCCC)CN(C2=CC=CC=C2)C2=CC(SC)=C(OCC(=O)N[C@@H](C(=O)NCC(O)=O)C3=CC=CC=C3)C=C2S(=O)(=O)C1
10484,[H][C@@]12CC[C@H](OC)[C@@]1(C)CC[C@]1([H])C3=C(CC[C@@]21[H])C=C(OCCC)C=C3
10485,C[C@@H]1[C@@H]2C[C@]([C@@H](C=CC=C(CC3=CC(=C(C(=C3)OC)Cl)N(C(=O)C[C@@H]([C@]4([C@H]1O4)C)OC(=O)[C@H](C)N(C)C(=O)CCC(C)(C)SSCCC(C(=O)N)S(=O)(=O)O)C)C)OC)(NC(=O)O2)O
10486,CC[C@H](C)[C@@H](C(=O)N[C@@H](CC1=CN=CN1)C(=O)N[C@@H](CCSC)C(=O)N[C@@H](C(C)C)C(=O)N[C@@H](CC2=CC=C(C=C2)O)C(=O)N[C@@H](CO)C(=O)N[C@@H](CCCCN)C(=O)N[C@@H](CCCNC(=N)N)C(=O)C(=O)[C@H](CONCC(=O)N[C@@H](CCCCN)C(=O)N3CCC[C@H]3C(=O)N[C@@H](CCCNC(=N)N)C(=O)NCC(=O)N[C@@H](CC4=CC=C(C=C4)O)C(=O)N[C@@H](C)C(=O)N[C@@H](CC5=CC=CC=C5)C(=O)N[C@@H]([C@@H](C)CC)C(=O)N[C@@H](CCC(=O)O)C(=O)N[C@@H](CC6=CC=C(C=C6)O)C(=O)O)NP(=O)(O)O)NC(=O)[C@H](CCCNC(=N)N)N
10487,CC1=CC(OCCCS(C)(=O)=O)=CC(C)=C1C1=CC=CC(COC2=CC=C3[C@H](CC(O)=O)COC3=C2)=C1
10488,NC(=O)C1(CCN(CCC(C#N)(C2=CC=CC=C2)C2=CC=CC=C2)CC1)N1CCCCC1
10489,COC(=O)C[C@@]1(CN)C[C@@H]2CC[C@@H]2C1
10490,CN1CCC(CNC2=NN3C(C=C2)=NC=C3C2=CC=CC(OC(F)(F)F)=C2)CC1
10491,CC[C@H](C)[C@@H]1NC(=O)[C@H](CC2=CC=CC=C2)NC(=O)[C@@H](N)CSSC[C@H](NC(=O)[C@H](CC(N)=O)NC(=O)[C@H](CCCC(N)=O)NC1=O)C(=O)N1CCC[C@H]1C(=O)N[C@@H](CCCNC(C)C)C(=O)NCC(N)=O
10492,CC1=C(C)[N+](CC(=O)C2=CC=CC=C2)=CS1
10493,
10494,[H][C@@]12CC[C@](OC(=O)CC)(C(=O)CO)[C@@]1(C)CC[C@@]1([H])[C@@]2([H])CCC2=CC(=O)CC[C@]12C
10495,CC1=CN=C(NC2=CC=C(OCCN3CCCC3)C=C2)N=C1NC1=CC=CC(=C1)S(=O)(=O)NC(C)(C)C
10496,CC(C)(N1CCN(CC1)C1=NC=C(C=C1)C(F)(F)F)C(=O)N[C@H]1C2CC3CC1C[C@@](C3)(C2)C(N)=O
10497,CC1(C)CCC(=CC1)C1=C(NC(=O)C2=NC=C(N2)C#N)C=CC(=N1)C1CC(C)(C)OC(C)(C)C1
10498,CC1=C2C(=CNC2=C(NS(=O)(=O)C2=CC=CC(=C2)C#N)C=C1)C#N
10499,NC1=NN=NN1C1=CC=CC=C1
10500,CO\N=C(/N)C1=CC=C(CNC(=O)[C@@H]2CCN2C(=O)[C@H](O)C2=CC(OC(F)F)=CC(Cl)=C2)C=C1
10501,CC[C@H](O)[C@@H](C)[C@H]1O[C@@H]1C[C@@](C)(O)\C=C\C=C(/C)[C@H]1OC(=O)C[C@H](O)CC[C@@](C)(O)[C@@H](OC(=O)N2CCN(CC2)C2CCCCCC2)\C=C\[C@@H]1C
10502,C[C@@H]1NC(N)=NC(=N1)N(C)C
10503,[O-][O+]=O
10504,CC1=C(COC2=CC=C(CO\N=C(/CCC(O)=O)C3=CC=CC=C3)C=C2)N=C(O1)C1=CC=CC=C1
10505,CC[C@H](NC1=CC(C)=NC2=C(C(C)=NN12)C1=CC=C(OC)C=C1C)C1=NC(C)=NO1
10506,CC(F)(F)C(=O)N[C@]12CCC(C)(C)C[C@H]1[C@H]1C(=O)C=C3[C@@]4(C)C=C(C#N)C(=O)C(C)(C)[C@@H]4CC[C@@]3(C)[C@]1(C)CC2
10507,OC(=O)CC[C@H](NC(=O)N[C@@H](CCCCNCC1=CC=C([123I])C=C1)C(O)=O)C(O)=O
10508,CC[C@@]1(O)C(=O)OCC2=C1C=C1N(CC3=C1N=C1C=CC=C(N)C1=C3)C2=O
10509,C[C@H]1CN(C[C@@H](C)[C@]1(O)C1=CC=CC=C1)C(=O)[C@@H]1CN(C[C@H]1C1=CC=C(F)C=C1F)C(C)(C)C
10510,CCN1CCC[C@H]1CNC(=O)C1=C(O)C(Cl)=CC(Cl)=C1OC
10511,CNCC(O)=O
10512,ONC(=O)\C=C\C1=CC=CC(=C1)S(=O)(=O)NC1=CC=CC=C1
10513,CN1CCCC1=O
10514,CN1CCC(CCCNC2=NC=C(C3=NC4=C(C)C=C(C)C=C4N3)C(C)=N2)CC1
10515,CN(C1CCN(CC1)C1=NC2=C(C=CC=C2)N1CC1=CC=C(F)C=C1)C1=NC=CC(=O)N1
10516,CN(C)C1=NC(CC2=CC=C(NC(=O)C3=CC=C(C=C3)C(F)(F)F)C=C2)=NC(N(C)C)=C1CC(O)=O
10517,
10518,COC1=CC(NC(=O)CCN2CCC(CC2)OC(=O)NC2=CC=CC=C2C2=CC=CC=C2)=C(Cl)C=C1CNC[C@H](O)C1=C2C=CC(=O)NC2=C(O)C=C1
10519,ClC1=C(Cl)N=CC(=C1)N1C[C@@H]2CN[C@@H]2C1
10520,CCCCCCCC\C=C/CCCCCCCCCCCC(=O)OCC(COC(=O)CCCCCCCCCCC\C=C/CCCCCCCC)OC(=O)CCCCCCCCCCC\C=C/CCCCCCCC
10521,[O-]N=O
10522,
10523,NC1=NC2=C(N=CN2[C@@H]2C[C@H](CO)[C@H]2CO)C(=O)N1
10524,CN(C(=O)CN(CCO)CC(=O)N(C)C(C)(C)CC1=CC=CC=C1)C(C)(C)CC1=CC=CC=C1
10525,CNCCCOC1=CC(F)=C(C(F)=C1)C1=C(N[C@@H](C)C(F)(F)F)N2N=CN=C2N=C1Cl
10526,
10527,CC1=CC(NC2=NC(=NC3=CC=CC=C23)C(O)C2=CC=C(F)C=C2)=NN1
10528,[H][C@@](O)(CO)[C@@]([H])(O)[C@]([H])(O)[C@]([H])(NC(C)=O)C=O
10529,N1N=CC=CC2=CC=CC=C12
10530,CC(C)C[C@@H]1NC(=O)[C@@H]2CNC(=O)C[C@H](NC(=O)[C@H](CC(=O)N[C@@H]3O[C@H](CO)[C@@H](O)[C@H](O)[C@H]3NC(C)=O)NC1=O)C(=O)N[C@@H](CC1=CNC3=CC=CC=C13)C(=O)N[C@@H](CC1=CC=CC=C1)C(=O)N2
10531,CC1=C(SSC1=S)C1=CN=CC=N1
10532,C[C@H](CN(C(=O)C1=CC=C(C=C1)C#N)C1=CC=CC=N1)N1CCN(CC1)C1=CC=CC2=C1OCCO2
10533,CC(C)(C)C[C@@H]1N[C@H]([C@H](C2=C(F)C(Cl)=CC=C2)[C@]11C(=O)NC2=C1C=CC(Cl)=C2)C(=O)N[C@H]1CC[C@H](O)CC1
10534,CCN1N=CC2=C(NC3CCOCC3)C(=CN=C12)C1=NN=C(CC2=C(C)N=C(C)S2)O1
10535,NC(=O)C1=CC=C2C[C@H]3N(CC4CC4)CC[C@@]4(CC(=O)CC[C@@]34O)C2=C1O
10536,CCC(C(O)=O)C1=CC=C(C=C1)N1CC2=CC=CC=C2C1=O
10537,NC1=N[C@]2(COC[C@H]2CS1)C1=C(F)C=CC(NC(=O)C2=CC=C(F)C=N2)=C1
10538,CCCCC1=NC2(CCCC2)C(=O)N1CC1=CC=C(C(COCC)=C1)C1=CC=CC=C1S(=O)(=O)NC1=NOC(C)=C1C
10539,COC1=CC=C2NC3=C4C(=CC=C3[N+]([O-])=O)N(CCCN(C)C)N=C4C2=C1
10540,CN(C1CCN(CC1)C1=NN=C(C2=CC=NN2C)C2=CC=CC=C12)C(=O)C1=C(C=C(F)C=C1)C(F)(F)F
10541,C1CN=C(N1)C1COC2=CC=CC=C2O1
10542,C[C@]12C[C@H](O)[C@@]3(F)[C@@H](C[C@H](F)C4=CC(=O)C=C[C@]34C)[C@@H]1C[C@@H](O)[C@]2(O)C(=O)CO
10543,CCN(CCCCOC(=O)C1=CC(OC)=C(OC)C=C1)C(C)CC1=CC=C(OC)C=C1
10544,COC1=CC=C(NC(=O)NC2=CC=C(F)C=C2F)C=C1C1=C(Br)C=NN1C
10545,OC(=O)[C@@]1(CC2=CC=CC(NC3=NC=CS3)=N2)CC[C@@H](CC1)OC1=C(F)C(Cl)=CC=C1
10546,CCCCCS(=O)(=O)NC(=O)C1=CC=C2N=C(C)N(CC3=CC=C(Cl)C=C3Cl)C2=C1
10547,CCN1CCN(CC2=CC=C(C=C2)C2=CC3=C(N2)N=CN=C3N[C@H](C)C2=CC=CC=C2)CC1
10548,NC(=O)CC[C@H](N(CCNC(=S)NC1=CC=C2C(=C1)C(=O)OC21C2=CC=C(O)C=C2OC2=C1C=CC(O)=C2)C(=O)C1=CC=C(NCC2=CN=C3N=C(N)NC(=O)C3=N2)C=C1)C(O)=O
10549,
10550,CC1=CC(=CC=N1)C1=NC=C(CC(=O)NC2=CC=C(C=N2)C2=CN=CC=N2)C=C1C
10551,OC(=O)CN1C2=C(CN(CC2)C(=O)C2=CC=CC3=CC=CC=C23)C2=CC(F)=CC=C12
10552,COC(=O)C1=C(Cl)C=CC=C1C1=CC=C([C@@H](C)NC(=O)C2(CC2)NC(=O)C(F)(F)F)C(F)=C1
10553,CCCCCCCC\C=C\CCCCCCCC(=O)OC[C@H]1O[C@@H](N2C=CC(N)=NC2=O)C(F)(F)[C@@H]1O
10554,CN(C)CC1=C(OC2=CC=CC=C12)C(=O)NCCOC1=CC=C(C=C1)C(=O)NO
10555,CC[C@@](C)(NC1=CC=NC(=N1)C1=CNC2=NC=CC=C12)C(=O)NCC(F)(F)F
10556,C[C@H]1CN(CC2=CC=C(CC(=O)N3CCC(CC3)NC3=CC=CC(F)=C3)C=C2)CCN1
10557,
10558,CCCN1C2=C(NC(=N2)C23CCC(CCC(O)=O)(CC2)CC3)C(=O)N(CCC)C1=O
10559,CO[C@H]1CC[C@@H](CC1)N1C(=O)CNC2=C1N=C(C=N2)C1=CN=C(C=C1)C(C)(C)O
10560,[H][C@@](C)(C1=NOC(NC(=N)N2CCOCC2)=C1)C1=CC=C(C(F)=C1)C1=CC=CC=C1
10561,CC[C@@H](C)NC1=NC(C)=NC2=C(C(C)=NN12)C1=CC=C(OC)N=C1C
10562,CC(C)OC(=O)N[C@@H]1CC2=C(C1)C1=CC(=CC=C1N2CC1=CC=CC=N1)C#N
10563,ClC1=C(Cl)C=C(NC(=O)NS(=O)(=O)C2=CC=C3OCCC3=C2)C=C1
10564,[H][C@@]1(CNC2=C(N1)C(N)=NC(N)=N2)[C@@H](O)[C@H](C)O
10565,CCCOC(=O)CC1=CC=C(OCC(=O)N(CC)CC)C(OCC)=C1
10566,COC1=CC=C(\C=C/C2=CC(OC)=C(OC)C(OC)=C2)C=C1OP(O)(O)=O
10567,
10568,FC1=C(F)C=C(CN2CCC(CC2)NC2=CC=C(N=N2)C(F)(F)F)C=C1
10569,FC(F)(F)C1=CC(=CC(CN2N=NC(=C2C2=CC=NC=C2)C2=NC=CC=C2C(=O)C2=CC=CC=C2Cl)=C1)C(F)(F)F
10570,[H]N=C(N([H])[H])N([H])CCC[C@H](N([H])C(=O)[C@H](CCCC)N([H])C(=O)[C@@H](CCCCN([H])C(=O)N([H])[H])N([H])C(=O)[C@H](CC1=CC=C(O)C=C1)N(C)C(=O)[C@H](CO)N([H])C(=O)[C@@H](CC1=CN=CC=C1)N([H])C(=O)[C@@H](CC1=CC=C(Cl)C=C1)N([H])C(=O)[C@@H](CC1=CC2=CC=CC=C2C=C1)N([H])C(C)=O)C(=O)N1CCC[C@H]1C(=O)N([H])[C@H](C)C(=O)N([H])[H]
10571,O=C(\C=C\C=C\C1=CC2=C(OCO2)C=C1)N1CCCCC1
10572,
10573,
10574,NC(=O)C1=CC=C(OC2=C(F)C=C(CNCCC3CCOCC3)C=C2)N=C1
10575,CCC1=C[C@@H]2C[N@](C1)CCC1=C(NC3=CC=CC=C13)[C@@](C2)(C(=O)OC)C1=CC2=C(C=C1OC)N(C)[C@@H]1[C@]22CCN3CC=C[C@](CC)([C@@H]23)[C@@H](OC(C)=O)[C@]1(O)C(=O)OC
10576,C[C@@H](O)[C@@H]1[C@H]2[C@@H](C)C(SC3=NC(=CS3)C3=C[C@H](C)NC3)=C(N2C1=O)C(O)=O
10577,C[C@H](NC1=NC=C(Cl)C(NC2=NNC(C)=C2)=N1)C1=NC=C(F)C=N1
10578,C1CC1CN2CC[C@]34[C@@H]5C6=C(C[C@]3(C2CC7=C4C(=C(C=C7)O)O5)O)C8=CC=CC=C8N6.O.Cl
10579,CN(C(C)=O)C1=CC=CC(=C1)C1=CC=NC2=C(C=NN12)C(=O)C1=CC=CS1
10580,CCN1C(=CC2=C3N(C)C=NC3=C(NC3=NN(C)C(C)=C3)N=C12)C(=O)N(C1CC1)C1CC1
10581,CCCCCCCCCCCCCCCC(=O)OCC(COC(C)=O)OC(=O)CCCCCCC\C=C/C\C=C/CCCCC
10582,CN1C(\C=C\CO)=C(CO)C2=C1C(=O)C=C(N1CC1)C2=O
10583,OCCCNCCCC1=CC(C(=O)NCC23CC4CC(CC(C4)C2)C3)=C(Cl)C=C1
10584,
10585,COC1=CC=C(C[C@@H](O)C2=CC(OC)=C(OC)C(OC)=C2)C=C1O
10586,O[C@@H]1CCN(C1)C1=C(C=C(C=N1)C(=O)NC1=CC=C(OC(F)(F)Cl)C=C1)C1=CC=NN1
10587,NC(=N)NC1=CC=C(C=C1)C(=O)OC1=CC2=C(C=C1)C=C(C=C2)C(N)=N
10588,COC[C@H]1OC(=O)\C(=C\N(CC=C)CC=C)C2=C(O)C(=O)C3=C([C@@H](C[C@@]4(C)[C@H]3CCC4=O)OC(C)=O)[C@@]12C
10589,C[C@@H](O)[C@@H](CO)NC(=O)[C@@H]1CSSC[C@H](NC(=O)[C@@H](CC2=CC=CC=C2)NC(=O)CN(CCN(CCN(CC(O)=O)CC(O)=O)CC(O)=O)CC(O)=O)C(=O)N[C@@H](CC2=CC=CC=C2)C(=O)N[C@H](CC2=CNC3=CC=CC=C23)C(=O)N[C@@H](CCCCN)C(=O)N[C@@H]([C@@H](C)O)C(=O)N1
10590,[H][C@@]1(N)CC=C(CN)O[C@]1([H])O[C@]1([H])[C@@]([H])(N)C[C@@]([H])(N)[C@]([H])(O[C@@]2([H])OC[C@](C)(O)[C@]([H])(NC)[C@@]2([H])O)[C@@]1([H])O
10591,COC(=O)C1=CC(CCN(C)CCC[C@](C#N)(C(C)C)C2=CC=C(OC)C(OC)=C2)=CC=C1
10592,CC#CC1=CN([C@@H]2O[C@H](CO)[C@@H](O)[C@@H]2O)C(=O)NC1=O
10593,
10594,NCC[C@@H](O)C1=CC(OCC2CCCCC2)=CC=C1
10595,
10596,O=C1N([Se]C2=CC=CC=C12)C1=CC=CC=C1
10597,CN1C=C(C=N1)C1=C2C=NNC(=O)C3=C2C(N1)=CC(NC(=O)[C@H](N)C1CCCCC1)=C3
10598,CC(C)OC1=C(C=C(C=C1)C1=NC(=NO1)C1=C2CC[C@H](NCCO)C2=CC=C1)C#N
10599,CC[C@H](C)[C@H](NC(=O)[C@H](CO)NC(=O)[C@@H](NC(=O)[C@@H]1CCCN1C(=O)[C@H](C)NC(=O)[C@@H](N)CC(N)=O)C(C)C)C(=O)N1CCC[C@H]1C(=O)N[C@@H](CCC(N)=O)C(O)=O
10600,CC(C)CC1=CC=C(C=C1)[C@@H](C)C(=O)NS(C)(=O)=O
10601,CN[C@@H]1[C@@H](O)[C@@H](O[C@H]2[C@@H](C[C@H](N)[C@@H](O[C@H]3OC(CNCCO)=CC[C@H]3N)[C@@H]2O)NC(=O)[C@@H](O)CCN)OC[C@]1(C)O
10601,CN[C@@H]1[C@@H](O)[C@@H](O[C@H]2[C@@H](C[C@H](N)[C@@H](O[C@H]3OC(CNCCO)=CC[C@H]3N)[C@@H]2O)NC(=O)[C@@H](O)CCN)OC[C@]1(C)O
10602,
10603,NC(=O)C1=C(O)N(C=N1)[C@@H]1O[C@H](CO)[C@@H](O)[C@H]1O
10604,COC1=C(O)C=CC(=C1)C(C)=O
10605,COC(=O)O[C@@]12CO[C@@H]1C[C@H](O)[C@]1(C)[C@@H]2[C@H](OC(=O)C2=CC=CC=C2)[C@]2(O)C[C@H](OC(=O)[C@H](O)[C@@H](NC(=O)C3=CC=CC=C3)C3=CC=CC=C3)C(C)=C([C@@H](OC(C)=O)C1=O)C2(C)C
10606,
10607,C1C2=CC=CC=C2CC13C(=O)N=C4N3C=CC=C4
10608,[H][C@]12[C@@H](CC[C@]1(C)CC[C@]1(C)[C@]2([H])CC[C@]2([H])[C@@]3(C)CC[C@H](O)C(C)(C)[C@]3([H])CC[C@@]12C)C(C)=C
10609,OC(=O)COC1=CC=CC(CN(CC2=CC=C(C=C2)N2C=CC=N2)S(=O)(=O)C2=CC=CN=C2)=C1
10610,CCCCCCCCN=C1C=CN(CCCCCCCCCCN2C=CC(C=C2)=NCCCCCCCC)C=C1
10611,CC(C)(C)OC[C@H]1N(CCNC1=O)C(=O)C[C@H](N)CC1=CC(F)=C(F)C=C1F
10612,
10613,CC(C)C1=NOC(=N1)N1CCC(COC2=CC=C(N=C2)C2=CC=C(C=C2)S(C)(=O)=O)CC1
10614,[2H]C([2H])([2H])[N+](CCO)(C([2H])([2H])[2H])C([2H])([2H])[2H]
10615,OC(=O)CCC1=CC(I)=C(OC2=CC=C(O)C=C2)C(I)=C1
10616,CC(C)CCOC(=O)C(=C)C#N
10617,[H]N([C@@H]([C@@H](C)CC)C(=O)N[C@@H](CC1=CN=CN1)C(=O)N1CCC[C@H]1C(O)=O)C(=O)[C@H](CC1=CC=C(O)C=C1)NC(=O)[C@H](CCCC)NC(=O)[C@H](CCCN=C(N)N)NC(=O)[C@@H](N)CC(O)=O
10618,O[C@]1(CC[C@@H](CC1)N1CC(C1)NC(=O)CNC(=O)C1=CC=CC(=C1)C(F)(F)F)C1=CN=CS1
10619,CSCO[C@H]1C[C@H]2OC[C@@]2(OC(C)=O)[C@H]2[C@H](OC(=O)C3=CC=CC=C3)[C@]3(O)C[C@H](OC(=O)[C@H](O)[C@@H](NC(=O)C4=CC=CC=C4)C4=CC=CC=C4)C(C)=C([C@@H](OC(C)=O)C(=O)[C@]12C)C3(C)C
10620,
10621,CC1=CC=CC(=C1)C1=CC=C2N(CC3=CC=C(C=C3)C(C)(C)C)C=C(C(=O)C(O)=O)C2=C1
10622,
10623,CN(C)C1=CC=C(C=C1)[C@H]1C[C@]2(C)[C@@H](CC[C@]2(O)CCCO)[C@@H]2CCC3=CC(=O)CCC3=C12
10624,CC(C)NCCCN1C(SC2=C(I)C=C3OCOC3=C2)=NC2=C(N)N=CN=C12
10625,CN1CCCC1CCSC2=CC=C(C=C2)O.Cl
10626,CN1C=NC=C1[C@@](O)(C1=CC=C(Cl)C=C1)C1=CC=C2N(C)C(=O)C=C(C3=CC=CC(=C3)C#C)C2=C1
10627,CC1=CC=C(SC2=CC=CC=C2C2CCNCC2)C=C1
10628,CCCCCCCCCCCCCCOC1=CC=C(O1)C(=O)OCC(=O)N(C)CC(=O)OCC
10629,[H][C@]1(O)CN([C@@]([H])(C1)C(=O)N(C)C)[C@@]1(C(=O)N(C2=C1C=C(Cl)C=C2)S(=O)(=O)C1=C(OC)C=C(OC)C=C1)C1=CC=CC=C1OC
10630,C[C@@H](OC1=NN=C(N1C)C1=CC=NC=C1)C1=NOC(=C1)C1=CC=CC(Cl)=C1
10631,CCN(CC)CC1=CC=C2C=C(COC(=O)NC3=CC=C(C=C3)C(=O)NO)C=CC2=C1
10632,CC(C)=CCC\C(C)=C\CC\C(C)=C\CCC1(C)CCC2=CC(O)=CC=C2O1
10633,N[C@@H](CCCNC(N)=N)C(=O)N[C@@H](CCCNC(N)=N)C(=O)N[C@@H](CCCNC(N)=N)C(=O)N[C@@H](CCCNC(N)=N)C(=O)N[C@@H](CCCNC(N)=N)C(=O)N[C@@H](CCCNC(N)=N)C(=O)N[C@@H](CCCNC(N)=N)C(=O)N[C@@H](CCCNC(N)=N)C(=O)N[C@@H](CCCNC(N)=N)C(O)=O
10634,CNC(=NS(=O)(=O)C1=CC=C(Cl)C=C1)N1C[C@@H](C(=N1)C1=CC=C(Cl)C=C1)C1=CC=CC=C1
10635,[2H]C([2H])(C#C)N([11CH3])[C@H](C)CC1=CC=CC=C1
10636,CC1(C)CC[C@@]2(CC[C@]3(C)[C@@H]([C@@H]2C1)C(=O)C=C1[C@@]2(C)C=C(C#N)C(=O)C(C)(C)[C@@H]2CC[C@@]31C)C(O)=O
10637,
10638,COCCOC1=CC(OCCOC)=CC(CN2C3=CC=CC=C3C(=C2C(O)=O)C2=CC=C(C=C2)C(C)(C)C)=C1
10639,C[C@@H]1[C@@H]2NC[C@@H](C)C[C@H]2O[C@]11CC[C@H]2[C@@H]3CC[C@@H]4C[C@@H](CC[C@]4(C)[C@H]3CC2=C(C)C1)NS(C)(=O)=O
10639,C[C@@H]1[C@@H]2NC[C@@H](C)C[C@H]2O[C@]11CC[C@H]2[C@@H]3CC[C@@H]4C[C@@H](CC[C@]4(C)[C@H]3CC2=C(C)C1)NS(C)(=O)=O
10640,
10641,COCCC1=CC=C(C=N1)C1=C(C)N=C2N1N=CC=C2N1CCOCC1
10642,CN(CC1=C(C)C2=CC=CC=C2O1)C(=O)\C=C\C1=CC2=C(NC(=O)CC2)N=C1
10643,FC1=CC=C(NC(=O)[C@@H]2[C@H](N(CC(F)(F)F)C(=O)C3=CC=CC=C23)C2=CC=CN=C2)C=C1C#N
10644,COC(=O)N[C@@H](C(C)C)C(=O)N1CCC[C@H]1C1=NC2=CC=C(C=C2N1)C1=CSC2=C1SC=C2C1=CC=C(C=C1)C1=CN=C(N1)[C@@H]1CCCN1C(=O)[C@H](NC(=O)OC)C1=CC=CC=C1
10645,COC1=CC=CC=C1N1CCN(CCCNC2=CC(=O)N(C)C(=O)N2C)CC1
10646,CO[C@@H](CC1=CC=C(OCCCOC2=CC=C(OC3=CC=CC=C3)C=C2)C=C1)C(O)=O
10647,FC1=CC=C(C=C1)C(C#N)C1=C(Cl)C=C(C=C1Cl)N1N=CC(=O)NC1=O
10648,NC(=O)CNC1CC2=CC=CC=C2C1
10649,OC[C@H]1O[C@@H](OC2=C(OC3=C(C(O)=CC(O)=C3)C2=O)C2=CC=C(O)C(O)=C2)[C@H](O)[C@@H](O)[C@@H]1O
10650,CCN(CC1=CC=CC=C1)C(=O)CN1C(=O)N(C)C2=CN=C(N=C12)C1=CC=CC=C1
10651,CCCC1=CC(=CC=N1)C(N)=S
10652,CSCC[C@H](NC(=O)[C@H](CC1=CC=CC=C1)NC(=O)CNC(=O)CNC(=O)[C@@H](N)CC1=CC=C(O)C=C1)C(O)=O
10653,COC1=CC=C(C)C=C1NC(=O)NC1=NC2=CC=C(NC3=NC=NC4=CC(OCCCN5CCN(C)CC5)=C(OC)C=C34)C=C2S1
10654,CCCN1C2=C(NC(=N2)C23C[C@@H]4CC2C[C@H](C3)C4)C(=O)N(CCC)C1=O
10655,CO[C@@H]1[C@@H](CC[C@]2(CO2)[C@H]1[C@@]1(C)O[C@@H]1CC=C(C)C)OC(=O)\C=C\C1=CC=C(OCCN(C)C)C=C1
10656,COC1=CC=C(C=C1)C1=C(O)C(=O)C2=C(O)C=C(O)C(CC=C(C)C)=C2O1
10657,CC(C)C1=CC=C(C=C1)C1=NC(=O)N(CC2=CC=C3N=C(Br)C=NC3=C2)C2=CC=C(OCC#C)C=C12
10658,[H][C@@]12[C@@H]3SC[C@]4(NCCC5=C4NC4=CC=C(OC)C=C54)C(=O)OC[C@H](N1[C@@H](O)[C@@H]1CC4=CC(C)=C(OC)C(O)=C4[C@@]2([H])N1C)C1=C2OCOC2=C(C)C(OC(C)=O)=C31
10659,OC1(CN2CCC(COC3=NOC4=CC=CC(O[C@@H]5CCOC5)=C34)CC2)CCOCC1
10660,[H][C@@]12CN(CN1C1=C(NC2)N=C(N)NC1=O)C1=CC=C(C=C1)C(=O)N[C@@H](CCC(O)=O)C(O)=O
10661,CC[C@H](C)[C@@H]([C@@H](CC(=O)N1CCC[C@H]1[C@H](OC)[C@@H](C)C(=O)NCCC1=CC=CC=C1)OC)N(C)C(=O)[C@@H](NC(=O)[C@H](C(C)C)N(C)C)C(C)C
10662,NC(=O)C1(CCNCC1)NC(=O)[C@H](CC1=CC=CC=C1)NC(=O)[C@@H](CC1=CNC2=CC=CC=C12)NC(=O)[C@@H](CC1=CSC2=CC=CC=C12)NC(=O)C1CCNCC1
10663,C[C@H](NC(=O)C(=C\C1=CC=CC(Br)=N1)\C#N)C1=CC=CC=C1
10664,O=S(=O)(C1=CC=CC=C1)C1=CN=C2C(C=CC=C2N2CCNCC2)=C1
10665,CC(C)=CCC\C(C)=C\CC\C(C)=C\CSC1=CC=CC=C1C(O)=O
10666,FC(F)(F)C1=CC=C(\C=C\C2=NC(COC3=CC=C(CCCCN4C=CN=N4)C=C3)=CO2)C=C1
10667,
10668,
10669,O[C@@H]1CCCC[C@H]1N(C1CC1)C(=O)NCCCOC1=CC=C2NC(=O)C=CC2=C1
10670,CC(C)CC(=O)NC1=NNC2=C1CN(C(=O)C1CCN(C)CC1)C2(C)C
10671,CCCCOC1=NC(N)=C2NC(=O)CN(CC3=CC=CC(CN4CCCC4)=C3)C2=N1
10672,
10673,CCCCC1=NC(=CN1C1=CC=C(OC2=CC=C(Cl)C=C2)C=C1)C1=CC=C(OCCCN(CC)CC)C=C1
10674,CN1C=C(N=C1C1CCN(CC1)C1=C2C=NNC2=NC=N1)C1=CC=C(F)C(=C1)C(F)(F)F
10675,CCNC(=O)[C@H]1O[C@H]([C@H](O)[C@@H]1O)N1C=NC2=C1N=C(N=C2NCC(C1=CC=CC=C1)C1=CC=CC=C1)C(=O)NCCNC(=O)NC1CCN(CC1)C1=NC=CC=C1
10676,NCCCNCCCCNC(=O)C(O)NC(=O)CCCCCCNC(N)=N
10677,CC1=C(CCN2CCC(CC2)=C(C2=CC=C(F)C=C2)C2=CC=C(F)C=C2)C(=O)N2C=CSC2=N1
10678,CC(C)N(CC1=CC=CC=C1)C(=O)CN1C2=CC=CC=C2N2C(=NN=C2C2=CC=CC=C2)[C@H](CC2=CNC3=CC=CC=C23)C1=O
10679,S=C=NCCC1=CC=CC=C1
10680,CCCNC(=O)C1=CN2N=CN=C(NC3=CC(=CC=C3C)C(=O)NC3CC3)C2=C1C
10681,C[Se]C[C@H](N)C(O)=O
10682,
10683,
10684,C[C@H]1[C@H]2[C@H](C[C@H]3[C@@H]4CC=C5C[C@H](CC[C@]5(C)[C@H]4CC[C@]23C)O[C@@H]2O[C@H](CO)[C@@H](O[C@@H]3O[C@@H](C)[C@H](O)[C@@H](O)[C@H]3O)[C@H](O)[C@H]2O[C@@H]2O[C@@H](C)[C@H](O)[C@@H](O)[C@H]2O)O[C@]11CC[C@@H](C)CN1
10685,
10686,CC(C)N1C(=O)C(=CC2=CC=CC=C12)C(=O)N[C@@H]1C[C@@H]2CC[C@H](C1)N2C[C@@H](O)CN(C)S(C)(=O)=O
10687,COC1=C(NS(=O)(=O)C2=C(F)C=C(F)C=C2)C=C(C=N1)C1=CC2=C(C=CN=C2C=C1)C1=CN=NC=C1
10688,[H][C@@]1(CC[C@@]2(CCCO2)C[C@]1([H])N1CCCC1)N(C)C(=O)CC1=CC(Cl)=C(Cl)C=C1
10689,CCC1=CC(=CC(C)=C1OC[C@@H](O)CO)C1=NOC(=N1)C1=CC(=NC(OC)=C1)C1CCCC1
10690,[O-][N+]1=CC(=CC=C1)C1=NC2=C(Cl)C=CC=C2C=C1[C@@H](NC1=NC=NC2=CC=CN=C12)C(F)(F)F
10691,CC(C)[C@H](C(=O)NC1=CC=C(C=C1)C(=O)NO)C1=CC=CC=C1
10692,CS(=O)(=O)NC(=O)CCC\C=C/C[C@@H]1[C@@H](\C=C\[C@@H](O)COC2=CC=CC=C2)[C@H](O)CC1=O
10693,CCCC(=O)OCC(COC(=O)CCC)OC(=O)CCC
10694,CN1CCN(CCCN2C3=CC=CC=C3SC3=CC=CC=C23)CC1
10695,CC(C)(C)C1=C(C[C@H](NC(=O)[C@@H](N)CCCNC(N)=N)C(=O)N[C@@H](CCCNC(N)=N)C(=O)NCCC2=CC=CC=C2)C2=C(N1)C(=CC(=C2)C(C)(C)C)C(C)(C)C
10696,CC1=CC=CC(C)=C1NC(=O)CC12CCCN1CCC2
10697,CCOC1=CC=C(CC2=CC(=CC=C2Cl)[C@@H]2O[C@H](SC)[C@@H](O)[C@H](O)[C@H]2O)C=C1
10698,CCCN(N1C=C(C)C2=CC=CC=C12)C1=CC=NC=C1F
10699,C(NC1=NC=CC=N1)C1=CC=C(CNC2=NC=CC=N2)C=C1
10700,NC1=C2N=CN(CCNCCCCCO)C2=NC=N1
10701,CC(C)S(=O)(=O)NC[C@H](C)C1=CC=C(C=C1)C1=CC=C(CCNS(C)(=O)=O)C=C1
10702,
10703,CC(C)OC(=O)C1=CN(CC(C)(C)C2=C1NC1=CC=CC=C21)C(=O)C1=CC(F)=C(F)C=C1
10704,CC(C)[C@]1(CC(=NO1)C1=NC=CC2=CC=CC=C12)C(=O)N[C@H]1CC(=O)O[C@]1(O)CF
10705,CN(C)CCN1C=C(C(=O)N2CCC3(CC2)OCC2=CC=CC=C32)C2=CC=C(Cl)C=C12
10706,
10707,CCCS(=O)(=O)N1CCN(CC2=CC=C(NC(=O)C3=CC=C(C=C3)C3=CC(NC(=O)C4CC4)=CC=C3OC(F)(F)F)C=C2)CC1
10708,COC(=O)N1CCC(CN2CCC(CNC(=O)C3=C4NC(=NC4=CC=C3)C(C)C)CC2)CC1
10709,
10710,OO[C@@H]1CCO[P@](=O)(N1)N(CCCl)CCCl
10711,CC(CN1CCCCC1)CC1=CC=C(C=C1)C(C)(C)C
10712,COC1=CC(=CC=C1NC1=NC(NC2=CC=CC=C2S(=O)(=O)C(C)C)=NC=N1)N1CCC(CC1)N1CCN(C)CC1
10713,CC[C@H](C)[C@@H]([C@@H](CC(=O)N1CCC[C@H]1[C@H](OC)[C@@H](C)C(=O)N[C@@H](CC1=CC=CC=C1)C1=NC=CS1)OC)N(C)C(=O)[C@@H](NC(=O)[C@H](C(C)C)N(C)C)C(C)C
10714,O=C(NCCCCC1CCN(CC1)C(=O)C1=CC=CC=C1)\C=C\C1=CC=CN=C1
10715,CCOCC1=CC(OC)=C(C(OC)=C1)C1=CC=C(C[C@H](NC(=O)C2=C(F)C=CC=C2F)C(O)=O)C=C1
10716,FC1=CN2C=C(CCC#CC3=CC=CC=N3)N=C2C=C1
10717,
10718,OCCNC(=O)CN1C=CN=C1[N+]([O-])=O
10719,
10720,
10721,CC(C)(OCC1=NN(CC2=CC=CC=C2)C2=CC=CC=C12)C(O)=O
10722,CCN1C(=O)CNC2=C1N=C(C=N2)C1=CC=C(N=C1C)C1=NN=CN1
10723,CC1=NC=C(N1CCNS(N)(=O)=O)N(=O)=O
10724,S=C(NCC1=CC=C2OCOC2=C1)N1CCN(CC1)C1=NC=NC2=C1OC1=C2C=CC=C1
10725,O=C(CC(C1=CC=CC=C1)C1=CC=CC=C1)N1CCN(CC1)C(C1=CC=CC=C1)C1=CC=CC=C1
10726,COC1=CC=C(Br)C=C1NC(=O)NC1=C2C=CN(CC3=CC=NC(N)=C3)C2=CC=C1
10727,[H][C@]1(COC2=C3N(CC)C(=NC3=C(N=C2)C#CC(C)(C)O)C2=NON=C2N)CCCNC1
10728,NC1=C(NC2=CC=C3NC=CC3=C2)N=C(C=N1)C1=CC=NC=C1
10729,
10730,NCCCC[C@H](N)C(=O)N[C@@H](CCCCN)C(=O)N[C@@H](CC1=CNC2=CC=CC=C12)C(=O)N[C@@H](CC1=CNC2=CC=CC=C12)C(=O)N[C@@H](CCCCN)C(=O)N[C@@H](CCCCN)C(=O)N[C@@H](CC1=CNC2=CC=CC=C12)C(=O)N[C@@H](C(C1=CC=CC=C1)C1=CC=CC=C1)C(=O)N[C@@H](CCCCN)C(N)=O
10731,CCCCC1OC(=O)C2=C1C=CC=C2
10732,COC(=O)[C@@H](N)CCCNC(=N)N[N+]([O-])=O
10733,OC(CC(O)=O)C(O)=O
10734,CC(C)(CC1=CNC2=CC=CC=C12)NCC(O)COC1=CC=CC=C1C#N
10735,OCC1OC(CS1)N1C=C(F)C(=N)N=C1O
10736,[I-]
10737,[H]OC[C@H](NC(=O)[C@H](CC1=CN([H])C2=C1C=CC=C2)NC(=O)[C@H](CC1=CN=CN1)NC(=O)[C@@H]1CCC(=O)N1)C(=O)N[C@@H](CC1=CC=C(O[H])C=C1)C(=O)N[C@H](CCCCNC(=O)CCCC(=O)OCC(=O)[C@@]1(O)C[C@H](O[C@@]2([H])C[C@H](N)[C@H](O)[C@H](C)O2)C2=C(O)C3=C(C(O)=C2C1)C(=O)C1=CC=CC(OC)=C1C3=O)C(=O)N[C@@H](CC(C)C)C(=O)N[C@@H](CCCNC(N)=N)C(=O)N1CCC[C@H]1C(=O)NCC(N)=O
10738,CCS(=O)(=O)C1=CC=CC(=C1)C1=CC(C(=O)NC2CCN(C)CC2)=C(C)C2=C1C1=C(N2)N=CC(C)=C1
10739,CC1=C(CC[C@@H]2CNC3=C(C2)C(=O)NC(N)=N3)SC(=C1)C(=O)N[C@@H](CCC(O)=O)C(O)=O
10740,C[C@H](C#CC1=CC=C(CC2=CC=C(F)C=C2)S1)N(O)C(N)=O
10741,
10742,CC(C)(C)C1=NN=C(O1)[C@H]1O[C@H]([C@H](O)[C@@H]1O)N1C=NC2=C(NC3=CC=C(Cl)C=C3F)N=CN=C12
10743,COC1=CC(=CC(OC)=C1OC)C(=O)C(=O)N(C)[C@@H](CC1=CC=C(Cl)C=C1)C(=O)N(CC1=CC=CC=C1)C(CCC1=CC=NC=C1)CCC1=CC=NC=C1
10744,CCOC(=O)[C@H](C)NP(=O)(COCCN1C=NC2=C(NC3CC3)N=C(N)N=C12)N[C@@H](C)C(=O)OCC
10745,C[C@H](N)C1=CC=C(C=C1)[C@H](O)CNC(C)(C)C
10746,ClC1=CC=C(C=C1)C12CC3CC(CC(C3)(C1)C(=O)NCC1=CC=NC=C1)C2
10747,CN=C=O
10748,CC1=C(O)C2=C(C=N1)C(OC2)C1=CC=C(Cl)C=C1
10749,OC[C@@H](O[C@@H]1O[C@H](CO)[C@H](O)[C@H](O)[C@H]1O)[C@H](O)[C@@H](O)C=O
10750,
10751,NC1=NC(=O)C2=C(NC[C@H](CCC3=CC=C(C=C3)C(=O)N[C@@H](CCC(O)=O)C(O)=O)C2)N1
10752,O=C(CS(=O)CC1=CC=CO1)NC\C=C/COC1=NC=CC(CN2CCCCC2)=C1
10753,OCCC1=CC=C(O)C(O)=C1
10754,
10755,COC1=CC=C(C=C1CO)C1=CC=C2C(=N1)N=C(N=C2N1CCOC[C@@H]1C)N1CCOC[C@@H]1C
10756,
10757,CNC1=NC(C2=CC=CC(NC(=O)C3=CC=C(C=C3)C(=O)OC)=C2)=C2C=C(OC)C(OC)=CC2=N1
10758,C[C@H]([C@H]1C(=O)N[C@H](C(=O)N(CCCC(=O)NCCCC(=O)N[C@H](C(=O)N[C@H](C(=O)N[C@@H](C(=O)N[C@H](C(=O)N1)CCCCN)CC2=CNC3=CC=CC=C32)CC4=CNC5=CC=CC=C54)CC6=CC=CC=C6)CC(=O)N)CC7=CC=CC=C7)O
10759,[H][C@@](CC1CCCCC1)(O[C@H]1[C@@H](O)[C@@H](CO)O[C@@H](O[C@@H]2C[C@@H](C[C@H](NC(=O)C3=CC(=O)NC(=O)N3)[C@H]2O[C@@H]2O[C@@H](C)[C@@H](O)[C@@H](O)[C@@H]2O)C(=O)NCCNC(=O)COCCOCC(=O)NC2=C3C(=CC(=C2)S(O)(=O)=O)C=C(C=C3S(O)(=O)=O)S(O)(=O)=O)[C@@H]1OC(=O)C1=CC=CC=C1)C(O)=O
10760,OC1=CC=C(CC2NCCC3=C2C=C(O)C(O)=C3)C=C1
10761,ClC(Cl)C(=O)N1CCCC2=CC(OC(=O)C3=CC=CO3)=CC=C12
10762,CN1C(COC2=CC=C(CC3SC(=O)NC3=O)C=C2)=NC2=CC=CC=C2C1=O
10763,O[C@]1(C[C@@H]2CC[C@H](C1)N2C(C1=CC=CC=C1Cl)C1=CC=CC=C1Cl)C1=NC=CC=N1
10764,NC(CO)C(=O)NNCC1=C(O)C(O)=C(O)C=C1
10765,C[C@H](NC1=CC(=CC(NC2=CN=CC=N2)=N1)C1=CN(C)N=C1)C1=CC=C(F)C=C1
10766,CC(C)OC1=CC=C(C=C1)C1=NC2=C(OC3=C2C=CC=C3)C(O[C@@H]2C[C@@H]3N(C2)C(=O)[C@H](CCCCC\C=C/[C@@H]2C[C@]2(NC3=O)C(=O)NS(=O)(=O)C2(C)CC2)NC(=O)OC2CCCC2)=N1
10767,
10768,CC[C@]1(O)CC[C@H]2[C@@H]3CCC4=CC(=O)CC[C@@H]4[C@H]3CC[C@]12C
10769,
10770,[H]\C(CCCC(O)=O)=C(/[H])C[C@@]1([H])[C@@]([H])(O)C[C@@]([H])(O)[C@]1([H])C(\[H])=C(/[H])[C@@]([H])(O)CCCCC
10771,[H][C@]1(OC(=C[C@H](NC(N)=N)[C@H]1NC(C)=O)C(O)=O)[C@H](OC)[C@H](O)CO
10772,ClC1=CC=C(C=C1)C1=C(NC(=O)C2=C(Cl)N=CC=C2)C=CC=C1
10773,OP(O)(=O)OC1=CC=CC=C1
10774,C1=CC=C(C=C1)C1=CC=C(C=C1)C1=CC=C(C=C1)C1=CC=CC=C1
10775,C[C@H](NC(=O)[C@H](CCC(O)=O)NC(=O)CCCC[C@@H]1CCSS1)C(O)=O
10776,FC1=C(N2CCC(=O)C=C2)C(F)=C(F)C(=C1)N1C[C@H](CNC2=NOC=C2)OC1=O
10777,
10778,COC1=CC(N)=C(Cl)C=C1C(=O)NCC1CCN(CC[C@H](OC(N)=O)C2=CC=C(F)C=C2)CC1
10779,COC(=O)C1=CN=C2N1CCC1=CC=CC=C1C2=C1CCN(CCC2=CC=C(OCC3=CC=C4C=CC=CC4=N3)C=C2)CC1
10780,CS(=O)(=O)NC1=CC=C(C=C1OCC1CC1)C(=O)O[C@@H](CC1=C(Cl)C=[N+]([O-])C=C1Cl)C1=CC=C(OC(F)F)C(OCC2CC2)=C1
10781,COC1=CC(=CC(OC)=C1OC)[C@H]1[C@H]2[C@H](COC2=O)[C@@H](O)C2=CC3=C(OCO3)C=C12
10782,CC(C)NCC(O)C1=CC=C(Cl)C(Cl)=C1
10783,NC1=CC=C2N=C3N(CC2=C1)C(=O)C1=CC=CC=C31
10784,ClC1=CC=C(S1)S(=O)(=O)NC1=C(C=C(Cl)C=C1)C(=O)NC1=CC=C(C=C1)S(=O)(=O)N1CCOCC1
10785,ClC1=CC=C(CC2=NN(C[C@H]3CCCN3CCCCC3=CC=C(OCCCN4CCCCCC4)C=C3)C(=O)C3=CC=CC=C23)C=C1
10786,
10787,CC(C)(C)C1=CC(=CC=C1N1CCCC1)C1=CC(=CC=C1OCCO)C1=CC=C(C=C1)C(O)=O
10788,CC(N)C(=O)C1=CC=C2OCOC2=C1
10789,OB1OCC2=CC(Cl)=CC=C12
10790,COC1=CC=C(COC2=C(OC)C=C3C(OC(=O)C4=CC(=CC=C34)C(C)O)=C2)C=C1
10791,[223Ra]
10792,[H][C@]12N(C)CC[C@@]1(C)C1=C(C=CC(OC(=O)NC3=CC=CC=C3)=C1)N2C
10793,
10794,CC(C)C1(O)CCC(C)=CC1
10795,[H][C@]12[C@H](C)O[C@H](C)CN1C1=C(CC22C(=O)NC(=O)NC2=O)C=C2C(ON=C2N2[C@@H](C)COC2=O)=C1F
10796,COC1=CC(O)=C2C(=O)OC(=CC2=C1)C(C)C(O)=O
10797,CCC(CC)[C@@H](CO)NS(=O)(=O)C1=CC=C(Cl)S1
10798,
10799,FC(F)(F)C(F)(F)C(F)(F)C(F)(F)F
10800,
10801,CC(OC(=O)C1=CC=C(CC2=C(O)C3=CC=CC=C3OC2=O)C=C1)(C(F)(F)F)C(F)(F)F
10802,
10803,[H][C@@]12C(=O)CC[C@]11CCC(C)[C@@]2(C)[C@@H](C[C@@](C)(C=C)[C@@H](O)[C@@H]1C)OC(=O)CS[C@@H]1CC[C@@H](N)C[C@H]1O
10804,
10805,CN1C=C(C[C@@H](N)C(O)=O)C2=CC=CC=C12
10806,CC(=O)NC1=CC=C(\C=N\NC(N)=S)C=C1
10807,CN(C)[C@]1(CC[C@@]2(CC1)OCCC1=C2NC2=CC=C(F)C=C12)C1=CC=CC=C1
10807,CN(C)[C@]1(CC[C@@]2(CC1)OCCC1=C2NC2=CC=C(F)C=C12)C1=CC=CC=C1
10808,CCOC(=O)C1=CC=C(OC(=O)CCCCCNC(N)=N)C=C1
10809,[H][C@@]12CC[C@](O)(C(=O)COC(=O)CCCC3=CC=C(C=C3)N(CCCl)CCCl)[C@@]1(C)C[C@]([H])(O)[C@@]1([H])[C@@]2([H])CCC2=CC(=O)C=C[C@]12C
10810,[H][C@]12CC[C@]([H])(C1)[C@]1([H])C(=O)N(CCCCN3CCN(CC3)C3=NC=CC=N3)C(=O)[C@]21[H]
10811,CC(O)CN1C(C)=NC=C1N(=O)=O
10812,
10813,CCC1=NC2=C(C)N=C(C)C=C2N1C1=CC=C(CCNC(=O)NS(=O)(=O)C2=CC=C(C)C=C2)C=C1
10814,CC1=CC(C(=O)N[C@H]2CC[C@H](CC2)NC(=O)C2=C(OC3=CC(F)=C(F)C=C3)N=CC(F)=C2)=C(O)C=C1
10815,ClC1=CC=C(SC2=C(Cl)C=C(Cl)C(Cl)=C2)C=C1
10816,COCCOCCCCCC(=O)NCCCC[C@@H](C(=O)O)N
10817,CC1CCC2=C(C1)C1=C(OC2(C)C)C=C(C)C=C1OC(C)=O
10818,
10819,CC[C@@]1(C2=C(COC1=O)C(=C)N3CC4=CC5=CC=CC=C5N=C4C3=C2)OC(=O)[C@H](C)NC(=O)COCCOCC(=O)N[C@@H](C)C(=O)O[C@]6(C7=C(COC6=O)C(=O)N8CC9=CC1=CC=CC=C1N=C9C8=C7)CC
10820,CO[C@H]1C[C@H](O[C@H]2CC[C@@]3(C)[C@H](CC[C@@H]4[C@@H]3CC[C@]3(C)[C@H]([C@H](C[C@]43O)OC(C)=O)C3=CC(=O)OC3)C2)O[C@@H](C)[C@@H]1O
10821,
10822,
10823,CN1C2=C(N(CCCNCC(O)C3=CC(O)=CC(O)=C3)C=N2)C(=O)N(C)C1=O
10824,ONC(=O)CCCCCCC(=O)NC1=CN=CC=C1
10825,OCCN1C=C(C=N1)C1=CN=C2N=NN(CC3=CC4=CC=CN=C4C=C3)C2=N1
10826,
10827,CCCC1=C(OCCCOC2=CC(O)=C(C=C2CC)C2=CC=C(F)C=C2)C=CC=C1OC1=CC=CC=C1C(O)=O
10828,CC1=CN(C(=O)NC1=O)C2CC(C(O2)COP(=S)(O)OC3C4C(OC3(CO4)COP(=S)(O)OC5CC(OC5COP(=S)(O)OC6C7C(OC6(CO7)CO)N8C=CC(=NC8=O)N)N9C=CC(=NC9=O)N)N1C=NC2=C(N=CN=C21)N)OP(=S)(O)OCC1C(CC(O1)N1C=C(C(=O)NC1=O)C)OP(=S)(O)OCC12COC(C1OP(=S)(O)OCC13COC(C1OP(=S)(O)OCC1C(CC(O1)N1C=CC(=NC1=O)N)OP(=S)(O)OCC1C(CC(O1)N1C=NC4=C(N=CN=C41)N)OP(=S)(O)OCC14COC(C1OP(=S)(O)OCC1C(CC(O1)N1C=NC5=C(N=CN=C51)N)OP(=S)(O)OCC15COC(C1OP(=S)(O)OCC1C(CC(O1)N1C=C(C(=O)NC1=O)C)OP(=S)(O)OCC16COC(C1OP(=S)(O)OCC17COC(C1O)C(O7)N1C=CC(=NC1=O)N)C(O6)N1C=CC(=NC1=O)N)C(O5)N1C=CC(=NC1=O)N)C(O4)N1C=CC(=NC1=O)N)C(O3)N1C=C(C(=O)NC1=O)C)C(O2)N1C=NC2=C1N=C(NC2=O)N
10829,OC(=O)CC[C@H]1CC[C@@](CC1)(C1=C(F)C=CC(F)=C1)S(=O)(=O)C1=CC=C(Cl)C=C1
10830,COC1=CC(N)=C(Cl)C=C1C(=O)NCC1CCN(CCCN2C=CN=N2)CC1
10831,COC(=O)NC1=NC2=CC(=CC=C2N1)C1(O)N(C(=O)C2=CC=CC=C12)C1=CC(Cl)=CC=C1C
10832,NC1=NC(=O)N(C=C1)[C@H]1CO[C@@H](CO)S1
10833,OC(=O)C1CSCN1
10834,C[C@@H]1CN(CCN1C1=CN=C(C=N1)C(C)(C)O)C1=NN=C(CC2=CC=CC=C2)C(C)=C1C
10835,CC(C)(CC1=CC=C(OC2=CC=C(C=N2)C(N)=O)C=C1)NC[C@H](O)COC1=CC=CC2=C1C1=C(N2)C=CC=C1
10836,[Ta]
10837,[Ac]
10838,CC1=CC(=C(C=C1C(=O)NC(N)=N)S(C)(=O)=O)S(C)(=O)=O
10839,
10840,CC(C)(C)C(=O)OC1=CC=C(C=C1)S(=O)(=O)NC1=CC=CC=C1C(=O)NCC(O)=O
10841,NC1=NC(NC2=CC=C(C=C2)[As]2SCC(CO)S2)=NC(N)=N1
10842,C[C@@H](NC(=O)[C@@H](CCCNC(N)=N)NC(=O)[C@@H](CCCNC(N)=N)NC(=O)[C@@H](CCCNC(N)=N)NC(=O)[C@@H](C)NC(=O)[C@@H](CSSC[C@H](N)C(O)=O)NC(C)=O)C(=O)N[C@H](CCCNC(N)=N)C(N)=O
10843,OC(=O)C[C@H]1CC[C@@H](CC1)C1=CC=C(C=C1)C1=NC=C(NC2=CN=C(C=C2)C(F)(F)F)C=C1
10844,OC1=NC2=CC=CC=C2N1C1CCN(CCCC(=O)C2=CC=C(F)C=C2)CC1
10845,CN(C)CCCNC1=NC=C(C)C2=C1C1=C(N2)C=CC2=CC(O)=CC=C12
10846,OC(CN1CCC(CC2=CC=C(F)C=C2)CC1)C1=CC=C(Cl)C=C1
10847,CCCCS(=N)(=O)CCC(N)C(O)=O
10848,
10849,
10850,O[C@@H]([C@@H](O)[C@H]1CO1)[C@@H]1CO1
10851,CC(C)(C)C1=CC(NC(=O)NC2=CC=C(C=C2)C2=CN3C(SC4=C3C=CC(OCCN3CCOCC3)=C4)=N2)=NO1
10852,CC(C)(O)C1=CC=CC=C1C1=CC=C2N=C(NC2=C1)\C=C\C1=CC=C(C=C1)C(F)(F)F
10853,COC1=C(Cl)C2=NC(=CC(O[C@@H]3C[C@@H]4N(C3)C(=O)[C@H](CCCCCCC[C@@H]3C[C@]3(NC4=O)P(O)(=O)CC3=C(F)C=CC=C3F)NC(=O)OC3CCCC3)=C2C=C1)C1=CSC(NC(C)C)=N1
10854,O=C1NC2=C(C=CC=C2)N1CCCN1CCN(CC1)C(C1=CC=CC=C1)C1=CC=CC=C1
10855,N[C@@H](CC(=O)C1=C(N)C=C(Cl)C=C1)C(O)=O
10856,CN(CC#C)CC1=CC2=CC=CC=C2OC2=CC=CC=C12
10857,
10858,OCC1=CNC2=CC=CC=C12
10859,COC1=CC=C(\C=C/C2=CC(OC)=C(OC)C(OC)=C2)C=C1NC(=O)[C@@H](N)CO
10860,C1CN(CCN1)C1=C2OCCOC2=CC=C1
10861,CN1N=C(CO)N=C1NCCCOC1=CC=CC(CN2CCCCC2)=C1
10862,CNC(=O)[C@H]1O[C@H]([C@H](O)[C@@H]1O)N1C=NC2=C(NCC3=CC=CC(I)=C3)N=C(Cl)N=C12
10863,FC1=CC(=CC(F)=C1CNC1CC2=CC=CC=C2C1)C1=CC=CC(=C1)C1=NNC=N1
10864,CCN(C1CCOCC1)C1=C(C)C(=CC(=C1)C1=CC=C(CN2CCOCC2)C=C1)C(=O)NCC1=C(C)C=C(C)NC1=O
10865,CCS(=O)(=O)C1=CC=C2OC(=NC2=C1)C1=CC=C2C=CC=CC2=C1
10866,CC(C)(C)S(=O)(=O)N[C@H]1CC[C@@H](CC1)C(=O)NC1=NC=C(C=C1)C(F)(F)F
10867,OC1=C(O)C=C2[C@H]3[C@H](CCC2=C1)NCC1=CC=CC=C31
10868,
10869,CN1C=C(NC(=O)C2=CC(NC(=O)C3=CC=C(\C=C\C4=CN=C5C=CC=CC5=C4)C=C3)=CN2C)C=C1C(=O)NCCN1CCOCC1
10870,CCC1=C2CN3C(=CC4=C(C3=O)COC(=O)[C@@]4(CC)OC(=O)OCC5=CC=C(C=C5)NC(=O)[C@H](CCCCN)NC(=O)COCC(=O)NCCOCCOCCOCCOCCOCCOCCOCCOCCN6C=C(N=N6)CNC(=O)C7CCC(CC7)CN8C(=O)CC(C8=O)SC[C@@H](C(=O)O)N)C2=NC9=C1C=C(C=C9)O
10871,OC[C@H]1O[C@H](C[C@@H]1F)N1C=C(Cl)C(=O)NC1=O
10872,OC[C@H]1O[C@@H](S[C@@H]2O[C@H](CO)[C@H](O)[C@@H]([C@H]2O)N2C=C(N=N2)C2=CC=CC(F)=C2)[C@H](O)[C@H]([C@H]1O)N1C=C(N=N1)C1=CC(F)=CC=C1
10873,CCOC1=C2N=CN([C@@H]3O[C@@H]4CO[P@@](=O)(OC(C)C)O[C@H]4[C@@]3(C)F)C2=NC(N)=N1
10874,CC1=CC=C(CC2=CC3=C(N=CN([C@H]4CCCC[C@@H]4O)C3=O)C3=CC=CC=C23)C=N1
10875,
10876,C1CN(CCN1C1=NC=CC=N1)C1=C(C=C(N=N1)C1=CC=CC=C1)C1=CC=NC=C1
10877,C[C@@H]1CCCN1CCCOC1=CC=C(C=C1)C1=NNC(=O)C=C1
10878,NC1=NC(=O)N(C=C1I)[C@@H]1O[C@H](CO)[C@@H](O)[C@@H]1F
10879,ClCCN(CCCl)P1(=O)OCCCN1CCCl
10880,CC1=NC2=CC=C(C=C2N1)N1N=CC(C(=O)C2=CC3=CC=CC=C3N2)=C1N
10881,FC(F)C1=NC2=CC=CC=C2N1C1=NC(=NC(=N1)N1CCOCC1)N1CCOCC1
10882,[153Sm]
10883,CCCC(CCC)C(=O)NC1=NC(=O)N(C=C1)[C@@H]1O[C@H](CO)[C@@H](O)C1(F)F
10884,[H][C@@](O)(CO)[C@@]([H])(O)[C@]([H])(O)[C@]([H])(O)C=O
10885,
10886,
10887,COC1=CC=C(N2CCC3=C2N=C(C)C=C3N2C=CC(=N2)N2CCNC2=O)C(C)=C1
10888,CCCCOCCOC(=O)C1=CN=CC=C1
10889,CC1=CC=C2N=C(N)NC(=O)C2=C1SC1=CC=NC=C1
10890,CC(C)C1=CC(OC2=C(Cl)C=C(C=C2Cl)N2N=C(C#N)C(=O)NC2=O)=NNC1=O
10891,
10892,O[C@@H](CBr)[C@@H](O)[C@@H](O)[C@H](O)CBr
10893,
10894,NC1=C(C(=O)C2=CC=C(Cl)C=C2)C2=C(CCCC2)S1
10895,[H][C@]1(CCC2=NC3=C(N2)C=C(C=C3)C(C)(C)C)C[C@]([H])(C1)N(C[C@@]1([H])O[C@@]([H])(N2C=NC3=C(N)N=CN=C23)[C@]([H])(O)[C@]1([H])O)C(C)C
10896,NC1=CC=C(C=C1)S(=O)(=O)NC1=NC2=CC=CC(Cl)=C2N=C1
10897,COC1=CC(=CC(OC)=C1OC)C(CCCN(C)CCC1=CC(OC)=C(OC)C=C1)(C#N)C(C)C
10898,CNC1=NC=C(C=C1C)C1=CC=C2C(=O)C(=CN(C3CC3)C2=C1C)C(O)=O
10899,COC1=CC(=CC(Br)=C1OC)[C@@H]1C2=CC=C(N)C(N)=C2OC(N)=C1C#N
10900,C[C@H](NCCN1C=NC2=C1C(=O)N(C)C(=O)N2C)[C@H](O)C1=CC=CC=C1
10901,CN1C2=C(N(CCNCC(O)C3=CC(O)=C(O)C=C3)C=N2)C(=O)N(C)C1=O
10902,COCCCC(=O)NCC1=CC=C(C=C1)C(F)(F)F
10903,FC1=CC=C(OC2=CC=C(C=N2)C(=O)N2CCCN(CC2)C2CCC2)C=C1
10904,OCCN1CCN(CCCN2C3=CC=CC=C3C=CC3=CC=CC=C23)CC1
10905,CN1CC(=O)N=C1NC(=O)NC1=CC=CC(Cl)=C1
10906,CC[C@H](C)[C@H]1C(=O)N[C@H](C(=O)N[C@H](C(=O)N[C@@H](CSCCCC(=O)N[C@H](C(=O)N1)CC2=CC=C(C=C2)O)C(=O)N(CC3=CC=C(C=C3)F)CC(=O)N[C@@H](CC(C)C)C(=O)NCC(=O)N)CC(=O)N)CCC(=O)N
10907,OCCONC(=O)C1=CC(CN2OCCCC2=O)=C(F)C(F)=C1NC1=CC=C(I)C=C1F
10908,CCOC(=O)C(COC(=O)CC1=CC=C(NC(=O)C2=CC=CC=C2C2=CC=C(C=C2)C(F)(F)F)C(=C1)C(=O)N(C)C)(C(=O)OCC)C1=CC=CC=C1
10909,CCOC(=O)OC[C@H]1O[C@@H](OC2=NN(C(C)C)C(C)=C2CC2=CC=C(OC(C)C)C=C2)[C@H](O)[C@@H](O)[C@@H]1O
10910,OC1=CC(O)=C2C(=O)C(O)=C(OC2=C1)C1=CC(OP(O)(O)=O)=C(O)C=C1
10911,[H]C1=NOC(=C1C(=O)C1=C(C([H])=C(C([H])=C1[H])C(F)(F)F)S(=O)(=O)C([H])([H])[H])C1([H])C([H])([H])C1([H])[H]
10912,C[C@@H]([C@H](N)C(=O)N[C@@H]([C@H]1O[C@H]([C@H](O)[C@@H]1O)N1C=CC(=O)NC1=O)C(O)=O)[C@H](O)C1=CC=C(O)C=N1
10913,[3He]
10914,C[C@@H](CN1C=CC(=N1)C1=CC=C(C#N)C(Cl)=C1)NC(=O)C1=NNC(=C1)C(C)O
10915,OC[C@H](O)[C@@H](O)[C@H](O[C@@H]1O[C@H](CO)[C@H](O)[C@H](O)[C@H]1O)[C@H](O)CO
10916,
10917,OC1=CC(O)=CC(O)=C1
10918,NNC1=C2C=CC=CC2=C(NN)N=N1
10919,CCCN1C2=C(N=C(N2)C2CCCC2)C(=O)N(CCC)C1=O
10920,C[C@H]1O[C@H]([C@H](O)[C@@H]1O)N1C=C(F)C(=O)NC1=O
10921,ONC(=O)C1=CC(O)=C(O)C=C1
10922,CC1(C)C(=O)N(C(=O)NCC2CCN(CC3(O)CCOCC3)CC2)C2=CC(F)=CC=C12
10923,
10924,CC(C)(C)C(=O)NCCCC(O)=O
10925,C[C@H]1C[C@H]2[C@@H]3CC[C@](O)(C(=O)CO)[C@@]3(C)CC(=O)[C@@H]2[C@@]2(C)C=CC(=O)C=C12
10926,CC[C@H](C)[C@@H](C(=O)N[C@@H]([C@@H](C)CC)C(=O)N[C@@H](CC1=CNC2=CC=CC=C21)C(=O)N[C@@H](C)C(=O)N[C@@H](CCSC)C(=O)N[C@@H](CCSC)C(=O)N[C@@H](CCC(=O)N)C(=O)N[C@@H](CC(=O)N)C(=O)O)NC(=O)[C@H](CO)NC(=O)[C@H](C)NC(=O)[C@H](CC(=O)O)NC(=O)[C@H](CC(C)C)NC(=O)[C@H](CO)NC(=O)[C@H]([C@@H](C)O)N
10927,O=C1NOCC1\N=C\C1=CC=C(\C=N\C2CONC2=O)C=C1
10928,COC1=CC=C(NC(=O)[C@H](CCCCN)NC(=O)C2=CC(NC(=O)[C@H](CCCCN)NC(=O)C3=CC(NC(=O)[C@H](CCCCN)NC(=O)C4=CC(NC(=O)[C@@H](N)CCCCN)=CC=C4OC)=CC=C3OC)=CC=C2OC)C=C1C(N)=O
10929,
10930,NC1=NC(=O)N(C=C1F)[C@H]1C[C@H](O)[C@@H](CO)O1
10931,CN(C)CCCN1C2=CC=CC=C2SC2=C1N=CC=C2
10932,OC1=C(Br)C=C(C=C1Br)C1=NOC(=N1)C(=O)NCC1=CC=C(OC2=CC=CC=C2)C=C1
10933,CCO[C@@H]1CC2=CC(=CC=C2[C@H]1N1CCN(C[C@@H]1C)C1(C)CCN(CC1)C(=O)C1=C(C)N=CN=C1C)C(F)(F)F
10934,CCCCC\C=C/C[C@@H](O)\C=C\C=C\C=C/[C@@H](O)CCCC(O)=O
10935,NC(=O)C1=C(NC(=O)NCCCCN2CCCC2)SN=C1OCC1=C(F)C=C(Br)C=C1F
10936,COC1=CC(=CC=C1Cl)N1CCN(CC1)C(=O)CN1N=C(C2=NC=CN2)C2=CC=CN=C12
10937,C(N1C2=CC=CC=C2N=C1N1CCNCC1)C1=CC=CC=C1
10938,[Ag]
10939,CN1CCC(CC1)NC1=NC=C2N=CN=C(NC3=CC=C(F)C(Cl)=C3)C2=N1
10940,C\C(\C=N\N=C(N)N)=N/N=C(N)N
10941,O[C@H]1CCC[C@@H](O)[C@@H]1NC(=O)N(CCCl)N=O
10942,CO[C@@H]1[C@@H](O)[C@@H](O)[C@H](O)[C@H](O)[C@H]1O
10943,OC[C@H](O)[C@H](O)[C@@H](O)[C@H](O)C=O
10944,CCCCCCCCN1CCC2=C1C(NC(=O)C(C)(C)C)=C(C)C(CC(O)=O)=C2C
10945,[H][C@@]12CC[C@H](C(C)=O)[C@@]1(C)CC[C@@]1([H])[C@@]2([H])CC[C@@]2([H])C[C@@H](O)CC[C@]12C
10946,C[C@@H](O[C@H]1CC[C@@H]2CN(C[C@H]2[C@@H]1C1=CC=C(F)C=C1)C1=CC(=O)CC1)C1=CC(=CC(=C1)C(F)(F)F)C(F)(F)F
10947,C[C@@H](O)[C@@H](C)OC1=C(C=NC(NC2=CC=C(C=C2)[S@](=N)(=O)C2CC2)=N1)C(F)(F)F
10948,COC1=NC2=C(NC3=CC(CN4CCCC4)=C(O)C(CN4CCCC4)=C3)C3=CC=C(Cl)C=C3N=C2C=C1
10949,
10950,CCCCC[C@H](O)C1=CC=C(C=C1)N1[C@@H](COCC2=CC=C(S2)C(=O)OC(C)C)CCC1=O
10951,FC(F)(F)C1=CC=C(CNC2=NC=C(CC3=CNC4=NC=C(Cl)C=C34)C=C2)C=N1
10952,NCC1=CNC(=S)N1[C@H]1CCC2=C(C1)C=C(F)C=C2F
10953,ClC1=CC=C(OCCCCCCN\C(NC#N)=N\C2=CC=NC=C2)C=C1
10954,CC[C@@H](C)NC1=C(C=C(C)C(=C1)C(=O)N[C@@H]1C[C@@H]2CC[C@H](C1)N2C1=CC=C(C=N1)C(=O)C1CC1)C(N)=O
10955,[Si]
10956,N1C2=C3C=CC=CC3=C1\N=C1/N=C(/N=C3\N=C(NC4=N\C(=N/2)C2=CC=CC=C42)C2=CC=CC=C32)C2=CC=CC=C12
10957,CC(=O)O[C@@H]1C2=C(C)[C@H](C[C@@](O)([C@@H](OC(=O)C3=CC=CC=C3)[C@H]3[C@]4(C[C@H]4C[C@H]4OC[C@@]34OC(C)=O)C1=O)C2(C)C)OC(=O)[C@H](O)[C@@H](NC(=O)OC(C)(C)C)C1=CC=CC=C1
10958,CN1C=C(CNCC2CCN(CC2)C2=NC=C(C=N2)C(=O)NO)C2=CC=CC=C12
10959,CC(C)N1C(C)=NC2=C(N=C(N=C12)N1CCOCC1)C1=CN=C(N)N=C1
10960,COC1=C(Cl)C(OC)=C(Cl)C(=N1)C(Cl)(Cl)Cl
10961,CC1=CC=C(CN2N=C(CCCC3=CC=C(OC(C)(C)C(O)=O)C=C3)NC2=O)C=C1
10962,[H][C@@]12N=C(N)N[C@]11N(CCC1(O)O)C(=N)N(O)[C@H]2COC(N)=O
10963,CC\C=C/C\C=C/C\C=C/C\C=C/C\C=C/CCCCOC(CC)C(O)=O
10964,NCCCNCCCCNC(=O)[C@H](O)NC(=O)CCCCCCNC(N)=N
10965,[H][C@]1(O[C@H]2[C@@H](O)[C@H](O)[C@H](CO)O[C@H]2O[C@H]([C@H](NC(=O)C2=NC(=NC(N)=C2C)[C@H](CC(N)=O)NC[C@H](N)C(N)=O)C(=O)N[C@H](C)[C@@H](O)[C@H](C)C(=O)N[C@@H]([C@@H](C)O)C(=O)NCCC2=NC(=CS2)C2=NC(=CS2)C(=O)NCCCNCCCCNCCCN)C2=CN=CN2)O[C@H](CO)[C@@H](O)[C@H](OC(N)=O)[C@@H]1O
10966,[Bk]
10967,OC(=O)CC[C@H](NC(=O)N[C@@H](CCCCNC(=O)NC1=CC=C([123I])C=C1)C(O)=O)C(O)=O
10968,C[C@@H]1O[C@@H](O[C@@H]2[C@@H](O)[C@H](OCCC3=CC(O)=C(O)C=C3)O[C@H](CO)[C@H]2OC(=O)\C=C\C2=CC(O)=C(O)C=C2)[C@H](O)[C@H](O)[C@H]1O
10969,NC(=N)NCCCCC(=O)NC1=CC(=CC(NC(=O)C2=CC(=NC=N2)C(=O)NC2=C(O[C@@H]3CCNC3)C(NC(=O)CCCCNC(N)=N)=CC(=C2)C(F)(F)F)=C1O[C@@H]1CCNC1)C(F)(F)F
10970,O=C1CCC2=CC=C(OCCCCN3CCN(CC3)C3=CC=CC4=CC=CC=C34)N=C2N1
10971,ClC1=CC(OC2=C3C=NN(CC4=NNC5=NC=CC=C45)C3=CC=C2Cl)=CC(=C1)C#N
10972,NC(=N)C1=CC=C2N=C(NC2=C1)C1=CC(CC(=O)N[C@@H](CC(O)=O)C(O)=O)=CC(=C1O)C1=CC(=CC=C1O)S(N)(=O)=O
10973,CCOC(=O)C1=C(N)SC2=C1CCN(CC1=CC=CC=C1)C2
10974,CCOC1=C(NC(=O)\C=C\CN(C)C)C=C2C(NC3=CC=C(OCC4=CC=CC(F)=C4)C(Cl)=C3)=C(C=NC2=C1)C#N
10975,C[C@@H]1C[C@H]2[C@@H]3C=C(C)C4=CC5=C(C[C@]4(C)[C@H]3[C@@H](O)C[C@]2(C)[C@@]1(O)C(=O)COC(C)=O)C=NN5C1=CC=CC=C1
10976,COC(=O)N1CC[C@@H]2[C@H]1CCC[C@@]2(O)C#CC1=CC(C)=CC=C1
10977,CNC(=O)C1=CC(OC2=CC=C(NC(=O)NC3=CC(=NN3C3=CC4=CC=CN=C4C=C3)C(C)(C)C)C(F)=C2)=CC=N1
10978,CC(C)C[C@H](NC(=O)[C@H](C)NC(=O)[C@H](CCCNC(N)=N)NC(=O)[C@H](CCC(O)=O)NC(=O)[C@H](CC(C)C)NC(=O)[C@H](CCC(N)=O)NC(=O)[C@H](CCC(O)=O)NC(=O)[C@@H]1CCC(=O)N1)C(=O)N[C@@H](CC(N)=O)C(=O)N[C@@H](CO)C(=O)N[C@@H](CO)C(O)=O
10979,
10980,CC(C)(C)C1=CC(=CC=C1O)C(C)(C)C1=CC=C(O)C(=C1)C(C)(C)C
10981,COC(=O)NC1=NC2=CC=CC=C2N1
10982,NC(=N)SCCCC#N
10983,CCNCCCCNCCCCNCCCCNCC
10984,C[C@]12CC[C@@H]([C@@H](CN)[C@@H]1CCC2=C)[C@@]1(C)CC[C@H](O)C[C@@H]1CO
10985,CNC(=O)C[C@@H]1NC(=O)C2=CSC(=N2)C2=CC=C(N=C2C2=CSC(=N2)C2=CSC(=N2)[C@@H](NC(=O)CNC(=O)C2=C(COC)SC(=N2)[C@@H](NC(=O)C2=C(C)SC1=N2)C(C)C)[C@@H](O)C1=CC=CC=C1)C1=NC(=CS1)N(CCCCC(O)=O)C(=O)O[C@H]1CC[C@@H](CC1)C(O)=O
10986,CC1=C2C3=C(C)C=C(O)C4=C3C3=C5C2=C(C(O)=C1)C(=O)C1=C5C(=C(O)C=C1O)C1=C(O)C=C(O)C(C4=O)=C31
10987,CCCC1=C(OCC2=CC=C(C=C2)[C@H](O)C2=CC=CC(=C2)C(O)=O)C=CC(C(C)=O)=C1O
10988,CC1=CN2[C@@H](C1)C=NC3=CC(=C(C=C3C2=O)OC)OCCCCCOC4=C(C=C5C(=C4)N([C@H]([C@@H]6CC(=CN6C5=O)C)O)C(=O)OCC7=CC=C(C=C7)NC(=O)[C@H](C)NC(=O)[C@H](C(C)C)NC(=O)CCOCCOCCOCCOCCOCCOCCOCCOCCNC(=O)CCN8C(=O)C[C@H](C8=O)SC[C@@H](C(=O)O)N)OC
10989,O=C1CN2C(CCC2=O)N1
10990,CC1=C(NC2=C1C(=O)N(C[C@H](O)CN1CCOCC1)CCC2)\C=C1/C(=O)NC2=CC=C(F)C=C12
10991,CC1(C)SCCN([C@H]1C(=O)NO)S(=O)(=O)C1=CC=C(OCC#CCO)C=C1
10992,COC(=O)C1=CN=CN1[C@H](C)C1=CC=C(I)C=C1
10993,C[C@@H](OC1=CC=C2NN=C(\C=C\C3=CN(CCO)N=C3)C2=C1)C1=C(Cl)C=NC=C1Cl
10994,CO[C@H]1C[C@H](C)CC2=C(N)C(=O)C=C(NC(=O)\C(C)=C\C=C/[C@H](OC)[C@@H](OC(N)=O)\C(C)=C\[C@H](C)[C@H]1O)C2=O
10995,OC(=O)CN1N=NC(=N1)C1=CC(=NO1)N1CCC(CC1)OC1=C(Br)C=CC(F)=C1
10996,CCN(CC)CCNC(=O)C1=CC(=CC=C1OC)S(C)(=O)=O
10997,CC1=NC=C(N1CC(O)CCl)N(=O)=O
10998,OC(=O)C1=CC=C(COC2=CC=CC(O)=C2C=O)C=C1
10999,[H][C@](C)(O)[C@@]1([H])C(=O)N2C(C([O-])=O)=C(SC3CN4C=NC=[N+]4C3)[C@]([H])(C)[C@]12[H]
11000,[O-][N+]1=CC(=CC=C1)C#CC1=CC(=CC=C1)N1C=C(C(=O)NC2CC2)C(=O)C2=CC=CN=C12
11001,OC[C@H]1O[C@H]([C@@H](F)[C@@H]1O)N1C=CC(=O)NC1=O
11002,[Nb]
11003,CC1=NC(=CC(OCCCCCN2CCCCC2)=N1)C1=CC=C(F)C=C1
11004,
11005,CSCC[C@H](NC=O)C(=O)N[C@@H](CC(O)=O)C(=O)NCC(=O)N[C@@H](CS)C(=O)N[C@@H](CCC(O)=O)C(=O)N[C@@H](CC(C)C)C(O)=O
11006,CCNCC1=CN=CC(=C1C)C1=CC=C2NN=C(C3=NC4=C(F)C=C(F)C=C4N3)C2=C1
11007,[H][C@]1(CCC2=C(C1)C1=CC=CC=C1N2CCC(O)=O)NS(=O)(=O)C1=CC=C(F)C=C1
11008,
11009,CCCCCCCC\C=C/CCCCCCCC(=O)OCC(COC(=O)CCCCCCC\C=C/CCCCCCCC)OC(=O)CCCCCCC\C=C/CCCCCCCC
11010,CC1=C(OC(=O)C2=CC=C(N)C=C2)C(O)=C2C=CC=CC2=C1O
11011,CC1=CC(NC2=NN3C(CC4=CC=C(Cl)C=C4F)=C(C)N=C3C(CN3CCOCC3)=C2)=NN1
11012,COC(=O)N[C@@H](C(C)C)C(=O)N1[C@@H](C[C@@H]2CCCC[C@H]12)C1=NC2=CC=C(C=C2N1)C1=CC2=CC=C1CCC1=CC=C(CC2)C(=C1)C1=CC=C2N=C(NC2=C1)[C@@H]1C[C@@H]2CCCC[C@@H]2N1C(=O)[C@@H](NC(=O)OC)C(C)C
11013,O=C(CN1CCN(CC2=CC3=C(OCO3)C=C2)CC1)N1C2=CC=CC=C2SC2=CC=CC=C12
11014,CC(C)C1=C2C=C(C)C(=C(O)C2=C(C=O)C(O)=C1O)C1=C(O)C2=C(C=O)C(O)=C(O)C(C(C)C)=C2C=C1C
11015,
11016,NC1=C2N=C(Cl)N([C@@H]3O[C@@H]4COP(O)(=O)O[C@H]4[C@H]3O)C2=NC=N1
11017,[Sb+5]
11018,OC1=C(\C=N\NC(=O)CN2CCN(CC3=CC=CC=C3)CC2)C=CC=C1CC=C
11019,[Pt++].C[C@H]([O-])C([O-])=O.NC[C@@H]1CC[C@H]1CN
11020,C[C@@H]1C[C@H]2[C@@H]3CCC4=CC(=O)C=C[C@]4(C)C3=CC[C@]2(C)[C@H]1C(=O)CN1CCN(CC1)C1=CC(=NC(=N1)N1CCCC1)N1CCCC1
11021,CS(=O)(=O)N1CCC2=C(N=C(N=C12)N1CCOCC1)C1=CN=C(N)N=C1
11022,CCOC(=O)N1CCN(CC1)C(=O)[C@H](CC1=CC=CC(=C1)C(\N)=N/O)NS(=O)(=O)C1=C(C=C(C=C1C(C)C)C(C)C)C(C)C
11023,O[C@@H]1[C@@H](CC2=CC=CC=C2)COC2=CC(=CC=C12)C1=CC(=CC=C1C(O)=O)C(F)(F)F
11024,CC(=O)N1CCN(CC1)C1=CC=C(CN([C@@H](CC2=CC=CC=C2)C(=O)N2CCN(CC3=CC=C(C=C3)C#N)CC2)C(=O)\C=C\C2=CC=C(C=C2)C(C)(C)C)C=C1
11025,O[C@@](CN1C=NN=N1)(C1=CC=C(F)C=C1F)C(F)(F)C1=CC=C(C=N1)C1=CC=C(OCC(F)(F)F)C=C1
11026,NC1=NC(=NC(N)=N1)C1=C(Cl)C=CC(Cl)=C1
11027,
11028,CS(F)(=O)=O
11029,CC(=O)NCC(=O)N1[C@H]2CC[C@@H]1C1=C2C=CC(NC2=NC=C(C(NC3CCC3)=N2)C(F)(F)F)=C1
11030,CNC(=O)C1=CC=CC=C1NC1=C(Cl)C=NC(NC2=CC=C3C[C@H](CCCC3=C2OC)N2CCN(CCO)CC2)=N1
11031,OC(=O)C1=CC=C(NC2=NC=C3CN=C(C4=C(C=CC(Cl)=C4)C3=N2)C2=C(F)C=CC=C2F)C=C1
11032,CC1=C(O)C=CC2=C1OC[C@H]([C@H]2C1=CC=C(O)C=C1)C1=CC=C(O)C=C1
11033,C\C1=C/CC[C@@]2(C)O[C@H]2[C@H]2OC(=O)C(=C)[C@@H]2CC1
11034,C1CN=C(NC2=CC=CC3=C2CCCC3)N1
11035,C[C@]1(CCSC(N)=N1)C1=CC(=C(F)C=C1F)C1=CN=CN=C1
11036,ClC1=CC=CC(=C1)C(N1C=CN=C1)C1=CC=C2N=CNC2=C1
11037,C[C@@H](NC(=O)CNC(=O)[C@H]1C[C@H](O)CN1C(=O)[C@H]1CCCN1C(=O)[C@@H](CC1=CC=C(O)C=C1)NC(C)=O)C(=O)NCC(N)=O
11038,CC[C@H](C)[C@@H]1N(C)C(=O)CN(C)C(=O)[C@H](CC)NC(=O)[C@H]([C@H](O)[C@H](C)C\C=C\C)N(C)C(=O)[C@H](C(C)C)N(C)C(=O)[C@H](CC(C)C)N(C)C(=O)[C@H](CC(C)C)N(C)C(=O)[C@@H](C)NC(=O)[C@H](C)NC(=O)[C@H](CC(C)C)N(C)C(=O)[C@@H](NC1=O)C(C)C
11039,CC1=NC=C(CNC(=O)N(CCCl)N=O)C(N)=N1
11040,CCC1=C(N(N=C1C(=O)NN1CCCCC1)C1=CC=C(Cl)C=C1Cl)C1=CC=C(Br)C=C1
11041,CN(CCOP(O)(O)=O)C(N)=N
11042,CCNC(=O)NC1=CC=C(C=C1)C1=NC2=C(CCN(C2)C2COC2)C(=N1)N1CCOC[C@@H]1C
11043,
11044,CC(C)(N)C(=O)N[C@H](CC1=CNC2=CC=CC=C12)C(=O)N[C@H](CC1=CNC2=CC=CC=C12)NC=O
11045,[H]\C(CC\C(C)=C(/[H])CC\C(C)=C(/[H])CC\C(C)=C(/[H])CC\C(C)=C(/[H])CC\C(C)=C(/[H])CC1=C(C)C(=O)C2=CC=CC=C2C1=O)=C(\C)CCC=C(C)C
11046,[90Y]
11047,CN1CCN(C=N1)C1=CC=C(C=C1F)N1C[C@H](CO)OC1=O
11048,C[C@H]1\C=C/C\C(C)=C/C[C@H](OC(=O)C[C@H](O)C(C)(C)C(=O)[C@H](C)[C@H]1O)C(\C)=C\C1=NOC(C)=C1
11049,FC1=CC=C(C=C1)C(=O)CN1CCC(CN2CC3=CC=CC=C3C2=O)CC1
11050,CC1=CC=CC(C)=C1NC(=O)CN1CCCC1=O
11051,CCC(CC)C(N1C=NC=N1)C1=CC=C(NC2=NC3=CC=CC=C3S2)C=C1
11052,CC1=C(O)C(CO)=C(CSSCC2=C(CO)C(O)=C(C)N=C2)C=N1
11053,[H][C@@]12CC[C@@H](C)[C@]3([H])CC[C@]4(C)OO[C@@]13[C@]([H])(O[C@H](OC)[C@@H]2C)O4.CCCCN(CCCC)CC(O)C1=CC(Cl)=CC2=C1C1=CC=C(Cl)C=C1\C2=C\C1=CC=C(Cl)C=C1.CCCCN(CCCC)CC(O)C1=CC(Cl)=CC2=C1C1=CC=C(Cl)C=C1\C2=C\C1=CC=C(Cl)C=C1.CCCCN(CCCC)CC(O)C1=CC(Cl)=CC2=C1C1=CC=C(Cl)C=C1\C2=C\C1=CC=C(Cl)C=C1.CCCCN(CCCC)CC(O)C1=CC(Cl)=CC2=C1C1=CC=C(Cl)C=C1\C2=C\C1=CC=C(Cl)C=C1.CCCCN(CCCC)CC(O)C1=CC(Cl)=CC2=C1C1=CC=C(Cl)C=C1\C2=C\C1=CC=C(Cl)C=C1.CCCCN(CCCC)CC(O)C1=CC(Cl)=CC2=C1C1=CC=C(Cl)C=C1\C2=C\C1=CC=C(Cl)C=C1
11054,CC1(C)OB(O)C2=CC(NC(=O)C3=CC=C(F)C=C3C(F)(F)F)=CC=C12
11055,OC(=O)[C@H]1CCCN1C(=O)CCCCC(=O)N1CCC[C@@H]1C(O)=O
11056,CC(C)OC1=C2C(NC3=C(Cl)C=NC4=C3OCO4)=NC=NC2=CC(OCCN2CCN(CC2)C(C)=O)=C1
11057,[H][C@@]12C[C@](C)(CC[C@]1(C)CC[C@]1(C)C2=CC(=O)[C@]2([H])[C@@]3(C)CC[C@H](O)C(C)(C)[C@]3([H])CC[C@@]12C)C(O)=O
11058,OS(=O)(=O)ON1[C@H]2C[N@]([C@@H](CC2)C(=O)NNC(=O)[C@@H]2CCCNC2)C1=O
11059,CCCN(CCC)C(=O)C(CC1=CC=C(OCCN(CC)CC)C=C1)NC(=O)C1=CC=CC=C1
11060,[H][C@@]12[C@@H](O)[C@]3([H])C(=C)C4=C(C(O)=CC=C4Cl)C(=O)C3=C(O)[C@]1(O)C(=O)C(C(N)=O)=C(O)[C@H]2N(C)C
11061,CN1N=C(C)C=C1C(=O)NC1=CC(OC2=NN3C=C(NC(=O)C4CC4)N=C3C=C2)=CC=C1C
11062,FC1=CC=C(CCN2CCN(CC2)C(=O)C2=C3NC=C(C#N)C3=CC=C2)C=C1
11063,FC1=C(OC(F)(F)F)C=CC(CNC(=O)[C@H]2CN(CCN2S(=O)(=O)C2=CC=C(C=C2)C(F)(F)F)C2=NC3=C(S2)C=NC(=N3)C2CC2)=C1
11064,C[C@H]1CCCC[C@]1(N1CCCCC1)C1=CC=CS1
11065,CC[C@H](CC[C@@H](C)[C@H]1CC[C@H]2\C(CCC[C@]12C)=C\C=C1\C[C@@H](O)C[C@H](O)C1=C)C(C)C
11066,CCCCCCCCCCCCNCC(O)CCCCCCCCCN1C(=O)N(C)C2=C(N(C)C=N2)C1=O
11067,CCC(C)C(CC)C(N)=O
11068,NC(=N)NC(N)=N
11069,CN1C=C(C=N1)C1=CC=C(C=C1)S(=O)(=O)N1C=CC(\C=C\C(=O)NC2=CC=CC=C2N)=C1
11070,C[C@@H](C1CC1)N1CC2=CC(=CC(Cl)=C2C1=O)C1=CC(=NO1)C(=O)N(C)C
11071,COC1=C2C(=N)C3=C(O)C4=C(C[C@](O)(C[C@@H]4O[C@H]4C[C@H](N)[C@H](O)[C@H](C)O4)C(=O)CO)C(O)=C3C(=O)C2=CC=C1
11072,C[C@@H](OC1=CC(=NN=C1N)C(=O)NC1=CC=C(C=C1)C(=O)N1CCN(C)CC1)C1=C(Cl)C=CC(F)=C1Cl
11073,CC[C@@H](O)\C=C\C=C/C[C@@H](O)\C=C\C=C\C=C/[C@@H](O)CCCC(O)=O
11074,CCCCN1C[C@H](OC(=O)CCC)[C@@H](OC(=O)CCC)[C@H](OC(=O)CCC)[C@H]1COC(=O)CCC
11075,N[C@@H](CCS(O)(=O)=O)CSSC[C@@H](N)CCS(O)(=O)=O
11076,CNC(C)C(=O)C1=CC=C(C)C=C1
11077,O=C(NC1=CC=NC=C1)NC1=CC=C(C=C1)C1=NC(=NC(=N1)N1[C@H]2CC[C@@H]1COC2)N1CCOCC1
11078,[Sb]
11079,CC1=C(O)C(C)=C2CCC(C)(C)OC2=C1C
11080,
11081,CN1C=C(C=N1)C1=NN2C(C=C1)=NN=C2C(F)(F)C1=CC=C2N=CC=CC2=C1
11082,CN(C)(=O)CCC=C1C2=CC=CC=C2CCC2=CC=CC=C12
11083,CCO[C@@H](CC1=CC=C(OCCN2C(C)=CC=C2C2=CC=C(SC)C=C2)C=C1)C(O)=O
11084,FCC(F)(F)F
11085,FC(F)CC(F)(F)F
11086,CCN(C(=O)C1=C(O)C2=C(CC)C=CC=C2N(C)C1=O)C1=CC=CC=C1
11087,CN1C(=O)C(C(=O)NCCO)=C(O)C2=NC=C(CC3=CC=C(F)C=C3)C=C12
11088,COCCOCCOCCOC1=C(O)C(=CC=C1)C1=N[C@](C)(CS1)C(O)=O
11089,CC(O)C[C@@H]1OC[C@@H](O)[C@H](O)[C@H]1O
11090,O[C@@H]1[C@@H](CO[N+]([O-])=O)O[C@H]([C@@H]1O)N1C=NC2=C(NC3CCCC3)N=CN=C12
11091,CN(C)CCNC(=O)COC1=C2CC3=CC=CC(CC4=CC=CC(CC5=C(OCC(=O)NCCN(C)C)C(CC1=CC=C2)=CC=C5)=C4OCC(=O)NCCN(C)C)=C3OCC(=O)NCCN(C)C
11092,C[C@@H]1O[C@@H](OC[C@H]2O[C@@H](OC3=C(OC4=CC(OCCO)=CC(O)=C4C3=O)C3=CC(OCCO)=C(OCCO)C=C3)[C@H](O)[C@@H](O)[C@@H]2O)[C@H](O)[C@H](O)[C@H]1O
11093,CCCCCCO[C@@H](C)C1=C(OC)C(=CC=C1)C1=CSC(NC(=O)C2=CC(Cl)=C(\C=C(/C)C(O)=O)C(Cl)=C2)=N1
11094,CC1=CC=CC2=C1NC(=O)[C@@H](NC(=O)[C@H](CCC(F)(F)F)[C@H](CCC(F)(F)F)C(N)=O)N=C2C1=CC=CC(F)=C1
11095,CC(CC1=CC=C(C=C1)Cl)N
11096,
11097,C[C@H](O)C(=O)[C@@]1(C)CC[C@H]2[C@@H]3CCC4=CC(=O)CCC4=C3CC[C@]12C
11098,CC1=CC(=NC(=O)N1)C.C1=CC(=CC=C1NC(=O)NC2=CC=C(C=C2)[N+](=O)[O-])[N+](=O)[O-]
11099,[H][C@@]1(C)CC[C@@]2([H])[C@@]([H])(C)C(=O)O[C@]3([H])O[C@@]4(C)CC[C@]1([H])[C@@]23OO4
11100,
11101,[18F]
11102,COC1=CC2=C(C=C1)N(C(=N2)S(=O)CC1=NC=C(C)C(OC)=C1C)S(=O)(=O)C1=CC=C(OCC(O)=O)C=C1
11103,FC1=CC=C(C=C1)C1C(=O)C2=CC=CC=C2C1=O
11104,COC1=CC[C@H](OC1=O)[C@@H](C)\C=C(/C)\C=C/C=C\C(=O)N[C@H](C(=O)N\C=C/C[C@H](C\C=C/C)OC(N)=O)C(C)(C)C
11105,C[C@H](N)C(=O)N[C@@H](C)C(=O)OCCOC1=CC=C(C=C1)C1=C(C#N)C(=NC(SCC2=CSC(=N2)C2=CC=C(Cl)C=C2)=C1C#N)N1CCCC1
11106,CC(C)(C)NC[C@H](O)C1=CC(CO)=C(O)C=C1
11107,
11108,CN1C2=C(N(CC(O)=O)C=N2)C(=O)N(C)C1=O.NC1=C(Br)C=C(Br)C=C1CN[C@H]1CC[C@H](O)CC1
11109,OC[C@@H](O)[C@@H](O)[C@H](O)[C@@H](O)C(=O)O[Ca]OC(=O)[C@H](O)[C@@H](O)[C@H](O[C@@H]1O[C@H](CO)[C@H](O)[C@H](O)[C@H]1O)[C@H](O)CO
11110,CC[C@H](C1=CC=C2C=C(OC)C=CC2=C1)C(C)(C)C(O)=O
11111,C1=CC=C(C(=C1)C(F)(F)F)N2C=CN=C2
11112,[H][N]([H])([H])[Pt]1(OCC(=O)O1)[N]([H])([H])[H]
11113,N[C@]1(C[C@H]([18F])C1)C(O)=O
11114,
11115,
11116,
11117,
11118,
11119,
11120,[H][C@@]1(CCC(C)=CC1)[C@@](C)(O)CCC=C(C)C
11121,OC1=CC=C(Cl)C=C1
11122,OC[C@H]1O[C@@H](OC2=C(O)C=C3OC(=O)C=CC3=C2)[C@H](O)[C@@H](O)[C@@H]1O
11123,C[C@@H](O)CN(C)C.C[C@@H](O)CN(C)C.C[C@@H](O)CN(C)C.CC(=O)NC1=CC=C(C=C1)C(O)=O.CC(=O)NC1=CC=C(C=C1)C(O)=O.CC(=O)NC1=CC=C(C=C1)C(O)=O.OC[C@H]1O[C@H]([C@H](O)[C@@H]1O)N1C=NC2=C1N=CNC2=O
11124,[Na+].CCCCCCCCCCCCOC(=O)CS([O-])(=O)=O
11125,[H][C@]1(C)C[C@@]2([H])[C@]3([H])CCC4=CC(=O)C=C[C@]4(C)[C@@]3(F)C(=O)C[C@]2(C)[C@@]1(O)C(=O)CCl
11126,CCC(=O)O[C@]1(CCN(C)C[C@H]1C)C1=CC=CC=C1
11127,CCCCCCCCCCCCOS(=O)(=O)[O-]
11128,O.CC(C)(O)[C@H]1CC[C@@](C)(O)CC1
11129,CN1CCN(CC1)C1=CC=C(NC2=NC(OC3=CC=CC(NC(=O)C=C)=C3)=C3SC=CC3=N2)C=C1
11130,C[C@H]1CNCCCN1S(=O)(=O)C1=C2C(F)=CN=CC2=CC=C1
11131,C[C@H](CSC(=O)C1=CC=CC=C1)C(=O)N1C[C@H](C[C@H]1C(O)=O)SC1=CC=CC=C1
11132,OC(=O)CC1=CC(Cl)=C(OCC=C)C=C1
11133,FC1=CC=C(C=C1)C(=O)CCCN1CCC(=CC1)N1C(=O)NC2=CC=CC=C12
11134,[H][C@@]12CC[C@H](O)[C@@]1(C)CC[C@]1([H])[C@@]3([H])CCC(=O)C=C3CC[C@@]21[H]
11135,[H][C@@]12CSSC[C@H](NC(=O)CNC(=O)[C@@]([H])(NC(=O)[C@]([H])(CSSC[C@H](NC(=O)[C@H](CCC(O)=O)NC(=O)[C@H](CC(O)=O)NC(=O)[C@@H](N)CC(N)=O)C(=O)N[C@@H](CCC(O)=O)C(=O)N[C@@H](CC(C)C)C(=O)N1)NC(=O)[C@H](C)NC(=O)[C@@H](NC(=O)[C@H](CC(N)=O)NC(=O)[C@@H](NC2=O)C(C)C)C(C)C)[C@@H](C)O)C(=O)N[C@@H](CC(C)C)C(O)=O
11136,[H]\C(CCCCCCCC)=C(/[H])CCCCCCCC(=O)OCC(O)CO
11137,
11138,CC(O)(CC(O)=O)CC(O)=O
11139,OC(=O)C1=CC2=C(C(O)=C1)C(=O)C1=C(C=CC=C1O)C2=O
11140,OC(=O)C1=CC(O)=C2C(CC3=C(C(O)=CC=C3)C2=O)=C1
11141,CC1=CC(=O)OC2=CC(O[C@@H]3O[C@H](CO)[C@@H](O)[C@H](O)[C@H]3O)=CC=C12
11142,O[C@H]1[C@H](O)[C@@H](O)[C@H](O)[C@H](O)[C@@H]1O
11143,CO[C@H]1C[C@H](O[C@H]2[C@H](C)[C@@H](O[C@@H]3O[C@H](C)C[C@@H]([C@H]3OC(C)=O)N(C)C)[C@@H](C)C[C@@]3(CO3)C(=O)[C@H](C)[C@@H](OC(C)=O)[C@@H](C)[C@@H](C)OC(=O)[C@@H]2C)O[C@@H](C)[C@@H]1OC(C)=O
11144,OC[C@@H](O)[C@@H](O)[C@H](O)[C@@H](O)C(O)=O
11145,CC[N+](C)(CC)CCOC(=O)C(O)(C1=CC=CC=C1)C1=CC=CC=C1
11146,OC1=CC=C(C=C1)C1=COC2=C(C=CC(O)=C2)C1=O
11147,[98Tc].CCC1=CC=CC(CC)=C1NC(=O)CN(CC(O)=O)CC(O)=O.CCC1=CC=CC(CC)=C1\N=C(/[O-])CN(CC([O-])=O)CC([O-])=O
11148,[H][C@@]1(CC[C@@]2([H])[C@]3([H])CCC4=C(O)C(=O)CC[C@]4([H])[C@@]3([H])CC[C@]12C)OC(=O)CCC1CCCC1
11149,
11150,CCOC1=CC2=C(NC3=C(C=CC(N)=C3)C2=N)C=C1
11151,CN(CC(O)=O)C(=N)NP(O)(O)=O
11152,
11153,
11154,
11155,CC1=CNC=N1
11156,
11157,
11158,
11159,
11160,
11161,
11162,[H]\C(C(=O)OCC)=C1\SC(N2CCCCC2)C(=O)N1CC
11163,CCN(CCO)CCN1C(CC2=CC=CC=C2)=NC2=C1C(=O)N(C)C(=O)N2C
11164,COC(=O)[C@H]1[C@@H]2C[C@@H](C=C2)[C@H]1C(=O)OC
11165,CCOCCN(CC1=CC=C(CN(CCOCC)C(=O)C(Cl)Cl)C=C1)C(=O)C(Cl)Cl
11166,CCCCNCC(O)C1=CC=C(O)C=C1
11167,N[C@@H](CCC(O)=O)C(O)=O.N[C@@H](CCCNC(N)=N)C(O)=O
11168,C[C@]12C[C@H](O)[C@H]3[C@@H](CCC4=CC(=O)C=C[C@]34C)[C@@H]1CC(=C)[C@]2(O)C(=O)CO
11169,[OH-].[OH-].[OH-].[OH-].[OH-].[OH-].[OH-].[OH-].[OH-].[O--].[Bi+3].[Bi+3].[Bi+3].[Bi+3].[Bi+3].[O-][N+]([O-])=O.[O-][N+]([O-])=O.[O-][N+]([O-])=O.[O-][N+]([O-])=O
11170,[Na+].[O-][Cl]=O
11171,NC(=N)NCC1COC2=C(O1)C=CC=C2
11172,OC1=CC=C(C=C1)C1(OS(=O)(=O)C2=CC=CC=C12)C1=CC=C(O)C=C1
11173,CCCC(=O)C1=CC2=C(SC3=CC=CC=C3N2CCCN2CCN(C)CC2)C=C1
11174,CC(C)=CC(=O)NS(=O)(=O)C1=CC=C(N)C=C1
11175,OC1=CC=C(C=C1S(O)(=O)=O)C1(OC(=O)C2=C1C(Br)=C(Br)C(Br)=C2Br)C1=CC(=C(O)C=C1)S(O)(=O)=O
11176,CCN(CC)CCC1=NC(=NO1)C1=CC=CC=C1
11177,OC(=O)CC1=C(N=C(S1)C1=CC=CC=C1)C1=CC=C(Cl)C=C1
11178,OC(C(O)=O)C1=CC=CC=C1
11179,CN(C)CC(OC1=CC=CC=C1)OC1=CC=CC=C1
11180,[Fe++].N[C@@H](CC([O-])=O)C([O-])=O
11181,CC(C)C(CC=C)C(=O)NC(N)=O
11182,CC1=C2C=CC=NC2=C(O)C(Br)=C1
11183,C[C@@H]1C[C@H]2[C@@H]3C[C@H](F)C4=CC(=O)C=C[C@]4(C)[C@H]3[C@@H](O)C[C@]2(C)[C@H]1C(=O)C(O)=O
11184,CCC1(CC)C(=O)CCNC1=O
11185,CN(C)CCN1C2=CC=CC=C2N(C)C2=CC=CC=C2C1=O
11186,CC(C)CC(NC(C)=O)C(O)=O
11187,CCOC1O[C@H]([C@@H](COCC2=CC=CC=C2)OCC2=CC=CC=C2)[C@H](OCC2=CC=CC=C2)[C@H]1O
11188,CN1C=C(C(=O)C2=C1C=C(F)C=C2)S(C)=O
11189,CC(C)C1(CC(Br)=C)C(=O)NC(=O)N(C)C1=O
11190,[H][C@@]12CC[C@](O)(C(C)=O)[C@@]1(C)CC[C@]1([H])[C@@]3([H])CCC(=O)C=C3CC[C@@]21[H]
11191,[Ca++].CC(O)C([O-])=O.CC(O)C([O-])=O
11192,CCCCC1(COC(=O)CCC(O)=O)C(=O)N(N(C1=O)C1=CC=CC=C1)C1=CC=CC=C1
11193,CC(N)C(=O)OC(C)(C)CC1=CC=C(Cl)C=C1
11194,CCCOC(=O)CC1=CC(OC)=C(OCC(=O)N(CC)CC)C=C1
11195,OOB=O
11196,O.O.O.O.O.O.O.[Na+].[Na+].[Na+].[Na+].[Na+].[Sb+3].[O-]C1=C([O-])C(=CC(=C1)S([O-])(=O)=O)S([O-])(=O)=O.[O-]C1=C([O-])C(=CC(=C1)S([O-])(=O)=O)S([O-])(=O)=O
11197,CC(C)(C)CC(C)(C)C1=CC=C(O)C(CC2=C(Cl)C=C(Cl)C=C2)=C1
11198,CCCCCC(C)N
11199,O[C@H]1CC[C@@H](CC1)NCC1=CC(Br)=CC(Br)=C1NC(=O)C1=CC=CS1
11200,[H][C@@]1(CC[C@]2(O)[C@]3([H])CC[C@]4(O)C[C@H](CC[C@]4(C=O)[C@@]3([H])CC[C@]12C)O[C@H]1C[C@H](OC)[C@H](O)[C@@H](C)O1)C1=CC(=O)OC1
11201,
11202,CCCC(=O)NC1=NC=NC2=C1N=CN2[C@@H]1O[C@@H]2COP(O)(=O)O[C@H]2[C@H]1OC(=O)CCC
11203,NC(=O)C1=CSC(=N1)[C@@H]1O[C@H](CO)[C@@H](O)[C@H]1O
11204,NCC1=CC=C(C=C1)C(O)=O
11205,CN(C)C(=S)SSC(=S)N(C)C
11206,C1CN2CCC1C(C2)N1C2=CC=CC=C2CCC2=CC=CC=C12
11207,CC(C)N(CCNC(=O)CN1CCCC1=O)C(C)C
11208,OC(=O)C1=CC=CC=C1C(=O)NC1=CC=C(C=C1)S(=O)(=O)NC1=NC=CS1
11209,[O--].[O--].[O--].[Mg++].[Si+4]
11210,[Cl-].C[S+](C)CC[C@H](N)C(O)=O
11211,NCC(O)C1=CC=C(O)C=C1
11212,CN1[C@H]2CC[C@@H]1CC(C2)=C1C2=CC=CC=C2CSC2=C1C=CC=C2
11213,CC(O)CC1(CC=C)C(=O)NC(=O)NC1=O
11214,CC[N+]1(CC)CCC(C1C)=C(C1=CC=CC=C1)C1=CC=CC=C1
11215,CCC(CO[N+]([O-])=O)(CO[N+]([O-])=O)CO[N+]([O-])=O
11216,CN1CCN(CC1)C1=NC2=CC=CC=C2SC2=C1C=C(Cl)C=C2
11217,[Fe++].[O-]S([O-])(=O)=O
11218,CCOCCN(CC1=CC=C(OC2=CC=C(C=C2)[N+]([O-])=O)C=C1)C(=O)C(Cl)Cl
11219,CCCl
11220,
11221,O.O.O.N[C@@H]1CN(CC11CC1)C1=C(F)C=C2C(=O)C(=CN([C@@H]3C[C@@H]3F)C2=C1Cl)C(O)=O.N[C@@H]1CN(CC11CC1)C1=C(F)C=C2C(=O)C(=CN([C@@H]3C[C@@H]3F)C2=C1Cl)C(O)=O
11222,CC(=O)OC1CN2CCC1CC2
11223,CC12CCC3C(C1CCC2OC(=O)CCC4CCCC4)CCC5=C3C=CC(=C5)O
11224,[H][C@]12SC(C)(C)[C@@H](N1C(=O)[C@H]2NC(=O)COC1=CC=CC=C1)C(O)=O.[H][C@@]12C[C@@]3([H])C(=C(O)[C@]1(O)C(=O)C(C(=O)NCN1CCN(CCO)CC1)=C(O)[C@H]2N(C)C)C(=O)C1=C(O)C=CC=C1[C@@]3(C)O
11225,COC1=CC(=CC(OC)=C1OC)C(=O)OCCCN(C)CCN(C)CCCOC(=O)C1=CC(OC)=C(OC)C(OC)=C1
11226,[H][C@@]1(NC(=O)[C@H](N)C2=CC=C(O)C=C2)C(=O)N2C(C(O)=O)=C(CSC3=CNN=N3)CS[C@]12[H]
11227,OC(=O)CSC(SCC(O)=O)SCC(O)=O
11228,CC(=O)NC1=CC(=CC=C1O)[As](O)(O)=O
11229,OCC1=C(Cl)C=C(Cl)C=C1
11230,NC[C@@H]1CC[C@@H](N)[C@@H](O[C@@H]2[C@@H](N)C[C@@H](N)[C@H](O[C@H]3O[C@H](CO)[C@@H](O)[C@H](N)[C@H]3O)[C@H]2O)O1
11231,
11232,CCN(CC)C1=NC(=NN)N=C(N1)N(CC)CC
11233,CCN1CCCC1CNC(=O)C1=CC(=CC=C1OC)S(=O)(=O)CC
11234,CNC[C@@H]1CC[C@@H](N)[C@@H](O[C@@H]2[C@@H](N)C[C@@H](N)[C@H](O[C@H]3OC[C@](C)(O)[C@H](NC)[C@H]3O)[C@H]2O)O1
11235,ClC1=CC=C(C=C1)C1C(=O)C2=CC=CC=C2C1=O
11236,COC1=CC=C(C=C1)C1(NC(=O)N(CCN2CCCCC2)C1=O)C1=CC=C(OC)C=C1
11237,CCC1=C(C(=O)C2=CC(I)=C(O)C(I)=C2)C2=CC=CC=C2O1
11238,CCOC1=CC=C(NC(=O)CC(C)O)C=C1
11239,CCOC(=O)COC1=CC2=C(C=C1)C(C)=C(CCN(CC)CC)C(=O)O2
11240,[Al+3].CC(=O)CC([O-])=O.CC(=O)CC([O-])=O.CC(=O)CC([O-])=O
11241,
11242,CCCCCCCCCCCC[N+](C)(C)CC1=CC=CC=C1
11243,CC1=CC(NS(=O)(=O)C2=CC=C(N)C=C2)=NC(C)=N1
11244,CC1=CC2=C(C=C1S(N)(=O)=O)S(=O)(=O)CCC2
11245,CCNC(C)CC1=CC=CC=C1
11246,CCCCC(C(O)=O)C(=O)N(NC1=CC=CC=C1)C1=CC=CC=C1
11247,CCCO[C@@H]1CC(=O)O[C@@H](C/C=C/C=C/[C@@H]([C@@H](C[C@@H]([C@@H](C1OC)OC2C(C(C(C(O2)C)OC3CC(C(C(O3)C)OCCC)(C)OC(=O)C)N(C)C)O)CC=O)C)OC(=O)C)C
11248,CN(C)CCOCC(=O)NC12CC3CC(CC(C3)C1)C2
11249,CCOC(=O)C1=C[N+](C)=C2CCCC(C)N2C1=O
11250,F.F.CCCCCCCCCCCCCCCCCCN(CCO)CCCN(CCO)CCO
11251,OC(C1=CC2=CC=CC=C2O1)C1=CC=C(Cl)C=C1
11252,CN1CCC(CC1)=C1C2=CC=CC=C2SC2=CC=CC=C12
11253,
11254,OC[C@@H](NC(=O)CN=[N+]=[N-])[C@H](O)C1=CC=C(C=C1)[N+]([O-])=O
11255,C[N+]1(CCC2=CC(=C(C=C2C1CC3=CC(=C(C=C3)OC)OC)OC)OC)CCC(=O)OCCCCCOC(=O)CC[N+]4(CCC5=CC(=C(C=C5C4CC6=CC(=C(C=C6)OC)OC)OC)OC)C
11256,NC(=N)C1=CC=C(OCCCOC2=CC=C(C=C2)C(N)=N)C=C1
11257,OCCNC(=O)\C=C\C1=CC=CC=C1
11258,CSCC[C@H](NC(=O)[C@H](CO)NC(=O)[C@H](CC1=CC=C(O)C=C1)NC(=O)CCN)C(=O)N[C@@H](CCC(O)=O)C(=O)N[C@@H](CC1=CNC=N1)C(=O)N[C@@H](CC1=CC=CC=C1)C(=O)N[C@@H](CCCNC(N)=N)C(=O)N[C@@H](CC1=CNC2=C1C=CC=C2)C(=O)NCC(=O)N[C@@H](CCCCN)C(=O)N1CCC[C@H]1C(=O)N[C@@H](C(C)C)C(=O)NCC(=O)N[C@@H](CCCCN)C(=O)N[C@@H](CCCCN)C(=O)N[C@@H](CCCCN)C(=O)NCCCCN
11259,
11260,CC1(C)S[C@@H]2[C@H](NC(=O)[C@H](N)C3=CCC=CC3)C(=O)N2[C@H]1C(O)=O
11261,
11262,CCCCOCC(CN1C(=O)NC(=O)C(CC)(C1=O)C1=CC=CC=C1)OC(N)=O
11263,O=C1C=C(N2CC2)C(=O)C(N2CC2)=C1N1CC1
11264,CN(C)CCC(C1=CC=CC=C1)C1=CC=C(C)C=C1
11265,CC1=NC2=C(C=C1)C(Cl)=CC(Cl)=C2O
11266,[H][C@@]1(CC[C@]2(O)[C@]3([H])CCC4=C[C@]([H])(CC[C@]4(C)[C@@]3([H])CC[C@]12C)O[C@]1([H])O[C@@]([H])(C)[C@]([H])(O)[C@@]([H])(O)[C@@]1([H])O)C1=COC(=O)C=C1
11267,COC1=CC=C2N(C(=O)C3=CC=C(Cl)C=C3)C(C)=C(CC(=O)NO)C2=C1
11268,CC(COC1=CC=CC=C1CC1=CC=CC=C1)N1CCCCC1
11269,[H][C@@]1(C2=CC=C(OCCN3CCCC3)C=C2)C2=C(OC(C)(C)[C@@]1([H])C1=CC=CC=C1)C=C(OC)C=C2
11270,CCOC1=CC(OCC)=C(OCC)C=C1C(=O)CCC(O)=O
11271,CCOC(=O)[C@H](CCC1=CC=CC=C1)N[C@@H](C)C(=O)N(CC(O)=O)C1CC2=C(C1)C=CC=C2
11272,COC(=O)[C@@H](N)CC1=CC=C(O)C(O)=C1
11273,CC(C(O)=O)C1=CC=C(NCC(C)=C)C=C1
11274,CC1=CC[C@H](C[C@@H]1O)C(C)(C)O
11275,CNCCC1=CC(OC(=O)C(C)C)=C(OC(=O)C(C)C)C=C1
11276,C[C@H](C(O)=O)C1=CC=C2OC(=NC2=C1)C1=CC=C(F)C=C1
11277,[H][C@@]1(CCC2=CC(OC)=C(OC)C(OC)=C2C2=CC=C(OC)C(=O)C=C12)NC
11277,[H][C@@]1(CCC2=CC(OC)=C(OC)C(OC)=C2C2=CC=C(OC)C(=O)C=C12)NC
11278,CCOC(=O)C(=C\C1=NC=C(N1C)[N+]([O-])=O)\C(C)=O
11279,CC1=CN=C(NS(=O)(=O)C2=CC=C(N)C=C2)N=C1
11280,OS(=O)(=O)CI
11281,O.O.O.O.O.O.O.O.O.O.O.O.[O--].[O--].[O--].[O--].[O--].[O--].[O--].[O--].[O--].[Mg++].[Mg++].[Mg++].[Mg++].[Mg++].[Mg++].[Al+3].[Al+3].[O-]C([O-])=O
11282,ClC=C(Cl)Cl
11283,CN1C2=C(C=C(Cl)C=C2)C(=NCC1=O)C1=CCCCC1
11284,[O-][N+](=O)C1=CC=C(O1)\C=C\C=N\NC(=O)C1=CC=C(S1)[N+]([O-])=O
11285,[Cl-].C[N+]1=C2C=C(N)C=CC2=CC2=C1C=C(N)C=C2
11286,COC1=CC=C(C=C1C(=O)NCC1=CC=CN=C1)C(=O)NCC1=CC=CN=C1
11287,CCCCNCC(=O)NC1=C(C)C=CC=C1Cl
11288,CC(C)C1=CC2=C(C)C=CC2=C(C)C=C1
11289,COS([O-])(=O)=O.COC1=CC(N)=CN=[N+]1C1=CC=CC=C1
11290,CCC1(CC)C(=O)NC=CC1=O
11291,CCCCOC(=O)CCC(=O)OCCCC
11292,CCOC(=O)COC1=CC2=C(C=C1)C(=O)C=C(O2)C1=CC=CC=C1
11293,CS(=O)(=O)OC[C@@H](OS(C)(=O)=O)[C@@H](O)[C@H](O)[C@@H](COS(C)(=O)=O)OS(C)(=O)=O
11294,ClC1=CC2=C(C=C1)N(CC#C)C(=O)CN=C2C1=CC=CC=C1
11295,COC(=O)C1=CC=CC=C1C(=O)OC
11296,[H][C@]12SC(C)(C)[C@@H](N1C(=O)[C@H]2NC(=O)C(C)OC1=CC=CC=C1)C(O)=O
11297,CC[C@H]1OC(=O)[C@H](C)[C@@H](O[C@H]2C[C@@](C)(OC)[C@@H](O)[C@H](C)O2)[C@H](C)[C@@H](O[C@@H]2O[C@H](C)C[C@@H]([C@H]2O)N(C)C)[C@](C)(O)C[C@](C)(F)C(=O)[C@H](C)[C@@H](O)[C@]1(C)O
11298,C(COCCOCC1CO1)OCCOCC1CO1
11299,CCCCCCCCN[C@@H](C)[C@H](O)C1=CC=C(SC(C)C)C=C1
11300,CCNC1=NC(=O)C(O1)C1=CC=CC=C1
11301,CCOC(=O)CN1CCN(CC1)C(=O)\C=C\C1=CC(OC)=C(OC)C(OC)=C1
11302,OC1=CC2=C(SC(=O)O2)C=C1
11303,[NH2-].[Cl-].[Hg++]
11304,[H][C@@]12CCCN1C(=O)[C@H](CC1=CC=CC=C1)N1C(=O)[C@](NC(=O)[C@H]3CN(C)[C@]4([H])CC5=CNC6=CC=CC(=C56)[C@@]4([H])C3)(O[C@@]21O)C(C)C
11305,CCCCOC1=CC=C(CC(=O)NO)C=C1
11306,O=C(C(C1=CC=CC=C1)C1=CC=CC=C1)C1C(=O)C2=CC=CC=C2C1=O
11307,OCCSCCCCCCCCCCSCCO
11308,CN(C)CCN1N=C(CC2=CC=CC=C2)C2=CC=CC=C2C1=O
11309,CN1C(\C=C\C2=CC=NC(N)=N2)=NC=C1[N+]([O-])=O
11310,CCN1CCCC(C1)OC(=O)C(C1=CC=CC=C1)C1=CC=CC=C1
11311,CN(C)CCO
11312,CCC(C)N(CC(O)C1=CC=CN1CC1=CC=CC=C1Cl)C(C)CC
11313,NC(=O)OCCCC1=CC=CC=C1
11314,[H][C@@](C)(CC)C(=O)O[C@]1([H])[C@]([H])(OC(C)=O)C2=C(OC1(C)C)C=CC1=C2OC(=O)C=C1
11315,CC1=CC=C2SC3=CC(C)=CC=C3SC2=C1
11316,NC(=O)OCC(O)C1=CC=CC=C1
11317,C1C(C2=NCCN2)C1(C1=CC=CC=C1)C1=CC=CC=C1
11318,O.O.O.O.[Mg++].N[C@@H](CC(O)=O)C([O-])=O.N[C@@H](CC(O)=O)C([O-])=O
11319,CN(C(=S)OC1=CC=C2[C@H]3CC[C@H](C3)C2=C1)C1=CC(C)=CC=C1
11320,CC(CC(C1=CC=CC=C1)C1=CC=CC=C1)N(C)C
11321,CCC(C(=O)NC(N)=O)C1=CC=CC=C1
11322,[H][C@]1(O)CN(C(C)=O)[C@@]([H])(C1)C(O)=O
11323,CC(C)=CCC1C(=O)N(N(C1=O)C1=CC=CC=C1)C1=CC=CC=C1
11324,C1C[C@H](N(C1)C(=O)[C@H](CC2=CC=C(C=C2)I)N)C#N
11325,Cl
11326,CCOC(=O)COC1=CC=C2C(C)=C(CCN(CC)CC)C(=O)OC2=C1Cl
11327,CCNC(=O)\C=C(/C)\C=C\C=C(/C)\C=C\C1=C(C)C=C(OC)C(C)=C1C
11328,CC[N+]1(CC)CCC(C1)OC(=O)C(O)(C1=CC=CC=C1)C1=CC=CC=C1
11329,CC(C)C(Br)C(=O)NC(N)=O
11330,O=C(CC1=CC=C(C=C1)C1=CC=CC=C1)NC1=CC=CC=N1
11331,OCCN1CCN(CCCN2C3=CC=CC=C3SC3=C2C=C(C=C3)C(F)(F)F)CC1
11332,[Cl-].NC1=CC2=NC3=C(C=CC(N)=C3)C=C2C=C1.C[N+]1=C2C=C(N)C=CC2=CC2=C1C=C(N)C=C2
11333,[H][C@]12N3CCC[C@@]1(CC)C[C@@](O)(N1C4=CC=CC=C4C(CC3)=C21)C(=O)OC
11334,
11335,O=C1CCC(=O)N1
11336,CC\C=C(/C)C1(CC)C(=O)NC(=O)NC1=O
11337,NCC(O)C1=CC(O)=CC=C1
11338,[Na+].OC([O-])=O.OC1=C(I)C=C(C2=CC=CN=C12)S(O)(=O)=O
11339,CN(C)C(C)(C)COC(=O)C(O)(C1=CC=CC=C1)C1=CC=CC=C1
11340,[Na+].[O-]C(=O)C[N+]12CC[N+]34CC(=O)O[Fe--]13(OC(=O)C2)OC(=O)C4
11341,CCN(CC)CCCN1C2=CC=CC=C2SC2=C1C=C(Cl)C=C2
11342,OC(CI)CI
11343,CN(C)CCC=C1C2=CC=CC=C2C(C)(C)C2=CC=CC=C12
11344,
11345,COC1=CC=C2[C@H]3CC[C@]4(C)[C@H](O)[C@H](O)C[C@H]4[C@@H]3CCC2=C1
11346,[OH-].[Fe+3].CC1=C2[N-]C(\C=C3/N=C(/C=C4\[N-]\C(=C/C5=N/C(=C\2)/C(C=C)=C5C)C(C=C)=C4C)C(C)=C3CCC(O)=O)=C1CCC(O)=O
11347,[O-][N+](=O)O[Hg]C1=CC=CC=C1
11348,OCC(O)CN1C=C(I)C(=O)C(I)=C1
11349,[H][C@]12C[C@]([H])(C(=O)C=C1C)C2(C)C
11350,[Na+].[Na+].O[Hg]C1=C([O-])C(Br)=CC2=C1OC1=CC(=O)C(Br)=CC1=C2C1=CC=CC=C1C([O-])=O
11351,[H][C@]1(C[C@@]2([H])C[C@]3([H])N(CCC4=CC(OC)=C(OC)C=C34)C[C@]2([H])CC)NCCC2=CC(OC)=C(OC)C=C12
11352,CNCC(=O)C1=CC(O)=C(O)C=C1
11353,COC(CN1CCN(CCC(O)C2=CC=CC=C2)CC1)C1=CC=CC=C1
11354,NC(CCCN1C(=O)NC(C1=O)(C1=CC=CC=C1)C1=CC=CC=C1)C(O)=O
11355,C(CC1=NC(CC(C2=CC=CC=C2)C2=CC=CC=C2)=NO1)N1CCCCC1
11356,COC1=CC(=CC=C1)C(=O)CCN[C@@H](C)[C@H](O)C1=CC=CC=C1
11357,[H][C@@]12CC3=CNC4=CC=CC(=C34)[C@@]1([H])C[C@@H](CN2C)NC(=O)N(CC)CC
11358,[NH-]C1=C[N+](=NO1)N1CCOCC1
11359,[H][C@@]1(CC[C@]2(O)[C@]3([H])CC[C@]4([H])C[C@]([H])(CC[C@]4(C)[C@@]3([H])C[C@@]([H])(O)[C@]12C)O[C@@]1([H])C[C@]([H])(O)[C@]([H])(O[C@@]2([H])C[C@]([H])(O)[C@]([H])(O[C@@]3([H])C[C@]([H])(O)[C@]([H])(OC)[C@@]([H])(C)O3)[C@@]([H])(C)O2)[C@@]([H])(C)O1)C1=CC(=O)OC1
11360,OC(O)C(Cl)(Cl)Cl.CC(=O)NCC(O)=O
11361,COC1=C(OC)C=C2C(NC(C)=C2CCN2CCN(CC2)C2=CC=CC=C2)=C1
11362,[Na+].[Na+].[Na+].[Na+].[O-]C(=O)CN(CCN(CC([O-])=O)CC([O-])=O)CC([O-])=O
11363,CN(CC1(C)CCCO1)S(=O)(=O)C1=CC(=C(Cl)C=C1)S(N)(=O)=O
11364,CCCCNC(=O)NS(=O)(=O)C1=CC=C(N)C=C1
11365,CN1N(C(=O)C(NC(=O)C2=CC=CN=C2)=C1C)C1=CC=CC=C1
11366,CCCC(C)(CO[N+]([O-])=O)CO[N+]([O-])=O
11367,CCCC(=O)O[C@H]1[C@H](C)O[C@H](C[C@@]1(C)OC(=O)CC)O[C@@H]1[C@@H](C)O[C@@H](O[C@H]2[C@@H](CC=O)C[C@@H](C)[C@@H](O)\C=C\C=C\C[C@@H](C)OC(=O)C[C@@H](O)[C@@H]2OC)[C@H](O)[C@H]1N(C)C
11368,ONC(=N)N\N=C\C1=C(Cl)C=CC=C1Cl
11369,CN(CCCN1C2=CC=CC=C2CCC2=CC=CC=C12)CC(=O)C1=CC=C(Cl)C=C1
11370,CN(C)CCOC(=O)CCC(=O)OCC1=C(CO)C(O)=C(C)N=C1
11371,CCN(CC)CCC1(CCC(=O)NC1=O)C1=CC=CC=C1
11372,OC(CNC1=NC=CC=C1)C1=CC=CC=C1
11373,C1CCN2N=NN=C2CC1
11374,CC(C)C(=O)OCC\C(SS\C(CCOC(=O)C(C)C)=C(/C)N(CC1=C(N)N=C(C)N=C1)C=O)=C(\C)N(CC1=C(N)N=C(C)N=C1)C=O
11375,O=C(NCN1CCOCC1)C1=NC=CN=C1
11376,CO[C@H]1C[C@@]2(C)[C@@H](CC[C@@]2(O)C#C)[C@@H]2CCC3=CC(O)=CC=C3[C@@H]12
11377,COC1=CC(=CC(OC)=C1OC)C(=O)NC1CCCNC1
11378,CC(CN1C2=CC=CC=C2SC2=CC=CC=C12)[N+](C)(C)C
11379,CCC1=CN([C@H]2C[C@H](O)[C@@H](CO)O2)C(=O)NC1=O
11380,[H][C@]1(COC(=O)C2=CN=CC=C2)O[C@](O)(COC(=O)C2=CN=CC=C2)[C@@]([H])(OC(=O)C2=CN=CC=C2)[C@]1([H])OC(=O)C1=CN=CC=C1
11381,[OH-].[OH-].[OH-].[Fe+3]
11382,ClC1=CC=C(C=C1)C(C1=CC=C(Cl)C=C1)C(Cl)(Cl)Cl
11383,FC1=CC=C(C=C1)C(N1C=CN=C1)(C1=CC=CC=C1)C1=CC=CC=C1F
11384,[198Au]
11385,NC1=C(I)C=C(I)C(C(=O)N(CCC(O)=O)C2=CC=CC=C2)=C1I
11386,CC1=CC=C(NC2=NCCN2)C(Cl)=C1
11387,CCC(C)C(C)C1NC2=CC(Cl)=C(C=C2S(=O)(=O)N1)S(N)(=O)=O
11388,CCCN(CCC)C(=O)C(CCC(O)=O)NC(=O)C1=CC=CC=C1
11389,OC(=O)CC1=CN(N=C1C1=CC=C(Cl)C=C1)C1=CC=CC=C1
11390,CC(C)(OC1=CC=C(Cl)C=C1)C(=O)OCCCOC(=O)C(C)(C)OC1=CC=C(Cl)C=C1
11391,ClC1=CC(Cl)=C(C=C1)C(CN1C=CN=C1)OCC1=CC=C(SC2=CC=CC=C2)C=C1
11392,N\N=C1/NN=C2CCN(CC2=C1)C(=O)C1=CC=CC=C1
11393,CCC(=O)C1(CCN(CCOCCO)CC1)C1=CC=CC=C1
11394,CN1CCN=C(C2=CC=CC=C2)C2=C1C=CC(Cl)=C2
11395,CCCC(CC1=CC=CC=C1)N1CCCC1
11396,C(CN1CCCCC1)C(C1=CC=CC=C1)C1=CC=CC=C1
11397,O=C(OCC(COC(=O)C1=CN=CC=C1)(COC(=O)C1=CN=CC=C1)COC(=O)C1=CN=CC=C1)C1=CN=CC=C1
11398,CC(=O)NC1CCSC1=O
11399,CC(C)NC[C@H](O)COC1=CC=C(CC(N)=O)C=C1
11400,CC(=O)NC1=C(I)C(C(O)=O)=C(I)C(C(=O)NCCO)=C1I
11401,CC1(CCN2CCCCC2)C(=O)CCC2=CC=CC=C12
11402,COP(=O)(OC1C(CC(O1)N2C=NC3=C(N=CN=C32)N)O)OP(=O)([O-])OP(=O)(O)[O-].[Na+].[Na+]
11403,
11404,CN1[C@@H]2CCC(C)(C)[C@@H]1C[C@@H](C2)OC(=O)C(O)(C1=CC=CS1)C1=CC=CS1
11405,CC(O)CN1C=NC2=C1C(=O)N(C)C(=O)N2C
11406,OC(CC(C1=CC=C(Cl)S1)C1=C(O)C2=CC=CC=C2OC1=O)C1=CC=C(Cl)C=C1
11407,CCOC(=O)NNC1=NN=C(C=C1)N(CC)CC(C)O
11408,[Xe]
11409,[H][C@@]12OC3=C(OC(=O)C4=CN=CC=C4)C=CC4=C3[C@@]11CCN(C)[C@]([H])(C4)[C@]1([H])C=C[C@]2([H])OC(=O)C1=CN=CC=C1
11410,NCC(CC(O)=O)C1=CC=CC=C1
11411,[H][C@@]1(C[C@@](C)(O)[C@@H](OC(=O)CC)[C@H](C)O1)O[C@@H]1[C@@H](C)O[C@@]([H])(O[C@H]2[C@@H](CC=O)C[C@@H](C)[C@@H](O)\C=C\C=C\C[C@@H](C)OC(=O)C[C@@]([H])(OC(=O)CC)[C@@H]2OC)[C@H](O)[C@H]1N(C)C
11412,CC(C)N1CCOC(C1)C1=CC=CC(=C1)C(F)(F)F
11413,COC1=CC=C2C[C@@H]3[C@@H]4CC=C(OC(C)=O)[C@@H]5OC1=C2[C@]45CCN3C
11414,CCCC[C@@H](O)\C=C(/C)\C=C\C=C\C(=O)N1CCCC1=O
11415,CC(C)(OC1=CC=C(Cl)C=C1)C(=O)OCCCOC(=O)C1=CN=CC=C1
11416,CC\C=C(/C(=O)N[C@H]1[C@H]2SCC(COC(N)=O)=C(N2C1=O)C(O)=O)C1=CSC(N)=N1
11417,C[N+](C)(CCOC1=CC=CC=C1)CC1=CC=CC=C1
11418,CN(C)CCC=C1C2=C(COC3=CC=CC=C13)C1=CC=CC=C1O2
11419,
11420,COC(=O)NC1=NC2=C(N1)C=CC(=C2)C(=O)C1CC1
11421,CN1[C@H]2CC[C@@H]1C[C@@H](C2)OC1C2=CC=CC=C2CCC2=C1C=CC=C2
11422,[H][C@@]1(CC[C@]2(O)[C@]3([H])CC[C@]4([H])C[C@]([H])(CC[C@]4(C)[C@@]3([H])C[C@@]([H])(O)[C@]12C)O[C@@]1([H])C[C@]([H])(O)[C@]([H])(O[C@@]2([H])C[C@]([H])(O)[C@]([H])(O[C@@]3([H])C[C@]([H])(OC(C)=O)[C@]([H])(O[C@]4([H])O[C@]([H])(CO)[C@@]([H])(O)[C@]([H])(O)[C@@]4([H])O)[C@@]([H])(C)O3)[C@@]([H])(C)O2)[C@@]([H])(C)O1)C1=CC(=O)OC1
11423,CCN1[C@H]2CC[C@@H]1C[C@@H](C2)OC(C1=CC=CC=C1)C1=CC=CC=C1
11424,O=C1C(=O)C2=C(C=CC=N2)C2=C1N=CC=C2
11425,[H][C@]12SCC(CSC3=NC(C)=C(CC(O)=O)S3)=C(N1C(=O)[C@H]2NC(=O)C(=N/OC)\C1=CSC(N)=N1)C(O)=O
11426,CN([C@@H]1CC[C@@]2(O)[C@H]3CC4=CC=C(O)C5=C4[C@@]2(CCN3CC2CC2)[C@H]1O5)C(=O)\C=C\C1=COC=C1
11427,CC(=O)OC1=CC=C(C=C1)C(=C1CCCCC1)C1=CC=C(OC(C)=O)C=C1
11428,[S--].[S--].[S--].[S--].[S--].[Sb+5].[Sb+5]
11429,CN1CCCC(C1)=C(C1=CC=CS1)C1=CC=CS1
11430,[O-][N+](=O)C1=CC=C(O1)\C=C\C=N\N1CC(=O)NC1=O
11431,CC(C)N(CCC(C1=CC=CC=C1)C1=CC=CC=C1)C(C)C
11432,
11433,CCC1(CCCCN(C)C1)C1=CC(O)=CC=C1
11434,C(CN1CCCC1)N(CC1=CC=CC=C1)C1=CC=CC=C1
11435,C([C@@H]1[C@H]([C@@H]([C@H]([C@@H](O1)OC[C@@H]2[C@H]([C@@H]([C@H]([C@@H](O2)O)O)O[C@H]3[C@@H]([C@H]([C@@H]([C@H](O3)CO)O)O[C@H]4[C@@H]([C@H]([C@@H]([C@H](O4)CO)O)O[C@H]5[C@@H]([C@H]([C@@H]([C@H](O5)CO[C@H]6[C@@H]([C@H]([C@@H]([C@H](O6)CO)O)O)O)O)O[C@H]7[C@@H]([C@H]([C@@H]([C@H](O7)CO)O)O)O)O)O)O)O)O)O)O)O
11436,NC(=O)N1C(=O)\C(=C(/O)C2=CC=CS2)C2=C1C=CC(Cl)=C2
11437,COC1=CC=C2C(=O)C(C)=C(OC2=C1CN(C)C)C1=CC=CC=C1
11438,CCNCC.OC1=CC(=C(O)C=C1)S(O)(=O)=O
11439,C[C@]12CC[C@H]3[C@@H](CCC4=CC(=O)C=C[C@]34C)[C@@H]1CC[C@@H]2OC1=CCCC1
11440,COC1=NC(C)=NC(NS(=O)(=O)C2=CC=C(N)C=C2)=C1
11441,[Mg++].[O-][O-]
11442,CC(C)CCC[C@@H](C)[C@H]1CC[C@H]2[C@@H]3C[C@@H](C[131I])C4=C(CC[C@H](O)C4)[C@H]3CC[C@]12C
11443,CN(C)CCCOC1(CC2=CC=CC=C2)CCCCCC1
11444,CN1CCC(CC1)N(CC1=CC=CC=C1)C1=CC=CC=C1
11445,COC1=CC=C(C=C1O)C1=CC(=O)C2=C(OCCO)C=C(O[C@@H]3O[C@H](CO[C@@H]4O[C@@H](C)[C@H](O)[C@@H](O)[C@H]4O)[C@@H](O)[C@H](O)[C@H]3O)C=C2O1
11446,C[C@H](O)C(=O)[C@@]1(O)CC[C@H]2[C@@H]3CCC4=CC(=O)C=C[C@]4(C)[C@@]3(F)[C@@H](O)C[C@]12C
11447,
11448,CCC(C(O)=O)C1(O)CCCCC1
11449,CNCC(O)C1=CC(OC)=C(O)C(OC)=C1
11450,CCOP(=O)(OCC)OC1=CC=C(C=C1)[N+]([O-])=O
11451,CN(C)CCCN1C2=C(CCCCCC2)C2=CC=CC=C12
11452,CCC(C)C(C(=O)OCC[N+](C)(CC)CC)C1=CC=CC=C1
11453,NC(=O)C1=CC=[N+](CC2=C(N3[C@H](SC2)[C@H](NC(=O)[C@@H](C2=CC=CC=C2)S(O)(=O)=O)C3=O)C([O-])=O)C=C1
11454,CCCCCCCCOC1=CC=CC=C1C(=O)NC1=CC=C(C=C1)C(=O)OCC[N+](C)(CC)CC
11455,OC(=O)COC1=NN(CC2=CC=CC=C2)C2=CC=CC=C12
11456,CC(C)(C)N1CCC(CC1)(C1=CC=CC=C1)C1=CC=CC=C1
11457,CC1=C(C(=CC=C1)C)C(=O)OCCN2CCCC2
11458,[H][C@]12SCC(C)=C(N1C(=O)[C@H]2NC(=O)C(=N/OC)\C1=CSC(N)=N1)C(O)=O
11459,CC[N+](C)(C)C(C)CC(C1=CC=CC=C1)C1=CC=CC=C1
11460,CC1(C)S[C@@H]2[C@H](NC(=O)C(C(=O)OC3=CC=CC=C3)C3=CC=CC=C3)C(=O)N2[C@H]1C(O)=O
11461,C[N+]1(C)CCCC1COC(=O)C(O)(C1=CC=CC=C1)C1=CC=CC=C1
11462,CC(C)(C)NCC(O)COC1=CC(Cl)=CC=C1Cl
11463,[O--].[O--].[O--].[Al+3].[Al+3].CC(=O)OC1=CC=CC=C1C(O)=O
11464,COC1=CC(OC)=C(C(=O)CCCN2CCCC2)C(OC)=C1
11465,COC1=CC(N)=C(Cl)C=C1C(=O)NC1CCN(CC2=CC=CC=C2)CC1
11466,OCCN(CC1=CC=C(OC2=CC=C(C=C2)N(=O)=O)C=C1)C(=O)C(Cl)Cl
11467,CC1=C(Br)C=C(Br)C(O)=C1Br
11468,CC(C(O)=O)C1=CC2=C(OC3=C(C2)C=CC=N3)C=C1
11469,CCC(=O)C(C[C@@H](C)N(C)C)(C1=CC=CC=C1)C1=CC=CC=C1
11470,CCCCC(CC)C1NC(=O)N(SC(Cl)(Cl)Cl)C1=O
11471,
11472,C1(C(C(OC(C1OC2C(C(C(C(O2)C(=O)O)P)O)O)C(=O)O)OP)O)O
11473,[Ce+3].[Ce+3].[O-]C(=O)C([O-])=O.[O-]C(=O)C([O-])=O.[O-]C(=O)C([O-])=O
11474,[H][C@@]12CC3=CN(C)C4=CC=CC(=C34)[C@@]1([H])C[C@@H](CNC(=O)OCC1=CC=CC=C1)CN2C
11475,C1CN(CCN1CCOCCO)CC2=CC(=CC=C2)OC3=CC=CC=C3
11476,CN1[C@H]2[C@@H](N(C)C1=O)N(C)C(=O)N2C
11477,COC1=CC(=CC(C(=O)NCC2CCCN2CC=C)=C1OC)S(N)(=O)=O
11478,CC(C)C1=C(C)N(C)N(C1=O)C1=CC=CC=C1
11479,
11480,OCC(CO)(CO)CO
11481,CCCN(CCC)C(=O)C(CCC(=O)OCCCN1CCN(CCOC(=O)CC2=C(C)N(C(=O)C3=CC=C(Cl)C=C3)C3=C2C=C(OC)C=C3)CC1)NC(=O)C1=CC=CC=C1
11482,[H][C@@]12CC[C@](O)(C(C)=O)[C@@]1(C)CC[C@@]1([H])[C@@]2([H])C=C(Cl)C2=CC(=O)CC[C@]12C
11483,OC1=CC(=C(O)C=C1)S(O)(=O)=O
11484,CC(C)NCC(O)COC1=CC=CC2=C1C=C(C)N2
11485,O=C(NC(CC1=CC=CC=C1)C1=CC=CC=C1)C1=CC=CN=C1
11486,NS(=O)(=O)C1=CC2=C(NC(CC3CCCC3)NS2(=O)=O)C=C1Cl
11487,C[C@]1(O)CC[C@H]2[C@@H]3CCC4=CC(=O)CC[C@@H]4[C@H]3CC[C@]12C
11488,COCC1=C(N=CC2=C1C1=C(N2)C=CC=C1OC1=CC=C(Cl)C=C1)C(=O)OC(C)C
11489,
11490,OC1=C2N=CC=CC2=C(Br)C=C1Br
11491,C[C@H]1O[C@H](C[C@H](OC=O)[C@@H]1OC=O)O[C@@H]1[C@@H](C)O[C@H](C[C@@H]1OC=O)O[C@@H]1[C@@H](C)O[C@H](C[C@@H]1OC=O)O[C@H]1CC[C@@]2(C)[C@H](CC[C@@H]3[C@@H]2CC[C@]2(C)[C@H]([C@H](C[C@]32O)OC=O)C2=CC(=O)OC2)C1
11492,COC1=CC=CC=C1OC(=O)C1=CC=CC=C1OC(C)=O
11493,OC(=O)C1=C(I)C(NC(=O)CCOCCOCCOCCOCCC(=O)NC2=C(I)C(C(O)=O)=C(I)C=C2I)=C(I)C=C1I
11494,[H][C@]1(O[C@H]2[C@@H](C[C@H](N)[C@@H](O[C@@]3([H])O[C@H](CN)[C@@H](O)[C@H](O)[C@H]3O)[C@@H]2O)NC(=O)[C@@H](O)CN)OC[C@](C)(O)[C@H](NC)[C@H]1O
11495,CC(C)N1CC(O)C2=C\C(=N\NC(N)=O)C(=O)C=C12
11496,C[N+]1(C)CCCCC1COC(=O)C(O)(C1=CC=CC=C1)C1=CC=CC=C1
11497,[H][C@@](O)(CBr)[C@@]([H])(O)[C@]([H])(O)[C@]([H])(O)CBr
11498,CCOC1=C(C=CC=C1)C(N)=O
11499,BrC1=CC=C2C(=O)C(C(=O)C2=C1)C1=CC=CC=C1
11500,CCN(CC)CC1=NC=CN1C1=C(C=C(C=C1)N(=O)=O)C(=O)C1=CC=CC=C1Cl
11501,NCC1=CC=C(C=C1)S(N)(=O)=O.NC(=S)NS(=O)(=O)C1=CC=C(N)C=C1
11502,NC(=N)C1=CC=C(OCCCOC2=CC=C(C=C2Br)C(N)=N)C(Br)=C1
11503,CN(C)C1=CC=C(O)C=C1
11504,CNCCCCOC1=CC=CC=C1CC1=CC=CC=C1
11505,OC(=O)C1=CC(=NC2=CC=CC=C12)C1=CC=CC=C1
11506,OC1(CCN(CCCC(=O)C2=CC=C(F)C=C2)CC1)C1=CC(=CC=C1)C(F)(F)F
11507,NC(=O)OC[C@@H]1[C@H](NC(=O)C(=N/OCC(O)=O)\C2=CSC(N)=N2)C(=O)N1S(O)(=O)=O
11508,CC1=CC=C(C=C1)C1(O)CCN(CCCC(=O)C2=CC=C(F)C=C2)CC1
11509,CCC[N@@+]12[C@H]3C[C@]45[C@H](O)[C@H]3[C@@H](C[C@H]1[C@@H]4N(C)C1=C5C=CC=C1)[C@H](CC)[C@H]2O
11510,COC1=CC=C(NS(=O)(=O)C2=CC=C(NC(C3=C(C)N(C)N(C3=O)C3=CC=CC=C3)S(O)(=O)=O)C=C2)N=N1
11511,CC(=O)OCCN1CCN(CCCN2C3=CC=CC=C3SC3=C2C=C(Cl)C=C3)CC1
11512,COC1=CC(=CC(OC)=C1OCCN1CCOCC1)C(=O)C1=CC=C(Cl)C=C1
11513,O[C@@H]([C@@H]1CCCCN1)C1=CC(O)=C(O)C=C1
11514,C([C@@H]1[C@H]([C@@H]([C@H]([C@H](O1)OC[C@@H]2[C@H]([C@@H]([C@H]([C@H](O2)OC[C@H]([C@H]([C@@H]([C@H](C=O)O)O)O)O)O)O)O)O)O)O)O
11515,C[C@@H](CC1=CC=CC=C1)NCC1=CC=CC=C1Cl
11516,[H][C@@]12CC[C@@](O)(C#C)[C@@]1(C)C=CC1=C3CCC(=O)C=C3CC[C@@]21[H]
11517,COC(CN1CCN(CC(O)C(OC)C2=CC=CC=C2)CC1)C1=CC=CC=C1
11518,CCCCCCCCCCCC[N+](CCO)(CCO)CC1=CC=CC=C1
11519,CC1=CC=CC=C1C(O)(C1CN2CCC1CC2)C1=CC=CC=C1C
11520,CCCC(=O)C1=C(O)C=C(OC)C(CC2=C(O)C(C)(C)C(O)=C(C(=O)CCC)C2=O)=C1O
11521,OCCNCCO.OC(=O)CN1C=C(I)C(=O)C(I)=C1
11522,[Cl-].[Cl-].[Fe++]
11523,
11524,CCCCC[C@@H](O)[C@@H]1[C@@H](O)C[C@@H](O)C[C@@H](O)C[C@@H](O)C[C@@H](O)C[C@@H](O)[C@@H](O)[C@H](O)\C(C)=C\C=C\C=C\C=C\C=C\[C@H](O)[C@@H](C)OC1=O
11525,CCC(C)(CC)OC(N)=O
11526,CN1C2=C(N(CC(O)=O)C=N2)C(=O)N(C)C1=O
11527,CC(N)CCCC(C)(C)O
11528,CCN(CC)CCN1C2=CC(OC)=CC=C2C2=C1[C@H]1C[C@H]3[C@H](C[C@@H](OC(=O)C4=CC(OC)=C(OC)C(OC)=C4)[C@H](OC)[C@H]3C(=O)OC)CN1CC2
11529,[Al+3].[O-]C(=O)C1=CN=CC=C1.[O-]C(=O)C1=CN=CC=C1.[O-]C(=O)C1=CN=CC=C1
11530,C=CCC1(CC=C)C(=O)NC(=O)NC1=O
11531,CC(C)CNCCOC(=O)C1=CC=CC(N)=C1
11532,COC1=CC=C2C(=O)C3=CC=CC=C3OC2=C1CN1CCCCC1
11533,OC(=O)CCC(=O)NC1=CC=C(C=C1)S(=O)(=O)NC1=NC=CS1
11534,CCN(CC)CC(C)OC(=O)[C@H]1CCCC[C@]1(O)C1CCCCC1
11535,[59Fe+3].OC(CC([O-])=O)(CC([O-])=O)C([O-])=O
11536,CC1=CC=CC=C1OCC(O)CO
11537,CCN(CC)CCOC1=CC=CC(OCCN(CC)CC)=C1OCCN(CC)CC
11538,NCCO[N+]([O-])=O
11539,[H][C@@]12CC[C@](C)(O)[C@@]1(C)CC[C@@]1([H])[C@@]2([H])CCC2=CC(=O)C=C[C@]12C
11540,[H][C@@]12CC[C@H](O)[C@@]1(C)CC[C@@]1([H])[C@@]2([H])CC[C@@]2([H])CC(=O)C[C@H](C)[C@]12C
11541,CCN(CC)CCOC(=O)C(CC1CCCO1)CC1=CC=CC2=C1C=CC=C2
11542,[Ca++].CN(C)CC(=O)OC[C@@H](O)[C@@H](O)[C@H](O)[C@@H](O)C([O-])=O.CN(C)CC(=O)OC[C@@H](O)[C@@H](O)[C@H](O)[C@@H](O)C([O-])=O
11543,CS(=O)(=O)C1=CC=C2SC3=C(C=CC=C3)N(CCCN3CCC(CC3)C(N)=O)C2=C1
11544,CCN(CC)CCN1C=NC2=C1C(=O)N(C)C(=O)N2C
11545,CS(=O)(=O)C1=CC=C(C=C1)C1=CN2C=CC=CC2=N1
11546,O.[Mg++].[Al+3].[Al+3].[O-][Si]([O-])([O-])[O-].[O-][Si]([O-])([O-])[O-]
11547,OC(=O)C1=C(O)C(=NC2=CC=CC=C12)C1=CC=CC=C1
11548,NC(=N)NC(=N)N1CCOCC1
11549,CCOCC
11550,O[As](O)(=O)C1=CC=C(NCCNC2=CC=C(C=C2)[As](O)(O)=O)C=C1
11551,[H][C@@](OC(=O)[C@]1([H])[C@]([H])(C=C(Br)Br)C1(C)C)(C#N)C1=CC(OC2=CC=CC=C2)=CC=C1
11552,NC(=O)CN1CC(O)CC1=O
11553,CCC(=O)[C@@]1(C)CC[C@H]2[C@@H]3CCC4=CC(=O)CCC4=C3CC[C@]12C
11554,[O-][N+](=O)C1=C(Cl)C=CC=C1C1=CNC=C1Cl
11555,NC(=N)NCC1CCCCCCN1
11556,CCOC(=O)C1(CCN(CCC(O)C2=CC=CC=C2)CC1)C1=CC=CC=C1
11557,C[C@H]1[C@H]2CC3=CC=C(O)C=C3[C@]1(C)CCN2CCC1=CC=CC=C1
11558,ClC1=CC=C(NC(=N)NC(=N)N2CCN(CC2)C(=N)NC(=N)NC2=CC=C(Cl)C=C2)C=C1
11559,CC(C)CCOC1=CC=C(NC(=S)NC2=CC=C(OCCC(C)C)C=C2)C=C1
11560,CCOC(=O)C1=C(CSC2=CC=CC=C2)N(C)C2=CC(Br)=C(O)C(CN(C)C)=C12
11561,CC(=O)[C@@]1(O)CC[C@H]2[C@@H]3C[C@@H](C4=CC(=O)CC[C@]4(C)[C@H]3CC[C@]12C)C(F)(F)F
11562,CC1=NC2=CC=CC=C2N1CC1=CC=C(Cl)C=C1
11563,[Ca++].NC(N)=O.CC(=O)OC1=CC=CC=C1C([O-])=O.CC(=O)OC1=CC=CC=C1C([O-])=O
11564,ClC1=CC2=C(C=C1)C(=O)NS2
11565,CC1=C(CC2=NCCN2)C2=CC=CC=C2S1
11566,O.[Na+].CCCCCCCCCCCCCCCC(=O)OC[C@H](COP([O-])(=O)OCCNC(=O)[C@H](C)NC(=O)CC[C@@H](NC(=O)[C@H](C)NC(=O)[C@@H](C)O[C@@H]([C@H](O)[C@H](O)CO)[C@@H](NC(C)=O)C=O)C(N)=O)OC(=O)CCCCCCCCCCCCCCC
11567,[H][C@]1(CCN1C(=O)[C@H](NCC(O)=O)C1CCCCC1)C(=O)NCC1=CC=C(C=C1)C(N)=N
11568,NS(=O)(=O)C1=C(Cl)C=C2CN(C3CCCCC3)C(=O)C2=C1
11569,CC(C)OC1=CC2=C(C=C1)C(=O)C(=CO2)C1=CC=CC=C1
11570,CCN(CC)CCCOC(=O)C1(C[C@@H]2CC[C@H]1C2)C1=CC=CC=C1
11571,[K+].[H][C@@](O)(CO)[C@@]([H])(O)[C@]([H])(O)[C@@]([H])(O)C([O-])=O
11572,OCOC(=O)[C@H]1O[C@H](O[C@@H]2[C@H](O)[C@@H](O)[C@@H](O[C@@H]3[C@H](O)[C@@H](O)[C@@H](O[C@@H]4[C@H](O)[C@@H](O)[C@@H](O)O[C@@H]4C(=O)OCO)O[C@@H]3C(=O)OCO)O[C@@H]2C(=O)OCO)[C@H](O)[C@@H](O)[C@H]1O
11573,C[75Se]C[C@@H]1C[C@H]2[C@@H]3CC[C@H]([C@H](C)CCCC(C)C)[C@@]3(C)CC[C@@H]2C2=C1C[C@@H](O)CC2
11574,CCOC1=CC=C2NC(SCCN3CCOCC3)=NC2=C1
11575,CNC(C)CC1=CC=CC=C1OC
11576,CC(C)(C)NCC(O)C1=CC(NC(N)=O)=C(O)C=C1
11577,O.[OH-].[OH-].[Al+3].NCC([O-])=O
11578,CCN1C=C(C(O)=O)C(=O)C2=CC3=C(OCO3)C=C12
11579,CCOC(=O)C1=CC=C(O)C=C1
11580,CCCCC1C(=O)NN(C1=O)C1=CC=CC=C1
11581,C[N+](C)(C)CCOC(CC1=CC=CC=C1)C1=CC=CC=C1
11582,CO[C@H]1[C@@H](C[C@@H]2CN3CCC4=C(NC5=CC=C(OC)C=C45)[C@H]3C[C@@H]2[C@@H]1C(=O)OC)OC(=O)C1=CC(OC)=C(OC)C(OC)=C1
11583,CCCOC(=O)C1=C(O)C(O)=C(S1)C(=O)OCCC
11584,C[C@@H]1[C@H]([C@@H]([C@@H](C(O1)OC2C/C=C/C=C/C=C/C=C\C=C/C=C/C=C/C(C(OC(=O)CC(CC(=O)CC(CC(CC(CC(CC3(CC(C(C2O3)C(=O)OC)O)O)O)O)O)O)O)C(C)CCC(CC(=O)C4=CC=C(C=C4)NC)O)C)O)N)O
11585,CCCCCCN1C(=O)N(C)C2=C(N(C)C=N2)C1=O
11586,CCOC(=O)NC1=CC2=C(CCC3=CC=CC=C3N2C(=O)CN(C)C)C=C1
11587,CN1C2=C(N(CC(O)=O)C=N2)C(=O)N(C)C1=O.CN(C)CCOC(C1=CC=CC=C1)C1=CC=CC=C1
11588,[O-][N+](=O)OCCN(CCO[N+]([O-])=O)CCN(CCO[N+]([O-])=O)CCO[N+]([O-])=O
11589,CCN1CCN(C(=O)N[C@H]([C@H](C)O)C(=O)N[C@@]2(OC)[C@H]3SCC(CSC4=NN=NN4C)=C(N3C2=O)C(O)=O)C(=O)C1=O
11590,[Fe++].O[C@H]([C@@H](O)C([O-])=O)C([O-])=O
11591,CC(=O)O[C@H]1CC[C@@]2(C)[C@@H](CC[C@]3(C)[C@@H]2C(=O)C=C2[C@@H]4C[C@](C)(CC[C@]4(C)CC[C@@]32C)C(O)=O)C1(C)C
11592,CN1C(=O)\C(=N/NC(N)=S)C2=C1C=CC=C2
11593,OC(CCN1CCCCC1)(C1=CC=CC=C1)C1=CC=CC=C1
11594,[H]\C(N1CCN(C)CC1)=C1\N=C2CN=C(C3=CC=CC=C3Cl)C3=C(C=CC(=C3)N(=O)=O)N2C1=O
11595,CC1=CC(=O)NC(=S)N1
11596,CCOC(=O)NC1=CC2=C(SC3=CC=CC=C3N2C(=O)CCN(CC)CC)C=C1
11597,
11598,
11599,[H][C@@]12C[C@@]3([H])\C(C[N@+]1(CC=C)CC[C@@]21C2=C(C=CC=C2)N2\C=C4/[C@]5([H])N(\C=C3/[C@@]12[H])C1=C(C=CC=C1)[C@@]51CC[N@@+]2(CC=C)C\C(=C\CO)[C@]4([H])C[C@@]12[H])=C/CO
11600,CC(C)N1C(=O)N=C(C2=CC=CC=C2)C2=CC=C(C)C=C12
11601,NC(CO)(CO)CO.OC[C@@H](O)[C@@H](O)[C@H](O)[C@@H](O)C(=O)O[Al](O)O
11602,CC[C@@H]1[C@@H](O)N2[C@H]3C[C@]45[C@H](OC(=O)CCl)[C@H]3[C@H]1C[C@H]2[C@@H]4N(C)C1=CC=CC=C51
11603,CCCCN(CCN(CC)CC)C(=O)C1=C2C=CC=CC2=CC=C1
11604,CC(C)N1CCC(CC1)N(C(=O)CC1=CC=CC=C1)C1=CC=C(Cl)C=C1
11605,O.[O--].[O--].[O--].[Al+3].[Al+3].O=[Si]=O.O=[Si]=O.O=[Si]=O.O=[Si]=O
11606,CCN(CC)C(=O)C1=CN=CC=C1
11607,ClC1=CC(Cl)=C2C(N3C=CN=C3)C3=CC=CC=C3CCC2=C1
11608,CC(=O)NC1=CC=C(OC(=O)C2=CC=CC=C2OC(C)=O)C=C1
11609,
11610,O=C(NC1=NC=C(S1)N(=O)=O)C1=CC=CS1
11611,[H][C@]12SC(C)(C)[C@@H](N1C(=O)[C@H]2NC(=O)C(CC)OC1=CC=CC=C1)C(O)=O
11612,[O-][N+](=O)C1=CN=C(S1)N1CCNC1=O
11613,NC(=O)OC1(CC#C)CCCCC1
11614,NS(=O)(=O)C1=CC(=C(Cl)C=C1)S(N)(=O)=O
11615,CC(=O)OCC(=O)[C@@]12OC(C)(C)O[C@@H]1C[C@H]1[C@@H]3CC(C=O)=C4C=C(CC[C@]4(C)[C@@]3(F)[C@@H](O)C[C@]21C)OCCCl
11616,COC1=CC=CC=C1N1CCN(CCCC(=O)C2=CC=C(F)C=C2)CC1
11617,[I-].C[N+]1(CCC(O)(C2=CC=CS2)C2=CC=CC=C2)CCOCC1
11618,[H][C@]12SCC(C[N+]3=C4C=CC=NN4C=C3)=C(N1C(=O)[C@H]2NC(=O)C(=N/OC)\C1=NSC(N)=N1)C([O-])=O
11619,NC1=C2CCCC2=NC2=C1CCCC2
11620,C1COCCN1
11621,CN1CCCN=C1\C=C\C1=CC=CC(O)=C1
11622,S=C1SCN(CC2=CC=CC=C2)CN1CC1=CC=CC=C1
11623,CC(N(C)C)C(=O)N1C2=CC=CC=C2SC2=CC=CC=C12
11624,[H][C@]1(N)C[C@@]([H])(N)[C@]([H])(O[C@@]2([H])O[C@]([H])(CO)[C@@]([H])(O)[C@]([H])(N)[C@@]2([H])O)[C@@]([H])(O)[C@]1([H])O[C@@]1([H])O[C@]([H])(CN)[C@@]([H])(O)[C@]([H])(O)[C@@]1([H])N
11625,OC(=O)CN1C2=CC=CC=C2C(=O)C2=CC=CC=C12
11626,CC1=CC=C(C=C1N)S(=O)(=O)NC(=O)NC1CCCCC1
11627,ClC1=CC2=C(CCC3=CC=CC=C3N2CCCN2CCC3(CC2)N2CCCCC2NC3=O)C=C1
11628,COC(COC(N)=O)C1=C(N2CC2)C(=O)C(C)=C(N2CC2)C1=O
11629,O=C(OCCN1CCCCC1)C1(CCCCC1)C1CCCCC1
11630,CN(C)CC[C@@H](C1=CC=C(Cl)C=C1)C1=CC=CC=N1
11631,NC(=O)N\N=C1/C=CC2=CC=CC=C2C1=O
11632,CCCCN(CCCC)CCNC1=NC(=NO1)C1=CC=CC=C1
11633,[H][C@]12SCC(C[N+]3=C4CCCC4=CC=C3)=C(N1C(=O)[C@H]2NC(=O)C(=N/OC)\C1=CSC(N)=N1)C([O-])=O
11634,CCCCC1=CC2=CC=CC=C2C(OCCN(C)C)=N1
11635,C\C(N1C=CN=C1)=C(\OCCOC1=CC=C(Cl)C=C1)C1=C(Cl)C=C(Cl)C=C1
11636,C[C@]12CC[C@H]3[C@@H](CC=C4C=C(CC[C@H]34)OC3CCCC3)[C@@H]1CC[C@@]2(O)C#C
11637,COC(C(=O)N[C@H]1[C@H]2SC(C)(C)[C@@H](N2C1=O)C(O)=O)C1=CC=C(Cl)C(Cl)=C1
11638,CC(CCN1CCN(CC1)C1=CC=C(F)C=C1)NC(=O)C1=CN=CC=C1
11639,COC1C(C(OC1N2C=CC(=O)NC2=O)COP(=S)(O)OC3C(OC(C3OC)N4C=CC(=NC4=O)N)COP(=S)(O)OC5C(OC(C5OC)N6C=CC(=O)NC6=O)COP(=S)(O)OC7C(OC(C7OC)N8C=CC(=O)NC8=O)COP(=S)(O)OC9C(OC(C9OC)N1C=CC(=O)NC1=O)COP(=S)(O)OC1C(OC(C1OC)N1C=NC2=C(N=CN=C21)N)COP(=S)(O)OC1C(OC(C1OC)N1C=CC(=NC1=O)N)COP(=S)(O)OC1C(OC(C1OC)N1C=NC2=C1N=C(NC2=O)N)COP(=S)(O)OC1C(OC(C1OC)N1C=NC2=C1N=C(NC2=O)N)COP(=S)(O)OC1C(OC(C1OC)N1C=CC(=O)NC1=O)COP(=S)(O)OC1C(OC(C1OC)N1C=NC2=C(N=CN=C21)N)COP(=S)(O)OC1C(OC(C1OC)N1C=NC2=C1N=C(NC2=O)N)COP(=S)(O)OC1C(OC(C1OC)N1C=NC2=C(N=CN=C21)N)COP(=S)(O)OC1C(OC(C1OC)N1C=NC2=C(N=CN=C21)N)COP(=S)(O)OC1C(OC(C1OC)N1C=NC2=C1N=C(NC2=O)N)COP(=O)(OC1C(OC(C1OC)N1C=NC2=C1N=C(NC2=O)N)COP(=S)(O)OC1C(OC(C1OC)N1C=NC2=C(N=CN=C21)N)COP(=S)(O)OC1C(OC(C1OC)N1C=NC2=C(N=CN=C21)N)COP(=S)(O)OC1C(OC(C1OC)N1C=CC(=NC1=O)N)COP(=S)(O)OC1C(OC(C1OC)N1C=CC(=O)NC1=O)CO)S)O
11640,CC(C)[C@H](O)CC[C@@H](C)[C@H]1CC[C@H]2\C(CCC[C@]12C)=C\C=C1\C[C@@H](O)C[C@H](O)C1=C
11641,C=COC=C
11642,C[C@H]1O[C@H](C[C@H](OC(C)=O)[C@@H]1O)O[C@H]1[C@@H](O)C[C@H](O[C@H]2[C@@H](O)C[C@H](O[C@H]3CC[C@@]4(C)[C@H](CC[C@@H]5[C@@H]4C[C@@H](O)[C@]4(C)[C@H](CC[C@]54O)C4=CC(=O)OC4)C3)O[C@@H]2C)O[C@@H]1C
11643,COC1=CC(C[C@@H]2NCCC3=CC(O)=C(O)C=C23)=CC(OC)=C1OC
11644,[H][C@]12SC(C)(C)[C@@H](N1C(=O)[C@H]2NC(=O)[C@@H](C1=CC=CC=C1)S(O)(=O)=O)C(O)=O
11645,CN(CCCCCCN(C)C(=O)OC1=C[N+](C)=CC=C1)C(=O)OC1=C[N+](C)=CC=C1
11646,CC[N+](C)(CC)CCOC(=O)C(O)(C1CCCC1)C1=CC=CS1
11647,OC1=CC=C(Br)C=C1C(=O)NC1=CC=C(Cl)C=C1
11648,NC(=N)NN=C1C=CC(C=C1)=NNC(N)=S
11649,[Fe++].[O-]C([O-])=O
11650,NC(=S)NS(=O)(=O)C1=CC=C(N)C=C1
11651,
11652,CNC(=O)CNC(=O)C1=C(I)C(C(O)=O)=C(I)C(NC(C)=O)=C1I
11653,[I-].CC[N+](C)(CC)CCSC1=NC2=CC=CC=C2N=C(C1)C1=CC=C(SC2=CC=CC=C2)C=C1
11654,[H][C@@](C)(N)CC1=CC(O)=CC=C1
11655,CCC1C(=O)N2CCCC2C(=O)N(C(C(=O)N3CCC(=O)CC3C(=O)NC(C(=O)OC(C(C(=O)N1)NC(=O)C4=C(C=CC=N4)O)C)C5=CC=CC=C5)CC6=CC=CC=C6)C.CC1/C=C\C(=O)NC/C=C\C(=C/C(CC(=O)CC2=NC(=CO2)C(=O)N3CCC=C3C(=O)OC1C(C)C)O)\C
11656,[Cl-].[Cl-].CC(C)[C@@H]1CC[C@@H](C)C[C@H]1OC(=O)C[N+](C)(C)CCCCCCCCCC[N+](C)(C)CC(=O)O[C@@H]1C[C@H](C)CC[C@H]1C(C)C
11657,[Na+].[Na+].[O-]C(=O)C1=C(C=CC=C1)C1=C2C=C(Br)C(=O)C(Br)=C2OC2=C1C=C(Br)C([O-])=C2Br
11658,[Na+].[Na+].O[C@H]([C@@H](O)C([O-])=O)C([O-])=O
11659,NS(=O)(=O)C1=C(Cl)C=C2NC(NC(=O)C2=C1)C1=CC=CC=C1
11660,C[C@@H]1C[C@H](CC(C)(C)C1)OC(=O)C1=CC=CN=C1
11661,[H][C@]1(O)CC[C@@]2([H])[C@]3([H])CC[C@@]4([H])CC(=O)C=C(C)[C@]4(C)[C@@]3([H])CC[C@]12C
11662,CCOC1=C(OCC)C(OCC)=C(N)C2=C1C(OC2=O)C1N(C)CCC2=CC3=C(OCO3)C(OC)=C12
11663,CCOC(=S)SSC(=S)OCC
11664,OC(C1CN2CCC1CC2)(C1=CC=CC=C1)C1=CC=CC=C1
11665,CC1=CC(O)=C(C=C1C)[C@H]1C[C@@H]2CC[C@@]1(C)C2(C)C
11666,COC1=CC(=CC(OC)=C1OC)C(=O)OCCCN1CCCN(CCCOC(=O)C2=CC(OC)=C(OC)C(OC)=C2)CC1
11667,CCCCOC(=O)C1=CC=CC=C1C(=O)OCCCC
11668,CC(C)=CC1C(C(=O)OCC2=CC=CC(OC3=CC=CC=C3)=C2)C1(C)C
11669,CC[C@H]1C[N@@]2CC[C@H]1C[C@H]2[C@H](O)C1=C2C=C(OC)C=CC2=NC=C1
11670,O=N(=O)OCCN(CCON(=O)=O)CCON(=O)=O
11671,C[N+]1(C)CCC(CC1)=C(C1=CC=CC=C1)C1=CC=CC=C1
11672,CC1(C)C(C=C(Cl)Cl)C1C(=O)OC(C#N)C1=CC=CC(OC2=CC=CC=C2)=C1
11673,CC(C(O)=O)C1=CC(Cl)=C(C=C1)N1CC=CC1
11674,C[N+](C)(C)NCCC([O-])=O
11675,CSCC1CN(\N=C\C2=CC=C(O2)[N+]([O-])=O)C(=O)O1
11676,CC(CC(C1=CC=CC=C1)C1=CC=CC=C1)NC(C)(C)C
11677,NC(=N)NS(=O)(=O)C1=CC=C(N)C=C1
11678,C=CCN1CC2=CC=CC=C2C2=CC=CC=C2C1
11679,C[C@@H]1C[C@H]2[C@@H]3C[C@H](F)C4=CC(=O)C(Cl)=C[C@]4(C)[C@@]3(F)[C@@H](O)C[C@]2(C)[C@@]1(O)C(=O)CO
11680,CN(C)C(=O)COC(=O)CC1=CC=C(OC(=O)C2=CC=C(NC(N)=N)C=C2)C=C1
11680,CN(C)C(=O)COC(=O)CC1=CC=C(OC(=O)C2=CC=C(NC(N)=N)C=C2)C=C1
11681,OCN1C(=O)CN(\N=C\C2=CC=C(O2)[N+]([O-])=O)C1=O
11682,CCC(C(=O)OCCOCCN(CC)CC)C1=CC=CC=C1
11683,O[Sb](=O)=O.CNC[C@H](O)[C@@H](O)[C@H](O)[C@H](O)CO
11684,CCC(C)(O)C#C
11685,
11686,
11687,CC(C)C1=CC=CC=C1OCC1=NCCN1
11688,CCC1(C(=O)NC(=O)NC1=O)C1=CCCCC1
11689,CCN(CC)CCNC(C(=O)OCCC(C)C)C1=CC=CC=C1
11690,[H][C@]12SC(C)(C)[C@@]([H])(N1C(=O)[C@@]2([H])NC(=O)CC1=CC=CC=C1)C(=O)OCOC(C)=O
11691,CCC1(C)CC(=O)NC(=O)C1
11692,OC(=O)C1=C(I)C(NC(=O)COCC(=O)NC2=C(I)C=C(I)C(C(O)=O)=C2I)=C(I)C=C1I
11693,[H]OC(=O)C([H])([H])C([H])([H])C([H])(N([H])C(=O)C([H])(N([H])C(=O)C([H])(N([H])C(=O)C([H])(N([H])C(=O)C([H])(N([H])C(=O)C([H])([H])N([H])C(=O)C([H])(N([H])C(=O)C([H])(N([H])C(=O)C1([H])N([H])C(=O)C([H])(N([H])C(=O)C([H])(N([H])C(=O)C([H])(N([H])C(=O)C([H])(N([H])C(=O)C([H])(N([H])[H])C([H])([H])OC(=O)C([H])([H])C([H])([H])C([H])([H])C([H])([H])C1([H])[H])C([H])([H])C(=O)N([H])[H])C([H])([H])C([H])(C([H])([H])[H])C([H])([H])[H])C([H])([H])O[H])C([H])(O[H])C([H])([H])[H])C([H])(C([H])([H])[H])C([H])([H])[H])C([H])([H])C([H])(C([H])([H])[H])C([H])([H])[H])C([H])([H])C([H])([H])C([H])([H])C([H])([H])N([H])[H])C([H])([H])C([H])(C([H])([H])[H])C([H])([H])[H])C([H])([H])O[H])C([H])([H])C([H])([H])C(=O)N([H])[H])C(=O)N([H])C([H])(C(=O)N([H])C([H])(C(=O)N([H])C([H])(C(=O)N([H])C([H])(C(=O)N([H])C([H])(C(=O)N([H])C([H])(C(=O)N([H])C([H])(C(=O)N1C([H])([H])C([H])([H])C([H])([H])C1([H])C(=O)N([H])C([H])(C(=O)N([H])C([H])(C(=O)N([H])C([H])(C(=O)N([H])C([H])(C(=O)N([H])C([H])([H])C(=O)N([H])C([H])(C(=O)N([H])C([H])([H])C(=O)N([H])C([H])(C(=O)N1C([H])([H])C([H])([H])C([H])([H])C1([H])C(=O)N([H])[H])C([H])(O[H])C([H])([H])[H])C([H])([H])[H])C([H])(C([H])([H])[H])C([H])([H])[H])C([H])([H])C(=O)O[H])C([H])(O[H])C([H])([H])[H])C([H])([H])C([H])([H])C([H])([H])N([H])C(=N[H])N([H])[H])C([H])([H])C1=C([H])C([H])=C(O[H])C([H])=C1[H])C([H])(O[H])C([H])([H])[H])C([H])([H])C([H])([H])C(=O)N([H])[H])C([H])([H])C([H])(C([H])([H])[H])C([H])([H])[H])C([H])([H])C([H])([H])C([H])([H])C([H])([H])N([H])[H])C([H])([H])C1=C([H])N=C([H])N1[H])C([H])([H])C([H])(C([H])([H])[H])C([H])([H])[H]
11694,O.O.[Na+].[Na+].[Na+].[Au+].[O-]S([S-])(=O)=O.[O-]S([S-])(=O)=O
11695,CCN1C=C(C(O)=O)C(=O)C2=CN=C(N=C12)N1CCCC1
11696,[Br-].[Br-].CC1=C(N(\N=N\N2C3=CC=CC=[N+]3C(C)=C2C2=CC=CC=C2)C2=CC=CC=[N+]12)C1=CC=CC=C1
11697,CC(C)=CC1C(C(=O)OC2CC(=O)C(CC=C)=C2C)C1(C)C
11698,OCCN(CCO)CCO
11699,OC(=O)C1CSC(N1)C(O)=O.N[C@@H](CCCNC(N)=N)C(O)=O
11700,O.O.[Mg++].OC[C@@H](O)[C@@H](O)[C@H](O)[C@@H](O)C([O-])=O.OC[C@@H](O)[C@@H](O)[C@H](O)[C@@H](O)C([O-])=O
11701,O\N=C\C1=CC=[N+](COC[N+]2=CC=C(\C=N\O)C=C2)C=C1
11702,[H][C@@]12C[C@](C)(CC[C@]1(C)CC[C@]1(C)C2=CC(=O)[C@]2([H])[C@@]3(C)CC[C@H](O[C@H]4O[C@@H]([C@@H](O)[C@H](O)[C@H]4O[C@@H]4O[C@@H]([C@@H](O)[C@H](O)[C@H]4O)C(O)=O)C(O)=O)C(C)(C)[C@]3([H])CC[C@@]12C)C(O)=O
11703,CC(C)=CC1C(C(=O)OCN2C(=O)C3=C(CCCC3)C2=O)C1(C)C
11704,O=C(OCCN1CCCCCC1)C(C1CCCCC1)C1=CSC=C1
11705,COC1=C(OCC2CNC(=O)O2)C=CC=C1
11706,CNC(=O)C1=C(I)C(C(O)=O)=C(I)C(NC(=O)CCCCC(=O)NC2=C(I)C(C(O)=O)=C(I)C(C(=O)NC)=C2I)=C1I
11707,CO[C@@H]1[C@@H](O)[C@H](C)O[C@@H](O[C@H]2CC[C@@]3(C=O)[C@H](CC[C@@H]4[C@@H]3CC[C@]3(C)[C@H](CC[C@]43O)C3=CC(=O)OC3)C2)[C@H]1O
11708,OC(CNCCNC(=O)CC1=CC=C(O)C=C1)COC1=CC=CC=C1C#N
11709,CN(C)CCOC(=O)COC1=CC=C(Cl)C=C1
11710,C[N+]1(CCC(C(N)=O)(C2=CC=CC=C2)C2=CC=CC=C2)CCCCC1
11711,CN(C)CC1=CC=C(CSCCNC(NCC2=CC=C3OCOC3=C2)=C[N+]([O-])=O)O1
11712,
11713,COCCCOC1=CC=NC(C[S@@](=O)C2=NC3=CC=CC=C3N2)=C1C
11714,[Na+].[Au+].OC(C[S-])CS([O-])(=O)=O
11715,C[C@@H]1O[C@@H](OC[C@H]2O[C@@H](OC3=C(OC4=CC(OCCO)=CC(O)=C4C3=O)C3=CC=C(O)C(O)=C3)[C@H](O)[C@@H](O)[C@@H]2O)[C@H](O)[C@H](O)[C@H]1O
11716,Cl[Hg]Cl
11717,CC1=CC=CC(C)=C1NC(=O)CN1CCN(CCCC(C2=CC=C(F)C=C2)C2=CC=C(F)C=C2)CC1
11718,CN1N=NC2=CC=C(C=C12)[C@@H](N1C=NC=N1)C1=CC=C(Cl)C=C1
11719,OCC1COC(CI)O1
11720,[I-].CC[N+](C)(CC)CCOC(C1=CC=CC=C1)C1=CC=CC=C1
11721,CCCC(C)C1(C=C)C(=O)NC(=O)NC1=O
11722,[Na+].[Fe+3].[O-]C(=O)CC([O-])(CC([O-])=O)C([O-])=O
11723,CN1CCN(CC1)C1=C(F)C=C2C(=O)C(=CN3CCSC1=C23)C(O)=O
11724,COC1=NN=C(NS(=O)(=O)C2=CC=C(N)C=C2)C=C1
11725,CCCCCCCCCCCCCC[N+](C)(C)CC1=CC=CC=C1
11726,CC(C)(C)NCC(O)COC1=CC=CC2=C1SCCC2
11727,NC1=NC(=O)N(C=C1I)[C@H]1C[C@H](O)[C@@H](CO)O1
11728,CC(C)NC[C@H](O)COC1=CC=C(O)C=C1
11729,CC1=NN=C(SCC2=C(N3[C@H](SC2)[C@H](NC(=O)CN2C=C(Cl)C(=O)C(Cl)=C2)C3=O)C(O)=O)S1
11730,NC(=N)NNCCOC1=C(Cl)C=CC=C1Cl
11731,[OH-].[Al+3].CC(C)(OC1=CC=C(Cl)C=C1)C([O-])=O.CC(C)(OC1=CC=C(Cl)C=C1)C([O-])=O
11732,OC(CNCCNC(=O)N1CCOCC1)COC1=CC=C(O)C=C1
11733,CN(C)(=O)CCCN1C2=CC=CC=C2CCC2=CC=CC=C12
11734,COC1=CC2=C(C=C1)N(C(=O)C1=CC=C(Cl)C=C1)C(C)=C2CC(=O)OCC(O)=O
11735,CC(CN1CCN(CCOCCO)CC1)CN1C2=CC=CC=C2SC2=CC=CC=C12
11736,OCC(O)CN1CCN(CC1)C1=CC=CC=C1
11737,[Mg++].[O-]C(=O)C1=CC(=O)NC(=O)N1.[O-]C(=O)C1=CC(=O)NC(=O)N1
11738,CCOC(=O)[C@@]1(CCC=C[C@H]1N(C)C)C1=CC=CC=C1
11739,CC1=CC=CC=C1CN1CCN(CCOC(C2=CC=CC=C2)C2=CC=CC=C2Cl)CC1
11740,[Al+3].CC([O-])=O.O[C@H]([C@@H](O)C([O-])=O)C([O-])=O
11741,ClC1=CC=C(OCC(=O)N2CCN(CC3=CC4=C(OCO4)C=C3)CC2)C=C1
11742,OC1(CCN(CCCC(C2=CC=C(F)C=C2)C2=CC=C(F)C=C2)CC1)C1=CC(=C(Cl)C=C1)C(F)(F)F
11743,C[C@H]1CCC[C@@H](C)N1NC(=O)C1=CC=C(Cl)C(=C1)S(N)(=O)=O
11744,[H][C@]12N3CCC[C@@]1(CC)CC(=O)N1C4=CC=CC=C4C(CC3)=C21
11745,CN(C)CCOCCOC(=O)N1C2=CC=CC=C2SC2=CC=CC=C12
11746,COC1=CC(CC2=CN=C(N)N=C2N)=CC(OC)=C1Br
11747,CC(C)(C)C1=CC=C2C(C=CC(=C2S(O)(=O)=O)C(C)(C)C)=C1
11748,CC(C)CCC[C@@H](C)[C@H]1CC[C@H]2[C@@H]3CC=C4C[C@@H](O)CC[C@]4(C[131I])[C@H]3CC[C@]12C
11749,CC[C@H](C)[C@@H]1NC(=O)[C@H](CC2=CC=C(O)C=C2)NC(=O)CCSSC[C@H](NC(=O)[C@H](CC(N)=O)NC(=O)[C@H](CCC(N)=O)NC1=O)C(=O)N1CCC[C@H]1C(=O)N[C@@H](CC(C)C)C(=O)NCC(N)=O
11750,CCN1C(=O)OC(C)(C)C1=O
11751,[Ca++].CC(=O)CCC([O-])=O.CC(=O)CCC([O-])=O
11752,CC(N1N=C(N)CC1=O)C1=CC(Cl)=C(Cl)C=C1
11753,CC1(C)O[C@@]2(C)[C@@H](O)C[C@@H]1C[C@H]2O
11754,CC1=CC=CC(C)=C1NC(=O)C1=CC(=C(Cl)C=C1O)S(N)(=O)=O
11755,O=C1NC(=S)NC(CC2=CC=CC=C2)=C1
11756,CCC1(C(=O)NC(=O)NC1=O)C1=CC2CCC(C2)C1
11757,O=C1N(C2=CC=CC=C2C1(CC1=CC=NC=C1)CC1=CC=NC=C1)C1=CC=CC=C1
11758,S=C1N=CNC2=C1C=NN2
11759,CN1CCC2=C(C1)C1=CC=CC=C1N2CC1=CC=CC=C1
11760,
11761,CN1CC[C@@]23CCCC[C@@H]2[C@@H]1CC1=CC=C(C)C=C31
11762,CC1=CN(C(=O)NC1=O)[C@H]2C[C@@H]([C@H](O2)COP(=O)(O[C@H]3C[C@@H](O[C@@H]3COP(=S)(O)O[C@H]4C[C@@H](O[C@@H]4COP(=S)(O)O[C@H]5C[C@@H](O[C@@H]5COP(=S)(O)O[C@H]6C[C@@H](O[C@@H]6COP(=S)(O)O[C@H]7C[C@@H](O[C@@H]7COP(=S)(O)O[C@H]8C[C@@H](O[C@@H]8COP(=S)(O)O[C@H]9C[C@@H](O[C@@H]9COP(=S)(O)O[C@H]1C[C@@H](O[C@@H]1COP(=S)(O)O[C@H]1C[C@@H](O[C@@H]1COP(=S)(O)O[C@H]1C[C@@H](O[C@@H]1COP(=S)(O)O[C@H]1C[C@@H](O[C@@H]1COP(=S)(O)O[C@H]1C[C@@H](O[C@@H]1COP(=S)(O)O[C@H]1C[C@@H](O[C@@H]1COP(=S)(O)O[C@H]1C[C@@H](O[C@@H]1COP(=S)(O)O[C@H]1C[C@@H](O[C@@H]1COP(=S)(O)O[C@H]1C[C@@H](O[C@@H]1COP(=S)(O)O[C@H]1C[C@@H](O[C@@H]1CO)N1C=C(C(=O)NC1=O)C)N1C=CC(=NC1=O)N)N1C=C(C(=O)NC1=O)C)N1C=CC(=NC1=O)N)N1C=CC(=NC1=O)N)N1C=CC(=NC1=O)N)N1C=NC2=C(N=CN=C21)N)N1C=NC2=C1N=C(NC2=O)N)N1C=CC(=NC1=O)N)N1C=NC2=C1N=C(NC2=O)N)N1C=C(C(=O)NC1=O)C)N1C=NC2=C1N=C(NC2=O)N)N1C=CC(=NC1=O)N)N1C=NC2=C1N=C(NC2=O)N)N1C=CC(=NC1=O)N)N1C=CC(=NC1=O)N)N1C=NC2=C(N=CN=C21)N)S)O
11763,CC(C)(N)CO.CN1C2=C(N=CN2)C(=O)N(C)C1=O
11764,[H]C(I)(I)I
11765,CC1(C)S[C@@H]2[C@H](NC(=O)[C@H](N)C3=CC=CC=C3)C(=O)N2[C@H]1C(=O)OC1OC(=O)C2=CC=CC=C12
11766,CCN(CC)CCOC(=O)C1=CC=CC(=C1O)C1=CC=CC=C1
11767,CNC(=O)C[C@@H](N)C(=O)N[C@@H](C(=O)N[C@H]1[C@H]2SC(C)(C)[C@@H](N2C1=O)C(O)=O)C1=CC=C(O)C=C1
11768,CCC(Br)(CC)C(=O)NC(N)=O
11769,[OH-].[Bi+3].[O-]C1=C([O-])C(Br)=C(Br)C(Br)=C1Br
11770,CCC(C1=NOC(CCN(CC)CC)=N1)C1=CC=CC=C1
11771,CC(CN(C)C)CN1C2=CC=CC=C2S(=O)(=O)C2=CC=CC=C12
11772,OC(=O)C1=C(CSC2=NN=CS2)CS[C@@H]2[C@H](NC(=O)CN3C=NN=N3)C(=O)N12
11773,COC1=CC2=C(SC3=CC=CC=C3C2(O)CCCN(C)C)C=C1
11774,CCN1C=C(C(O)=O)C(=O)C2=CN=C(N=C12)N1CCNCC1
11775,COC(=O)CCC=C=CC[C@H]1[C@H](\C=C\[C@H](O)COC2=CC=CC=C2)[C@@H](O)CC1=O
11776,CC(CCN1CCOCC1)OC(=O)C1(CCOCC1)C1=CC=CC=C1
11777,CCCC(O)C(CC)CO
11778,C1CC2=C(C1)C(NC1=NCCN1)=CC=C2
11779,CC1(C)C(C=C(Cl)Cl)C1C(=O)OC(C#N)C1=CC=C(F)C(OC2=CC=CC=C2)=C1
11780,[Ca++].O[Si](O)(O)[O-].O[Si](O)(O)[O-]
11781,[Cu++].CC(=O)C1C(=O)C=C2OC3=C(C(C)=O)C([O-])=C(C)C([O-])=C3C2(C)C1=O
11782,[K+].[O-][Mn](=O)(=O)=O
11783,CO[C@H]1O[C@H](CNC(=O)N(CCCl)N=O)[C@@H](O)[C@H](O)[C@H]1O
11784,C[N+]1(C)[C@H]2CC[C@@H]1C[C@@H](C2)OC(=O)C(CO)C1=CC=CC=C1
11785,[OH-].OB(O)[O-].[Hg+]C1=CC=CC=C1.[Hg+]C1=CC=CC=C1
11786,CCN(CC)CCN1C(=O)C(CC2=CC=C(OC)C=C2)=NC2=CC=CC=C12
11787,[H][C@]12SC(C)(C)[C@@H](N1C(=O)[C@H]2NC(=O)[C@H](N=C)C1=CC=CC=C1)C(O)=O
11788,OCCN1C2=C(C=C(Cl)C=C2)C(=NC(O)C1=O)C1=CC=CC=C1F
11789,CNC(=S)NCO
11790,CC(=O)OC1=CC=CC(C(O)=O)=C1OC(C)=O
11791,CC(CN1C2=CC=CC=C2SC2=C1C=CC=C2)[N+](C)(C)CCO
11792,[H]C(CCN1CCN(CCO)CC1)=C1C2=C(SC3=C1C=C(Cl)C=C3)C=CC=C2
11793,CN1C2=C(N(CCOC(=O)C3=CC=CN=C3)C=N2)C(=O)N(C)C1=O
11794,[H][C@@]12CC[C@](O)(C(=O)CO)[C@@]1(C)C[C@]([H])(O)[C@@]1([H])[C@@]2([H])C=C(Cl)C2=CC(=O)C=C[C@]12C
11795,CC[N+]1(C)CCCC(C1)OC(=O)C(O)(C1=CC=CC=C1)C1=CC=CC=C1
11796,CCN(CC)CCOC1=CC=CC=C1C(=O)CCC1=CC=CC=C1
11797,ClC1=CC=C(CC(=CCN2CCCC2)C2=CC=CC=C2)C=C1
11798,[S--].[S--].[S--].[S--].[S--].[S--].[S--].[186Re].[186Re]
11799,N[C@@H](CC1=CC(O)=C(O)C=C1[18F])C(O)=O
11800,CN(C)C(=O)CCCOC(=O)C(C)(C)OC1=CC=C(Cl)C=C1
11801,COC1CC(C[N+](C)(C)C1)=C(C1=CC=CS1)C1=CC=CS1
11802,[H][C@@]12CC[C@@H](C)[C@]3([H])CC[C@@]4(C)OO[C@@]13[C@]([H])(O[C@H](OCC)[C@@H]2C)O4
11803,CC(CC1=CC=CC=C1)NCCCCl
11804,COC1=CC=C(C=C1)C1=CC(=S)SS1
11805,CCCCC\C=C/C\C=C/C\C=C/CCCCC(O)=O
11806,OC1=CC=C(C=C1)C(=O)N\N=C\C1=CC=C(O1)[N+]([O-])=O
11807,C[C@]12C[C@H](Cl)[C@@]3(Cl)[C@@H](C[C@H](F)C4=CC(=O)C=C[C@]34C)[C@@H]1C[C@@H](O)[C@]2(O)C(=O)CO
11808,[H][C@@]12CC[C@](C)(C(C)=O)[C@@]1(C)CCC1=C3CCC(=O)C=C3CC[C@@]21[H]
11809,CCN(CC)CCOC1=CC2=C(C=C1)N=C(S2)N(C)C
11810,N1C=CN=C1.OC(=O)C1=CC=CC=C1O
11811,COCC(O)CN(C(C)=O)C1=C(I)C(C(=O)NCC(O)CO)=C(I)C(C(=O)NCC(O)CO)=C1I
11812,[Mg++].[Mg++].[Mg++].[O-]P([O-])([O-])=O.[O-]P([O-])([O-])=O
11813,[H][C@@](O)(COP(O)(O)=O)[C@@]([H])(O)[C@]([H])(O)C(=O)COP(O)(O)=O
11814,
11815,[H][C@@]12CC(C[C@H]3NCCC4=C3C=C(OC)C(OC)=C4)=C(CC)CN1CCC1=C2C=C(OC)C(OC)=C1
11816,[H][C@@]12CC[C@@](O)(C#C)[C@@]1(C)CC[C@]1([H])[C@@]3([H])CC[C@H](O)C=C3CC[C@@]21[H]
11817,[H][C@@]12C[C@@H](C)[C@](O)(C(=O)SCF)[C@@]1(C)C[C@H](O)[C@@]1(F)[C@@]2([H])C[C@H](F)C2=CC(=O)C=C[C@]12C
11818,NC1=C2N=CN(CCOCP(O)(O)=O)C2=NC=N1
11819,COC1=C(O)C(\C=N\C2=CC=C(C)C=C2)=CC=C1
11820,CCCS(=O)C1=CC=C2NC(NC(=O)OC)=NC2=C1
11821,CN1C2=C(C=C(Cl)C=C2)C(=NC(O)C1=O)C1=CC=CC=C1Cl
11822,CC(C)(OC1=CC=C(C=C1)C(=O)C1=CC=C(Cl)C=C1)C(O)=O
11823,CC(C)(O)CNC1=NC(=NC(NC2=CC(=NC=C2)C(F)(F)F)=N1)C1=NC(=CC=C1)C(F)(F)F
11824,COC1=CC2=C(C=C1)C1=C(N2)C(C)=NCC1
11825,COC1=CC2=C(OC(=C2)C2CCNCC2)C(Br)=C1
11826,NC(=O)C1=CC(=C(I)C=C1)[N+]([O-])=O
11827,CO[C@H](C)[C@H](NC(=O)OC)C(=O)N1CCC[C@H]1C1=NC2=C(N1)C=C(F)C(=C2)[C@H]1CC[C@@H](N1C1=CC(F)=C(N2CCC(CC2)C2=CC=C(F)C=C2)C(F)=C1)C1=CC2=C(NC(=N2)[C@@H]2CCCN2C(=O)[C@@H](NC(=O)OC)[C@@H](C)OC)C=C1F
11828,[H][C@@]12CN(C(=O)[C@@]([H])(NC(=O)O[C@]3([H])CCC[C@@]3([H])OC\C=C\C(F)(F)C3=NC4=C(C=CC=C4)N=C3O1)C(C)(C)C)[C@@]([H])(C2)C(=O)N[C@@]1(C[C@H]1C(F)F)C(=O)NS(=O)(=O)C1(C)CC1
11829,CC(=O)O[C@@H](CC(=O)[O-])C[N+](C)(C)C
11830,COC(=O)C1=CN=CC=C1
11831,
11832,
11833,
11834,
11835,
11836,
11837,
11838,
11839,
11840,
11841,
11842,
11843,
11844,COC(=O)[C@@H]1C2=C(C3=C(O1)C=CC(=C3)F)NC(=O)N=C2
11845,
11846,
11847,
11848,
11849,
11850,
11851,
11852,
11853,
11854,
11855,
11856,CCCCCC1=CC=C(C)C=C1O
11857,O[Bi]1OC2=CC(=CC(O)=C2O1)C(O)=O
11858,[Bi+3].CCCC(CCC)C([O-])=O.CCCC(CCC)C([O-])=O.CCCC(CCC)C([O-])=O
11859,[Na+].[Na+].[O-]C(=O)C1=C(Cl)C(Cl)=C(Cl)C(Cl)=C1C1=C2C=C(Br)C(=O)C(Br)=C2OC2=C1C=C(Br)C([O-])=C2Br
11860,CO[C@H]1[C@H](OC(=O)C2=CC=C(C)N2)[C@H](O)[C@@H](OC2=C(C)C3=C(C=C2)C(O)=C(NC(=O)C2=C(C)C(=CN2)C(=O)NC2=C(O)C4=C(OC2=O)C(C)=C(O[C@H]2OC(C)(C)[C@@H](OC)[C@H](OC(=O)C5=CC=C(C)N5)[C@@H]2O)C=C4)C(=O)O3)OC1(C)C
11861,
11862,[H][C@@]1([C@@H](O)[C@](CC)(CCCC)CS(=O)(=O)C2=CC=C(C=C12)N(C)C)C1=CC=CC(NC(=O)N[C@@H]2O[C@H](COS(O)(=O)=O)[C@@H](O)[C@H](OCC3=CC=CC=C3)[C@H]2O)=C1
11863,
11864,NC1=C2C(=CN([C@@H]3O[C@H](CO)[C@@H](O)[C@H]3O)C2=NC=N1)C#N
11865,CNCCC1=CC(O)=C(O)C=C1
11866,COC(=O)C(C)OC1=CC=C(OC2=C(Cl)C=C(Cl)C=C2)C=C1
11867,CCOC1=NC2=CC=CC(C(O)=O)=C2N1CC1=CC=C(C=C1)C1=CC=CC=C1C1=NN=NN1
11868,CC(C)[C@H](N)C(=O)O[C@@H]1[C@@H](CO)O[C@@H](N2C=CC(N)=NC2=O)[C@]1(C)O
11869,C[C@@]1(O)[C@H](O)[C@@H](CO)O[C@H]1N1C=CC(N)=NC1=O
11870,
11870,CC1=CC2CC3=C(C=CC(=O)N3)[C@@]4(C1)[C@@H]2CCCN4C(=O)CN(C)CCCCCCN(C)CC(=O)N5CCC[C@H]6[C@@]57CC(=CC6CC8=C7C=CC(=O)N8)C
11871,
11872,[68Ga+3].C[C@@H](O)[C@H](NC(=O)[C@@H]1CSSC[C@H](NC(=O)[C@@H](CC2=CC=CC=C2)NC(=O)CN2CCN(CC([O-])=O)CCN(CC([O-])=O)CCN(CC([O-])=O)CC2)C(=O)N[C@@H](CC2=CC=C(O)C=C2)C(=O)N[C@H](CC2=CNC3=C2C=CC=C3)C(=O)N[C@@H](CCCCN)C(=O)N[C@@H]([C@@H](C)O)C(=O)N1)C(O)=O
11873,
11874,BrC1=CC=CC(=C1)C1=NNC(=C1)C1=CC2=C(OCO2)C=C1
11875,CC[C@H](C)[C@H](NC(=O)[C@H](CC1=CC=CC=C1)NC(=O)[C@H](CCC(O)=O)NC(=O)[C@H](CCCCNC(=O)COCCOCCNC(=O)COCCOCCNC(=O)CC[C@@H](NC(=O)CCCCCCCCCCCCCCCCC(O)=O)C(O)=O)NC(=O)[C@H](C)NC(=O)[C@H](C)NC(=O)[C@H](CCC(N)=O)NC(=O)CNC(=O)[C@H](CCC(O)=O)NC(=O)[C@H](CC(C)C)NC(=O)[C@H](CC1=CC=C(O)C=C1)NC(=O)[C@H](CO)NC(=O)[C@H](CO)NC(=O)[C@@H](NC(=O)[C@H](CC(O)=O)NC(=O)[C@H](CO)NC(=O)[C@@H](NC(=O)[C@H](CC1=CC=CC=C1)NC(=O)[C@@H](NC(=O)CNC(=O)[C@H](CCC(O)=O)NC(=O)C(C)(C)NC(=O)[C@@H](N)CC1=CN=CN1)[C@@H](C)O)[C@@H](C)O)C(C)C)C(=O)N[C@@H](C)C(=O)N[C@@H](CC1=CNC2=C1C=CC=C2)C(=O)N[C@@H](CC(C)C)C(=O)N[C@@H](C(C)C)C(=O)N[C@@H](CCCNC(N)=N)C(=O)NCC(=O)N[C@@H](CCCNC(N)=N)C(=O)NCC(O)=O
11876,COC1=CC=C(C=C1OC)S(=O)(=O)N1[C@@H](C(=O)N2CCC[C@H]2C(N)=O)[C@](O)(C2=CC(Cl)=CC=C12)C1=CC=CC=C1Cl
11877,[H]N([C@H](CO)C1=CC(Cl)=CC=C1)C(=O)C1=CC(=CN1[H])C1=CC(=NC=C1Cl)N([H])C(C)C
11878,CC1=CC(C)=C(C=C1)C(=O)OCC1=CC=C(C=C1)[C@@H](CN)C(=O)NC1=CC=C2C=NC=CC2=C1
11879,C1CCN(CC1)C1(CCCCC1)C1=CC=CC=C1
11880,
11881,O[C@H]([C@H]1CCCN1C1=CC=C(C#N)C(=C1)C(F)(F)F)C(F)(F)F
11882,[H][C@]12CC[C@]([H])(C[C@H](O)C1)N2C1=CC=C(C#N)C2=CC=CC=C12
11883,[H]N(C(=O)[C@]1(C)CC(=NN1[H])C(F)(F)F)C1=CC(=C(C=C1)C#N)C(F)(F)F
11884,CCC1=C(C)C2=C(C=CC3=C2C(Cl)=CC(=O)N3)N1CC(F)(F)F
11885,[H][C@]1(C[C@]([H])(N(C)C)C2=C(N1)C=CC(=C2)N(=O)=O)C(C)(C)CO
11886,[H][C@@](C)(O)[C@@]([H])(NC1=C(C)C(Cl)=C(C=C1)C#N)C1=NN=C(O1)C1=CC=C(C=C1)C#N
11887,CCSC1=CC(OC)=C(CC(C)N)C=C1OC
11888,ClC1=CC2=C(C=C1)C(=CC=N2)N1CCN(CCCN2CCN(CC2)C2=CC=NC3=C2C=CC(Cl)=C3)CC1
11889,[H][C@@]12CC[C@H](OC(=O)CCC3CCCC3)[C@@]1(C)CC[C@@]1([H])[C@@]2([H])CCC2=CC(=O)CC[C@]12C
11890,[H][C@@]12CC[C@H](OC(=O)CCCCCC)[C@@]1(C)CC[C@@]1([H])[C@@]2([H])CCC2=CC(=O)CC[C@]12C
11891,CCCCCCCCCCC(=O)O[C@H]1CC[C@H]2[C@@H]3CCC4=CC(=O)CC[C@]4(C)[C@H]3CC[C@]12C
11892,[H]N(N=C1CC[C@@]2(C)C(CC[C@@]3([H])[C@]4([H])CC[C@H](OC(=O)CCCCCC)[C@@]4(C)CC[C@]23[H])=C1)C(=O)C(O)(C1=CC=CC=C1)C1=CC=CC=C1
11893,COC1=CC(C#N)=C(OC)C=C1CCNCC1=C(O)C=CC=C1
11894,[Fe+3]
11895,CC1=C(C(=O)C2=CC=CC3=CC=CC=C23)C2=C3N1[C@H](CN1CCOCC1)COC3=CC=C2
11896,[H][C@@]12CC[C@H](OC(C)=O)[C@@]1(C)CC[C@@]1([H])[C@@]2([H])CC[C@@]2([H])CC(=O)CC[C@]12C
11897,[H][C@@]12CC[C@H](O)[C@@]1(C)CC[C@]1([H])C3=CC=C(OC(C)=O)C=C3CC[C@@]21[H]
11898,[H][C@]1(O)CC[C@@]2([H])[C@]3([H])CCC4=CC(OC(=O)C5=CC=CC=C5)=CC=C4[C@@]3([H])CC[C@]12C
11899,[H][C@@]1(CC[C@@]2([H])[C@]3([H])CCC4=CC(O)=CC=C4[C@@]3([H])CC[C@]12C)OC(=O)CCC1CCCC1
11900,CCCCCCC(=O)O[C@H]1CC[C@H]2[C@@H]3CCC4=CC(OC(=O)CCCCCC)=CC=C4[C@H]3CC[C@]12C
11901,[H][C@@]12CC[C@H](OC(=O)CCCC)[C@@]1(C)CC[C@]1([H])C3=C(CC[C@@]21[H])C=C(O)C=C3
11902,COC1=CC(\C=N\N(C(=O)C(F)(F)F)C2=C(C)C=C(C)C=C2)=CC=C1
11903,[H][C@@]12CC[C@H](OC(C)=O)[C@@]1(C)CC[C@]1([H])[C@@]3([H])CCC(=O)C=C3C[C@@H](C)[C@@]21[H]
11904,
11905,OCC(Br)(CO)[N+]([O-])=O
11906,
11907,[Ca++].[H][C@](O)(C([O-])=O)[C@@]([H])(O)[C@]([H])(O)[C@]([H])(O)C([O-])=O
11908,ClC1=C(Cl)C=CC=C1
11909,
11910,
11911,CCCCCCCCCCCCCC(=O)OC(C)C
11912,CCN(CC)C1=CC=C(C=C1)C(=C1C=CC(C=C1)=[N+](CC)CC)C1=C(C=C(C(O)=C1)S(O)(=O)=O)S(O)(=O)=O
11913,
11914,[Cl-].CCCCCCCCCC[N+](C)(C)CCCCCCCC
11915,CCCCCCCC[N+](C)(C)CCCCCCCC
11916,[V]
11917,CSCCC(N)C(O)=O
11918,
11919,
11920,
11921,
11922,[K+].[K+].[O-]C([O-])=O
11923,NC(=O)C1CCCC2=C1NC1=C2C=C(Cl)C=C1
11924,
11925,[64Cu]
11926,[H][C@@]12CC[C@](OC(C)=O)(C(C)=O)[C@@]1(C)CC[C@]1([H])[C@@]3([H])CCC(=O)C=C3C(C)=C[C@@]21[H]
11927,[177Lu]
11928,COC1=C(O)C(OC)=C2OC(=CC(=O)C2=C1O)C1=CC=CC=C1O
11929,C1CC1
11930,[177Lu+3].C[C@@H](O)[C@H](NC(=O)[C@@H]1CSSC[C@H](NC(=O)[C@@H](CC2=CC=CC=C2)NC(=O)CN2CCN(CC([O-])=O)CCN(CC([O-])=O)CCN(CC([O-])=O)CC2)C(=O)N[C@@H](CC2=CC=C(O)C=C2)C(=O)N[C@H](CC2=CNC3=C2C=CC=C3)C(=O)N[C@@H](CCCCN)C(=O)N[C@@H]([C@@H](C)O)C(=O)N1)C(O)=O
11931,[Cl-].[Cl-].[Sr++]
11932,CC1CCN(CC[C@H]2CCCN2S(=O)(=O)C2=CC=CC(O)=C2)CC1
11933,NS(=O)(=O)C1=CC2=C(NC(CSCC(F)(F)F)NS2(=O)=O)C=C1Cl
11934,CCCN(CCC)CCC1=CNC2=C1C(O)=CC=C2
11935,C(CC1=C2C=CC=CC2=NC(=C1)C1=CC=CC=C1)C1CCNCC1
11936,CCN(CC)C(=O)CSC1=CC=C(Cl)N=N1
11937,CN1N=CN=C1COC1=NN2C(C=C1C1CCC1)=NN=C2C1=C(F)C=CC=C1F
11938,CCCNC(=O)C1=C(N)C2=CC=CC(=C2N=N1)C1=C(F)C=CC=C1OC
11939,[Fe+3].[Fe+3].[Fe+3].[Fe+3].OP(O)(=O)OP(O)(O)=O.OP(O)(=O)OP(O)(O)=O.OP([O-])(=O)OP([O-])([O-])=O.OC(CC([O-])=O)(CC([O-])=O)C([O-])=O.OC(CC([O-])=O)(CC([O-])=O)C([O-])=O.OC(CC([O-])=O)(CC([O-])=O)C([O-])=O
11940,[Mg++].CC([O-])=O.CC([O-])=O
11941,[H][C@@]12COCCN1C(=O)C1=C(OCOC(=O)OC)C(=O)C=CN1N2[C@H]1C2=CC=C(F)C(F)=C2CSC2=CC=CC=C12
11942,
11943,CC1=C(C2=C(CCN[C@H]2C3=CC=CC(=N3)C)C=C1)C
11944,COCCOCCOCCOCCOC
11945,[H][C@@](C)(CCCC(C)C)CCC[C@@]([H])(C)CCC[C@]1(C)CCC2=C(C)C(OC(=O)CCC(O)=O)=C(C)C(C)=C2O1
11946,CC(C)CCC[C@@H](C)CCC[C@@H](C)CCC[C@]1(C)CCC2=C(C)C(OC(C)=O)=C(C)C(C)=C2O1
11947,
11948,CCOC(=O)[C@H](CCO)NC(=O)OC
11949,
11950,C[N+](C)(C)CCO.OC1=CC=CC=C1C([O-])=O
11951,OC(=O)CN(CCN(CC(O)=O)CC(O)=O)CCN(CC(O)=O)CC(O)=O
11952,COC1=C(O)C2=C(OC(=CC2=O)C2=CC=C(O)C=C2)C=C1O
11953,
11954,COC1=CC=C2NC=C(CCN(C)C)C2=C1
11955,[H][C@]1(CCC(C)=C[C@@]1([H])C1=C(O)C=C(CCCCC)C=C1O)C(C)=C.[H][C@@]12CCC(C)=C[C@@]1([H])C1=C(O)C=C(CCCCC)C=C1OC2(C)C
11956,C1(=NNC(=S)S1)N
11957,CCOC(=O)N1CCC(CN(CC2=CC=C(S2)[N+]([O-])=O)CC2=CC=C(Cl)C=C2)C1
11958,CCCCCNC(=O)N1CCC(CN(CC2=CC=C(S2)[N+]([O-])=O)CC2=CC=C(Cl)C=C2)C1
11959,[Na+].OS([O-])=O
11960,
11961,C[C@H](\C=C\C=C(/C)[C@H]1OC(=O)C[C@H](O)CC[C@@](C)(O)[C@@H](OC(=O)N2CCN(C)CC2)\C=C\[C@@H]1C)C1=CC=CC=N1
11962,CN1C2=C(NC(Br)=N2)C(=O)N(C)C1=O
11963,CN(C(=O)C(C)(C)C1=CC(=CC(=C1)C(F)(F)F)C(F)(F)F)C1=CN=C(C=C1C1=CC=CC=C1C)N1CC[N+](C)(COP(O)([O-])=O)CC1
11964,OC(C(=O)C1=CC=CC=C1)C1=CC=CC=C1
11965,
11966,NC1CCN(C1)C1=C(F)C=C2C(=O)C(=CN(C3CC3)C2=C1Cl)C(O)=O
11967,OC(=O)C1=C(S)C=CC=C1
11968,CC[C@H](C)[C@H](NC(=O)[C@H](CC1=CC=CC=C1)NC(=O)[C@H](CCC(O)=O)NC(=O)[C@H](CCCCN)NC(=O)[C@H](C)NC(=O)[C@H](C)NC(=O)[C@H](CCC(N)=O)NC(=O)CNC(=O)[C@H](CCC(O)=O)NC(=O)[C@H](CC(C)C)NC(=O)[C@H](CC1=CC=C(O)C=C1)NC(=O)[C@H](CO)NC(=O)[C@H](CO)NC(=O)[C@@H](NC(=O)[C@H](CC(O)=O)NC(=O)[C@H](CO)NC(=O)[C@@H](NC(=O)[C@H](CC1=CC=CC=C1)NC(=O)[C@@H](NC(=O)CNC(=O)[C@H](CCC(O)=O)NC(=O)C(C)(C)NC(=O)[C@@H](N)CC1=CNC=N1)[C@@H](C)O)[C@@H](C)O)C(C)C)C(=O)N[C@@H](C)C(=O)N[C@@H](CC1=CNC2=C1C=CC=C2)C(=O)N[C@@H](CC(C)C)C(=O)N[C@@H](C(C)C)C(=O)N[C@@H](CCCCN)C(=O)NC(C)(C)C(=O)N[C@@H](CCCNC(N)=N)C(N)=O
11969,ClC1=CC=C2NC(=O)CN=C(C3=CC=CC=C3)C2=C1
11970,FC1=C(C=C(C=N1)C1CC2CCC1N2)C1=CC=C(C=C1)C#N
11971,C[C@@H](CC1=CSC=C1)NC(=O)NC[C@H](CC1=CC=C(O)C=C1)N(C)C
11972,C1CN1C1=NC(=NC(=N1)N1CC1)N1CC1
11973,CC(=O)N(C1=C(C)C(C)=NO1)S(=O)(=O)C1=CC=C(N)C=C1
11974,CC1=C(CCC(=O)C2=CC=C(CC3SC(=O)NC3=O)C=C2)N=C(O1)C1=CC=CC=C1
11975,O=C1NC(=O)C(CC2=CC=C3O[C@@H](CC4=CC=CC=C4)CCC3=C2)S1
11976,[H][C@]12CC=C3[C@]4([H])[C@@H](C)[C@H](C)CC[C@@]4(CC[C@@]3(C)[C@]1(C)C[C@@H](O)[C@@]1([H])[C@](C)(CO)[C@@H](O)[C@H](O)C[C@]21C)C(O)=O
11977,[H][C@@]1(CC[C@@]2([H])[C@]3([H])CC=C4C[C@@H](O)CC[C@]4(C)[C@@]3([H])CC[C@]12C)[C@H](C)CC[C@@H](CC)C(C)C
11978,COC1=CC2=CC(=CN=C2C=C1OC)C3=CNC(=O)C=C3
11979,
11980,
11981,
11982,CCCCCCCCCCCCCCCC(=O)NCCO
11983,CC(C)(CO)[C@@H](O)C(=O)NCCCC(O)=O
11984,CC(C)CCC[C@@H](C)[C@H]1CC[C@H]2[C@@H]3CC=C4C[C@@H](Cl)CC[C@]4(C)[C@H]3CC[C@]12C
11985,
11986,[Na+].[Na+].[Zr].[O-][Si]1([O-])O[Si]([O-])([O-])O[Si]([O-])([O-])O1
11987,[O-]N(=O)=O
11988,[H][C@]1(CCC(C)=C[C@H]1C1=C(O)C=C(CCC)C=C1O)C(C)=C
11989,
11990,CCC(C)CC\C=C/C=C/C(=O)N[C@@H](C(C)C(O)=O)C(=O)N[C@H]1C(C)NC(=O)[C@@H]2C[C@@H](C)CN2C(=O)[C@@H](NC(=O)[C@H](NC(=O)CNC(=O)[C@H](CC(O)=O)NC(=O)[C@@H](NC(=O)[C@H](CCCCN)NC(=O)[C@H](NC1=O)C(C)C)C(O)C(O)=O)C(C)C(O)=O)C(C)C
11991,[H][C@@]12CC[C@]3(C)[C@]([H])(CC=C4[C@]5([H])[C@@H](C)[C@H](C)CC[C@@]5(CC[C@@]34C)C(O)=O)[C@@]1(C)C[C@@H](O)[C@H](O)[C@@]2(C)CO
11992,CC(=O)C[C@@H](C1=CC=CC=C1)C1=C(O)C2=C(OC1=O)C=CC=C2
11993,[H][C@@]1(C[C@H](C)[C@@]([H])(O1)[C@]1(C)CC[C@@]([H])(O1)[C@]1(C)C[C@@H](C)[C@]2(O1)O[C@]([H])(C[C@@]1([H])CC[C@H](C)[C@@]([H])(O1)[C@@H](C)C(O)=O)C[C@@H](OC)[C@H]2C)[C@@]1([H])O[C@@](O)(CO)[C@H](C)C[C@@H]1C
11994,CC(C)[C@@H]1NC(=O)[C@H](C)OC(=O)[C@H](NC(=O)[C@H](OC(=O)[C@@H](NC(=O)[C@H](C)OC(=O)[C@H](NC(=O)[C@H](OC(=O)[C@@H](NC(=O)[C@H](C)OC(=O)[C@H](NC(=O)[C@H](OC1=O)C(C)C)C(C)C)C(C)C)C(C)C)C(C)C)C(C)C)C(C)C)C(C)C
11995,CC[C@@H](C)[C@@H]1OC(=O)[C@H](C(C)C)N(C)C(=O)[C@H](CC(C)C)NC(=O)[C@H](C(C)C)N(C)C(=O)[C@H](NC(=O)[C@@H]2CCCN2C(=O)[C@H](CC2=CC=CC=C2)N(C)C(=O)[C@H](CC2=CC=CC=C2)NC(=O)C(NC1=O)C(C)C)[C@H](C)C(C)C
11996,NS(=O)(=O)C1=CC=C(C=C1)N1N=C(C=C1C1=CC=C(Cl)C=C1)C(F)(F)F
11997,CS(=O)(=O)NC1=CC=C(C=C1OC1CCCCC1)[N+]([O-])=O
11998,CCN(CC)CCNC1=C2C(=O)C3=CC=CC=C3SC2=C(CO)C=C1
11999,[H][C@@]1(OC(=O)\C(OC)=C\C(\C)=C\[C@@H](C)[C@@H](O)[C@@H](CC)[C@@H](O)[C@H](C)C\C(C)=C\C=C\[C@@H]1OC)[C@@H](C)[C@@H](O)[C@H](C)[C@@]1(O)C[C@@H](O[C@H]2C[C@@H](O)[C@H](OC(N)=O)[C@@H](C)O2)[C@H](C)[C@H](O1)\C=C\C
12000,COC1=CC=C(CCN(C)CCC[C@@](C#N)(C(C)C)C2=CC(OC)=C(OC)C=C2)C=C1OC
12001,CC(C)C(CCCN(C)CCC1=CC=CC=C1)(C#N)C1=CC=CC=C1
12002,COC1=CC=C(CN2CCN(CC2)C(C2=CC=C(F)C=C2)C2=CC=C(F)C=C2)C(OC)=C1OC
12003,COC1=CC=C2C[C@@H]3N(C)CCC4=C3C(OC3=CC5=C(CCN(C)[C@H]5CC5=CC=C(OC1=C2)C=C5)C=C3OC)=C(OC)C(OC)=C4
12004,OC(COC1=CC=CC2=C1C=CC=N2)CN1CCN(CC1)C(=O)C(C1=CC=CC=C1)C1=CC=CC=C1
12005,[H]N1C(C)=C([C@@H](C2=CC(=CC=C2)[N+]([O-])=O)C(C(=O)OCCCN2CCC(CC2)(C2=CC=CC=C2)C2=CC=CC=C2)=C1C)C(=O)OC
12006,[H]\C(COCC)=C(\[H])C1=CC=C(C=C1)C1=NC(=C(N1)C1=CC=C(NC(C)C)C=C1)C1=CC=C(NC(C)C)C=C1
12007,[H]N(C(=O)C1=CC(=O)C2=CC=CC=C2O1)C1=CC(OC)=C(OC)C=C1C1=NN(N=N1)C1=CC=C(CCN2CCC3=CC(OC)=C(OC)C=C3C2)C=C1
12008,[H][C@]1(N)CC[C@@]([H])(C2=CC(Cl)=C(Cl)C=C2)C2=CC=CC=C12
12009,CC(C)(C)OC(=O)N[C@@H](CC(=O)OCC1=CC=CC=C1)C(=O)N[C@@H](CCCCNC(=O)OCC1=CC=CC=C1)C(=O)OC(C)(C)C
12010,CCCCCCCC\C=C/CCCCCCCCCC(O)=O
12011,CCC(C)OC(=O)N1CCCCC1CCO
12012,OCN1C(NC(=O)NCNC(=O)NC2N(CO)C(=O)NC2=O)C(=O)NC1=O
12013,
12014,[Mg++].CCCCCCCCCCCCCCCCCC([O-])=O.CCCCCCCCCCCCCCCCCC([O-])=O
12015,OP(O)(=O)CP(O)(O)=O
12016,CC(O)CCOCCC(C)O
12017,[Mg++].[H]N([C@@H](CS)C([O-])=O)C(C)=O.[H]N([C@@H](CS)C([O-])=O)C(C)=O
12018,[H][C@@]12CC[C@]3(C)[C@]([H])(CC=C4[C@]5([H])[C@@H](C)[C@H](C)CC[C@@]5(CC[C@@]34C)C(=O)O[C@@H]3O[C@H](CO[C@@H]4O[C@H](CO)[C@@H](O[C@@H]5O[C@@H](C)[C@H](O)[C@@H](O)[C@H]5O)[C@H](O)[C@H]4O)[C@@H](O)[C@H](O)[C@H]3O)[C@@]1(C)C[C@@H](O)[C@H](O)[C@@]2(C)CO
12018,[H][C@@]12CC[C@]3(C)[C@]([H])(CC=C4[C@]5([H])[C@@H](C)[C@H](C)CC[C@@]5(CC[C@@]34C)C(=O)O[C@@H]3O[C@H](CO[C@@H]4O[C@H](CO)[C@@H](O[C@@H]5O[C@@H](C)[C@H](O)[C@@H](O)[C@H]5O)[C@H](O)[C@H]4O)[C@@H](O)[C@H](O)[C@H]3O)[C@@]1(C)C[C@@H](O)[C@H](O)[C@@]2(C)CO
12019,OC(=O)CNC(=O)CNC(=O)CNC(=O)CSC(=O)C1=CC=CC=C1
12020,CC(C)(C1=CC=C(OCC2CO2)C=C1)C1=CC=C(OCC2CO2)C=C1
12021,CCCCOC(=O)C1=CC=C(O)C=C1
12022,[Cd]
12023,O[C@H]1CC2=C(O)C=C(O)C=C2O[C@@H]1C1=CC=C(O)C(O)=C1
12024,
12025,CCCCC\C=C/C\C=C/C\C=C/C\C=C/C\C=C/CCC(O)=O
12026,OC(=O)C(S)C(S)C(O)=O
12027,CS(C)(=O)=O
12028,
12029,[Co+3].[C-]#N.[H][C@@](C)(CN=C(O)CC[C@@]1(C)C2=NC([H])([C@]1([H])CC(O)=N)[C@]1(C)NC(=C(C)C3=NC(=CC4=NC(=C2C)[C@@]([H])(CCC([O-])=N)C4(C)C)[C@]([H])(CCC([O-])=N)[C@]3(C)CC(O)=N)[C@@]([H])(CCC([O-])=N)[C@]1(C)CC(O)=N)OP(O)(=O)O[C@]1([H])[C@@]([H])(CO)O[C@]([H])([N+]2=CNC3=C2C=C(C)C(C)=C3)[C@]1([H])O
12030,[H][C@@]12CC[C@H](O)[C@@]1(C)CC[C@@]1([H])[C@@]2([H])C([3H])C([3H])C2=CC(=O)C([3H])C([3H])[C@]12C
12031,CC(C)CCC[C@@H](C)CCC[C@@H](C)CCC[C@@](C)(O)CCC1=C(C)C(=O)C(C)=C(C)C1=O
12032,[H]C(N)(COP(O)(=O)OCC([H])(COC(=O)CCC\C=C/C\C=C/C\C=C/C\C=C/C\C=C/CC)OC(=O)CCCC\C=C/C\C=C/C\C=C/C\C=C/C\C=C/CC)C(O)=O
12033,[H]\C(=C(\[H])C1=C(C)CCCC1(C)C)\C(\C)=C(/[H])C([H])=C(\C(C)=C(\[H])C(O)=O)C1=CC(=CC=C1)C(O)=O
12034,[Co++].[H]N([H])C(=O)CC[C@@H]1C2=N\C(=C(C)/C3=N[C@@](C)([C@]4([H])[N-]\C(=C(C)/C5=N/C(=C\2)/C(C)(C)[C@@H]5CCC(=O)N([H])[H])[C@](C)(CCC(=O)N([H])C[C@H](C)OP([O-])(=O)O[C@@H]2[C@@H](CO)O[C@@H]([C@@H]2O)N2C=NC5=C2C=C(C)C(C)=C5)[C@H]4CC(=O)N([H])[H])[C@@](C)(CC(=O)N([H])[H])[C@@H]3CCC(=O)N([H])[H])\[C@@]1(C)CC(=O)N([H])[H]
12035,CCCCCCCCCCCCCCCCCC(=O)OCC(COP([O-])(=O)OCC[N+](C)(C)C)OC(=O)CCCCCCCCCCCCCCCCC
12036,
12037,
12038,CCCCC(CC)C(=O)OCC(COC(=O)C(CC)CCCC)OC(=O)C(CC)CCCC
12039,CS(=N)(=O)CC[C@H](N)C(O)=O
12040,CCCCC\C=C/C\C=C/CCCCCCCC(O)=O
12041,[Na+].[H][C@@](COC(=O)CCCCCCCCCCCCCCC)(COP([O-])(=O)OCC(O)CO)OC(=O)CCCCCCCCCCCCCCC
12042,[Cu+].F[B-](F)(F)F.COC(C)(C)C[N+]#[C-].COC(C)(C)C[N+]#[C-].COC(C)(C)C[N+]#[C-].COC(C)(C)C[N+]#[C-]
12043,[H][C@]12SCC(C)=C(N1C(=O)[C@H]2N)C(O)=O
12044,CCCCC(O)CO
12045,OC[C@H]1O[C@H](OC2=CC=C(O)C=C2)[C@H](O)[C@@H](O)[C@@H]1O
12046,CC(O)CCO
12047,CCCCCCCCCCCCCC[C@@H](O)[C@@H](O)[C@H](CO)NC(=O)CCCCCCC\C=C/CCCCCCCC
12048,
12049,
12050,
12051,
12052,O.[O--].[O--].[Mg++].[Mg++].[Al+3].[Al+3].[O-][Si]([O-])=O.[O-][Si]([O-])=O.[O-][Si]([O-])=O
12053,
12054,CCCCCCCCCCCCCC[C@@H](O)[C@@H](O)[C@@H](N)CO
12055,CC(C1=CC=CC=C1)C1=CC=C(O)C=C1O
12056,C[C@H]1CC=CC(=O)O1
12057,COC1=C(C(=O)\C=C\C2=CC=CC=C2)C(O)=CC(O)=C1
12058,CC(C)C1CCC(C)CC1O
12059,
12060,[H][C@@]1(CCC2=CC=CC=C2N(CC(O)=O)C1=O)N[C@@H](CCC1=CC=CC=C1)C(O)=O
12061,C[C@H](CN1C=NC2=C1N=CN=C2N)OCP(O)(O)=O
12062,C[C@H](C[C@@H](CC1=CC=C(C=C1)C1=CC=CC=C1)NC(=O)CCC(O)=O)C(O)=O
12063,NC(=O)C1=C[N+](=CC=C1)[C@@H]1O[C@H](COP([O-])(=O)OP(O)(=O)OC[C@H]2O[C@H]([C@H](O)[C@@H]2O)N2C=NC3=C2N=CN=C3N)[C@@H](O)[C@H]1O
12064,COC1=CC(C[C@H](C)[C@H](C)CC2=CC3=C(OCO3)C=C2)=CC=C1O
12065,CCC(CC)C(=O)OC1=CC=CC=C1C(=O)OC
12066,
12067,CN1C2=C(NC(Cl)=N2)C(=O)N(C)C1=O
12068,CCCCCCCCCCC(CO)CCCCCCCC
12069,OCl
12070,[H]C(C)(O)COC(=O)O[C@]1([H])C[C@]([H])(C)CC[C@@]1([H])C(C)C
12071,[H]N([H])C(=O)CC[C@H](N([H])C(=O)CN([H])C(=O)CCCCCCCCCCCCCCC)C(=O)N1CCC[C@H]1C(=O)N([H])[C@@H](CCCN=C(N([H])[H])N([H])[H])C(O)=O
12072,O.O=[Si]=O
12073,
12074,
12075,NC1=CC=C(N)C=C1
12076,
12077,CCCCCCCCCCCCCCCCCC[N+](C)(C)CCCCCCCCCCCCCCCCCC
12078,NC1=CC=C(O)C=C1
12079,
12080,[H][C@@]12OC3=C(OC)C=CC4=C3[C@@]11CCN(C)[C@]([H])(C4)[C@]1(O)CC[C@]2([H])OCCOCCOCCOCCOCCOCCOC
12081,
12082,[Na+].[K+].CCCCCCCCCCCCCCCCCC([O-])=O.CCCCCCCCCCCCCCCCCC([O-])=O.CCCCCCCCCCCCCCCCCC(=O)OC(CO)CO.[H][C@](O)(CO)COC(=O)CCCCCCCCCCCCCCCCC.[H][C@@](O)(CO)COC(=O)CCCCCCCCCCCCCCCCC
12083,[H]O[Cl](=O)=O
12084,[P]
12085,
12086,CCS(=O)(=O)CC(=O)NC1=C(C=C(C=C1)C)Cl
12087,[Au]
12088,
12089,CC1(C)C2CCC1(C)C(=O)C2
12090,
12091,
12092,OC(P(O)(O)=O)P(O)(O)=O
12093,[Ti]
12094,
12095,
12096,
12097,
12098,
12099,
12100,
12101,
12102,
12103,
12104,
12105,
12106,OCNC(=O)N(CO)C1N(CO)C(=O)N(CO)C1=O
12107,S=C(SSC(=S)N1CCCCC1)N1CCCCC1
12108,CCCCC\C(C=O)=C\C1=CC=CC=C1
12109,OC1=CC=C(C=C1)C(=O)OCC1=CC=CC=C1
12110,CCCOC(=O)C1=CC=C(O)C=C1
12111,CN(C)C(=S)SC(=S)N(C)C
12112,
12113,[Ni++].[O-]S([O-])(=O)=O
12114,
12115,[O-][Cr](=O)(=O)O[Cr]([O-])(=O)=O
12116,CC(C)=CCC\C(C)=C\CO
12117,O=C\C=C\C1=CC=CC=C1
12118,CCCCCCCCCCCC(=O)OCN1C(=O)CCC2=CC=C(OCCCCN3CCN(CC3)C3=C(Cl)C(Cl)=CC=C3)C=C12
12119,OC\C=C\C1=CC=CC=C1
12120,[H]C(=O)CC(C)CCCC(C)(C)O
12121,COC1=CC(C=CC)=CC=C1O
12122,NCCN
12123,
12124,N=C(NC1=CC=CC=C1)NC1=CC=CC=C1
12125,
12126,[Zn++].CCN(CC)C([S-])=S.CCN(CC)C([S-])=S
12127,[Zn++].CCCCN(CCCC)C([S-])=S.CCCCN(CCCC)C([S-])=S
12128,CC(C)NC1=CC=C(NC2=CC=CC=C2)C=C1
12129,C1CCC(CC1)NC1=CC=C(NC2=CC=CC=C2)C=C1
12130,CN1SC(Cl)=CC1=O
12131,[Cl-].[H]C(Cl)=C([H])C[N+]12CN3CN(CN(C3)C1)C2
12132,BrCC(Br)(CCC#N)C#N
12133,C1CCC(CC1)NSC1=NC2=CC=CC=C2S1
12134,S(SC1=NC2=CC=CC=C2S1)C1=NC2=CC=CC=C2S1
12135,C1CN(CCO1)SC1=NC2=CC=CC=C2S1
12136,CCN(CCO)C1=CC=C(\N=N\C2=NC=C(S2)N(=O)=O)C(C)=C1
12137,[Ni++]
12138,[Co++]
12139,[Cl-].[Cl-].[Co++]
12140,[H][C@]1(C[C@H](N(C1)C(=O)CP(O)(=O)CCCCC1=CC=CC=C1)C(O)=O)C1CCCCC1
12141,[H][C@@]12CCC[C@]1([H])N([C@@H](C2)C(O)=O)C(=O)[C@H](C)N[C@@H](CCC1=CC=CC=C1)C(O)=O
12142,[H][C@@](C)(N[C@@]([H])(CCC1=CC=CC=C1)C(O)=O)C(=O)N1[C@@]([H])(C[C@@]2([H])CCCC[C@]12[H])C(O)=O
12143,COC1=C(OC)C=C2CN([C@@H](CC2=C1)C(O)=O)C(=O)[C@H](C)N[C@@H](CCC1=CC=CC=C1)C(O)=O
12144,
12145,COC(=O)C1=CC=C(O)C=C1
12146,[H][C@]12C[C@H](N(C(=O)[C@H](C)N[C@@H](CCC)C(O)=O)[C@@]1([H])CCCC2)C(O)=O
12147,OC1=C(I)C2=C(C=C1I)C1(OC(=O)C3=C1C(Cl)=C(Cl)C(Cl)=C3Cl)C1=CC(I)=C(O)C(I)=C1O2
12148,C[C@H](N[C@@H](CCC1=CC=CC=C1)C(O)=O)C(=O)N1CC2=C(C[C@H]1C(O)=O)C=CC=C2
12149,CC1=NN(C=C1)C1=CC(Cl)=CC=C1[C@@H](OC1=NC(N)=NC(=C1)C1=CC=C(C[C@H](N)C(O)=O)C=C1)C(F)(F)F
12150,COC(=O)\C=C\C(O)=O
12151,[H][C@@]12C[C@H](C)[C@](OC(=O)CC)(C(=O)CO)[C@@]1(C)C[C@H](O)[C@@]1(Cl)[C@@]2([H])CCC2=CC(=O)C=C[C@]12C
12152,
12153,
12154,
12155,
12156,
12157,[99Tc]
12158,OC[C@@H](O)[C@H](O)C(O)=O
12159,
12160,
12161,
12162,OC1=CC=C(C=C1)C(C1=CC=C(O)C=C1)C1=CC=CC=N1
12163,
12164,
12165,
12166,
12167,
12168,
12169,
12170,
12171,
12172,
12173,
12174,
12175,
12176,
12177,
12178,
12179,
12180,
12181,
12182,
12183,
12184,
12185,
12186,
12187,
12188,
12189,
12190,
12191,
12192,
12193,
12194,
12195,
12196,
12197,
12198,
12199,
12200,
12201,
12202,
12203,
12204,
12205,
12206,
12207,
12208,
12209,
12210,
12211,
12212,
12213,
12214,
12215,
12216,
12217,
12218,
12219,
12220,
12221,
12222,
12223,
12224,
12225,
12226,CC1=C(N=C(C(=N1)C)C)C
12227,
12228,
12229,
12230,
12231,
12232,
12233,
12234,
12235,
12236,
12237,
12238,
12239,
12240,
12241,
12242,
12243,
12244,
12245,
12246,
12247,
12248,
12249,
12250,
12251,
12252,
12253,
12254,
12255,
12256,
12257,
12258,
12259,
12260,
12261,
12262,
12263,
12264,
12265,
12266,
12267,
12268,
12269,
12270,
12271,
12272,
12273,
12274,
12275,
12276,
12277,
12278,
12279,
12280,
12281,
12282,
12283,
12284,
12285,
12286,
12287,
12288,
12289,
12290,
12291,
12292,
12293,
12294,
12295,
12296,
12297,
12298,
12299,
12300,
12301,
12302,CCCC(C(=O)C1=CC=C(C=C1)C)N2CCCC2.Cl
12303,
12304,
12305,
12306,
12307,
12308,
12309,
12310,
12311,
12312,
12313,
12314,
12315,
12316,
12317,
12318,
12319,
12320,
12321,
12322,
12323,
12324,
12325,
12326,
12327,
12328,
12329,CN1C=NC2=C(N=CN=C21)NC3CCCC3
12330,
12331,
12332,
12333,
12334,
12335,
12336,
12337,
12338,
12339,C1=CN(C=CC1=C[NH+]=O)CCOCCN2C=CC(=C[NH+]=O)C=C2.[Br-].[Br-]
12340,
12341,NC(=N)NC1=CC=C(C=C1)C(=O)OC1=CC2=C(C=C1)C=C(C=C2)C(N)=N
12342,
12343,OC(=O)COP(O)(O)=O
12344,COC1=CC2=C(C=C1)C(=C(CC2)C3=CC=CC=C3)C4=CC=C(C=C4)OCCN5CCCC5
12345,
12346,COC1=CC=CC=C1N1CCN(CC(O)COC2=CC=CC3=CC=CC=C23)CC1
12347,
12348,
12349,CCN1C=C(C(O)=O)C(=O)C2=C1N=C(C)C=C2
12350,
12351,
12352,
12353,CCCCCCCCCCCCOC(=O)C1=CC(=C(C(=C1)O)O)O
12354,
12355,
12356,C1CC2=NC3=CC=CC=C3CN2C1
12357,
12358,
12359,
12360,CN1C2=C(C(=O)N(C1=O)C)NC(=N2)C3=CC=C(C=C3)S(=O)(=O)O
12361,
12362,
12363,
12364,C(C1=NCCN1)C1=CC=CC2=CC=CC=C12
12365,
12366,C1=CC2=C(C=C(C=C2C=C1S(=O)(=O)O)S(=O)(=O)O)S(=O)(=O)O
12367,
12368,
12369,
12370,
12371,COC(=O)C1=C(C)NC(C)=C(C1C1=CC=CC=C1[N+]([O-])=O)C(=O)OCC(C)C
12372,
12373,FC(F)OC(F)C(F)(F)F
12374,
12375,
12376,CCC1=NN(CCCN2CCN(CC2)C2=CC(Cl)=CC=C2)C(=O)N1CCOC1=CC=CC=C1
12377,
12378,
12379,
12380,[H][C@@]12CC[C@@](O)(C#C)[C@@]1(CC)CC(=C)[C@]1([H])[C@@]3([H])CCCC=C3CC[C@@]21[H]
12381,
12382,
12383,CN(C)C(=O)OC1=CC(=CC=C1)[N+](C)(C)C
12384,C(C(=O)[O-])C(CC(=O)[O-])(C(=O)[O-])O.N.[Fe+3]
12385,
12386,
12387,CN1C2=CC=CC=C2C(=N[C@@H](C1=O)NC(=O)C3=CC4=CC=CC=C4N3)C5=CC=CC=C5
12388,
12389,
12390,
12391,
12392,
12393,C[C@H](C1=CNC=N1)C1=C(C)C(C)=CC=C1
12394,
12395,
12396,
12397,
12398,CCCCC(CC)COC(=O)C1=CC=CC=C1C(=O)C1=CC=C(C=C1)C1=CC=CC=C1
12399,
12400,
12401,[H][C@@](O)(CO)[C@@]1([H])OC[C@]([H])(O)[C@@]1([H])O
12402,C[C@H](O)C(O)=O
12403,CC(C)CCCC(C)CCCC(C)CCCC1(C)CCC2=C(C)C(O)=C(C)C(C)=C2O1
12404,CC(C)CCCC(C)CCCC(C)CCCC1(C)CCC2=C(O1)C(C)=C(C)C(OC(C)=O)=C2C
12405,
12406,[Zn++].CC(=O)N[C@@H](CS)C([O-])=O.CC(=O)N[C@@H](CS)C([O-])=O
12407,[H]N([H])C(=O)[C@H](CS)N([H])C(C)=O
12408,O.O.[Ca++].OP([O-])([O-])=O
12409,[Na+].[H][C@@]1(OC(=O)C(O)=C1[O-])[C@@H](O)CO
12410,[Ca++].OC[C@H](O)[C@H]1OC(=O)C(O)=C1[O-].OC[C@H](O)[C@H]1OC(=O)C(O)=C1[O-]
12411,[Mg++].[H][C@@]1(OC(=O)C(O)=C1[O-])[C@@H](O)CO.[H][C@@]1(OC(=O)C(O)=C1[O-])[C@@H](O)CO
12412,[Zn++].[H][C@@]1(OC(=O)C(O)=C1[O-])[C@@H](O)CO.[H][C@@]1(OC(=O)C(O)=C1[O-])[C@@H](O)CO
12413,NC(=O)C1=CN=CC=C1.[H]C(O)(CO)[C@@]1([H])OC(=O)C(O)=C1O
12414,[Zn++].CC([O-])=O.CC([O-])=O
12415,[Fe++].[H][C@@](O)(CO)[C@@]([H])(O)[C@]([H])(O)[C@@]([H])(O)C([O-])=O.[H][C@@](O)(CO)[C@@]([H])(O)[C@]([H])(O)[C@@]([H])(O)C([O-])=O
12416,[Fe++].[O-]C(=O)CCC([O-])=O
12417,[Fe++].[H][C@](O)(CO)[C@@]1([H])OC(=O)C(O)=C1O.[H][C@](O)(CO)[C@@]1([H])OC(=O)C([O-])=C1[O-]
12418,[Fe++].[H]\C(=C(\[H])C([O-])=O)C([O-])=O
12419,[K+].I[I-]I
12420,[Zn++].[H]N([H])CC([O-])=O.[H]N([H])CC([O-])=O
12421,[OH-].[OH-].[OH-].[OH-].[OH-].[OH-].[Zn++].[Zn++].[Zn++].[Zn++].[Zn++].[O-]C([O-])=O.[O-]C([O-])=O
12422,[Mn++].[Mn++].[Mn++].OC(CC([O-])=O)(CC([O-])=O)C([O-])=O.OC(CC([O-])=O)(CC([O-])=O)C([O-])=O
12423,[Na+].[Na+].[O-][Mo]([O-])(=O)=O
12424,[OH-].[OH-].[OH-].[Mg++].[Cl-].[K++].[K++].[Ca++].[O-]C([O-])=O
12425,[K+].CC([O-])=O
12426,[K+].[K+].[O-]S([O-])(=O)=O
12427,[KH]
12428,[Fe++].NCC([O-])=O.NCC([O-])=O.OS(O)(=O)=O
12429,[Na+].[Na+].OP([O-])([O-])=O
12430,
12431,C[C@H](CCC(=O)NCC(=O)O)[C@H]1CC[C@@H]2[C@@]1([C@H](C[C@H]3[C@H]2[C@@H](C[C@H]4[C@@]3(CC[C@H](C4)O)C)O)O)C
12432,[Na+].[Na+].[O-]B1OB2OB([O-])OB(O1)O2
12433,[Li+].[OH-]
12434,[Li+].[Li+].[Li+].OC(CC([O-])=O)(CC([O-])=O)C([O-])=O
12435,[Li+].[Li+].[O-]C(=O)CCC([O-])=O
12436,[Li+].[Li+].[O-]C([O-])=O
12437,[Fe++]
12438,CC([O-])=O
12439,[H][C@@]12C[C@@H](C)[C@](OC(=O)C3=CC=CO3)(C(=O)CCl)[C@@]1(C)C[C@H](O)[C@@]1(Cl)[C@@]2([H])CCC2=CC(=O)C=C[C@]12C
12440,[MgH2]
12441,[Mg++].CC(=O)CCC([O-])=O.CC(=O)CCC([O-])=O
12442,[Mg++].CC(O)C([O-])=O.CC(O)C([O-])=O
12443,[Na+]
12444,[Al+3].[O-]P([O-])([O-])=O
12445,[Al+3].CC([O-])=O.CC([O-])=O.CC([O-])=O
12446,[Al+3]
12447,O.O.O.O.O.O.O.O.O.O.[Fe+3].[Fe+3].[Fe+3].[Fe+3].[O-]C(=O)CC([O-])(CC([O-])=O)C([O-])=O.[O-]C(=O)CC([O-])(CC([O-])=O)C([O-])=O.[O-]C(=O)CC([O-])(CC([O-])=O)C([O-])=O
12448,[Ag+]
12449,[O-][H]
12450,[O-]P([O-])([O-])=O
12451,[Ga+3]
12452,[Cr+3]
12453,[Cr+3].OC(CC([O-])=O)(CC([O-])=O)C([O-])=O
12454,[Cr+3].[O-][N+]([O-])=O.[O-][N+]([O-])=O.[O-][N+]([O-])=O
12455,[Cr+3].OC[C@@H](O)[C@@H](O)[C@H](O)[C@@H](O)C([O-])=O.OC[C@@H](O)[C@@H](O)[C@H](O)[C@@H](O)C([O-])=O.OC[C@@H](O)[C@@H](O)[C@H](O)[C@@H](O)C([O-])=O
12456,[Cr+3].[O-]C(=O)C1=CN=CC=C1.[O-]C(=O)C1=CN=CC=C1.[O-]C(=O)C1=CN=CC=C1
12457,[Cr++].[O-]S([O-])(=O)=O
12458,[O-]C([O-])=O
12459,[Zn++]
12460,[Cl-].[Cl-].[Zn++]
12461,[Au+]
12462,[111In+3]
12463,[89Sr++]
12464,[O-][51Cr]([O-])(=O)=O
12465,[H][C@@]12CC[C@](OC(=O)CC)(C(=O)COC(C)=O)[C@@]1(C)C[C@H](O)[C@@]1([H])[C@@]2([H])CCC2=CC(=O)CC[C@]12C
12466,[H][C@@]12CC[C@](O)(C(=O)COC(C)=O)[C@@]1(C)C[C@H](O)[C@@]1([H])[C@@]2([H])CCC2=CC(=O)CC[C@]12C
12467,[H][C@@]12CC[C@](OC(=O)CCC)(C(=O)CO)[C@@]1(C)C[C@H](O)[C@@]1([H])[C@@]2([H])CCC2=CC(=O)CC[C@]12C
12468,[H][C@@]12CC[C@](O)(C(=O)COC(=O)CCC3CCCC3)[C@@]1(C)C[C@H](O)[C@@]1([H])[C@@]2([H])CCC2=CC(=O)CC[C@]12C
12469,[H][C@@]12CC[C@](O)(C(=O)COP(O)(O)=O)[C@@]1(C)C[C@H](O)[C@@]1([H])[C@@]2([H])CCC2=CC(=O)CC[C@]12C
12470,[H][C@@]12CC[C@](OC(=O)CCC)(C(=O)COC(=O)CC)[C@@]1(C)C[C@H](O)[C@@]1([H])[C@@]2([H])CCC2=CC(=O)CC[C@]12C
12471,[H][C@@]12CC[C@](OC(=O)CCCC)(C(=O)CO)[C@@]1(C)C[C@H](O)[C@@]1([H])[C@@]2([H])CCC2=CC(=O)CC[C@]12C
12472,[H][C@@]12CC[C@](O)(C(=O)COC(=O)CCC(O)=O)[C@@]1(C)C[C@H](O)[C@@]1([H])[C@@]2([H])CCC2=CC(=O)CC[C@]12C
12473,[O-]S([O-])(=O)=O
12474,[Cl-]
12475,
12476,[67Ga+3]
12477,[Cl-].[Cl-].[Cl-].[67Ga+3]
12478,[H][32P]([H])[H]
12479,[Cu++]
12480,[O-]B1OB2OB([O-])OB(O1)O2
12481,C[C@@H](O)[C@H](NC(=O)[C@@H]1CSSC[C@H](NC(=O)[C@@H](CC2=CC=CC=C2)NC(=O)CN2CCN(CC(O)=O)CCN(CC(O)=O)CCN(CC(O)=O)CC2)C(=O)N[C@@H](CC2=CC=C(O)C=C2)C(=O)N[C@H](CC2=CNC3=C2C=CC=C3)C(=O)N[C@@H](CCCCN)C(=O)N[C@@H]([C@@H](C)O)C(=O)N1)C(O)=O
12482,[H][C@@]12CC[C@]3(C)[C@]([H])(CCC4=C5CC(C)(C)CC[C@]5(C)[C@@H](O)C[C@@]34C)[C@@]1(C)CC[C@H](O)C2(C)C
12483,CC(=O)OO
12484,CCCCC(CC)COCC(O)CO
12485,CC(=O)O.C(C(C(C(C(C=O)O)O)O)O)O.[Na]
12486,
12487,
12488,
12489,
12490,
12491,
12492,
12493,NS(=O)(=O)C1=CC=C(NC2=NC(OCC3CCCCC3)=C3N=CNC3=N2)C=C1
12494,[F-].[Na+]
12495,[H][C@@](N(C(=O)[C@]1([H])CCC(=O)N1C1=NC=CC(=C1)C#N)C1=CC(F)=CN=C1)(C(=O)NC1CC(F)(F)C1)C1=C(Cl)C=CC=C1
12496,CN1N=NC(=N1)C1=NC=C(C=C1)C1=C(F)C=C(C=C1)N1C[C@H](CO)OC1=O
12497,[H][C@@]12CC[C@](O)(C(C)=O)[C@@]1(C)CC[C@@]1([H])[C@@]2([H])CCC2=CC(=O)CC[C@]12C
12498,[223Ra++]
12499,[Bi+3]
12500,[O-][32P]([O-])([O-])=O
12501,[Co]
12502,NC(=O)N1C2=C(C[C@H](O)C3=C1C=CC=C3)C=CC=C2
12503,[201Tl+]
12504,[Ca++]
12505,[Gd+3]
12506,[La+3]
12507,
12508,COC1=C(CNC(=O)C2=C(C)N([C@H](C)C3CCN(CC(F)(F)F)CC3)C3=CC=CC=C23)C(=O)NC(C)=C1
12509,
12510,[H][C@@]12CC(=C)[C@](OC(C)=O)(C(C)=O)[C@@]1(C)CC[C@]1([H])[C@@]3([H])CCC(=O)C=C3CC[C@@]21[H]
12511,[H][C@@]12CC(=C)[C@](O)(C(C)=O)[C@@]1(C)CC[C@]1([H])[C@@]3([H])CCC(=O)C=C3CC[C@@]21[H]
12512,
12513,
12514,
12515,
12516,CCCCCCC(O)CO
12517,
12518,
12519,CN1C=NC2=C1N=C(NCCO)N=C2NCC1=CC=CC=C1
12520,
12521,COC1=CC2=C(C=C1)N=C(N2)S(=O)CC1=NC=C(C)C(OC)=C1C
12522,
12523,[H][C@@]12CC[C@](OC(=O)OCC)(C(=O)OCCl)[C@@]1(C)C[C@H](O)[C@@]1([H])[C@@]2([H])CCC2=CC(=O)C=C[C@]12C
12524,
12525,[Na+].[Na+].[Ca++].[O-]C(=O)CN(CCN(CC([O-])=O)CC([O-])=O)CC([O-])=O
12526,[Na+].[Na+].[Cu++].[O-]C(=O)CN(CCN(CC([O-])=O)CC([O-])=O)CC([O-])=O
12527,[Na+].[Na+].OC(=O)CN(CCN(CC(O)=O)CC([O-])=O)CC([O-])=O
12528,
12529,
12530,
12531,
12532,
12533,
12534,
12535,
12536,
12537,
12538,C1=CC=C(C=C1)C=CC(=O)C2=CC=CC=C2O
12539,
12540,
12541,
12542,O=C1NC2=C(C=CC=C2)N1CCCN1CCN(CC1)C(C1=CC=CC=C1)C1=CC=CC=C1
12543,
12544,
12545,
12546,
12547,
12548,O.O.O.O.O.O.O.O.O.O.O.O.[Na+].[Na+].[Na+].[O-]P([O-])([O-])=O
12549,CC(Cl)=O
12550,C[C@]12CC[C@H]3[C@@H](CCC4=CC(=O)CC[C@H]34)[C@@H]1CC[C@@H]2OS(O)(=O)=O
12551,C[C@H]1C[C@H]2[C@@H]3CCC4=CC(=O)C=C[C@]4(C)[C@H]3C(=O)C[C@]2(C)[C@@]1(O)C(=O)COC(C)=O
12552,[H][C@@]12CC[C@H](C(C)=O)[C@@]1(C)CC[C@@]1([H])[C@@]2([H])CC=C2C[C@H](CC[C@]12C)OC(C)=O
12553,CC(=O)OC1=CC=C(C=C1)C1(C(=O)NC2=CC=CC=C12)C1=CC=C(OC(C)=O)C=C1
12554,ClC1=NS(=O)(=O)C2=CC=CC=C12
12555,CC(=O)OCC(F)(F)F
12556,NCCC1=CC=C(OS(O)(=O)=O)C=C1
12557,[H][C@@]12CC[C@](O)(C(=O)COP(O)(O)=O)[C@@]1(C)C[C@H](O)[C@@]1([H])[C@@]2([H])CCC2=CC(=O)C=C[C@]12C
12558,[H][C@@]12CC[C@](O)(C(=O)COC(=O)CC(C)(C)C)[C@@]1(C)C[C@H](O)[C@@]1([H])[C@@]2([H])CCC2=CC(=O)C=C[C@]12C
12559,[H][C@@]12CC[C@](O)(C(=O)COC(=O)CCC(O)=O)[C@@]1(C)C[C@H](O)[C@@]1([H])[C@@]2([H])CCC2=CC(=O)C=C[C@]12C
12560,[H][C@@]12CC(=C)[C@](O)(C(=O)COC(C)=O)[C@@]1(C)C[C@H](O)[C@@]1(F)[C@@]2([H])CCC2=CC(=O)C=C[C@]12C
12561,COC1=CC(\C=C\C(=O)CC(=O)\C=C\C2=CC=C(OS(O)(=O)=O)C(OC)=C2)=CC=C1O
12562,CN1N=C(N)C2=CN([C@@H]3O[C@H](COP(O)(O)=O)[C@@H](O)[C@H]3O)C3=C2C1=NC=N3
12563,CC(=O)OCC(=O)[C@@]1(O)CC[C@H]2[C@@H]3C[C@H](F)C4=CC(=O)C=C[C@]4(C)[C@H]3[C@@H](O)C[C@]12C
12564,CN(C(=O)C(Cl)Cl)C1=CC=C(OC(=O)C2=CC=CO2)C=C1
12565,C[C@]12CC[C@H]3[C@@H](CCC4=CC(=O)C=C[C@]34C)[C@@H]1CC[C@@H]2OC(=O)CCCCCCCCC=C
12566,[H][C@@]12CC[C@](O)(C(=O)COC(C)=O)[C@@]1(C)C[C@H](O)[C@@]1(F)[C@@]2([H])CCC2=CC(=O)C=C[C@]12C
12567,[H][C@]1(C[C@@]2([H])[C@]3([H])CCC4=CC(OC(=O)CC)=CC=C4[C@@]3([H])CC[C@]2(C)[C@@]1([H])OC(=O)CC)OC(=O)CC
12568,[H]N([H])C(=O)C[C@]1([H])NC(=O)[C@H](CCC(N)=O)NC(=O)[C@H](CC2=CC=CC=C2)NC(=O)[C@H](CC2=CC=C(O)C=C2)NC(=O)[C@@H](N)CSSC[C@H](NC1=O)C(=O)N1CCC[C@H]1C(=O)NC([H])(CCCCN)C(=O)NCC(N)=O
12569,[H][C@@]12CC[C@](OC(=O)CC)(C(=O)COC(C)=O)[C@@]1(C)C[C@H](O)[C@@]1([H])[C@@]2([H])C[C@H](C)C2=CC(=O)C=C[C@]12C
12570,[H][C@@]12CC[C@](O)(C(=O)COC(=O)CCC(O)=O)[C@@]1(C)C[C@H](O)[C@@]1([H])[C@@]2([H])C[C@H](C)C2=CC(=O)C=C[C@]12C
12571,ClN(Cl)Cl
12572,[H][C@@]12CC[C@](O)(C(=O)COC(C)=O)[C@@]1(C)CC(=O)[C@@]1([H])[C@@]2([H])CCC2=CC(=O)C=C[C@]12C
12573,ClSSCl
12574,CCC(C)(C)C(=O)O[C@H]1C[C@@H](C)C=C2C=C[C@H](C)[C@H](CC[C@@H]3C[C@H](CC(=O)O3)OC(C)=O)[C@@H]12
12575,[H][C@@]12C[C@@H](C)[C@](O)(C(=O)COC(C)=O)[C@@]1(C)C[C@H](O)[C@@]1(F)[C@@]2([H])CCC2=CC(=O)C=C[C@]12C
12576,CC1=C(OP(O)(O)=O)C2=CC=CC=C2C(OP(O)(O)=O)=C1
12577,CCCCCCC(=O)OCCN1CCN(CCCN2C3=CC=CC=C3SC3=C2C=C(Cl)C=C3)CC1
12578,[H][C@@]12C[C@@H](C)[C@H](C(=O)COC(C)=O)[C@@]1(C)C[C@H](O)[C@@]1(Cl)[C@@]2([H])C[C@H](F)C2=CC(=O)C=C[C@]12C
12579,CCCCCC(=O)OCC(=O)[C@H]1[C@H](C)C[C@H]2[C@@H]3C[C@H](F)C4=CC(=O)C=C[C@]4(C)[C@@]3(Cl)[C@@H](O)C[C@]12C
12580,CC(=O)OC1=CC=C(C=C1)C1(OC2=C(NC1=O)C=CC=C2)C1=CC=C(OC(C)=O)C=C1
12581,[H][C@@]12CC[C@H](OC(=O)CC)[C@@]1(C)CC[C@@]1([H])[C@@]2([H])CC[C@@]2([H])CC(=O)[C@H](C)C[C@]12C
12582,NC(=O)OCC(O)COC1=CC=C(Cl)C=C1
12583,[H][C@@]12C[C@@H](C)[C@](O)(C(=O)COC(C)=O)[C@@]1(C)C[C@H](O)[C@@]1([H])[C@@]2([H])C[C@H](F)C2=CC(=O)C=C[C@]12C
12584,CCCCCCCCCCCCCCCC(=O)OC[C@@H](NC(=O)C(Cl)Cl)[C@H](O)C1=CC=C(C=C1)[N+]([O-])=O
12585,[H][C@@]12CC(=C)[C@](OC(C)=O)(C(C)=O)[C@@]1(C)CC[C@@]1([H])[C@@]2([H])C=C(C)C2=CC(=O)CC[C@]12C
12586,[H][C@@]1(CC[C@@]2([H])[C@]3([H])CCC4=CC(=O)CCC4=C3C=C[C@]12C)OC(C)=O
12587,CN(C)C(=O)C(CC[N@+]1([O-])CC[C@](O)(CC1)C1=CC=C(Cl)C=C1)(C1=CC=CC=C1)C1=CC=CC=C1
12588,[H][C@@]12C[C@H]3OC(C)(C)O[C@@]3(C(=O)COC(C)=O)[C@@]1(C)C[C@H](O)[C@@]1([H])[C@@]2([H])C[C@H](F)C2=CC(=O)C=C[C@]12C
12589,NC(=O)C1=NN(C=N1)[C@@H]1O[C@H](COP(O)(O)=O)[C@@H](O)[C@H]1O
12590,[H][C@@]12C[C@@H](C)[C@H](C(=O)COC(=O)C(C)(C)C)[C@@]1(C)C[C@H](O)[C@@]1(F)[C@@]2([H])C[C@H](F)C2=CC(=O)C=C[C@]12C
12591,CC(=O)O[C@@H]1C[C@@H]2CC[C@@]1(C)C2(C)C
12592,CCCCCCCC\C=C/CCCCCCCC(Cl)=O
12593,OS(=O)(=O)OC1=CC=CC=C1
12594,C\C=C(\C(=C\C)\C1=CC=C(OC(C)=O)C=C1)/C1=CC=C(OC(C)=O)C=C1
12595,[H][C@@]12C[C@H](C)[C@](O)(C(=O)COP(O)(O)=O)[C@@]1(C)C[C@H](O)[C@@]1(F)[C@@]2([H])CCC2=CC(=O)C=C[C@]12C
12596,CCCCCCCCCCCC(Cl)=O
12597,CN1C2=CC=C(Cl)C=C2C(=NC(OC(C)=O)C1=O)C1=CC=CC=C1
12598,CC(=O)OC1N=C(C2=CC=CC=C2)C2=CC(Cl)=CC=C2NC1=O
12599,CC(=O)OCC(=O)[C@@]12OC(C)(C)O[C@@H]1C[C@H]1[C@@H]3C[C@H](F)C4=CC(=O)CC[C@]4(C)[C@H]3[C@@H](O)C[C@]21C
12600,[H][C@@]12CC[C@H](OP(O)(O)=O)[C@@]1(C)CC[C@]1([H])C3=C(CC[C@@]21[H])C=C(OC(=O)N(CCCl)CCCl)C=C3
12601,COC1=CN=C(N2C=NC(C)=N2)C2=C1C(=CN2)C(=O)C(=O)N1CCN(CC1)C(=O)C1=CC=CC=C1
12602,[H][C@]12CCC3=C(C=CC(=C3)C(=O)NC3=C(C)N=CC=C3)[C@]1(CC1=CC=CC=C1)CC[C@@](O)(C2)C(F)(F)F
12603,[H][C@@]12CC[C@](OC(=O)CCCCC)(C(C)=O)[C@@]1(C)CC[C@]1([H])[C@@]3([H])CCC(=O)C=C3CC[C@@]21[H]
12604,[H][C@@]12CC[C@@](OC(=O)CCCCCC)(C#C)[C@@]1(C)CC[C@]1([H])[C@@]3([H])CCC(=O)C=C3CC[C@@]21[H]
12605,[H][C@@]12CC[C@@](OC(C)=O)(C#C)[C@@]1(C)CC[C@]1([H])[C@@]3([H])CCC(OC4CCCC4)=CC3=CC[C@@]21[H]
12606,COC1=CC=C(\C=C/C2=CC(OC)=C(OC)C(OC)=C2)C=C1O
12607,[H][C@@]12CC[C@](O)(C(=O)CO)[C@@]1(C)CC(=O)[C@@]1([H])[C@@]2([H])CCC2=CC(=O)CC[C@]12C
12608,[H][C@]12CC3=C(C=C(O)C=C3)[C@@]3(CCCC[C@]13[H])CCN2C
12609,[Cu++].NCCCC[C@H](NC(=O)[C@H](CC1=CN=CN1)NC(=O)CN)C([O-])=O
12610,C1CCN(CC1)CC2COC3=CC=CC=C3O2
12611,
12612,
12613,
12614,
12615,
12616,
12617,
12618,
12619,
12620,
12621,[OH-].[O--].[Fe+3]
12622,
12623,
12624,
12625,
12626,
12627,CCOC(=O)C(CC1=C2C=CC=NC2=C(O)C=C1)NCC#C
12628,[Na+].[O-][V](=O)=O
12629,[H][C@@]12C[C@@H](C)[C@](O)(C(=O)COC(=O)C3=CC=CC(=C3)S(O)(=O)=O)[C@@]1(C)C[C@H](O)[C@@]1(F)[C@@]2([H])CCC2=CC(=O)C=C[C@]12C
12630,OC[C@H](O)[C@H](O)[C@H](O)CO
12631,CCCCCCCCCCCCCCCCC(O)C(=O)N[C@@H](CO)[C@H](O)[C@H](O)CCCCCCCCCCCCCC
12632,CCCCCCCCCCCCCCCCCC(=O)N[C@@H](CO)[C@H](O)CCCCCCCCCCCCCCC
12633,
12634,CC1=CC=C(C=C1)S(=O)(=O)NCl
12635,
12636,CC1=C(C=CC(=C1)Br)NC(=O)C2=CC3=CC=CC=C3C=C2
12637,CC1=C(C=CC=C1[N+](=O)[O-])C(=O)NC2=CC(=CC(=C2)Cl)Cl
12638,COCCOC(=O)NCCCC[C@@H](C(=O)O)N
12639,C#C[C@@H](CC(=O)O)NC(=O)CNC(=O)C1=CC(=CC=C1)N=C(N)N
12640,[H][C@@](O)(CC[C@@]1([H])[C@@H](C)C=CC2=C[C@H](C)C[C@H](OC(=O)C(C)(C)CC)[C@]12[H])C[C@@H](O)CC(O)=O
12641,OC(=O)CCC(=O)OC1N=C(C2=CC=CC=C2Cl)C2=CC(Br)=CC=C2NC1=O
12642,CC1=NN=C2CN=C(C3=CC=CC=C3Cl)C3=C(C=CC(=C3)N(=O)=O)N12
12643,CC1=NN=C2CN=C(C3=CC=CC=C3)C3=C(C=CC(=C3)[N+]([O-])=O)N12
12644,CC1=NN=C2CN=C(C3=CC=CC=N3)C3=C(C=CC(Br)=C3)N12
12645,O=C1CN=C(C2=C(N1)SC1=C2CCCC1)C1=CC=CC=C1
12646,COC1=C(OC(C)=O)C=CC(=C1)C(=O)NC1=C(CN(C)C2CCCCC2)C=C(Br)C=C1Br
12647,
12648,NC1=NC=NC2=C1N=CN2[C@@H]1O[C@@H]2CO[P@](S)(=O)O[C@@H]3[C@H](O)[C@@H](CO[P@](S)(=O)O[C@H]2[C@H]1O)O[C@H]3N1C=NC2=C1N=CN=C2N
12649,O[C@H]1CCN(C1)C(=O)NC1=C2N=C(C=CN2N=C1)N1CCC[C@@H]1C1=C(F)C=CC(F)=C1
12650,
12651,[H][C@]12SCC(CSC3=NN=NN3C)=C(N1C(=O)[C@H]2NC(=O)[C@H](OC=O)C1=CC=CC=C1)C(O)=O
12652,CN1C(CNC2=CC=C(C=C2)C(N)=N)=NC2=C1C=CC(=C2)C(=O)N(CCC(O)=O)C1=NC=CC=C1
12653,CCCC(=O)OC[C@@H](OC(=O)CCC)[C@@H](OC(=O)CCC)[C@H](CN1C2=C(C=C(C)C(C)=C2)N=C2C(=O)NC(=O)N=C12)OC(=O)CCC
12654,CC1=C(C=CC=C1)C(=O)NC1=CC=CC=C1
12655,CO[C@H]1[C@H](O)[C@@H](O)[C@@H](O[C@@H]1CO)N1C2=C(C3=C1C(Cl)=CC=C3)C1=C(C(=O)NC1=O)C1=C2NC2=C1C=CC=C2Cl
12656,C[C@H]1C(=O)O[C@@H]2CCN3[C@@H]2C(=CC3)COC(=O)[C@]([C@]1(C)O)(C)O
12657,
12658,NC1=NC2=C(C(CN[C@H]3C=C[C@H](O)[C@@H]3O)=CN2)C(=O)N1
12659,[H][C@@]1(NC(=O)C(=N/O)\C2=NSC(N)=N2)C(=O)N2C(C(O)=O)=C(CS[C@]12[H])\C=C1/CCN(C1=O)[C@]1([H])CCN(C1)C(=O)OCC1=C(C)OC(=O)O1
12660,CCCCCC1=CC(O)=C(C\C=C(/C)CCC=C(C)C)C(O)=C1
12661,CCCCCC1=CC2=C(C=CC(C)(CCC=C(C)C)O2)C(O)=C1
12662,CCCC1=CC(O)=C2C(OC(C)(C)C3=C2C=C(C)C=C3)=C1
12663,CCCCCC1=CC2=C(C(O)=C1)C1=C(C=CC(C)=C1)C(C)(C)O2
12664,
12665,OC1=CC=C(C=C1)S(O)(=O)=O
12666,CCCCCCCCCNS(=O)(=O)C1=CN(N=C1)C
12667,
12668,
12669,
12670,
12671,CCCCCCCCCCCCOC1O[C@H](CO)[C@@H](O)[C@H](O)[C@H]1O
12672,
12673,
12674,
12675,CN(C)CC\C=C1\C2=CC=CC=C2COC2=C1C=CC=C2
12676,
12677,CN[C@H](C)[C@@H](O)C1=CC=CC=C1
12678,NC(=N)C1=CC=C(\C=C\C2=C(O)C=C(C=C2)C(N)=N)C=C1
12679,N[C@@H](COC(N)=O)CC1=CC=CC=C1
12680,[H][C@@]12CCCCN1C[C@@H]1C[C@H]2CN2CCCC[C@@]12[H]
12681,O[C@@H]([C@@H](O)C(O)=O)C(O)=O
12682,
12683,
12684,
12685,CCCCC(NC(=O)C1[C@@H]2[C@H](CN1C(=O)C(NC(=O)NC1(CS(=O)(=O)C(C)(C)C)CCCCC1)C(C)(C)C)C2(C)C)C(=O)C(=O)NC1CC1
12686,CCC(CC)COC(=O)[C@H](C)N[P@](=O)(OC[C@H]1O[C@](C#N)([C@H](O)[C@@H]1O)C1=CC=C2N1N=CN=C2N)OC1=CC=CC=C1
12687,
12688,CC1(C)N=C(N)N=C(N)N1C1=CC=C(Cl)C=C1
12689,
12690,O=C(NC1=CC=C(C=C1)C1(CCCC1)C#N)C1=CC=CN=C1NCC1=CC=NC=C1
12691,OC(=O)C[C@H]1CCC2=C1NC1=C2C=C(OCC2=CC(=C(C=C2)C2CCCC2)C(F)(F)F)C=C1
12692,
12693,CO[C@H]1CN(C[C@@H]1COC1=C2C(Cl)=CNC2=NC(NC2=CN(C)N=C2)=N1)C(=O)C=C
12694,C[C@]12CCCN1CC1=NNC(=O)C3=C4C(NC2=C14)=CC(F)=C3
12695,NC1=CN=CC(=N1)C1=CN2C=CN=C2C(NC2=CC=C(C=C2)N2CCN(CC2)C2COC2)=N1
12696,C=CC(=O)N
12697,OC(=O)CC[C@H](NC(=O)N[C@@H](CSCC1=CC=C([18F])C=C1)C(O)=O)C(O)=O
12698,FC(F)(F)C1=CC2=C(C=C1)N=C(N2)[C@@H]1[C@H]2OC3=C(C=C(OC4=C5CCC(=O)NC5=NC=C4)C=C3)[C@@H]12
12699,COC1=CN(N=C(C2=CC=NN2C2=CC=CC=C2)C1=O)C1=CC=C(C=C1F)N1C=CC=N1
12700,OC(=O)C1=CC(Cl)=C(C=C1)C1=NC2=CC=C(O)C=C2C=C1
12701,
12702,CC[C@H](C)[C@@H]1NC(=O)[C@H](CC2=CNC3=C2C=CC=C3)NC(=O)[C@@H](NC(=O)[C@@H]2CCCN2C(=O)[C@H]2CCCN2C(=O)[C@H](CO)NC(=O)[C@H](C)NC(=O)[C@H](CCN)NC(=O)[C@H](CCN)NC(=O)[C@H](CC2=CNC3=C2C=CC=C3)NC(=O)[C@H](CCN)NC(=O)[C@@H](CCN)NC(=O)[C@H](CCCN)NC(=O)[C@H](CCN)NC1=O)[C@@H](C)O
12703,
12704,CC1=CC(C)=C(C(C)=C1)C1=CC=C(NC(=O)[C@H](CC2=CC=C(C=C2)C(=O)NCCS(O)(=O)=O)C2=CC=C(C=C2)C2=CC=C(C=C2)C(C)(C)C)C=C1
12705,
12706,
12707,
12708,COC(=O)\C=C\C(=O)OCCN1C(=O)CCC1=O
12709,
12710,C[C@H]1CN(CCN1C1=CC=C(NC2=CC(=CN(C)C2=O)C2=C(CO)C(=NC=C2)N2CCN3C4=C(CC(C)(C)C4)C=C3C2=O)N=C1)C1COC1
12711,CC(C)C[C@@H](NC(=O)[C@H](NC(=O)[C@@H](CO)NC(=O)[C@H]1CCCN1C(=O)[C@@H](CC(C)C)NC(=O)[C@@H](CC1=CC=CC=C1)NC(=O)[C@@H](CC1=CC=CC=C1)NC(=O)[C@H](NC(=O)[C@@H](CC1=CNC2=C1C=CC=C2)NC(=O)[C@H](N)CC1=CNC2=C1C=CC=C2)[C@@H](C)O)[C@@H](C)O)C(=O)N[C@H](CC1=CNC2=C1C=CC=C2)C(=O)N[C@H](CCC(O)=O)C(=O)N[C@H](CCCNC(N)=N)C(=O)N[C@H](CCCCN)C(O)=O
12712,COC1=CC(=CC=C1OC[C@H](OP(O)(O)=O)C1CC1)N1C=NC2=C(SC(=C2)C2=CC=C(Cl)C=C2)C1=O
12713,
12714,O[Fe]=O.O[Fe]=O.[Fe]
12715,OC(=O)CC1=CC=C(CC2=CC(=NC(=C2)C(F)(F)F)C2=CC(Cl)=CC=C2)C=C1
12716,CCN1CCC(CC1)OC1=C(N=CC2=C1C1=C(N2)N=CC=C1)C#N
12717,CN1N=C2CSCC3=NN(C)C(CSC4=CC5=C(C=CC=C5)C(OCCCC5=C(N(C)C6=C5C=CC(Cl)=C6C2=C1C)C(O)=O)=C4)=C3
12718,CCOC1=C(C=CC(=C1)C(C)(C)C)C1=N[C@@](C)(C2=CC=C(Cl)C=C2)[C@](C)(N1C(=O)N1CCN(CCCS(C)(=O)=O)CC1)C1=CC=C(Cl)C=C1
12719,
12720,COC1=C(OC(=O)N2CCN(C)C[C@H]2C)C=C2C(NC3=C(F)C(Cl)=CC=C3)=NC=NC2=C1
12721,
12722,
12723,
12724,CO[C@H](C1COC1)C1=C(Cl)C2=C(CCN(CC3=C(OC)C=C(C)NC3=O)C2=O)C(Cl)=C1
12725,
12726,OC(=O)CCCC1=CC2=C(C=CC(Cl)=C2)N1S(=O)(=O)C1=CC2=C(C=C1)N=CS2
12727,COC1=C(C=CC(Cl)=C1)[C@@H]1N(CC2(CC2)C2=C1NC1=C2C(F)=CC=C1)C(C)=O
12728,CC[C@H](C)[C@H](NC(=O)[C@H](N)CC1=CC=C(O)C=C1)C(=O)N[C@H]1CSSC[C@H](NC(=O)[C@H](CCCNC(N)=N)NC(=O)[C@H](CC2=CN=CN2)NC(=O)[C@H](C)NC(=O)CN(C)C(=O)[C@H](CC2=CNC3=C2C=CC=C3)NC(=O)[C@H](CC(O)=O)NC(=O)[C@H](CCC(N)=O)NC(=O)[C@H](CC2=CN(C)C3=C2C=CC=C3)NC(=O)[C@@H](NC1=O)C(C)C)C(=O)N(C)[C@@H]([C@@H](C)CC)C(N)=O
12729,[125I]
12730,OC(=O)CC[C@H](NC(=O)N[C@@H](CCCCNC(=O)C1=CC=C([18F])N=C1)C(O)=O)C(O)=O
12731,CC[C@H](C)[C@H](NC(=O)[C@H](CC1=CC=CC=C1)NC(=O)[C@H](CC(C)C)NC(=O)[C@H](CCCNC(N)=N)NC(=O)[C@@H](NC(=O)[C@H](C)NC(=O)[C@H](CCC(O)=O)NC(=O)[C@H](CCC(O)=O)NC(=O)[C@H](CCC(O)=O)NC(=O)[C@H](CCSC)NC(=O)[C@@H](CCC(N)=O)NC(=O)[C@H](CCCCN)NC(=O)[C@H](CO)NC(=O)[C@H](CC(C)C)NC(=O)[C@@H](N)CC(O)=O)C(C)C)C(=O)N[C@@H](CCC(O)=O)C(=O)N[C@@H](CC1=CNC2=C1C=CC=C2)C(=O)N[C@@H](CC(C)C)C(=O)N[C@@H](CCCCN)C(=O)N[C@@H](CC(N)=O)C(=O)NCC(=O)NCC(=O)N1CCC[C@H]1C(=O)N[C@@H](CO)C(=O)N[C@@H](CO)C(=O)NCC(=O)N[C@@H](C)C(=O)N1CCC[C@H]1C(=O)N1CCC[C@H]1C(=O)N1CCC[C@H]1C(=O)N[C@@H](CO)C(N)=O
12732,
12733,CC(C)C(=O)OC[C@@]1(CCl)O[C@H]([C@H](F)[C@@H]1OC(=O)C(C)C)N1C=CC(N)=NC1=O
12734,
12735,COC[C@H](C)OC1=CC(=CC(OC2=NC=C(N=C2)C(=O)N2CCC2)=C1)C(=O)NC1=NC=C(C)N=C1
12736,
12737,
12738,CC(C)C(=O)N1CCC2=C(C1)N=C(C)N2[C@@H]1C[C@@H]2CC[C@H](C1)N2CC[C@H](NC(C)=O)C1=CC=CC(F)=C1
12739,CO[C@H]1CC[C@@]2(CC3=CC=C(C=C3[C@@]22N=C(C)C(N)=N2)C2=CC(=CN=C2)C#CC)CC1
12739,CO[C@H]1CC[C@@]2(CC3=CC=C(C=C3[C@@]22N=C(C)C(N)=N2)C2=CC(=CN=C2)C#CC)CC1
12740,[H][C@@]1(CC[C@]2(C)[C@]1([H])[C@H](O)C[C@]1([H])[C@@]3(C)CC[C@H](O)C(C)(C)[C@]3([H])[C@H](C[C@@]21C)O[C@@H]1O[C@H](CO)[C@@H](O)[C@H](O)[C@H]1O[C@@H]1O[C@@H](C)[C@H](O)[C@@H](O)[C@H]1O)C(C)(CCC=C(C)C)O[C@@H]1O[C@H](CO)[C@@H](O)[C@H](O)[C@H]1O
12741,
12742,CCCCCCC1(C(=O)NC(=O)NC1=O)C2=CC=CC=C2
12743,
12744,
12745,CCCC(=NOCC(C)OC1=CC=C(Cl)C=C1)C1=C(O)CC(CC1=O)C1CCCSC1
12746,[O-][N+](=O)C1=C2SC(=NC(=O)C2=CC(=C1)C(F)(F)F)N1CCN(CC2CCCCC2)CC1
12747,CC1=NC(C(=O)N2CCCC[C@H]2CNC(=O)C2=CC=CC3=C2C=CO3)=C(S1)C1=CC=C(F)C=C1
12748,CN1CC2=NN=C([C@H]3CC[C@@H](CC3)OC3=NC=CC=C3)N2C2=CC=C(Cl)C=C2C1
12749,CC(C)[C@@H](C(=O)N[C@@H](CC(=O)O)C=O)NC(=O)[C@H](CCC(=O)O)NC(=O)[C@H](CC(=O)O)NC(=O)C
12750,C1C[C@@H]2C3=C(C1)C=CC(=C3)OC4=C(C=CC(=C4)CN5C=NC=C5CN[C@@H]6CCN2C6=O)C#N
12751,CN1N=CC(C(=O)C2=C(C)C(C3=NOCC3)=C(C=C2)S(C)(=O)=O)=C1O
12752,
12753,FC(F)(F)OC1=CC=C(NC2=CC=C3C=CC=C(Cl)C3=N2)C=C1
12754,CC[C@H]1C[C@H](C[C@@H](O[C@@H]2O[C@H](CO)[C@H](O)[C@H](O[C@@H](CC3CCCCC3)C(O)=O)[C@H]2NC(C)=O)[C@@H]1O[C@@H]1O[C@@H](C)[C@@H](O)[C@@H](O)[C@@H]1O)C(=O)NCCNC(=O)CCOCCOCCOCCOCCOCCOCCOCCOCCOCCOCCOCCOC
12755,OC(C[18F])CN1C=CN=C1[N+]([O-])=O
12756,
12757,
12758,
12759,
12760,O=C(CN1CCOCC1)NC1=CC=C(OC2CCN(CC2)C2CCC2)C=C1
12761,
12762,C1CNCCC1S(=O)(=O)O
12763,COCCOCCOCCNC(=O)C1=CC(=CC(NC2=NC=CC(OC3=C4C=CC=CC4=C(NC(=O)NC4=CC(=CC(NS(C)(=O)=O)=C4OC)C(C)(C)C)C=C3)=N2)=C1)C#C
12764,CCN1C(=O)C(=CC2=C1C=C(NC)N=C2)C1=C(Br)C=C(F)C(NC(=O)NC2=CC=CC=C2)=C1
12765,C1[C@@H]2CNC[C@]12C1=CC=C2C=CC=CC2=C1
12766,C1CC(=O)N(C1)CC(=O)N
12767,CC1=CC=CC=C1CN1C2=NCCN2C2=C(CN(CC3=CC=CC=C3)CC2)C1=O
12768,O=C(NC1=NN2C(C=CC=C2C2=CC=C(CN3CCS(=O)(=O)CC3)C=C2)=N1)C1CC1
12769,NC1=NC=C(C2=NC(=NC(=N2)N2CCOCC2)N2CCOCC2)C(=C1)C(F)(F)F
12770,
12771,
12772,OC1=C(O)C(=CC(=C1)C(=O)CC1=CC=CC=C1)[N+]([O-])=O
12773,CN1C2=C(C=CC(\C=C\C(O)=O)=C2)N=C1C1(CCC1)NC(=O)C1=CC2=C(C=C1)C(C1CCCC1)=C(N2C)C1=NC=C(Br)C=N1
12774,
12775,
12776,
12777,FC1=CC(=CC(F)=C1)C(=O)N[C@@H]1C2CCN(CC2)[C@H]1CC1=CN=CC=C1
12778,NCC1=CC=CC=C1O
12779,NC1=C(C=NN1)C1=CC(Cl)=CC=C1OC1=CC(F)=C(C=C1Cl)S(=O)(=O)NC1=CSC=N1
12780,CC1=NC2=C(C(N)=CC=C2)C(=O)N1C1CCC(=O)NC1=O
12781,
12782,C[C@H](NP(=O)(OC[C@H]1O[C@H](C[C@@H]1O)N1C=C(F)C(=O)NC1=O)OC1=C2C=CC=CC2=CC=C1)C(=O)OCC1=CC=CC=C1
12783,C[C@@H](OC1=CC(=NN=C1N)C(=O)NC1=CC=C(C=C1)C(=O)N1C[C@H](C)N[C@H](C)C1)C1=C(Cl)C=CC(F)=C1Cl
12784,CCOC(=O)O[C@@H](C)N1N=NN=C1C1=C(C=NN1C)C1=CC=C(C=C1F)C(=O)N([C@@H]1CCCNC1)C1=NC=CC=C1Cl
12785,
12786,
12787,CCN(CC)CCNC(=O)C1=C(C)NC(\C=C2/C(=O)NC3=CC=C(C=C23)C2=CSC(=N2)C2=CC=CC=C2)=C1C
12788,CCOC1=C(C=C(Cl)C(F)=C1[C@@H]1CNC(=O)C1)[C@H](C)N1N=C(C)C2=C1N=CN=C2N
12789,CCCCOC1=NC2=C(NC(=O)N2CCCN(CCCN2CCOCC2)CC2=CC=CC(CC(=O)OC)=C2)C(N)=N1
12790,COC(=O)C1=CC=C(OC(=O)CCCCCCC(=O)NO)C=C1
12791,CC1=CN2C=C(CC(=O)N3CCC4(CN(C4)[C@@H]4CCC5=C4C=CC(=C5)C4=CC(C)=NC=N4)CC3)N=C2S1
12792,
12793,CCCCN1C[C@H](O)[C@@H](O)[C@@H](O)[C@H]1CO
12794,
12795,
12796,CCCSC1=C(C=CC(=N1)N1CCC[C@@H](CC(O)=O)C1)C(=O)NC1CCCCC1
12797,CCC1=CC(=CC=C1N1N=C(C(C)C)C2=C1N=CC=C2N1C=NC(=C1)C1=CN(C)N=C1)C(N)=O
12798,
12799,CN1C[C@@H](C2=CC3=C(C=CC=C3)C=C2)C2=CC=C(C=C2C1)C1=NN=C(N)C=C1
12800,[H][C@]12SCC(C[N+]3(CCNC(=O)C4=C(Cl)C(O)=C(O)C=C4)CCCC3)=C(N1C(=O)[C@H]2NC(=O)C(=N/OC(C)(C)C(O)=O)\C1=CSC(N)=N1)C([O-])=O
12801,
12802,COC1=C(CNCC[C@]2(CCOC3(CCCC3)C2)C2=NC=CC=C2)SC=C1
12803,COC1=CC=CC2=C1C1=C(N2)C2=C(CCC2)C2=C1C(=O)N(CN1CCN(C)CC1)C2=O
12804,CC(C)CC(=O)NC1=CC(=CN=C1)C1=CC2=C(NN=C2C2=NC3=C(C=NC=C3N2)C2=CC=CC(F)=C2)C=C1
12805,
12806,CN1N=CC(C2=C3N(N=CN=C3N3CCC3)C(C)=N2)=C1C1=NC=C(C=C1)C(F)(F)F
12807,C[C@@H](O)[C@H](NC(=O)[C@H](CCCCN)NC(=O)[C@H](CO)NC(=O)[C@H](CC1=CC=CC=C1)NC(=O)[C@H](CCC(N)=O)NC(=O)[C@H](C)NC(=O)CNC(C)=O)C(=O)N[C@@H](C)C(=O)N[C@@H](C)C(=O)N[C@@H](CCCCN)C(O)=O
12808,NC1=NC=NC2=C1C(=O)N(CCO2)C1=CC=C(C=C1)[C@H]1CC[C@H](CC(O)=O)CC1
12809,CC(C)C1=C(N(CC2CC2)C(=O)NC1=O)C(=O)C1=CC(C)=CC(C)=C1
12810,COCCNCCC1=CC(NC2=NC=C3C[C@@H](C4=CC=CC=C4F)C4=CC=CC=C4C3=N2)=CC=C1
12811,CCOC(=O)N1[C@H](CC)C[C@H](N(CC2=CC(=CC(=C2)C(F)(F)F)C(F)(F)F)C2=NC=C(OCCCC(O)=O)C=N2)C2=C1C=CC(=C2)C(F)(F)F
12812,OC1=CC(\C=C\C2=CC=C(O)C(O)=C2)=CC(O)=C1
12813,
12814,OC(=O)C1=CC=C(C=C1)[C@H]1C[C@@H](NC(=O)C2(CC2)C2=CC3=C(OC(F)(F)O3)C=C2)C2=C(O1)C=C(OC(F)F)C=C2
12815,[H][C@@]1(CC[C@@H](CC2=CC=C(NC(=O)[C@@H]3CCC4=NC=CC(=O)N34)C=C2)N1)[C@H](O)C1=CC=CC=C1
12816,C[C@@H]1CCC2=C(C=C(F)C=N2)[C@H]2CCCN2C2=NC3=C(C=NN3C=C2)C(=O)N1
12817,
12818,COC(=O)C1=C2CN(CCN2C(=N1)C(F)(F)F)C(=O)C[C@H](N)CC1=CC(F)=C(F)C=C1F
12819,CN1C(=O)NC(=O)C(C)=C1C1=C(C)C=C(OC2=NC=CC=C2C(F)(F)F)C=C1
12820,COC1=C(OC)C=C2CN(CCCCNC(=O)C3=C(OCC[18F])C=CC(C)=C3)CCC2=C1
12821,
12822,[11CH3]OC1=CC=C(C=C1)C1=C(C#N)C(=NN1C1=CC=C(Cl)C=C1Cl)C(=O)NN1CCCCC1
12823,CCOC(=O)[C@H](C)N[P@@](=O)(CO[C@H]1O[C@@H](N2C=NC3=C2N=CN=C3N)C(F)=C1)OC1=CC=CC=C1
12824,OC[C@@H](O)CNC(=O)C1=C(NC2=C(F)C=C(I)C=C2)C=NC=C1
12825,
12826,CC(C)OC(=O)[C@H](C)N[P@](=O)(OC[C@@]1(F)O[C@@H](N2C=CC(=O)NC2=O)[C@](C)(O)[C@@H]1O)OC1=CC=CC=C1
12827,
12828,
12829,CCCCCCCCCCCCCCCC(=O)NCC(O)COP(S)(=O)OCC1OC(CC1NP(S)(=O)OCC1OC(CC1NP(S)(=O)OCC1OC(CC1NP(S)(=O)OCC1OC(CC1NP(S)(=O)OCC1OC(CC1NP(S)(=O)OCC1OC(CC1NP(S)(=O)OCC1OC(CC1NP(S)(=O)OCC1OC(CC1NP(S)(=O)OCC1OC(CC1NP(S)(=O)OCC1OC(CC1NP(S)(=O)OCC1OC(CC1NP(S)(=O)OCC1OC(CC1NP(S)(=O)OCC1OC(CC1N)N1C=NC2=C1N=CN=C2N)N1C=NC2=C1N=CN=C2N)N1C=CC(N)=NC1=O)N1C=NC2=C1N=CN=C2N)N1C=NC2=C1N=C(N)NC2=O)N1C=NC2=C1N=CN=C2N)N1C=C(C)C(=O)NC1=O)N1C=C(C)C(=O)NC1=O)N1C=NC2=C1N=C(N)NC2=O)N1C=NC2=C1N=C(N)NC2=O)N1C=NC2=C1N=C(N)NC2=O)N1C=NC2=C1N=CN=C2N)N1C=C(C)C(=O)NC1=O
12830,
12831,C[C@@H](O)[C@H](NC(=O)[C@H](CS(O)(=O)=O)NC(=O)CNC(=O)[C@H](CCCNC(N)=N)NC(=O)CN)C(=O)N1CCC[C@H]1C(O)=O
12832,
12833,CC1=CN([C@@H]2O[C@H](CO)[C@@H](O)[C@@H]2[18F])C(=O)NC1=O
12834,[18F]C1=CC=C(C=N1)C1=CC=C2C(NC3=C2C=NC=C3)=C1
12835,
12836,CC(C)N1C=NN=C1C1=CC=CC(NC(=O)C2=CC(N3C=NC(=C3)C3CC3)=C(C)C=C2F)=N1
12837,C[C@@H]1COCCN1C1=NC(=NC(=C1)C1(CC1)[S@](C)(=N)=O)C1=CN=CC2=C1C=CN2
12838,CC1(C)CC(CC(C)(C)N1)OC1=NN=C(C=C1)C1=C(O)C=C(C=C1)C1=CNN=C1
12839,
12840,
12841,CC(C)N1C(=O)NC(N[C@@H](C)C2=CC=CC=C2)=CC1=O
12842,C1CN2CCC1C(C2)C3=NSN=C3OCC#CC4=CC(=CC=C4)C#CCOC5=NSN=C5C6CN7CCC6CC7
12843,CCOC1=CC=C2N(C(=O)[C@@]3(CC[C@@H](CC3)OCCN3CCOCC3)C2=C1)S(=O)(=O)C1=CC=C(C=C1OC)C(=O)NC(C)(C)C
12844,C[C@H]1CC[C@H](CN1C(=O)C=C)NC1=NC=NC2=C1C=CN2
12845,CCCCCCCCCCCCCCCCOCCCOP(O)(=O)CO[C@H](C)CN1C=NC2=C1N=CN=C2N
12846,
12847,
12848,C1=CC=C2C(=C1)C(=CC=N2)C(=O)O
12849,CCC(=O)NS(=O)(=O)C1=CC(Cl)=C(NC(=O)CC2=CC=C(Br)C(OC3=CC(=CC(Cl)=C3)C#N)=C2F)C=C1
12850,CC1=CN([C@H]2C[C@H]([18F])[C@@H](CO)O2)C(=O)NC1=O
12851,
12852,CO[C@@]1(C[C@H](O)[C@@H](NC(C)=O)[C@@H](O1)[C@H](O)[C@H](O)CO)C(=O)N[C@@H]1CC[C@@]2(C)[C@@H](CC[C@H]3[C@@H]4CC[C@H]([C@H](C)CCCC(C)C)[C@@]4(C)CC[C@H]23)C1
12853,NC(=O)C1=C[N+](=CC=C1)[C@@H]1O[C@H](CO)[C@@H](O)[C@H]1O
12854,CC1=C([C@@H](OC2=CC=C(O)C=C12)C1=CC=C(OCCN2CC(CF)C2)C=C1)C1=CC(O)=CC=C1
12855,NC1=NC2=CC(=CC=C2O1)C1=CN2C(C=C1)=NC=C2C(=O)N1CCOCC1
12856,CC(C)=CCC\C(C)=C\CC\C(C)=C\CC\C(C)=C\CC\C(C)=C\CC\C(C)=C\CC1=C(C)C(=O)C2=C(C=CC=C2)C1=O
12857,CC1=CC(OCCCS(C)(=O)=O)=CC(C)=C1C1=CC(COC2=CC3=C(C=N2)[C@H]2[C@@H](C3)[C@@H]2C(O)=O)=CC=C1
12858,CC(OC(C)=O)OC(=O)C(C)C1=CC(F)=C(C=C1)C1=CC=CC=C1
12859,CC[N+](C)(CC)CCC[N+]1=C(C2=CC=CC=C2)C2=C(C=CC(N)=C2)C2=C1C=C(N)C=C2
12860,C[C@@H]1NC(=O)[C@H](CC(O)=O)NC1=O
12861,CC(C)[C@@H](NC(=O)NCC(C)(C)O)C(=O)N1CC[C@](O)(C2=CC=C(Cl)C=C2)C(C)(C)C1
12862,COC1=NN2C=C(N=C2S1)C1=CC2=C(O1)C=C(OC)C=C2OCC1=CSC(=N1)C1=CC=C(C=C1)C(=O)N(C)C
12863,C[C@@H]1C[C@H](N)C[C@@H](C1)C1=C(NC(=O)C2=NC(=C(F)C=C2)C2=C(F)C=CC=C2F)C=NC=C1
12864,CN1C=NC(=C1C[N+](C)(C)C\C=C\C(=O)NC1=NC=C2N=CN=C(NC3=CC(Br)=C(Cl)C=C3)C2=C1)[N+]([O-])=O
12865,COC1=C(OCCC[18F])C=C2CCN3C[C@@H](CC(C)C)[C@H](O)C[C@@H]3C2=C1
12866,CC1=CC(=CC(C)=C1CCS(=O)(=O)N1CCC2(CC1)N=C(NC2=O)C1=CC=C(OC(F)(F)F)C=C1)N1C(=O)NC(=O)C1(C)C
12867,
12868,C[C@@H](OC(=O)NC1=C(ON=C1C)C1=CC=C(C=C1)C1=CC=C(C=C1)C1(CC1)C(O)=O)C1=CC=CC=C1
12869,CC1=NC(C)=C(N=C1C1=CC=C(C=C1)[C@H]1CC[C@H](CC(O)=O)CC1)C(N)=O
12870,CNC(=O)C1=C(OC2=C1C(F)=C(C=C2)C1=C(C)C=CC(=C1)C(=O)NC1(CC1)C1=NC=CC=N1)C1=CC=C(F)C=C1
12871,CCC1=C2CN3C(=CC4=C(C3=O)COC(=O)C4(CC)OC(=O)CNC(=O)COCCOCC(COCCOCC(=O)NCC(=O)OC5(C6=C(COC5=O)C(=O)N7CC8=C(C9=C(C=CC(=C9)OC(=O)N3CCC(CC3)N3CCCCC3)N=C8C7=C6)CC)CC)(COCCOCC(=O)NCC(=O)OC3(C4=C(COC3=O)C(=O)N3CC5=C(C6=C(C=CC(=C6)OC(=O)N6CCC(CC6)N6CCCCC6)N=C5C3=C4)CC)CC)COCCOCC(=O)NCC(=O)OC3(C4=C(COC3=O)C(=O)N3CC5=C(C6=C(C=CC(=C6)OC(=O)N6CCC(CC6)N6CCCCC6)N=C5C3=C4)CC)CC)C2=NC2=C1C=C(C=C2)OC(=O)N1CCC(CC1)N1CCCCC1.C(=O)(C(F)(F)F)O.C(=O)(C(F)(F)F)O.C(=O)(C(F)(F)F)O.C(=O)(C(F)(F)F)O
12872,
12873,
12874,
12875,CO[C@@H]1COCC[C@@H]1N[C@@H]1CC[C@](C1)(C(C)C)C(=O)N1C[C@@H]2C[C@H]1CN2C1=NC=NC(=C1)C(F)(F)F
12876,C[C@H]1C(=O)N[C@H](C(=O)N[C@@H](CSSC[C@@H](C(=O)N[C@H](C(=O)N[C@H](C(=O)N1)[C@@H](C)O)CC(=O)N)NC(=O)[C@H](CCCCN)N)C(=O)N[C@@H](C(C)C)C(=O)N[C@@H](CC(C)C)C(=O)NCC(=O)N[C@@H](CCCNC(=N)N)C(=O)N[C@@H](CC(C)C)C(=O)N[C@@H](CO)C(=O)N[C@@H](CCC(=O)N)C(=O)N[C@@H](CCC(=O)O)C(=O)N[C@@H](CC(C)C)C(=O)N[C@@H](CC2=CN=CN2)C(=O)N[C@@H](CCCNC(=N)N)C(=O)N[C@@H](CC(C)C)C(=O)N[C@@H](CCC(=O)N)C(=O)N[C@@H]([C@@H](C)O)C(=O)N[C@@H](CC3=CC=C(C=C3)O)C(=O)N4CCC[C@H]4C(=O)N[C@@H](CCCNC(=N)N)C(=O)N[C@@H]([C@@H](C)O)C(=O)N[C@@H](CC(=O)N)C(=O)N[C@@H]([C@@H](C)O)C(=O)NCC(=O)N[C@@H](CO)C(=O)N[C@@H](CC(=O)N)C(=O)N[C@@H]([C@@H](C)O)C(=O)N[C@@H](CC5=CC=C(C=C5)O)C(=O)N)[C@@H](C)O
12877,CCC[C@@H]([C@@H](C1=CNC2=C1C=C(C)C=C2F)C1=CC=C(Cl)C=C1)C1=CC=C(C=C1)C(=O)NCCC(O)=O
12878,
12879,
12880,
12881,CC1=CC(C)=NC(=N1)N1C[C@@H]2CN(C[C@@H]2C1)C(=O)C1=C(F)C=CC=C1N1N=CC=N1
12882,
12883,
12884,CCCCCCCC1=CC=C(C=C1)C(=O)/C=C/C
12885,OC(=O)CC[C@H](NP(O)(=O)OCCC[C@H](NC(=O)CC[C@H](NC(=O)CCCCCNC(=O)C1=CC=C(F)C=C1)C(O)=O)C(O)=O)C(O)=O
12886,CC(C)(NC(=O)O[C@@H]1CN2CCC1CC2)C1=CSC(=N1)C1=CC=C(F)C=C1
12887,
12888,
12889,OC1=CC=C(C=C1)N(C(=O)C1=CC=C(O)C(F)=C1)C1=CC=C(F)C=C1
12890,CC1=C(C(C)=NO1)C1=CC(=C2N=C(NC2=C1)C1CC1)C(O)(C1=CC=CC=N1)C1=NC=CC=C1
12891,CCOC(=O)C1=C2CN(C)C(=O)C3=C(I)C=CC=C3N2C=N1
12892,COP(N)(=O)SC
12893,CCCS(=O)(=O)N[C@H]1C[C@H](C1)N(C)C1=C2C=CNC2=NC=N1
12894,OC(=O)[C@H]1C2CCC(CC2)[C@@H]1NC1=NC(=NC=C1F)C1=CNC2=NC=C(F)C=C12
12895,CC(C)N1N=CC=C1C1=C(COC2=CC=CC(O)=C2C=O)C=CC=N1
12896,CN1C=C(C=N1)S(=O)(=O)N1CCC2=CC3=C(C[C@@]2(C1)C(=O)C1=CC(=CC=N1)C(F)(F)F)C=NN3C1=CC=C(F)C=C1
12897,COCC1=NN2C(CN3C[C@@H](CC(F)(F)Cl)CC3=O)=C(N=C2S1)C(F)(F)F
12898,OC(=O)CC[C@H](NC(=O)N[C@@H](CCCCNC(=O)NC1=CC=C([131I])C=C1)C(O)=O)C(O)=O
12899,CN(CC1=CC=C(\C=C\C(=O)NO)C=C1)CC12CC3CC(CC(C3)C1)C2
12900,C[C@@H](NC1=CC=CC=C1C(O)=O)C1=CC(C)=CN2C(=O)C=C(N=C12)N1CCOCC1
12901,OP(O)(=O)O[C@H]1[C@H](OP(O)(O)=O)[C@@H](OP(O)(O)=O)[C@H](OP(O)(O)=O)[C@H](OP(O)(O)=O)[C@@H]1OP(O)(O)=O
12902,NC1=NC=CC=C1C1=NC2=CC=C(N=C2N1C1=CC=C(C=C1)C1(N)CCC1)C1=CC=CC=C1
12903,CC1=CC=C(O1)S(=O)(=O)NO
12904,
12905,OC(=O)CNC(=O)C1=C(O)C=C(CCC2=CC=CC=C2)N2N=CN=C12
12906,[H][C@@]1(CC[C@]([H])(CC1)C1=C2C=C(F)C=CC2=NC=C1)[C@@H](C)C(=O)NC1=CC=C(Cl)C=C1
12907,CCOC1=CC=CC=C1C(=O)NCC1=COC(=N1)C1=CC=C(OC(F)F)C(OC(C)C)=C1
12908,
12909,CC(C)OC1=C(F)C=C(C=C1)C1=NN([C@@H](C)C2=C(C3=CC=CC(F)=C3)C(=O)C3=CC(F)=CC=C3O2)C2=C1C(N)=NC=N2
12910,CC1=CN(C(=O)NC1=O)[C@H]2C[C@@H]([C@H](O2)COP(=S)(O)O[C@H]3C[C@@H](O[C@@H]3CO)N4C=CC(=NC4=O)N)OP(=S)(O)OC[C@@H]5[C@H](C[C@@H](O5)N6C=NC7=C(N=CN=C76)N)OP(=S)(O)OC[C@@H]8[C@H](C[C@@H](O8)N9C=C(C(=O)NC9=O)C)OP(=S)(O)OC[C@@H]1[C@H](C[C@@H](O1)N1C=CC(=NC1=O)N)OP(=S)(O)OC[C@@H]1[C@H](C[C@@H](O1)N1C=C(C(=O)NC1=O)C)OP(=S)(O)OC[C@@H]1[C@H]([C@H]([C@@H](O1)N1C=NC2=C1N=C(NC2=O)N)OC)OP(=S)(O)OC[C@@H]1[C@H]([C@H]([C@@H](O1)N1C=CC(=O)NC1=O)OC)OP(=S)(O)OC[C@@H]1[C@H](C[C@@H](O1)N1C=C(C(=NC1=O)N)C)OP(=S)(O)OC[C@@H]1[C@H](C[C@@H](O1)N1C=CC2=C1N=C(NC2=O)N)OP(=S)(O)OC[C@@H]1[C@H](C[C@@H](O1)N1C=C(C(=O)NC1=O)C)OP(=S)(O)OC[C@@H]1[C@H](C[C@@H](O1)N1C=C(C(=O)NC1=O)C)OP(=S)(O)OC[C@@H]1[C@H](C[C@@H](O1)N1C=CC(=NC1=O)N)OP(=S)(O)OC[C@@H]1[C@H](C[C@@H](O1)N1C=C(C(=O)NC1=O)C)OP(=S)(O)OC[C@@H]1[C@H](C[C@@H](O1)N1C=CC(=NC1=O)N)OP(=S)(O)OC[C@@H]1[C@H](C[C@@H](O1)N1C=C(C(=O)NC1=O)C)OP(=S)(O)OC[C@@H]1[C@H]([C@H]([C@@H](O1)N1C=NC2=C1N=C(NC2=O)N)OC)OP(=O)(OC[C@@H]1[C@H]([C@H]([C@@H](O1)N1C=CC(=O)NC1=O)OC)O)S
12911,
12912,COC1=CC=C(CN(CCN(C)C)C2=NC=CC=C2)C=C1
12913,CCOC1=C(NC(=O)\C=C\[C@H]2CCCN2C)C=C2C(=C1)N=CC(C#N)=C2NC1=CC=C(OCC2=NC=CC=C2)C(Cl)=C1
12914,CC1=C(C=CO1)C(=O)NC1=NN(CC2=CC=C(C=C2)C(F)(F)F)C2=CC=CC=C12
12915,
12916,
12917,CC(C)(C)[C@@H](CO)NC(=O)C1=NN(C2=C1C[C@@H]1C[C@H]21)C1=C[N+]([O-])=CC=N1
12918,
12919,
12920,OC(=O)COC1=C(Cl)C(Cl)=C(C=C1)C(=O)C1=CC=CS1
12921,
12922,CN1C=C(NC2=NC=CC(=N2)N2C[C@@H]3CC[C@H](C2)N3C(=O)[C@@H]2CC2(F)F)C=N1
12923,CC(C)(C)C1=CC=C(C=C1)CON=C2CCSCC2
12924,CC(=O)NC1=NC2=C(C=CC=C2S1)OC3=NC=NC(=C3)C4=CC=C(C=C4)C(F)(F)F
12925,FC1=CC=CC(F)=C1C(=O)NC(=O)NC1=C(F)C=C(OC2=C(Cl)C=C(C=C2)C(F)(F)F)C=C1
12926,
12927,[H][C@](CCCNC(N)=N)(N=C(C)O)C(O)=N[C@]([H])(CCCNC(N)=N)C(O)=N[C@]([H])(CCCNC(N)=N)C(O)=N[C@]([H])(CCCNC(N)=N)C(O)=N[C@]([H])(CCCNC(N)=N)C(O)=N[C@]([H])(CCCNC(N)=N)C(O)=N[C@]([H])(CCCNC(N)=N)C(O)=N[C@]([H])(CCCNC(N)=N)C(O)=N[C@]([H])(CCCNC(N)=N)C(O)=N[C@]1([H])CSSC[C@@]([H])(N=C(O)[C@@]([H])(CCC(O)=N)N=C1O)C(O)=N[C@]([H])(CCCNC(N)=N)C(O)=N[C@]([H])(CCCNC(N)=N)C(O)=N[C@]([H])(CCCCN)C(O)=N[C@]([H])(CC(O)=N)C(O)=O
12928,CN(C)C(=O)C1=NC=C(OC2=CC(=CC3=C2C=C(C)O3)C(=O)NC2=NC=C(C)N=C2)C=N1
12929,CC\C=C/C\C=C/C\C=C/C\C=C/C\C=C/C\C=C/CCC(=O)NCCNC(=O)C1=C(O)C=CC=C1
12930,CC1=CC=C(NC(=O)[C@H]2CCCN([C@H]2C2=CC=C(NC3CCCC3)C=C2)C(=O)C2=C(F)C=CC=C2C)C=C1C(F)(F)F
12931,O=C(N1CCCCC1)C1=CC2=NON=C2C=C1
12932,NS(=O)(=O)OC[C@H]1C[C@@H](NC2=CC=NC3=CC(=NN23)C2=CC=CC(SC(F)(F)F)=C2)[C@H](O)[C@@H]1O
12933,
12934,
12935,[103Pd]
12936,
12937,
12938,
12939,
12940,CC(O)C1=CN=C(CCOC2=CC=C(CC3SC(=O)NC3=O)C=C2)C=C1
12941,C([C@@H]1[C@H]([C@H]([C@@H](O1)N2C3=C(C(=O)N=C(N3)N)SC2=O)O)O)O.O
12942,CCN(C)C(=O)C1=CC=C(C=C1F)C1=NC2=C(C=C1)[C@H](C1=CC=CC=C1O2)C(C)(C)C(=O)NC1=NN=CS1
12943,CC1(C)OC2=CC(NS(C)(=O)=O)=CC=C2N(C2=CC=C(F)C=C2)C1=O
12944,
12945,CCCCCCCC\C(=C/CCCCCCCC(O)=O)[N+]([O-])=O
12946,CN[C@@H]1CCN(C1)C1=CC(NCC2CC2)=NC(N)=N1
12947,COC1=CC=C(CNC(=O)C2=CC(=CN=C2C2=NC=CC=C2)C2=CN=CC(Cl)=C2)N=C1OC
12948,C[C@@H](NC1=CC(F)=CC(F)=C1)C1=CC(=CC2=C1OC(=CC2=O)N1CCOCC1)C(=O)N(C)C
12949,
12950,COC1=CC(C(=O)N2CCC[C@@]2(C)C2=NC3=C(N2)C=CC(Cl)=C3C)=C(C=C1)N1N=CC=N1
12951,
12952,FC1=CC=C(C=N1)C1=CC=C2C(NC3=C2C=NC=C3)=C1
12953,C[C@H]1[C@H]2N([C@@H](CC3=CC=C(OP(O)(O)=O)C=C3)C(=O)N1CC1=CC=CC3=C1N=CC=C3)C(=O)CN(C)N2C(=O)NCC1=CC=CC=C1
12954,NC(=O)C1=C2NCC[C@@H](C3CCN(CC3)C(=O)C=C)N2N=C1C1=CC=C(OC2=CC=CC=C2)C=C1
12955,COCCNCC1=CC=C(N=C1)C1=CC2=C(S1)C(OC1=C(F)C=C(NC(=O)C3(CC3)C(=O)NC3=CC=C(F)C=C3)C=C1)=CC=N2
12956,
12957,C(OC1CCNCC1)C1=CC=C2C=CC=CC2=C1
12958,CN1C2=N[C@@H]3CCC[C@@H]3N2C2=NN(CC3=CC=C(C=C3)C3=NC(F)=CC=C3)C(NC3=CC=CC=C3)=C2C1=O
12959,[H][C@@]12CC3=C(F)C=C(NC(=O)[C@@H]4CCCN4C)C(O)=C3C(=O)C1=C(O)[C@]1(O)C(=O)C(C(N)=O)=C(O)[C@@H](N(C)C)[C@]1([H])C2
12960,N[C@@H](C[C@H](CCC[18F])C(O)=O)C(O)=O
12961,
12962,
12963,
12964,
12965,CC#C[C@@H](CC(O)=O)C1=CC=C(OCC2=CC=C(CN3CCC4(CC3)C=CC3=C4C=CC=C3)C=C2)C=C1
12966,NS(=O)(=O)C1=CN=CC(=C1)C1=NC(NCC2=NC=CC=C2)=C2C(C=CC=C2C2=CC=CC=C2)=N1
12967,CCC1=CC=C(C=C1CC1=CC2=C(OCCO2)C=C1)[C@@H]1O[C@H](CO)[C@@H](O)[C@H](O)[C@H]1O
12968,OC[C@H]1O[C@H](O[C@]2(CCl)O[C@H](CCl)[C@@H](O)[C@@H]2O)[C@H](O)[C@@H](O)[C@H]1Cl
12969,NC1=NC2=C(N=C(C=N2)[C@H](O)[C@H](O)CO)C(=O)N1
12970,O=C1N(CCN2[Se]C3=C(C=CC=C3)C2=O)[Se]C2=C1C=CC=C2
12971,CN(C)CC(C1=CC=C(OC(=O)C2=CC=C(C)C=C2)C=C1)C1(O)CCCCC1
12972,
12973,C[C@@]1(O)C[C@@](N)(C1)C1=CC=C(C=C1)C1=C(N2COC3=CC=NC=C3C2=N1)C1=CC=CC=C1
12974,FC1=CC=CC=C1NS(=O)(=O)C1=C(F)C=C(Cl)C(=C1)C(=O)N1CCN2CCC[C@@H]2C1
12975,CC1=C(C=CC=C1COC(=O)[C@@H]1[C@H](\C=C(/Cl)C(F)(F)F)C1(C)C)C1=CC=CC=C1
12976,CC(NP(=O)(OCC1OC(N2C=CC(N)=NC2=O)C(F)(F)C1O)OC1=CC=CC=C1)C(=O)OCC1=CC=CC=C1
12977,CNC1=C(F)C=C(C=C1)C1=NC2=C(S1)C=C(O)C=C2
12978,NS(=O)(=O)NC1=C(C(OCCOC2=NC=C(Br)C=N2)=NC=N1)C1=CC=C(Br)C=C1
12979,
12980,CO[C@@H]1[C@H](OP(S)(=O)OC[C@H]2O[C@H](C[C@@H]2O)N2C=NC3=C2N=CN=C3N)[C@@H](CO)O[C@H]1N1C=CC(=O)NC1=O
12981,CO[C@@H]1[C@H](OP(=O)(OC[C@H]2O[C@H](C[C@@H]2O)N2C=NC3=C2N=CN=C3N)SCOC(=O)OC(C)C)[C@@H](CO)O[C@H]1N1C=CC(=O)NC1=O
12982,
12983,CCC[C@H](OC1=CC(C)=C(N2C=C(C=N2)C(F)(F)F)C(C)=C1)C1=CC=C(C=C1)C(=O)NCCC(O)=O
12984,
12985,CCC(=O)C(=O)O
12986,COC1=C(OC)C=C2C(OC3=CC=CC(NC(=O)NC4=NOC(=C4)C(C)(C)C(F)(F)F)=C3)=NC=NC2=C1
12987,
12988,
12989,CC(C)OC(=O)CNC1=CC=CC(CN(CC2=CC=C(C=C2)N2C=CC=N2)S(=O)(=O)C2=CC=CN=C2)=N1
12990,
12991,[H]C(=O)[C@H](O)[C@H](O)[C@H](O)CO
12992,
12993,COC1=C(Cl)C(OC(=O)O[C@H]2CC[C@]3(C)[C@H]4CC[C@]5(C)[C@H](CC[C@H]5[C@@H]4CC=C3C2)[C@H](C)CCCC(C)C)=C(Cl)C(=N1)C(Cl)(Cl)Cl
12994,
12995,
12996,COCC1=C(CN2CCNC(=O)C2)N2N=CN=C(N)C2=C1C1=CC2=C(S1)C(OC)=CC(C)=C2
12997,CN(CC(=O)NC1=NC2=C(S1)C=C(OC(F)(F)F)C=C2)C(=O)CNC(=O)CN
12998,C[C@@H](N)[C@H]1O[C@@H](O[C@@H]2[C@@H](O)[C@H](N)C[C@H](N)[C@H]2O[C@H]2O[C@H]([C@@H](C)O)[C@@H](O)[C@H](O)[C@H]2N)[C@H](O)[C@@H]1O
12999,
13000,
13001,
13002,CC(C)COC(=O)[C@H](CC1=CC=CC=C1)NP(=O)(COCCN1C=NC2=C1N=C(N)N=C2NC1CC1)N[C@@H](CC1=CC=CC=C1)C(=O)OCC(C)C
13003,CN1C(=O)OC2=CC(=CC=C12)N1C=C(C(O)=O)C(=O)N([C@@H]2CCC3=C(C=CC=C23)C(F)(F)F)C1=O
13004,CCCCCCCCOC(=O)C(=C)C#N
13005,OC[C@@H](O)[C@@H](O)[C@@H](O)C(=O)CO
13006,
13007,
13008,
13009,CC[C@@H]1CN(C[C@@H]1C1=CN=C2C=NC3=C(C=CN3)N12)C(=O)NCC(F)(F)F
13010,CC(C)(CN1CCN(CC1)C1=NC2=CC=CC=C2OC2=CC=CC=C12)C(O)=O
13011,COP(=O)(OC)SCN1C2=C(C=C(C=N2)Cl)OC1=O
13012,
13013,
13014,COCC[C@H]1C[C@H]2CN3CCC4=C(NC5=C4C=CC=C5)[C@](C2)([C@H]13)C(=O)OC
13015,COC1=C(C=C(OC2=CN=C(N)N=C2N)C(=C1)C(C)C)S(N)(=O)=O
13016,CC1=NC=C(N1CC(O)CN1CCOCC1)[N+]([O-])=O
13017,OC(=O)[C@H]1C\C(=C2\CCN(C2=O)C2=CC=CC=C2)C2=CC=C(Cl)C=C2N1
13018,C1=CC(=CC=C1C(=O)NC2=CN=C(C=C2)Cl)F
13019,
13020,CCN1C(=O)N(CC2=CN=C3NC(CN4CCOCC4)=CC3=C12)C1=C(F)C(OC)=CC(OC)=C1F
13021,
13022,C[C@H]1C[C@H]2CSC(N)=N[C@]2(CO1)C1=NC(NC(=O)C2=NC=C(OC(F)F)C=C2)=CS1
13023,CN(C)CCNS(=O)(=O)CC1=CC(NC2=NC(OC3=CC4=C(NC(C)=C4)C=C3)=CC=N2)=CC=C1
13024,OC[C@@H](O)[C@@H](O)[C@H](O)[C@@H](F)C=O
13025,CCC[C@@]1(CCC2=CC=CC=C2)CC(O)=C([14C@H](CC)C2=CC=CC(NS(=O)(=O)C3=NC=C(C=C3)C(F)(F)F)=C2)C(=O)O1
13026,CCC1=C(C(=O)O[C@H]2C(C)=C[C@@]34[C@H](C)C[C@@H]5[C@H]([C@H](C=C(CO)[C@@H](O)[C@]23O)C4=O)C5(C)C)C(CC)=NO1
13027,CN1CCN(CC1)C1=CC(NC2=NC=C3CCC4=C(N(CCO)N=C4C(N)=O)C3=N2)=C(OC(F)(F)F)C=C1
13028,C[11C](O)=O
13029,
13030,
13031,C[C@@H]1C[C@H]2[C@@H]3CCC4=CC(=O)C=C[C@]4(C)C3=CC[C@]2(C)[C@@]1(O)C(=O)CO
13032,
13033,
13034,CC1(C)[C@H](C=C(Cl)Cl)[C@H]1C(=O)OCC1=C(F)C(F)=CC(F)=C1F
13035,
13036,COCCOC(=O)NCCCCC(CCN1CCC[C@H]1C(=O)O)NC(=O)OCCOC
13037,O=C1CCCN1C1=CC=C(OC2=CC3=C(CCN(CC3)C3CCC3)C=C2)N=C1
13038,OC(=O)CC1=NN(CC2=NC3=C(S2)C=CC(=C3)C(F)(F)F)C(=O)C2=C1N=CC=N2
13039,[2H]C([2H])([2H])[C@H](O)C([2H])([2H])CCCN1C(=O)N(C)C2=C(N(C)C=N2)C1=O
13040,CC(C)C[C@H](N1CC(OC2=C(Cl)C=CC=C2)=CC1=O)C(=O)NC1=NN(C[C@@H](O)CO)C=C1
13041,CC(C)COC1=NC=C(C=C1Cl)N1N=C(C)C2=C1C=CC(=C2)C(=O)NS(C)(=O)=O
13042,
13043,CN1CCN(CC1)C(=O)[C@H](CCCN[C@@H]1C[C@H]1C1=CC=C(F)C=C1)NC(=O)C1=CC=C(C=C1)N1C=CN=N1
13044,[H][H]
13045,
13046,COCCOC(=O)CCC(=O)NCCCC[C@@H](C(=O)O)N
13047,CCCN[C@@H]1CCC2=C(C1)SC(N)=N2
13048,
13049,CCC(=O)O[C@@H](C(=O)N1N=CC[C@H]1C(=O)NCC1=C(C=CC(Cl)=C1)N1C=NN=N1)C1=CC=C(F)C=C1
13050,CN1CCC(COC2=CN=C(N=C2)C2=CC(CN3N=C(C=CC3=O)C3=CC(=CC=C3)C#N)=CC=C2)CC1
13051,O[C@H]1[C@H](O)[C@H](O[C@@H]1C[18F])N1C=CN=C1[N+]([O-])=O
13052,
13053,C[C@@]12CCC[C@](C)([C@H]1CC[C@@]13CC(=C)[C@@](C1)(CC[C@@H]23)O[C@@H]1O[C@H](CO)[C@@H](O)[C@H](O[C@@H]2O[C@H](CO)[C@@H](O)[C@H](O)[C@H]2O)[C@H]1O[C@@H]1O[C@H](CO)[C@@H](O)[C@H](O)[C@H]1O)C(=O)O[C@@H]1O[C@H](CO)[C@@H](O)[C@H](O)[C@H]1O
13054,CC(C)C1=CC(CC2=C(C)C=C(OC[P@@]3(=O)OCC[C@H](O3)C3=CC=CC(Cl)=C3)C=C2C)=CC=C1O
13055,C[C@@H]1CC2=C(NC3=C2C=CC=C3)[C@H](N1CC(C)(C)F)C1=C(F)C=C(\C=C\C(O)=O)C=C1F
13056,
13057,
13058,[2H]C([2H])([2H])C(C1=CC(=C(NC(=O)C2=CNC3=C(C=CC=C3)C2=O)C=C1O)C(C)(C)C)(C([2H])([2H])[2H])C([2H])([2H])[2H]
13059,CC[C@H]1[C@@H](COC2=C3C=C(OC)C(=CC3=CC=N2)C(N)=O)NC(=O)[C@H]1F
13060,COC(=O)[C@@H]1[C@H]2CC[C@@H](C[C@@H]1C1=CC=C(F)C=C1)N2C\C=C\[123I]
13061,CC1=CC2=C(NCC3(N)COC3)N=C(N=C2C=C1)N1CCS(=O)(=O)C2=CC=CC=C2C1
13062,CC(O)COC[C@H]1O[C@@H]2O[C@@H]3[C@@H](CO)O[C@H](O[C@@H]4[C@@H](CO)O[C@H](O[C@@H]5[C@@H](CO)O[C@H](O[C@@H]6[C@@H](COCC(C)O)O[C@H](O[C@@H]7[C@@H](CO)O[C@H](O[C@@H]8[C@@H](COCC(C)O)O[C@H](O[C@H]1C[C@H]2O)[C@H](O)[C@H]8O)[C@H](O)[C@H]7O)[C@H](O)[C@H]6O)[C@H](O)[C@H]5O)[C@H](O)[C@H]4O)[C@H](OCC(C)O)[C@H]3O
13063,CN1C(CCCCCCC(=O)NO)=NC2=CC(=CC=C12)N(CCCl)CCCl
13064,
13065,COC1=CC(=CC(OC)=C1)C#CC1=NN([C@H]2CCN(C2)C(=O)C=C)C2=C1C(N)=NC=N2
13066,
13067,CN1CCN(CCCNC(=O)C[C@@H]2N=C(C3=C(SC(C)=C3C)N3C(C)=NN=C23)C2=CC=C(Cl)C=C2)CC1
13068,CC(C)C(=O)OC[C@]1(O[C@H]([C@@H](C)[C@@H]1OC(=O)C(C)C)N1C=CC(N)=NC1=O)N=[N+]=[N-]
13069,
13070,
13071,
13072,COC1=C(\C=C\C2=CC=C(NS(C)(=O)=O)C=C2)C=C(C=C1C(C)(C)C)N1C=CC(=O)NC1=O
13073,CN1CC[C@H]([C@@H]1CO)C1=C(O)C=C(O)C2=C1OC(=CC2=O)C1=CC=C(C=C1Cl)C(F)(F)F
13074,
13075,
13076,
13077,[11CH3]NC1=CC=C(C=C1)C1=NC2=C(S1)C=C(O)C=C2
13078,
13079,CCCCOC(=O)N1CCN(CC1)C(=O)[C@H](CP(O)(O)=O)NC(=O)C1=CC(=NC(=N1)C1=CC=CC=C1)N1CC[C@@H](C1)OC
13080,
13081,CC(C12CC3CC(C1)CC(C3)C2)N.Cl
13082,CC[C@H](C)[C@@H](C(=O)N[C@@H](CC(=O)N)C(=O)N[C@@H](CC(=O)N)C(=O)N[C@@H](CC1=CC=C(C=C1)O)C(=O)N[C@@H]([C@@H](C)O)C(=O)N[C@@H](CCCCNC(=O)COCCOCCNC(=O)CCN2C(=O)C=CC2=O)C(=O)N[C@@H](CC(C)C)C(=O)N[C@@H]([C@@H](C)CC)C(=O)N[C@@H](CC3=CN=CN3)C(=O)N[C@@H](CCC(=O)O)C(=O)N[C@@H](CC(C)C)C(=O)N[C@@H]([C@@H](C)CC)C(=O)N[C@@H](CCC(=O)O)C(=O)N[C@@H](CCC(=O)O)C(=O)N[C@@H](CO)C(=O)N[C@@H](CCC(=O)N)C(=O)N[C@@H](CC(=O)N)C(=O)N[C@@H](CCC(=O)N)C(=O)N[C@@H](CCC(=O)N)C(=O)N[C@@H](CCC(=O)O)C(=O)N[C@@H](CCCCN)C(=O)N[C@@H](CC(=O)N)C(=O)N[C@@H](CCC(=O)O)C(=O)N[C@@H](CCC(=O)N)C(=O)N[C@@H](CCC(=O)O)C(=O)N[C@@H](CC(C)C)C(=O)N[C@@H](CC(C)C)C(=O)O)NC(=O)[C@H](CCC(=O)O)NC(=O)[C@H](CCCNC(=N)N)NC(=O)[C@H](CC(=O)O)NC(=O)[C@H](CC4=CNC5=CC=CC=C54)NC(=O)[C@H](CCC(=O)O)NC(=O)[C@H](CCC(=O)O)NC(=O)[C@H](CC6=CNC7=CC=CC=C76)N
13083,COC1=C(OC)C(=CC(CCCF)=C1)C(=O)NC[C@@H]1CCCN1CC=C
13084,OC(=O)C1=CC=NC(=C1)N1CC(O)(C1)C1=C(Cl)C=C(OCC2=C(ON=C2C2=C(Cl)C=CC=C2Cl)C2CC2)C=C1
13085,CCN1CCN(CC1)C1=CC=C(NC2=CC(=NC=N2)N(C)C(=O)NC2=C(Cl)C(OC)=CC(OC)=C2Cl)C(NC(=O)C=C)=C1
13086,NC1=NC=NC(NCC2CCN(CC2)C(=O)C=C)=C1C1=CC=C(OC2=CC=CC=C2)C=C1
13087,
13088,
13089,FC1(F)OC2=CC=C(CN3CCN(CC3)C(=O)NC3=C(Cl)C=CN=C3)C=C2O1
13090,
13091,
13092,C[C@@H]1CN(C2=C(C=CC(=N2)N2C=CC(OCCC3(CC3)C(F)(F)F)=N2)C(=O)NS(=O)(=O)C2=CC=CC=C2)C(C)(C)C1
13093,
13094,
13095,NC1=C(C=CC=[N+]1COP(O)([O-])=O)C1=CC(CC2=CC=C(COC3=NC=CC=C3)C=C2)=NO1
13096,
13097,CC1(C)OCCN2C1=NC1=C(N=C(N=C21)C1=CN=C(N)N=C1)N1CCOCC1
13098,CN(C)S(=O)(=O)C1=CC=CC=C1NC1=NC(NC2=CC=C(CN3CCN(C)CC3)C=C2)=NC=C1Cl
13099,[H][C@@]12CCCN1C(=O)[C@H](CO)NC(=O)[C@H](CCC(N)=O)NC(=O)[C@@H](NC(=O)[C@H](CCCNC(N)=N)NC(=O)[C@H](CCC(N)=O)NC(=O)[C@H](CC1=CN=CN1)NC(=O)[C@H](CCC(O)=O)NC2=O)C(C)C
13100,CC1=C(C)C2=C(S1)N1C(C)=NN=C1[C@H](CC(=O)NC1=CC=C(O)C=C1)N=C2C1=CC=C(Cl)C=C1
13101,CC(C)N1C[C@@H]2C[C@H]1CN2C1=CC=C(NC2=NC=C(N3N=CN=C23)C2=COC(=C2)C(N)=O)C=C1
13102,COC1=CC(F)=CC=C1C1=C(C)SC2=CN=C(NC3=CN(N=C3)C3CCNCC3)N=C12
13103,CN1C[C@H]2CCN([C@H]2C1)C1=CC=C(C=C1)C1=CC=C(C=C1)N1N=CC=CC1=O
13104,CC(=C)[C@@H]1CC[C@@]2(CC[C@]3(C)[C@H](CC[C@@H]4[C@@]5(C)CC=C(C6=CC=C(C=C6)C(O)=O)C(C)(C)[C@@H]5CC[C@@]34C)[C@@H]12)NCCN1CCS(=O)(=O)CC1
13105,CCCCCCCCCCCCCCCC(=O)N[C@@H](CCC(=O)NCCCC[C@H](NC(=O)[C@H](CC(O)=O)NC(=O)[C@H](CO)NC(=O)[C@@H](NC(=O)[C@H](CC1=CC=CC=C1)NC(=O)[C@@H](NC(=O)CNC(=O)[C@H](CCC(N)=O)NC(=O)[C@H](CO)NC(=O)[C@@H](N)CC1=CNC=N1)[C@@H](C)O)[C@@H](C)O)C(=O)N[C@@H](CO)C(=O)N[C@@H](CCC(O)=O)C(=O)N[C@@H](CC1=CC=C(O)C=C1)C(=O)N[C@@H](CC(C)C)C(=O)N[C@@H](CC(O)=O)C(=O)N[C@@H](CO)C(=O)N[C@@H](CCC(O)=O)C(=O)N[C@@H](CCCNC(N)=N)C(=O)N[C@@H](C)C(=O)N[C@@H](CCCNC(N)=N)C(=O)N[C@@H](CC(O)=O)C(=O)N[C@@H](CC1=CC=CC=C1)C(=O)N[C@@H](C(C)C)C(=O)N[C@@H](C)C(=O)N[C@@H](CC1=CNC2=C1C=CC=C2)C(=O)N[C@@H](CC(C)C)C(=O)N[C@@H](CCC(O)=O)C(=O)N[C@@H](C)C(=O)NCC(=O)NCC(O)=O)C(O)=O
13106,CC(C)[C@@H]1NC(=O)[C@H](CC2=CC=CC=C2)NC(=O)[C@H](CC(O)=O)NC(=O)[C@H](CO)NC(=O)[C@@H]2CSSC[C@H](NC(=O)[C@H](CCCNC(N)=N)NC(=O)[C@H](CCCNC(N)=N)NC(=O)[C@H](C)NC(=O)[C@H](CCC(O)=O)NC(=O)[C@H](CC(O)=O)NC(=O)[C@H](C)NC(=O)[C@H](CCC(N)=O)NC1=O)C(=O)N[C@@H](CC1=CC=C(O)C=C1)C(=O)N[C@@H](CC(N)=O)C(=O)N[C@@H](CC(O)=O)C(=O)N1CCC[C@H]1C(=O)N[C@@H](CCCCN)C(=O)N2
13107,FC1=C(NC(=O)N[C@H]2N=C(C3=CC=CC=C3)C3=C(NC2=O)C=CC=C3)C=CC=C1
13108,CCC(=O)C(C[C@H](C)N(C)C)(C1=CC=CC=C1)C1=CC=CC=C1
13109,N[C@@H](CCCNC(N)=N)C(=O)NCCCN1CCN(CCCNC(=O)[C@@H](N)CCCNC(N)=N)CC1
13110,
13111,C\C(\C=C\C=C(/C)\C=C\C(O)=O)=C/C=C/C=C(\C)/C=C/C=C(\C)/C=C/C(O)=O
13112,OC(=O)C[18F]
13113,NS(=O)(=O)NC[C@H]1COC2=C(O1)C=CC(Cl)=C2
13114,C[C@@H](C1=NC(=CS1)C1=CC=C(C=C1)C#N)[C@@](CN1C=NC=N1)(OCOP(O)(O)=O)C1=CC=C(F)C=C1F
13115,CN1N=C2CCN(C[C@@]2(CC2=CC=CC=C2)C1=O)C(=O)[C@@H](COCC1=CC=CC=C1)NC(=O)C(C)(C)N
13116,CC(C)OC(=O)[C@@H](C)N[P@@](=O)(OC[C@H]1O[C@@H](N2C=CC(=O)NC2=O)[C@](C)(Cl)[C@@H]1O)OC1=CC=CC=C1
13117,CC1=C(N(CCO)C=C1C(=O)NC1=CC=C(C=C1)S(C)(=O)=O)C1=C(C=CC=C1)C(F)(F)F
13118,CNC(=O)[C@H](CN1CCC2(CC1)OCCC1=C2SC(F)=C1)CC1=CC=CC=C1F
13119,CCS(=O)(=O)CCCC12CCC(CC1)(CC2)C1=NN=C(N1C)C1=CC=CC=C1C(F)(F)F
13120,C[C@H]1C(=O)N[C@H](C(=O)N[C@H](C(=O)N[C@H]2CSSC[C@H]3C(=O)N[C@H](C(=O)N[C@@H](CSSC[C@H]4C(=O)NCC(=O)NCC(=O)N[C@H](C(=O)NCC(=O)N[C@H](C(=O)NCC(=O)N[C@H](C(=O)N[C@@H](CSSC[C@@H](C(=O)N[C@H](C(=O)N[C@H](C(=O)N[C@H](C(=O)N[C@H](C(=O)N[C@H](C(=O)N[C@H](C(=O)N[C@H](C(=O)N1)CCSC)CCC(=O)N)CC5=CNC=N5)CC(=O)O)[C@@H](C)O)[C@@H](C)O)CC6=CC=CC=C6)NC(=O)[C@@H]7CCCN7C(=O)[C@@H](NC(=O)[C@H](CSSC[C@@H](C(=O)N4)NC(=O)[C@@H](NC(=O)[C@@H](NC2=O)CC(=O)O)CC(=O)O)NC(=O)[C@H](CCSC)N)CCSC)C(=O)N[C@H](C(=O)NCC(=O)N8CCC[C@H]8C(=O)N[C@H](C(=O)N3)CCC(=O)N)CC9=CC=C(C=C9)O)CCCCN)CCCNC(=N)N)CCCCN)C(=O)N[C@@H](CCCNC(=N)N)C(=O)N)CC(C)C)CCCCN)CCCNC(=N)N
13121,
13122,CC[C@@H](OC1=CC(CN(CCCOC2=CC=C(OC)C=C2)C2=NC3=C(O2)C=CC=C3)=CC=C1)C(O)=O
13123,CO[C@H]1C=CO[C@@]2(C)OC3=C(C2=O)C2=C(O)C(\C=N\N4CCN(CC4)C4CCCC4)=C(NC(=O)\C(C)=C/C=C\[C@H](C)[C@H](O)[C@@H](C)[C@@H](O)[C@@H](C)[C@H](O)[C@@H]1C)C(O)=C2C(O)=C3C
13124,CCCCCC[C@@H]1CCC2=C(C1)C=CC(=C2)[C@H]1CC[C@](N)(CO)C1
13125,CCCCCCCCC\C=C\C=C\C(=O)NCC(=O)N[C@@H]1[C@@H](O)[C@@H](O)[C@@H](NC2=C3N=CNC3=NC=N2)O[C@H]1[C@@H](O)CO
13126,
13127,
13128,
13129,CC1=C2N(C(=O)C(NC3=CC(N)=NC=N3)=C1)C1(CCCCC1)NC2=O
13130,CNC1CN(C1)C1=CC(N)=NC(CC(C)C)=N1
13131,C[C@@H]1CNS(=O)(=O)N(C1)C1=CC2=CC=NC(C#N)=C2C=C1
13132,CC(C)OC(=O)[C@H](C)NP(=O)(OC[C@H]1O[C@@](C#N)(C2=CC=C3N2N=CN=C3N)[C@](C)(O)[C@@H]1OC(=O)C(C)C)OC1=CC=CC=C1
13133,
13134,NCCCC[C@H](N)C(=O)NC1=CC=C(C=C1)C(=O)CN1C2=C(C=CC=C2)N=C1C1=NON=C1NCCC#N
13135,
13136,
13137,CC#CC(=O)N1CC[C@H](C1)N1C(=O)N(C2=C(N)N=CN=C12)C1=CC=C(OC2=CC=CC=C2)C=C1
13138,
13139,C[C@H]1CN(CCN1C(=O)C1=CC=CN=C1C)S(=O)(=O)C1=CC=C(C=C1)C(F)(F)F
13140,CSC(=O)C1=C(N=C(C(C(=O)SC)=C1CC(C)C)C(F)(F)F)C(F)F
13141,CC(C)C[C@@H](NC(=O)[C@@H](CC1=CC=CC=C1)NC(=O)[C@H]1CCCN1C(=O)[C@@H](CCC(N)=O)NC(=O)[C@H](NC(=O)[C@H]1CCCN1C(=O)[C@@H](CCCNC(N)=N)NC(=O)[C@@H](CO)NC(=O)[C@@H](CCC(N)=O)NC(=O)[C@H](N)CC(O)=O)C(C)C)C(=O)N[C@H](CC(N)=O)C(=O)N[C@H](CC(C)C)C(=O)N[C@H]([C@H](C)O)C(=O)N[C@H]([C@H](C)O)C(=O)N1CCC[C@@H]1C(=O)N[C@H](CCCNC(N)=N)C(=O)N[C@H](CCCCN)C(=O)N1CCC[C@@H]1C(=O)N[C@H](CCCNC(N)=N)C(=O)N1CCC[C@@H]1C(=O)N1CCC[C@@H]1C(=O)N[C@H](CCCNC(N)=N)C(=O)N[C@H](CCCNC(N)=N)C(=O)N[C@H](CCCNC(N)=N)C(=O)N[C@H](CCC(N)=O)C(=O)N[C@H](CCCNC(N)=N)C(=O)N[C@H](CCCNC(N)=N)C(=O)N[C@H](CCCCN)C(=O)N[C@H](CCCCN)C(=O)N[C@H](CCCNC(N)=N)C(=O)NCC(N)=O
13142,FC(F)(F)OC1=CC(CC(=O)NC2=NN=C(CCCCC3=NN=C(NC(=O)CC4=NC=CC=C4)S3)C=C2)=CC=C1
13143,CN1C=C(C=N1)C1=CN2N=CN=C(N3CCN(CC3)C3=NC=C(C=N3)[C@@](C)(N)C3=CC=C(F)C=C3)C2=C1
13144,
13145,CN(C1CCCCC1)C(=S)NN=C(C1=CC=CC=N1)C1=NC=CC=C1
13146,C[C@H](O)[C@@H](O)[C@@H](O)[C@H](O)C=O
13147,N[C@]1(C[C@H](F)C1)C(O)=O
13148,NC(=O)[C@](O)(CNC1=C(F)C=NC(=N1)C1=NN(CC2=C(F)C=CC=C2)C(=C1)C1=NOC=C1)C(F)(F)F
13149,C[C@@H](O)C1=NN=C(O1)[C@H]1C[C@@H](C1)NC(=O)C1=CC(=NO1)C1=CC=CC=C1
13150,
13151,C[N@+]1(CC2CC2)CC[C@]23CC(=O)CC[C@@]2(O)[C@H]1CC1=C3C(O)=C(C=C1)C(N)=O
13152,CC[C@@H](OC1=CC(=CC=C1)N1C(C)=C(C(=O)C2=CC=C(OC)C=C2)C2=CC=C(OC(F)(F)F)C=C12)C(O)=O
13153,CCCCCCOC(C)C1=C2NC(\C=C3/N=C([C@@H](CCC(O)=O)[C@@H]3C)C3=C4N\C(=C/C5=N/C(=C\2)/C(C)=C5CC)C(C)=C4C(=O)C3)=C1C
13154,C[N+](C)(C)CCOP([O-])(=O)OCCCCCCCCCCCCCCCCCCC1=CC=C([131I])C=C1
13155,CN1C(C)=CC(=C1C(=O)C(=O)NC1=CC=C(C=C1)N1CCN(CC1)C1=NC=C(F)C=N1)C1=CC=CC=C1
13156,OC(=O)[C@@H](CC1=CC(O)=C(O)C=C1)OC(=O)\C=C\C1=C(/C=C/C2=CC(O)=C(O)C=C2)C(O)=C(O)C=C1
13157,CN(C)C(=O)N1CC[C@@H](C1)NC(=O)C1=C(C)NC(\C=C2/C(=O)NC3=C2C=C(F)C=C3)=C1C
13158,
13159,COC1=CC2=C(C=C1)N=C1CCCCC[C@@H]3CCC[C@H]3OC(=O)N[C@H]3CCCCC\C=C\[C@@H]4C[C@]4(NC(=O)[C@@H]4C[C@H](CN4C3=O)OC1=N2)C(=O)NS(=O)(=O)C1(C)CC1
13160,CC(C)(C)C1=CC=C(C=C1)S(=O)(=O)NC1=C(C=C(Cl)C=C1)C(=O)C1=CC=[N+]([O-])C=C1
13161,CC(C)[C@H](NC(=O)[C@H](CCCNC(N)=N)NC(=O)N[C@@H](CC1=CC=CC=C1)C(O)=O)C(=O)N[C@@H](CCCNC(N)=N)C=O
13162,
13163,
13164,CNS(=O)(=O)NC1=C(F)C(CC2=C(C)C3=C(OC2=O)C=C(OC2=NC=CC=N2)C=C3)=CC=N1
13165,NC(=O)C1=CN(C=C1)C1=CN=C(NC[C@@]2(C[C@H](F)C2)C2=NC=CC=C2F)N=C1
13166,CC1(C)CCC2(CC1)N[C@H]([C@H](C1=C(F)C(Cl)=NC=C1)[C@]21C(=O)NC2=CC(Cl)=CC=C12)C(=O)N[C@@H]1CC[C@H](OC1)C(N)=O
13167,C[N+]1=CC2=C(C=C1)C3=C(N2)C=CC(=C3)OC
13168,CCCCCCCCCCCCCCCCOC[C@H](COP([O-])(=O)OCC[N+](C)(C)C)OCCCCC(O)=O
13169,
13170,CN1C(=O)N(C(=O)C=C1C(F)(F)F)C1=CC=C(Cl)C(=C1)C(=O)OC(C)(C)C(=O)OCC=C
13171,
13172,
13173,CCC[C@@H](C)C[C@H](CN)CC(O)=O
13174,CC(C)N1CCC(CC1)N1CCCN(CC1)C1=CC=CC(=N1)C(=O)NC1=CC=NC=C1
13175,C[C@@H](NC(=O)C1=C(Cl)C(N)=NC=N1)C1=NC=C(S1)C(=O)NC1=NC=C(Cl)C(=C1)C(F)(F)F
13176,
13177,CN(CC1=C(C)C2=CC=CC=C2O1)C(=O)\C=C\C1=CN=C2N(COP(O)(O)=O)C(=O)CCC2=C1
13178,CN(C)C(=O)C1=CC(NC(=O)[C@H]2CCC(=O)N2C2CCN(CC3=CC=C(Cl)C(C)=C3)CC2)=NC(C)=C1
13179,
13180,
13181,CC[C@H](C)[C@H](NC(=O)[C@H](CC1=CNC2=C1C=CC=C2)NC(=O)[C@H](CCC(O)=O)NC(=O)[C@H](CCC(O)=O)NC(=O)CNC(=O)[C@H](CCCCN)NC(=O)CNC(=O)[C@@H]1CCCN1C(=O)[C@@H]1CCCN1C(=O)[C@H](CCC(N)=O)NC(=O)[C@H](CCCNC(N)=N)NC(=O)[C@@H](NC(=O)[C@H](CC1=CNC2=C1C=CC=C2)NC(=O)[C@H](CO)NC(=O)[C@H](CC1=CNC2=C1C=CC=C2)NC(=O)[C@H](CC1=CC=C(O)C=C1)NC(=O)[C@H](CC1=CC=C(O)C=C1)NC(=O)CN)[C@@H](C)CC)C(=O)NCC(O)=O
13182,CNC(=O)C1=CC=CC=C1NC1=CC(NC2=C(OC)C=C(C=C2)N2CCOCC2)=NC=C1C(F)(F)F
13183,
13184,C[C@H](NC1=CC=C2C3=NC(=CN3CCOC2=C1)N1[C@@H](COC1=O)C(F)F)C(N)=O
13185,
13186,
13187,
13188,CC(C)(C)C1=CC=C(OC2=CC=C(N)C=N2)C=C1
13189,
13190,CN1N=CC=C1NC1=NC=CC(=N1)C1=CC(=O)N(C=C1)[C@H](CO)C1=CC(F)=C(Cl)C=C1
13191,C[C@]12CC[C@H]3[C@@H](CCC4=CC(=O)CC[C@H]34)[C@@H]1C[C@H]1O[C@H](O[C@@]21C(=O)C[18F])C1=CC=CO1
13192,
13193,[H][C@]12SC(S[C@H]3CC[S@@+]([O-])C3)=C(N1C(=O)[C@]2([H])[C@@H](C)O)C(O)=O
13194,S=C1N=CNC2=C1NC=N2
13195,C[C@H](N)C(=O)N1C[C@H](CCCB(O)O)[C@@](N)(C1)C(O)=O
13196,OC(=O)C1=CC=C(C=C1)S(=O)(=O)N(CC1=CC=C(OC(F)(F)F)C=C1)C1=NC=C2C=CC=CC2=C1C1CC1
13197,NCCC1=CNC(=S)N1[C@H]1COC2=C(C1)C=C(F)C=C2F
13198,CC(=C)[C@H]1CCC(CO)=CC1
13199,
13200,CN1C(=O)N(C(=O)C2=C1C(F)=CC=C2)C1=C(C)C(=CC=C1)C1=C2C3=C(C[C@H](CC3)C(C)(C)O)NC2=C(C=C1F)C(N)=O
13201,O\N=C1/C=C(OC2=C1C=C(CCCN1CCOCC1)C=C2)C1=CC2=C(C=CS2)C=N1
13202,C\C(\C=C1/SC(=S)N(CC(O)=O)C1=O)=C/C1=CC=CC=C1
13203,C(CN1CCCC1)OC1=C2COC\C=C\COCC3=CC=C(O3)C3=CC=NC(NC(C=C1)=C2)=N3
13204,CC[C@H](NC1=C2N=CNC2=NC=N1)C1=C(C(=O)C2=CC=CC=C2O1)C1=CC=CC(F)=C1
13205,N[C@H](CC1=CC=C(OC[18F])C=C1)C(O)=O
13206,CN1C=C(C=N1)C1=CC(=C(C=C1)S(=O)(=O)[C@@H]1C[C@H](N(C1)C(=O)C1(CC1)C(F)(F)F)C(=O)NC1(CC1)C#N)C(F)(F)F
13207,
13208,CC(C)[C@@H](CS(=O)(=O)C(C)C)N1[C@@H]([C@H](C[C@](C)(CC(O)=O)C1=O)C1=CC=CC(Cl)=C1)C1=CC=C(Cl)C=C1
13209,[H][C@@]1(C[C@@H]2CC[N@]1C[C@@H]2CC)[C@@H](O)C1=CC=NC2=CC=C(OC)C=C12
13210,
13211,C[C@H](O)[C@@H](O)[C@@H](O)[C@H](F)C=O
13212,
13213,
13214,CC1=CN2N=C(C=C(C)C2=N1)C1=CC(=O)N2C=C(C=CC2=N1)N1CCNC2(CC2)C1
13215,C1=CC=C(C=C1)OC2=CC=C(C=C2)NC(=O)C3=CC(=CC=C3)[N+](=O)[O-]
13216,C[C@]1(C=CSC(N)=N1)C1=CC(NC(=O)C2=NC=C(C=C2)C#N)=CC=C1F
13217,N1C2=CC(=CC=C2N=C1C1=CC=NC=C1)C1=CC2=C(C=C1)N=C(N2)C1=CC=NC=C1
13218,CC1=NC(=CC=C1)C1=C(N=C(CNC2=C(F)C=CC=C2)N1)C1=CN2N=CN=C2C=C1
13219,CC(CCCC(C)(C)OC)C/C=C/C(=C/C(=O)O)/C
13220,
13221,
13222,CSCC[C@H](NC(=O)[C@H](CO)NC(=O)[C@H](CC1=CC=C(O)C=C1)NC(=O)[C@H](CO)NC(=O)[C@H](CCCCN)NC(=O)[C@H](CCCCN)NC(=O)[C@H](CCCCN)NC(=O)[C@H](CCCCN)NC(=O)[C@H](CCCCN)NC(=O)[C@H](CCCCN)NC(C)=O)C(=O)N[C@@H](CCC(O)=O)C(=O)N[C@@H](CC1=CNC=N1)C(=O)N[C@@H](CC1=CC=CC=C1)C(=O)N[C@@H](CCCNC(N)=N)C(=O)N[C@@H](CC1=CNC2=C1C=CC=C2)C(=O)NCC(=O)N[C@@H](CCCCN)C(=O)N1CCC[C@H]1C(=O)N[C@@H](C(C)C)C(N)=O
13223,COC(=O)N[C@@H](C(C)C)C(=O)N1CCC[C@H]1C1=NC=C(N1)C1=CC=C(C=C1)C1=CC=C(C2=CN=C(N2)[C@@H]2CCCN2C(=O)[C@@H](NC(=O)OC)C(C)C)C2=C1OCO2
13224,COC1=NC=C(F)C2=NC(=NN12)S(=O)(=O)NC1=C(F)C=CC=C1F
13225,CN1CC[C@@]2(C)[C@@H]1N(C)C1=CC=C(OC(=O)NC3=CC=CC=C3)C=C21
13226,[Nd]
13227,CC(C)[C@H](N1C=C(COC2=CC3=C(C=C2)N=C(S3)S(N)(=O)=O)N=N1)C(=O)N[C@@H](CC1=CC=C(OCCF)C=C1)C(O)=O
13228,ONC(=O)CCCCCCC(=O)NC1=CC=C(CN[C@H](C(=O)OC2CCCC2)C2=CC=CC=C2)C=C1
13229,
13230,CN1C(=O)C=C(N2CCC[C@@H](N)C2)N(CC2=CC(F)=CC=C2C#N)C1=O
13231,[11CH3]OCC1=CC=CN=C1N1CCN(C[C@H]2COC3=CC=CC=C3O2)CC1
13232,CC(C)CN(C1=CC2=C(CCC2)C=C1OCC1=CC=C(C=C1C)C(O)=O)S(=O)(=O)C1=NC=CS1
13233,CS(=O)(=O)C1=CC=CC=C1S(=O)(=O)NO
13234,CN1CCN(CC1)C1=C(F)C=C(NC2=NC(OC3=CC=CC(NC(=O)C=C)=C3)=C3C=CNC3=N2)C=C1
13235,C[C@@H]1[C@@H](C[C@H](NC(=O)C2=CN=C3C[C@]4(CC3=C2)C(=O)NC2=NC=CC=C42)C(=O)N1CC(F)(F)F)C1=CC=CC=C1
13236,
13237,
13238,
13239,CC1=CN(C(=O)NC1=O)[C@H]2CNC[C@H](O2)COP(=O)(N3C[C@H](O[C@H](C3)N4C=C(C(=O)NC4=O)C)COP(=O)(N5C[C@H](O[C@H](C5)N6C=C(C(=O)NC6=O)C)COP(=O)(N7CCNCC7)N8C[C@H](O[C@H](C8)N9C=CC(=NC9=O)N)COP(=O)(N1C[C@H](O[C@H](C1)N1C=C(C(=O)NC1=O)C)COP(=O)(N1C[C@H](O[C@H](C1)N1C=NC2=C(N=CN=C21)N)COP(=O)(N1C[C@H](O[C@H](C1)N1C=CC(=NC1=O)N)COP(=O)(N1C[C@H](O[C@H](C1)N1C=C(C(=O)NC1=O)C)COP(=O)(N1CCNCC1)N1C[C@H](O[C@H](C1)N1C=CC(=NC1=O)N)COP(=O)(N1C[C@H](O[C@H](C1)N1C=NC2=C(N=CN=C21)N)COP(=O)(N1C[C@H](O[C@H](C1)N1C=NC2=C1N=C(NC2=O)N)COP(=O)(N1C[C@H](O[C@H](C1)N1C=NC2=C(N=CN=C21)N)COP(=O)(N1C[C@H](O[C@H](C1)N1C=NC2=C(N=CN=C21)N)COP(=O)(N1C[C@H](O[C@H](C1)N1C=NC2=C1N=C(NC2=O)N)COP(=O)(N1C[C@H](O[C@H](C1)N1C=NC2=C(N=CN=C21)N)COP(=O)(N1C[C@H](O[C@H](C1)N1C=C(C(=O)NC1=O)C)COP(=O)(N1CCNCC1)N1C[C@H](O[C@H](C1)N1C=C(C(=O)NC1=O)C)COP(=O)(N1C[C@H](O[C@H](C1)N1C=NC2=C1N=C(NC2=O)N)COP(=O)(N1C[C@H](O[C@H](C1)N1C=NC2=C1N=C(NC2=O)N)COP(=O)(N1C[C@H](O[C@H](C1)N1C=CC(=NC1=O)N)COP(=O)(N1CCN(CC1)C(=O)OCCOCCOCCO)N(C)C)N(C)C)N(C)C)N(C)C)N(C)C)N(C)C)N(C)C)N(C)C)N(C)C)N(C)C)N(C)C)N(C)C)N(C)C)N(C)C)N(C)C)N(C)C)N(C)C
13240,C[C@H](NC(=O)CN1C=NC2=C1C(F)=C(F)C=C2)C1=CC=C(C=C1)C(C)(C)C
13241,COC1=CC=C(C=C1)C1=COC2=C(C(O)=CC(O)=C2)C1=O
13242,COC1=CC=C(C=C1)C1=COC2=C(C=CC(O)=C2)C1=O
13243,
13244,C[C@@H]1CCCN1C(=O)[C@H](CC1=CSC=N1)NC(=O)[C@H]1NC(=O)O[C@H]1C
13245,CNC(C)C(=O)C1=CC=CC=C1
13246,N[C@@H](CNC(=O)[C@H](CC1=CC=CC=C1)NC(=O)[C@H](CC1=CC=CC=C1)NC(=O)CCCCCCCNC(=O)CC[C@H](NC(=O)N[C@@H](CCC(O)=O)C(O)=O)C(O)=O)C(=O)N[C@@H](CC(O)=O)C(=O)N[C@@H](CS)C(O)=O
13247,O[C@H]1CC[C@@]2(O)[C@H]3CC4=CC=C(OC(=O)CCCCCCCCC(=O)OC5=C6O[C@H]7[C@@H](O)CC[C@@]8(O)[C@H]9CC(C=C5)=C6[C@@]78CCN9CC5CCC5)C5=C4[C@@]2(CCN3CC2CCC2)[C@H]1O5
13248,
13249,C[C@H]1CN(CC2=CC(=CC(NC3=NC=C(Cl)C(=N3)C3=CNC4=C3C=CC(C)=C4)=C2)C2CC2)C[C@@H](C)N1
13250,CC(C)(O)CC(O)=O
13251,FC1=C2[C@H](CN3CCC(CC3)NCC3=NN=C4OCCOC4=C3)CN3C2=C(C=C1)C=CC3=O
13252,O=C1N=C(OC[C@@H]2COCCO2)C=C2N1CCC1=CC(=CC=C21)C#CC1CC1
13253,CC#CC(=O)N[C@H]1CCCN(C1)C1=C2C(C)=C(C)NC2=C(C=C1F)C(N)=O
13254,FC1=CC(F)=C(OCC2=CC=CC=C2C2CCNCC2)C(F)=C1
13255,
13256,O[C@H]1[C@H](O)[C@@H](O)[C@H](O)[C@H](O)[C@H]1O
13257,
13258,NCCONC(=O)[C@@H]1CC[C@@H]2C[N@]1C(=O)N2OS(O)(=O)=O
13259,
13260,CCCCCCC(=O)N[C@@H]1CSSC[C@H](NC(=O)[C@H](CO)NC(=O)[C@@H](NC(=O)[C@H](CCCNC(N)=N)NC(=O)[C@H](CC(O)=O)NC(=O)[C@@H](CCCC)NC(=O)[C@H](CCCNC(N)=N)NC(=O)CNC(=O)[C@@H](C)NC(=O)[C@H](CC2=CC=CC=C2)NC(=O)[C@H](CC2=CNC=N2)NC1=O)[C@@H](C)CC)C(=O)N[C@@H](CC1=CC=C(O)C=C1)C(=O)N1C[C@@H](NC(=O)[C@@H]1CCCNC(N)=N)C(N)=O
13261,OC(=O)CN1C2=CC=CC=C2CC[C@H](NC(=O)C2(C[C@@H](CCC3=CC=CC4=CC=CC=C34)C(O)=O)CCCC2)C1=O
13262,CCCCCCOC1=NSN=C1C1=CCCN(C)C1
13263,C[C@H]1N(CCC2=C1N=NN2C1=NC=C(F)C=N1)C(=O)C1=C(Cl)C(=CC=C1)C(F)(F)F
13264,COC1=C(C(=O)\C=C\C2=CC=C(O)C=C2)C(O)=C(CC=C(C)C)C(O)=C1
13265,CCC(=O)N(C1=CC=CC=C1)C1(CCN(CCC2=CC=CC=C2)CC1)C(=O)O[11CH3]
13266,[201Tl]
13267,CC(F)(F)C1=C(C=CC(F)=C1)C1=C(OC2=CC=C(\C=C\C(O)=O)C=C2)C2=CC=C(O)C=C2S1
13268,
13269,
13270,CC(C)C[C@@H](C(=O)N[C@@H](CC1=CN=CN1)C(=O)N2CCC[C@H]2C(=O)N[C@@H](CO)C(=O)N[C@@H](CCCCN)C(=O)N[C@@H](C(C)C)C(=O)N[C@@H](CC(=O)O)C(=O)N[C@@H](CC(C)C)C(=O)N3CCC[C@H]3C(=O)N[C@@H](CCCN=C(N)N)C(=O)O)NC(=O)[C@H](CC4=CC=CC=C4)NC(=O)[C@H](CCC(=O)O)NC(=O)[C@H](CCCCN)N
13271,C[C@H](CN1CCOCC1)N1C(NC(N)=O)=NC2=C1C=CC(\C=C1/C3=CC=CC=C3COC3=CC(F)=CC=C13)=C2
13272,
13273,
13274,C[C@H]1C(=O)N2CCC[C@H]2C(=O)N[C@H](C(=O)N[C@H](C(=O)N[C@@H](CSSC[C@@H](C(=O)N[C@H](C(=O)N1)CO)NC(=O)[C@H](C)N)C(=O)N[C@@H](CC3=CC=C(C=C3)O)C(=O)N[C@@H](CCC(=O)N)C(=O)N[C@@H](CCCCN)C(=O)N4CCC[C@H]4C(=O)N5CCC[C@H]5C(=O)N[C@@H](CC6=CC=C(C=C6)O)C(=O)N[C@@H](CC7=CNC=N7)C(=O)O)CC8=CC=C(C=C8)O)CCCNC(=N)N
13275,COC1=CC2=C(C=C1)C(=O)N1CCCCC[C@@H]3CCC[C@H]3OC(=O)N[C@@H](C3CCCC3)C(=O)N3C[C@@H](C[C@H]3C(=O)N[C@@]3(C[C@H]3C=C)C(=O)NS(=O)(=O)C3(C)CC3)OC1=N2
13276,CCCCCCCCCCCCCCCCCC(=O)OCC(CSSC1=CC=C(COC(=O)N2[C@H]3CN4C5=C([C@@H](COC(N)=O)[C@@]4(OC)[C@@H]23)C(=O)C(N)=C(C)C5=O)C=C1)OC(=O)CCCCCCCCCCCCCCCCC
13277,
13278,[60Co]
13279,C[C@H]1C(=O)N[C@H](C(=O)N[C@H](C(=O)N[C@H]2CSSC[C@H]3C(=O)N[C@H](C(=O)N[C@@H](CSSC[C@H]4C(=O)NCC(=O)NCC(=O)N[C@H](C(=O)NCC(=O)N[C@H](C(=O)NCC(=O)N[C@H](C(=O)N[C@@H](CSSC[C@@H](C(=O)N[C@H](C(=O)N[C@H](C(=O)N[C@H](C(=O)N[C@H](C(=O)N[C@H](C(=O)N[C@H](C(=O)N[C@H](C(=O)N1)CCSC)CCC(=O)N)CC5=CNC=N5)CC(=O)O)[C@@H](C)O)[C@@H](C)O)CC6=CC=CC=C6)NC(=O)[C@@H]7CCCN7C(=O)[C@@H](NC(=O)[C@H](CSSC[C@@H](C(=O)N4)NC(=O)[C@@H](NC(=O)[C@@H](NC2=O)CC(=O)O)CC(=O)O)NC(=O)[C@H](CCSC)N)CCSC)C(=O)N[C@H](C(=O)NCC(=O)N8CCC[C@H]8C(=O)N[C@H](C(=O)N3)CCC(=O)N)CC9=CC=C(C=C9)O)CCCCNC(=O)CCCCCN\1C2=C(C3=CC=CC=C3C=C2)C(/C1=C/C=C/C=C/C=C/C1=[N+](C2=C(C1(C)C)C1=CC=CC=C1C=C2)CCCCS(=O)(=O)[O-])(C)C)CCCNC(=N)N)CCCNC(=N)N)C(=O)N[C@@H](CCCNC(=N)N)C(=O)O)CC(C)C)CCCNC(=N)N)CCCNC(=N)N
13280,
13281,COC1=CC2=CC=C(C=C2C=C1)C(C)C(=O)OC1=CC=C(C=C1)C(N)=S
13282,
13283,CC(O)COC[C@H]1O[C@@H]2O[C@@H]3[C@@H](CO)O[C@H](O[C@@H]4[C@@H](CO)O[C@H](O[C@@H]5[C@@H](CO)O[C@H](O[C@@H]6[C@@H](COCC(C)O)O[C@H](O[C@@H]7[C@@H](CO)O[C@H](O[C@@H]8[C@@H](COCC(C)O)O[C@H](O[C@H]1C[C@H]2O)[C@H](O)[C@H]8O)[C@H](O)[C@H]7OCC(C)O)[C@H](O)[C@H]6O)[C@H](O)[C@H]5O)[C@H](OCC(C)O)[C@H]4O)[C@H](OCC(C)O)[C@H]3O
13284,CCN(CC)C(=O)[C@H]1CCCC2=C1C1=C(OC)C=CC=C1N2CC[18F]
13285,CC(C)=CCC\C(C)=C\CC\C(C)=C\CC\C(C)=C\CC\C(C)=C\CC1=C(C)C(=O)C2=C(C=CC=C2)C1=O
13286,FC1=CC=C(C=C1)C1=NN2C(SC3=CC=C4N=C(NC(=O)NCCN5CCOCC5)SC4=C3)=NN=C2C=C1
13287,
13288,CC(C)OC(=O)N[C@H]([C@@H](O)C(=O)O[C@H]1C[C@@]2(O)[C@@H](OC(=O)C3=CC=CC=C3)[C@@H]3[C@@]4(CO[C@@H]4C[C@H](O)[C@@]3(C)C(=O)[C@H](OC(=O)C3CCCC3)C(=C1C)C2(C)C)OC(C)=O)C1=CC=CS1
13289,OC(=O)C1=CC=C(CN2C[C@@H]3C[C@H]2CN3CC2=CC=C(OC3=CC=C(C=C3)C3=NC=CO3)C=C2)C=C1
13290,
13291,
13292,CCC1=NC2=C(C3=CC(=C(C=C31)OC)OC)C(=O)NC2=O
13293,
13294,
13295,C[C@H]1OC[C@@]2(N=C(N)SC[C@H]12)C1=CC(NC(=O)C2=NC=C(N=C2)C(F)F)=CC=C1F
13296,[Cs]
13297,CNC(=O)C1=CC(COC2=C3OC=CC3=C(NC3=CC=C(Cl)C=C3)N=N2)=CC=N1
13298,CC(C)CCC[C@@H](C)CCC[C@@H](C)CCC[C@]1(C)CCC2=C(O1)C(C)=C(C)C(O)=C2
13299,
13300,CN1CCN(CC2=C(C=C(NC(=O)C3=CC=C(C)C(=C3)C#CC3=NN=C4C=CC=CN34)C=C2)C(F)(F)F)CC1
13301,
13302,COC1=C(O)C=CC(COC(=O)CCCCCCC(C)C)=C1
13303,C[C@]1(CCCN1C1=NN2C=CC=C2C(NC2=NNC(=C2)C2CC2)=N1)C(=O)NC1=CN=C(F)C=C1
13304,
13305,CC(=O)C1=NN(CC(=O)N2C[C@H](F)C[C@H]2C(=O)NC2=CC=CC(Br)=N2)C2=C1C=C(C=C2)C1=CN=C(C)N=C1
13306,
13307,CCC1=C(N(C)C2=NC(=C(S2)C#N)C2=CC=C(F)C=C2)N2C=C(C=C(C)C2=N1)N1CCN(CC(=O)N2CC(O)C2)CC1
13308,
13309,N[C@@H](CC1=CC=C(OCC[18F])C=C1)C(O)=O
13310,C[C@@]1(CCN1C(=O)C1=CSC2=C1C=CC=C2)C(=O)N(CCCC(O)=O)CC1=CC=CC(Cl)=C1
13311,C[C@H](NC1=NC=NC2=C1NC=N2)C1=NC2=C(C=C(F)C=C2)C(=O)N1C1=CC=CC=C1
13312,OC(=O)C1=CC2=C(C=C1)C1=C(C=CN=C1)C(NC1=CC(Cl)=CC=C1)=N2
13313,
13314,CCCNC[C@H](O)COC1=CC=CC=C1C(=O)CCC1=CC=CC=C1
13315,COC(=O)C1(CC1)OC(=O)C1=CN=CN1[C@H](C)C1=CC=CC=C1
13316,CN1CCN(CC1)C(=O)C1[C@@H]2CC[C@@H](O2)C1C(O)=O
13317,CC1(C)\C(=C/C=C2\CCCC(\C=C\C3=[N+](CCCCS(O)(=O)=O)C4=C(C=C(C=C4)S([O-])(=O)=O)C3(C)C)=C2OC2=CC=C(C[C@H](NC(=O)C3=CC=C(NCC4=CN=C5N=C(N)NC(=O)C5=N4)C=C3)C(O)=O)C=C2)N(CCCCS(O)(=O)=O)C2=C1C=C(C=C2)S(O)(=O)=O
13318,[2H]C([2H])([2H])NC(=O)C1=CC(OC2=CC=C(NC(=O)NC3=CC=C(Cl)C(=C3)C(F)(F)F)C=C2)=CC=N1
13319,
13320,OC(=O)C1=CC=C(C=C1)[C@H]1C[C@@H]1C1=C(Cl)C=C(OCC2=C(ON=C2C2=C(Cl)C=CC=C2Cl)C2CC2)C=C1
13321,
13322,CNC(=O)C[C@H]1COC2=C(C=CC(F)=C2)N1C(=O)C1=CC2=C(OCC(=O)N2)C=C1
13323,ONC(=O)C1=CN=C(N=C1)N1C[C@H]2[C@@H](C1)[C@@H]2NCC1=NC2=CC=C(F)C=C2C=C1
13324,
13325,
13326,CO[C@@H]1C[C@H](C[C@@H](C)[C@@H]2CC(=O)[C@H](C)\C=C(C)/[C@@H](O)[C@@H](OC)C(=O)[C@H](C)C[C@H](C)[C@@H]3CC[C@@H](ON3C3=CC=CC=C3)\C=C(C)/[C@H](C[C@@H]3CC[C@@H](C)[C@@](O)(O3)C(=O)C(=O)N3CCCC[C@H]3C(=O)O2)OC)CC[C@H]1O
13327,CCCCCCCCCCCCCCCC(=O)OC[C@H](COC(=O)[C@H](C)NC(=O)CC[C@@H](NC(=O)[C@H](C)NC(=O)[C@@H](C)O[C@H]([C@@H](NC(C)=O)C=O)[C@H](O[C@@H]1O[C@H](CO)[C@@H](O)[C@H](O)[C@H]1NC(C)=O)[C@H](O)CO)C(N)=O)OC(=O)CCCCCCCCCCCCCCC
13328,[18F]C1=CC=C(C=C1)[P+](C1=CC=CC=C1)(C1=CC=CC=C1)C1=CC=CC=C1
13329,CC[C@H](NC1=NC(NCC2=C(C)C=C(C)N=C2)=C2N=CN(C(C)C)C2=N1)[C@@H](C)O
13330,OC(=O)C1=CC=C(CCCC2=C(CCNS(=O)(=O)CC3=C(C=CC=C3)C(F)(F)F)N(C(C3=CC=CC=C3)C3=CC=CC=C3)C3=C2C=C(Cl)C=C3)C=C1
13331,OC[C@H]1O[C@H]([C@@H](F)[C@@H]1O)N1C=C(I)C(=O)NC1=O
13332,
13333,OC(=O)CS
13334,
13335,NC(=O)C1=CC=CC2=C1N=CN=C2N[C@H](CN1CCC1)C1=CC(=C(Cl)C=C1)C(F)(F)F
13336,
13337,
13338,
13339,CN1N=NC(C)=C1C1=CC2=C(N=C1)C1=C(C=C(C=C1)C(C)(C)O)N2[C@@H](C1CCOCC1)C1=CC=CC=C1
13340,C[S+]([O-])CCCC\C(S[C@@H]1O[C@H](CO)[C@@H](O)[C@H](O)[C@H]1O)=N/OS(O)(=O)=O
13341,COC1=C(C=C(C(C)C)C(F)=C1)C1=C(CN2[C@@H](C)[C@H](OC2=O)C2=CC(=CC(=C2)C(F)(F)F)C(F)(F)F)CC(C)(C)CC1
13342,
13343,O[C@H](C[C@@H]1N2C=NC=C2C2=CC=CC(F)=C12)[C@H]1CC[C@H](O)CC1
13344,ONC(=O)CCC1=NC=C(CN[C@@H](C2CCCCC2)C(=O)OC2CCCC2)C=C1
13345,C[C@@H](CN1C=CC2=CC(=C(C=C21)Cl)F)N
13346,CN1CCN(CC1)C1=CN=C(NC2=NC3=C(C=C4N3C3(CCCCC3)CNC4=O)C=N2)C=C1
13347,
13348,C[C@@H]1CN(C2=NC(=CC=C2C(=O)NS(=O)(=O)C2=CN(C)N=C2C)N2C=CC(OCC(C)(C)C(F)(F)F)=N2)C(C)(C)C1
13349,OC(=O)CNC(=O)C1=CC=CC=C1I
13350,COC1=CC(=CC=C1)C1=CC=C(NC(=O)C2=C(CCC2)C(O)=O)C(F)=C1
13351,CCCCCC1=CC(CC(O)=O)=CC=C1
13352,CC1=CC=C(C=C1N1N=CC(C(=O)C2=CC=CC(=C2)C#N)=C1N)C(=O)NC1CC1
13353,ONC(=O)CCCCCCNC(=O)C1=CN=C(N=C1)N(C1=CC=CC=C1)C1=CC=CC=C1Cl
13354,C[C@@H](N(CC1=CC(=CC=C1)C(O)=O)C(=O)C1=CC2=C(C=CC=C2)N=C1)C1=CC=C(F)C=C1
13355,
13356,
13357,
13358,CC1=CN(C(=O)NC1=O)C2CC(C(O2)COP(=S)(O)OC3CC(OC3COP(=S)(O)OC4CC(OC4COP(=S)(O)OC5CC(OC5COP(=S)(O)OC6CC(OC6COP(=S)(O)OC7CC(OC7COP(=S)(O)OC8CC(OC8COP(=S)(O)OC9CC(OC9COP(=S)(O)OC1CC(OC1COP(=S)(O)OC1CC(OC1COP(=S)(O)OC1CC(OC1COP(=S)(O)OC1CC(OC1CO)N1C=CC(=NC1=O)N)N1C=NC2=C1N=C(NC2=O)N)N1C=NC2=C1N=C(NC2=O)N)N1C=CC(=NC1=O)N)N1C=NC2=C(N=CN=C21)N)N1C=C(C(=O)NC1=O)C)N1C=NC2=C1N=C(NC2=O)N)N1C=C(C(=O)NC1=O)C)N1C=CC(=NC1=O)N)N1C=C(C(=O)NC1=O)C)N1C=CC(=NC1=O)N)OP(=S)(O)OCC1C(CC(O1)N1C=CC(=NC1=O)N)OP(=S)(O)OCC1C(CC(O1)N1C=C(C(=O)NC1=O)C)OP(=S)(O)OCC1C(CC(O1)N1C=C(C(=O)NC1=O)C)OP(=S)(O)OCC1C(CC(O1)N1C=NC2=C1N=C(NC2=O)N)OP(=S)(O)OCC1C(CC(O1)N1C=CC(=NC1=O)N)OP(=S)(O)OCC1C(C(C(O1)N1C=NC2=C(N=CN=C21)N)OC)OP(=S)(O)OCC1C(C(C(O1)N1C=CC(=NC1=O)N)OC)OP(=S)(O)OCC1C(C(C(O1)N1C=CC(=NC1=O)N)OC)O
13359,COC(=O)NC1=C(N)N=C(N=C1N)C1=NN(CC2=CC=CC=C2F)C2=C1C=C(F)C=N2
13360,CNC1=CC=C(C=C1)C1=NC2=C(S1)C=C([18F])C=C2
13361,CCCC[C@H](N)C(O)=O
13362,CC(C)(CC1=CC=C(F)C=C1)NC(=O)[C@H](CCC(O)=O)NC(=O)C1=CC=C(C=C1)C1=CC=CC=C1
13363,
13364,CC(=O)O[C@H]1CC(C)(C)C(=[C@@]=C\C(C)=C\C=C\C(\C)=C\C=C\C=C(/C)\C=C\C=C(/C)C(=O)C[C@@]23O[C@]2(C)C[C@@H](O)CC3(C)C)[C@](C)(O)C1
13365,CS(=O)(=O)C1=CC=C(OC2=CC(=CC(F)=C2)C#N)C2=C1[C@H](O)[C@H](F)[C@@H]2F
13366,OC1=CC2=C(C=C1)C1=C(C=C(O)C=C1)C(=O)O2
13367,[H][C@@]12OC3=C(OC)C=CC4=C3[C@@]11CCN(C)[C@]([H])(C4)[C@]1([H])CC=C2OC(=O)C1=CC=CC=C1
13368,CN1C=C(NC(=O)C2=CC(NC(=O)C3=CC(NC(=O)C4=CC=C(C=C4)N(CCCl)CCCl)=CN3C)=CN2C)C=C1C(=O)NCCC(N)=N
13369,CCOCCOC(=O)\C=C\C1=CC=C(OC)C=C1
13370,CCCCC(CC)COC(=O)C1=CC=C(NC2=NC(NC3=CC=C(C=C3)C(=O)OCC(CC)CCCC)=NC(NC3=CC=C(C=C3)C(=O)NC(C)(C)C)=N2)C=C1
13371,[H]N(C1=CC=C(C=C1)C(=O)OCC(CC)CCCC)C1=NC(=NC(=N1)N([H])C1=CC=C(C=C1)C(=O)OCC(CC)CCCC)N([H])C1=CC=C(C=C1)C(=O)OCC(CC)CCCC
13372,
13373,
13374,
13375,
13376,
13377,
13378,
13379,OC[C@H]1O[C@H]([C@H](O)[C@@H](O)[C@@H]1O)C1C2=CC=CC(O)=C2C(=O)C2=C1C=C(CO)C=C2O
13380,
13381,O[Zr]Cl
13382,CC(=O)OC1=CC(O)=CC=C1
13383,
13384,
13385,
13386,
13387,
13388,
13389,
13390,C[C@@H]1O[C@@H](O[C@@H]2[C@@H](O)[C@H](OCCC3=CC(O)=C(O)C=C3)O[C@H](CO[C@@H]3O[C@H](CO)[C@@H](O)[C@H](O)[C@H]3O)[C@H]2OC(=O)\C=C\C2=CC(O)=C(O)C=C2)[C@H](O)[C@H](O)[C@H]1O
13391,CC1COC2(N1CC(O)=NC1=C2C=C(Cl)C=C1)C1=CC=CC=C1Cl
13392,[H][C@@]1(CC[C@@]2([H])[C@]3([H])CC[C@]4([H])C[C@](C)(O)CC[C@]4([H])[C@@]3([H])CC[C@]12C)C(=O)CN1C=C(C=N1)C#N
13393,CC1CN2CC(=O)NC3=C(C=C(Cl)C=C3)C2(O1)C1=CC=CC=C1
13394,CCN1CCC[C@H]1CNC(=O)C1=C(O)C(CC)=CC(Cl)=C1OC
13395,OC1=C(CC2=C(NC(=S)NC2=O)C2=CC=CC=C2)C2=CC=CC=C2C=C1
13396,[68Ga+3].C[C@@H](O)[C@@H](CO)NC(=O)[C@@H]1CSSC[C@H](NC(=O)[C@@H](CC2=CC=CC=C2)NC(=O)CN2CCN(CC([O-])=O)CCN(CC([O-])=O)CCN(CC([O-])=O)CC2)C(=O)N[C@@H](CC2=CC=C(O)C=C2)C(=O)N[C@H](CC2=CNC3=C2C=CC=C3)C(=O)N[C@@H](CCCCN)C(=O)N[C@@H]([C@@H](C)O)C(=O)N1
13397,COC1=CC=C(C=C1)[C@@]12OC3=C(C(OC)=CC(OC)=C3)[C@]1(O)[C@H](O)[C@@H]([C@H]2C1=CC=CC=C1)C(=O)N(C)C
13398,COC1=CC=C(C=C1)[C@@]12OC3=CC(OC)=CC(OC)=C3[C@]1(O)[C@H](O)[C@@H]([C@H]2C1=CC=CC=C1)C(N)=O
13399,
13400,CCOC1=CC(=CC=C1NC1=NC=C2C=C(C)N=C(NCC(C)(C)C)C2=N1)C1=NN=CN1C
13401,CCS(=O)(=O)N1CCN(CC1)C1=CC=C(NC2=NC=C(C(N)=O)C(NC3CC3)=N2)C=C1
13402,
13403,
13404,
13405,
13406,
13407,
13408,
13409,
13410,
13411,
13412,
13413,
13414,
13415,
13416,
13417,
13418,
13419,
13420,
13421,
13422,
13423,
13424,
13425,
13426,
13427,CCCCCCCCCCCCCCCC(=O)SCCNC(=O)CCNC(=O)[C@@H](C(C)(C)COP(=O)(O)OP(=O)(O)OC[C@@H]1[C@H]([C@H]([C@@H](O1)N2C=NC3=C(N=CN=C32)N)O)OP(=O)(O)O)O
13428,
13429,[H][C@@]12CC[C@@H](C)[C@@](O)(O1)C(=O)C(=O)N1CCCC[C@@]1([H])C(=O)O[C@@]([H])(CC(=O)[C@H](C)\C=C(C)\[C@@H](O)[C@@H](OC)C(=O)[C@H](C)C[C@H](C)\C=C\C=C\C=C(C)\[C@H](C2)OC)[C@H](C)C[C@@H]1CC[C@@H](OCCOCC)[C@@H](C1)OC
13430,C1=CC=C2C(=C1)C=CC=C2OC(=O)N3C4=CC=CC=C4SC5=CC=CC=C53
13431,
13432,
13433,
13434,[H][C@@]1(O[C@@H]2[C@@H](CO)O[C@@H](OC[C@H]3O[C@@H](OC(=O)[C@]45CC[C@@H](C)[C@H](C)[C@@]4([H])C4=CC[C@]6([H])[C@@]7(C)C[C@@H](O)[C@H](O)[C@@](C)(CO)[C@]7([H])[C@H](O)C[C@@]6(C)[C@]4(C)CC5)[C@H](O)[C@@H](O)[C@@H]3O)[C@H](O)[C@H]2O)O[C@@H](C)[C@H](O)[C@@H](O)[C@H]1O
13435,[Ca++].[O-]S([O-])(=O)=O
13436,COC1=C(OC)C(OC)=C2C(CCC(NC(C)=O)C3=CC(=O)C(O)=CC=C23)=C1
13437,Cl[Cu]
13438,Cl[Fe](Cl)Cl
13439,
13440,
13441,
13442,
13443,
13444,
13445,
13446,
13447,
13448,
13449,
13450,
13451,
13452,NC1=NC=NC2=C1N=CN2CCOC[P@@]1(=O)OCC[C@H](O1)C1=CC=CC(Cl)=C1
13453,C[C@@H]1OC(=N[C@H]1[C@H](O)CC(O)=O)C1=CC(Cl)=CC=C1O
13454,C[C@@H]1OC(=N[C@H]1[C@H](O)[C@H](O)C(=O)NC(CO)CO)C1=CC(Cl)=CC=C1O
13455,C[C@@H]1OC(=N[C@H]1[C@H](O)CC(O)=O)C1=CC=CC=C1O
13456,C[C@@H]1OC(=N[C@H]1[C@H](O)[C@H](O)C(=O)NC(CO)CO)C1=CC=CC=C1O
13457,[Mg++].OC(CC([O-])=O)C([O-])=O
13458,[Zn++].NCC([O-])=O.NCC([O-])=O.OC(=O)CC(O)(CC(O)=O)C(O)=O
13459,[H][C@@]1(CC[C@@]2([H])\C(CCC[C@]12C)=C\C=C1\C[C@@H](O)C[C@H](O)C1=C)[C@H](C)CCCCC(C)(C)O
13460,
13461,
13462,
13463,
13464,
13465,
13466,
13467,OC(=O)[C@H](CCC1=CC=CC=C1)N[C@H]1CCCN2CCC[C@H](N2C1=O)C(O)=O
13468,[H][C@@]12CC[C@](O)(C(=O)COC(C)=O)[C@@]1(C)C[C@]([H])(O)[C@@]1([H])[C@@]2([H])CCC2=CC(=O)C=C[C@]12C
13469,
13470,[H][C@@]1(COC2=NC3=C(CCN(C3)C3=CC=CC4=C3C(Cl)=CC=C4)C(=N2)N2CCN(C(=O)C(F)=C)[C@@]([H])(CC#N)C2)CCCN1C
13471,CC(C)C1=NC=CC(C)=C1N1C(=O)N=C(N2CCN(C[C@@H]2C)C(=O)C=C)C2=CC(F)=C(N=C12)C1=C(O)C=CC=C1F
13472,
13473,CC\C=C/C\C=C/C[C@@H](O)\C=C\C=C/C\C=C/CCCC(O)=O
13474,
13475,CC1=CCC2CC1C2(C)C
13476,CC1(C)C2CC1C(=C)CC2
13477,[Pd++].[H][C@]1(C)\C2=C\C3=C(C(C)=O)C(C)=C([N-]3)\C=C3/N=C(/C(/CC(=O)OC)=C4\[N-]\C(=C/C(=N2)[C@]1([H])CC)C(C)=C4C(=O)NCCS(O)(=O)=O)[C@@]([H])(CCC(O)=O)[C@]3([H])C
13478,CCOC(=O)C1=CC=CC=C1O
13479,CC(C)N(CC[C@H](C1=CC=CC=C1)C1=CC(CO)=CC=C1O)C(C)C
13480,C[C@H]1COC2=C1C(=O)C(=O)C1=C2C=CC2=C1CCCC2(C)C
13481,CC(C)(C)C(=O)C(OC1=CC=C(Cl)C=C1)N1C=CN=C1
13482,OC1=CC(O)=C2C(=O)C=C(OC2=C1)C1=CC=CC=C1
13483,CSC1SC[C@@H]2N(C)C(=O)[C@H](C)NC(=O)[C@@H](COC(=O)[C@H](C(C)C)N(C)C(=O)[C@H]1N(C)C(=O)[C@H](C)NC(=O)[C@@H](COC(=O)[C@H](C(C)C)N(C)C2=O)NC(=O)C1=NC2=C(C=CC=C2)N=C1)NC(=O)C1=NC2=C(C=CC=C2)N=C1
13484,FC1=CC=CC(F)=C1C(=O)NC(=O)NC1=CC=C(Cl)C(OC2=NC=C(C=C2Cl)C(F)(F)F)=C1
13485,OC1=CC(O)=C2C(=O)C=C(OC2=C1)C1=CC=C(O)C(O)=C1
13486,[H][C@@]12CC[C@@]3(CCCO3)[C@@]1(C)C[C@H](C1=CC=C(C=C1)N(C)C)C1=C3CCC(=O)C=C3[C@H](C)C[C@@]21[H]
13487,OC1OCC=C2OC(=O)C=C12
13488,O.O.O.[K+].[K+].[Sb+3].[Sb+3].[O-][C@H]([C@@H]([O-])C([O-])=O)C([O-])=O.[O-][C@H]([C@@H]([O-])C([O-])=O)C([O-])=O
13489,[H][C@@]12[C@@H](C)[C@H](C)CC[C@@]1(CC[C@]1(C)C2=CC[C@]2([H])[C@@]3(C)CC[C@H](O)C(C)(C)[C@]3([H])CC[C@@]12C)C(O)=O
13490,COC1=CC(CCC(C)=O)=CC=C1O
13491,COC1=CC(=CC(OC)=C1OC)[C@H]1C2=C(COC2=O)CC2=C1C=C1OCOC1=C2
13492,C1=CC=C(C=C1)CNCC2=CC=CN2
13493,
13494,CN1C=CC=C1CNCC2=CC=CC=C2
13495,[Na+].CCOC1=CC=C(NC2=CC=C(C=C2)C(=C2\C=C/C(/C=C2C)=[N+](/CC)CC2=CC(=CC=C2)S([O-])(=O)=O)\C2=C(C)C=C(C=C2)N(CC)CC2=CC(=CC=C2)S([O-])(=O)=O)C=C1
13496,C1=CC=C(C=C1)CCNCC2=CC=CN2
13497,CN(C)CC(CN1C2=CC=CC=C2SC2=C1C=CC=C2)N(C)C
13498,CC(CC(C(N)=O)(C1=CC=CC=C1)C1=CC=CC=C1)N(C)C
13499,[Fe+3].CC1=C([O-])C(=O)C=CO1.CC1=C([O-])C(=O)C=CO1.CC1=C([O-])C(=O)C=CO1
13500,
13501,C=CC[C@@]12CCCN1C(=O)CNC2=O
13502,
13503,
13504,
13505,
13506,
13507,
13508,
13509,CC(C)(C)NCC1=C(O)C(=CC(=C1)C(C)(C)C)C1=CN=C(C(F)=C1)C(F)(F)F
13510,NC(=O)NC1=CC=C(OC(F)(F)F)C=C1
13511,
13512,
13513,
13514,[H][C@@]1(CC[C@@]2([H])C(\C=C/C3=C(C)CC[C@H](O)C3)=CCC[C@]12C)[C@H](C)CCCC(C)C
13515,
13516,
13517,[Fe+3].OC[C@H](O)[C@@H](O)[C@H](O)[C@H](O)CO[C@H]1O[C@H](CO[C@H]2O[C@H](CO)[C@@H](O)[C@H](O)[C@H]2O)[C@@H](O)[C@H](O)[C@H]1O
13518,CC(=O)CC\C=C/C=C/C=C
13519,CC(=O)CC\C=C\C=C\C=C
13520,
13521,
13522,CSC1=NN2C(NN=C(C2=O)[N+]([O-])=O)=N1
13523,[H][C@@]12CCO[C@]1([H])OC[C@@H]2OC(=O)N[C@@H](CC1=CC=CC=C1)[C@H](O)CN(CC(C)C)S(=O)(=O)C1=CC=C2N=C(NC3CCN(CC3)C3CCCC3)SC2=C1
13524,NC1=NN=C(SC2=NC=C(S2)[N+]([O-])=O)S1
13525,
13526,
13527,
13528,
13529,CN1C=C(C=N1)C1=CN2C(C=C1)=NC=C2S(=O)(=O)N1N=CC2=NC=C(C=C12)C1=CN(C)N=C1
13530,
13531,CCCCC/C=C\C/C=C\C/C=C\C=C\[C@H](CCCC(=O)O)OO
13532,
13533,
13534,CC[C@H]1[C@H](CSC1=O)CC2=CN=CN2C.OP(=O)(O)O
13535,CCCCCCCCCCCCCCCC(=O)N[C@@H](CCC(=O)NCCOCCOCCOCCOCCOCCOCCOCCOCCOCCOCCOCCOCCOCCOCCOCCOCCOCCOCCOCCOCCOCCOCCOCCOCCC(=O)NCCCC[C@H](NC(=O)[C@@H](NC(=O)[C@@H]1CCCN1C(=O)[C@H](CC1=CC=C(O)C=C1)NC(=O)[C@H](CCC(O)=O)NC(=O)[C@H](CC1=CNC2=NC=CC=C12)NC(=O)[C@H](CC1=CC=C(O)C=C1)NC(=O)[C@@H](NC(=O)[C@H](CC(O)=O)N(C)C(=O)[C@@H]1CC(=O)NCCCC[C@H](NC(C)=O)C(=O)N[C@@H](C(C)C)C(=O)N[C@@H](CCC(O)=O)C(=O)N[C@@H](CCCNC(N)=N)C(=O)N[C@@H](CC2=CC=CC=C2)C(=O)N1)C(C)(C)C)C1CCCCC1)C(O)=O)C(O)=O
13536,FC1=CC=C(CC2=NNC(=O)C3=CC=CC=C23)C=C1C(=O)N1CCN2N=C(N=C2C1)C(F)(F)F
13537,CN1C(=O)OC2=CC=C(C=C12)C1=CC=C(C[C@H](NC(=O)[C@@H]2CNCCCO2)C#N)C=C1
13538,COCCOC1=CC2=C(C=CN([C@H](C)C3=NN=C4N3C=C(C=C4F)C3=CN(C)N=C3)C2=O)N=C1
13539,COC1=CC=C(C=C1OC1CCCC1)C(CC(N)=O)N1C(=O)C2=C(C=CC=C2)C1=O
13540,CC\C(=C(\C1=CC=C(OCCN(C)C)C=C1)C1=CC=CC(O)=C1)C1=CC=CC=C1
13541,O=C1N(NC=C1N1C=CN=N1)C1=NC=NC(=C1)N1CCOCC1
13542,NCCNCCN1CC1
13543,C[C@@H]1CC(=O)C2=C3C(=O)C4=C(C(O)=CC=C4)C(=O)C3=CC=C2C1
13544,O[C@@H]1[C@H](OC2=C(C(O)=CC(O)=C2)C1=O)C1=CC(O)=C(O)C(O)=C1
13545,CC1=NC2=C(C=CC=C2OCC2=C(Cl)C=CC(=C2Cl)S(=O)(=O)NC2(CCOCC2)C(=O)N2CCN(CC2)C(=O)[C@@H](N)CCC[N+](C)(C)C)C(C)=C1
13546,C[C@@H](CN1C=CC(=N1)C1=CC=C(C#N)C(Cl)=C1)NC(=O)C1=NNC(=C1)C(C)=O
13547,O=[Ca]
13548,
13549,CCCCC/C=C\C/C=C\C=C\C=C\[C@H]([C@H](CCCC(=O)O)O)SC[C@@H](C(=O)O)N
13550,CCCCCCCCCCCCCCCCCC(=O)OC[C@H](CCOC(=O)[C@@H](N)C(C)C)CN1C=NC2=C1N=C(N)NC2=O
13551,COC(=O)N[C@@H](C(C)C)C(=O)N1CCC[C@H]1C1=NC(=CN1)C1=CC2=C(C=C1)C=C(C=C2)C1=CC2=C(NC(=N2)[C@@H]2CCCN2C(=O)[C@@H](NC(=O)OC)C(C)C)C=C1
13552,NC1=NC(F)=NC2=C1N=CN2[C@H]1C[C@H](O)[C@@](CO)(O1)C#C
13553,
13554,
13555,
13556,
13557,CC1=CC(O)=C(Cl)C=C1C
13558,CC1(C)[C@@H]2CC[C@@]1(C)C(=O)C2(Br)Br
13559,OC[C@H]1O[C@H]([C@H](O)[C@@H]1O)N1C=CC(NO)=NC1=O
13560,CC(C)C(=O)OC[C@H]1O[C@H]([C@H](O)[C@@H]1O)N1C=C\C(NC1=O)=N\O
13561,CCCCCCCCCCCCCCOCC(O)CO
13562,
13563,CC1=CC(O)=C2C=CC=CC2=C1N
13564,CNC[C@@H]1OCCC2=C1SC=C2
13565,CCCCNC(=O)OCC#CI
13566,
13567,[Ag]O[Ag]
13568,C[C@H]1N(CCN2C1=NN=C2C1=NC(C)=NS1)C(=O)C1=CC=C(F)C=C1
13569,OC1CCN(CC1)C1=CC=C(NC2=C3C(=O)NN=CC3=NC(=N2)N2CCC(CC#N)CC2)C=C1
13570,NC1=NC=C2N=CN(CC3(CC3)OCP(O)(O)=O)C2=N1
13571,CS(=O)(=O)CCCN1C(CN2C(=O)N(CC(F)(F)F)C3=C2C=NC=C3)=CC2=C1C=CC(Cl)=C2
13572,[H][C@]12C[C@@]1([H])C(F)(F)C1=C2C(=NN1CC(=O)N[C@@H](CC1=CC(F)=CC(F)=C1)C1=NC(=CC=C1C1=CC=C(Cl)C2=C1N(CC(F)(F)F)N=C2NS(C)(=O)=O)C#CC(C)(C)S(C)(=O)=O)C(F)(F)F
13573,NCC1=CC2=C(C=C1)N(CCCC(F)(F)F)C(CN1C(=O)C3(CC3)C3=C1C=C(F)C=C3)=N2
13574,[H][C@@]12COCCN1C(=O)C1=C(O)C(=O)C=CN1N2[C@@H]1C2=C(SCC3=C1C=CC(F)=C3F)C=CC=C2
13575,
13576,
13577,[Ca++].[O-]C(=O)CCCCCCCCC=C.[O-]C(=O)CCCCCCCCC=C
13578,CC(=O)O[Al](O)OC(C)=O
13579,
13580,
13581,
13582,
13583,ClC1=C(Cl)C(=O)C(C#N)=C(C#N)C1=O
13584,COC1=NC=C(CN2C3CC2CN(C3)C2=CC=C(C=N2)C2=CC(OCC(C)(C)O)=CN3N=CC(C#N)=C23)C=C1
13585,NC1=NC=NN2C1=CC=C2[C@@]1(O[C@H](CO)[C@@H](O)[C@H]1O)C#N
13586,CSCC[C@H](NC(=O)[C@H](CO)NC(=O)[C@H](CC1=CC=C(O)C=C1)NC(=O)[C@@H](N)CO)C(=O)N[C@@H](CCC(O)=O)C(=O)N[C@@H](CC1=CN=CN1)C(=O)N[C@@H](CC1=CC=CC=C1)C(=O)N[C@@H](CCCNC(N)=N)C(=O)N[C@@H](CC1=CNC2=CC=CC=C12)C(=O)NCC(=O)N[C@@H](CCCCN)C(=O)N1CCC[C@H]1C(=O)N[C@@H](C(C)C)C(O)=O
13587,CN1CCC(CC1)N1CCN(CC1)C(=O)[C@@H](CC1=CC2=C(NN=C2)C(C)=C1)NC(=O)N1CCC(CC1)C1=CC2=C(NC1=O)C=CC=C2
13588,
13589,[H][C@@]12C[C@@H]([18F])[C@H](O)[C@@]1(C)CC[C@]1([H])C3=C(CC[C@@]21[H])C=C(O)C=C3
13590,
13591,
13592,
13593,OC[C@H]1O[C@@H](N2CC[C@@H](O)NC2=O)C(F)(F)[C@@H]1O
13594,
13595,
13596,
13597,
13598,
13599,
13600,
13601,
13602,
13603,
13604,
13605,CN1C(=O)NC(=O)C(C)(C1=O)C1=CCCCC1
13606,
13607,
13608,CC1=CC(=CC(C)=C1CC1=NCCN1)C(C)(C)C
13609,
13610,
13611,C1=CC=C(C=C1)CN2C3=CC=CC=C3C(=N2)C4=CC=C(O4)CO
13612,C(=O)N
13613,C1=CC=C(C=C1)C(=O)C2=C(N(N=C2)C3=CC=CC=C3)N
13614,
13615,
13616,COC1=CC(=CC=C1CC1=CN(C)C2=C1C=C(NC(=O)OC1CCCC1)C=C2)C(=O)NS(=O)(=O)C1=CC=CC=C1C
13617,O=N(=O)C1=CC2=NNC=C2C=C1
13618,CCN(C(C)=O)C1=CC=CC(=C1)C1=CC=NC2=C(C=NN12)C#N
13619,[Zn++].[O-]C(=O)C1=CC(=O)NC(=O)N1.[O-]C(=O)C1=CC(=O)NC(=O)N1
13620,
13621,C1[C@@H]([C@H](C(=O)O1)CC2=CC3=C(C=C2)OCO3)CC4=CC5=C(C=C4)OCO5
13622,COC1=CC(=CC=C1OC(F)F)C1=NNC(=O)C=C1
13623,OC(=O)CN1C(=O)N(CC2=C(F)C=C(Br)C=C2)C(=O)C2=C1C=C(Cl)C=C2
13624,
13625,
13626,
13627,
13628,
13629,CC1=C(C=C(C=C1)NC(=O)C2=CC(=CC=C2)N(C)C)NC(=O)C3=CC=C(C=C3)O
13630,
13631,
13632,
13633,NS(=O)(=O)CC1=NOC2=CC=CC=C12
13634,CN1CCN(CC1)C(=O)OC1N(C(=O)C2=NC=CN=C12)C1=NC=C(Cl)C=C1
13635,CN(C)CCOC1=CC2=CC=CC=C2SC2=CC=C(Cl)C=C12
13636,
13637,[H][C@]1(C[C@@]2([H])O[C@](C)(N3C4=CC=CC=C4C4=C5CNC(=O)C5=C5C6=CC=CC=C6N2C5=C34)[C@]1([H])OC)NC
13638,
13639,
13640,OC(=O)CCC(O)=O
13641,C(=N)(N)N.Cl
13642,OC(=O)CCCC(O)=O
13643,
13644,[H][C@@]12CC[C@](O)(C(=O)COC(C)=O)[C@@]1(C)CC(=O)[C@@]1([H])[C@@]2([H])CCC2=CC(=O)CC[C@]12C
13645,[H][C@]12CN3C4=C([C@@H](COC(N)=O)[C@@]3(OC)[C@@]1([H])N2)C(=O)C(N)=C(C)C4=O
13646,
13647,
13648,CC[N+](C)(CC)CCOC(=O)C(O)(C1CCCCC1)C1=CC=CC=C1
13649,NCC(O)=O
13650,
13651,
13652,[H][C@@]1(CC[C@@]2([H])[C@]3([H])CCC4=CC(=O)CC[C@]4(C)[C@@]3([H])[C@@]([H])(O)C[C@]12C)C(=O)CO
13653,[H][C@@]12C[C@@H](O)[C@H](O)[C@@]1(C)CC[C@]1([H])C3=C(CC[C@@]21[H])C=C(O)C=C3
13654,[H][C@@]12CC[C@H](O)[C@@]1(C)CC[C@]1([H])C3=C(CC[C@@]21[H])C=C(O)C=C3
13655,
13656,CC1=NC=C(N1CCOC(=O)C1=CC=CC=C1)[N+]([O-])=O
13657,[Co++].[O-]S([O-])(=O)=O
13658,[H][C@@]12CC(=O)N1[C@@H](C(=O)OCOC(=O)C(C)(C)C)C(C)(C)S2(=O)=O
13659,
13660,[OH-].[OH-].[OH-].[Fe+3].OC[C@H]1O[C@H](OC[C@@H](O)[C@@H](O)[C@H](O)[C@@H](O)C=O)[C@H](O)[C@@H](O)[C@@H]1O
13661,O=C(OCC1=CC=CC=C1)C1=CC=CN=C1
13662,C[C@@H]1CC[C@@]2(CC[C@@]3(C(=CC[C@H]4[C@]3(CC[C@@H]5[C@@]4(C[C@H]([C@@H]([C@@]5(C)CO)O)O)C)C)[C@@H]2[C@H]1C)C)C(=O)O
13663,C[C@]12CC[C@H]3[C@H]([C@@H]1CC[C@@H]2O[C@H]4[C@@H]([C@H]([C@@H]([C@H](O4)C(=O)O)O)O)O)CCC5=C3C=CC(=C5)O
13664,
13665,
13666,
13667,[H][C@]12C[C@@H](OC(=O)C3=CC(OC)=C(OC)C(OC)=C3)[C@H](OC)[C@@H](C(=O)OC)[C@@]1([H])C[C@@]1([H])N(CCC3=C1NC1=C3C=CC(OC)=C1)C2
13668,NS(=O)(=O)C1=CC=C(C=C1)N1CCCCS1(=O)=O
13669,C1CNCC1N.Cl.Cl
13670,[H][C@]12SCC(C[N+]3=CC=CC=C3)=C(N1C(=O)[C@H]2NC(=O)CC1=CC=CS1)C([O-])=O
13671,[H][C@@]1(O[C@H]2[C@H](O)[C@@H](O[C@]3([H])O[C@H](CO)[C@@H](O)[C@H](O)[C@H]3O)[C@]([H])(O[C@H]3CC[C@@]4(C)[C@@]([H])(CC[C@]5(C)[C@]4([H])CC=C4[C@]6([H])CC(C)(C)[C@@H](OC(=O)C(\C)=C/C)[C@H](OC(C)=O)[C@]6(CO)[C@H](O)C[C@@]54C)[C@@]3(C)CO)O[C@@H]2C(O)=O)O[C@H](CO)[C@@H](O)[C@H](O)[C@H]1O
13672,[H][C@@]12C[C@H]3O[C@](C)(O[C@@]3(C(C)=O)[C@@]1(C)CC[C@@]1([H])[C@@]2([H])CCC2=CC(=O)CC[C@]12C)C1=CC=CC=C1
13673,[H][C@]12SCC(COC(C)=O)=C(N1C(=O)[C@H]2NC(=O)CCC[C@@H](N)C(O)=O)C(O)=O
13674,[H][C@@]12C[C@@H](C)[C@H](C(=O)COC(=O)C(C)(C)C)[C@@]1(C)C[C@H](O)[C@@]1([H])[C@@]2([H])C[C@H](F)C2=CC(=O)C=C[C@]12C
13675,I[H]
13676,CC1=CC(C)=C(Br)C(C)=C1NC(=O)CN(CC(O)=O)CC(O)=O
13677,OC(=O)CNC(=O)CNC(=O)CNC(=O)CS
13678,
13679,CCCCCCCCCCCCCCCCOC(=O)CCCCCCCCCCCCCCC
13680,CN(C)CCOC(=O)C(OCC#C)(C1=CC=CC=C1)C1=CC=CC=C1
13681,COC1=CC=C(C[C@@H](C)NC[C@H](O)C2=CC=C(O)C3=C2C=CC(=O)N3)C=C1
13682,CCN(CC)CCOCCC1=CC[C@H]2C[C@@H]1C2(C)C
13683,
13684,
13685,
13686,CC1=CN([C@H]2C[C@H](O)[C@@H](CO)O2)C(=O)NC1=O
13687,CC(CN(C)C)OC(C)(C1=CC=CC=C1)C1=CC=C(Cl)C=C1
13688,OC(=O)[C@H](CC1=CC=C(NC(=O)C2=C(Cl)C=NC=C2Cl)C=C1)NC(=O)[C@@H]1C[C@H](CN1S(=O)(=O)C1=CC=CC(=C1)C#N)NC1CCC1
13689,[Zn++].OC1=CC=C(C=C1)S([O-])(=O)=O.OC1=CC=C(C=C1)S([O-])(=O)=O
13690,
13691,CCN(CC)CCOC(=O)C(C1=CC=CC=C1)C1=CC=CC=C1
13692,CC(C)C[C@H](NC(=O)OCC1=CC=CC=C1)C(=O)N[C@@H](CC1CCNC1=O)C(O)S(O)(=O)=O
13693,CC(C)C[C@H](NC(=O)OCC1=CC=CC=C1)C(=O)N[C@@H](CC1CCNC1=O)C=O
13694,N1C=NC2=CC=CC=C12
13695,
13696,
13697,
13698,
13699,OC(=O)CC1=CC(I)=C(OC2=CC=C(O)C(I)=C2)C(I)=C1
13700,
13701,
13702,CC(C)NCC(O)C1=CC=C(Cl)C(Cl)=C1
13703,
13704,
13705,
13706,O[C@H]1CN[C@@H](C1)C(O)=O
13707,
13708,
13709,
13710,
13711,
13712,[Ca++].CCOC(=O)\C=C\C([O-])=O.CCOC(=O)\C=C\C([O-])=O
13713,[Mg++].CCOC(=O)\C=C\C([O-])=O.CCOC(=O)\C=C\C([O-])=O
13714,[Zn++].CCOC(=O)\C=C\C([O-])=O.CCOC(=O)\C=C\C([O-])=O
13715,[H+].[H+].O.[K+].[K+].N[C@@H](CC([O-])=O)C([O-])=O.N[C@@H](CC([O-])=O)C([O-])=O
13716,
13717,[H][C@@]12C[C@@H](C)[C@H](C(=O)COC(=O)CCCCC)[C@@]1(C)C[C@H](O)[C@@]1([H])[C@@]2([H])C[C@H](F)C2=CC(=O)C=C[C@]12C
13718,CO[C@@]1(CC[C@@H](CC1)C1=NC(NC2=NNC(C)=C2)=CC(C)=N1)C(=O)N[C@@H](C)C1=CC=C(N=C1)N1C=C(F)C=N1
13719,OC(=O)C(C1=CC=CC=C1)C1=CC=CC=C1
13720,
13721,[Na+].O[Al+]O.[O-]C([O-])=O
13722,
13723,[Br-].CC[N+](C)(CC)CCOC(C)(C1CC2CC1C=C2)C1=CC=CC=C1
13724,[H][C@]12C[C@@]3([H])[C@]4([H])CC=C5C[C@@H](O)C[C@@H](O)[C@]5(C)[C@@]4([H])CC[C@]3(C)[C@@]1([H])[C@H](C)[C@@]1(CC[C@@H](C)CO1)O2
13725,CCC(C)C(=O)C(O)=O
13726,CSCCC(O)C(O)=O
13727,CC[C@H](C)C(=O)C(O)=O
13728,
13729,[Na+].[Na+].[H][C@@]12C[C@@]3([H])[C@]4([H])CCC5=CC(=O)C=C[C@]5(C)[C@@]4([H])[C@@H](O)C[C@]3(C)[C@@]1(OC(C)(C)O2)C(=O)COP([O-])([O-])=O
13730,
13731,
13732,[H][C@@]1(CC[C@@]2([H])[C@]3([H])CCC4=CC(=O)CC[C@]4(C)[C@@]3([H])[C@@H](O)C[C@]12C=O)C(=O)CO
13733,
13734,[K+].[K+].[O-]S(=O)S([O-])(=O)=O
13735,[Na+].[Na+].[O-]S(=O)S([O-])(=O)=O
13736,CCCCC\C=C/C\C=C/C\C=C/C\C=C/CCCC(O)=O
13737,
13738,
13739,
13740,
13741,COC1=CC=CC=C1NC2=NC=C(O2)C3=CC=CC=C3
13742,
13743,CC1=CC(=C(C=C1OC(=O)C)C(C)C)OCC[NH+](C)C.[Cl-]
13744,
13745,[H][C@](N)(C(O)=O)C(C)(C)S
13746,
13747,C1=CC=C(C=C1)C2=CN=C(O2)NC3=CC=C(C=C3)S(=O)(=O)N
13748,
13749,
13750,
13751,
13752,
13753,
13754,CC(C)CC1NC2=C(C=C(C(Cl)=C2)S(N)(=O)=O)S(=O)(=O)N1
13755,N[C@@H](CS)C(O)=O
13756,
13757,
13758,
13759,
13760,
13761,
13762,
13763,[H][C@@]12CCC(=O)[C@@]1(C)CC[C@]1([H])C3=C(CC[C@@]21[H])C=C(O)C=C3
13764,CN1[C@@H]2CC[C@@H]1[C@H]([C@H](C2)OC(=O)C3=CC=CC=C3)C(=O)OC.Cl
13765,NCCOP(O)(=O)OC[C@H](O)CO
13766,[64Cu++].C[C@@H](O)[C@H](NC(=O)[C@@H]1CSSC[C@H](NC(=O)[C@@H](CC2=CC=CC=C2)NC(=O)CN2CCN(CC(O)=O)CCN(CC([O-])=O)CCN(CC([O-])=O)CC2)C(=O)N[C@@H](CC2=CC=C(O)C=C2)C(=O)N[C@H](CC2=CNC3=C2C=CC=C3)C(=O)N[C@@H](CCCCN)C(=O)N[C@@H]([C@@H](C)O)C(=O)N1)C(O)=O
13767,
13768,COC1=CC(OC)=CC(OC)=C1
13769,C[C@]12C[C@@H]([C@H]3[C@H]([C@@H]1CC[C@@]2(C(=O)CO)O)C[C@@H](C4=CC(=O)C=C[C@]34C)F)O
13770,COC1=CC2=CC=C(C=C2C=C1)[C@H](C)C([O-])=O.CCCCCCCCCCCCCCCC[N+](C)(C)C
13771,[O-][Mo]([O-])(=O)=O
13772,
13773,CC(=O)N[C@H]1[C@H](O)O[C@H](CO)[C@H](OS([O-])(=O)=O)[C@@H]1O[C@@H]1O[C@H]([C@@H](O)[C@H](O)[C@H]1O)C([O-])=O
13774,ClC1=C2C=CC=CC2=C(CC2=NCCN2)C=C1
13775,CC1=CSC(NS(=O)(=O)C2=CC=C(N)C=C2)=N1
13776,CN1C(C(=O)NC2=CC=CC=N2)=C(OC(=O)\C=C\C2=CC=CC=C2)C2=C(C=CC=C2)S1(=O)=O
13777,CN1SC=CC1=O
13778,CC(=O)NC1=CC=C(O[13CH3])C=C1
13779,CC(C)C1=C(Cl)C=C(C)C(O)=C1
13780,C[N+](C)(C)CC[18F]
13781,OC(C(=O)OCCN1CCCCC1)(C1=CC=CC=C1)C1=CC=CC=C1
13782,
13783,C(CN)CON
13784,
13785,
13786,
13787,
13788,
13789,CC(CC1=CC(=CC=C1)C(F)(F)F)N
13790,
13791,C[C@@](CCOP(=O)(O)OP(=O)(O)O)(CC(=O)O)O
13792,
13793,CC(C)C1=CC=C(O)C=C1C
13794,CC(C)(CO)NCC(O)C1=CC=CC=C1
13795,[H][C@@]12CC[C@](OC(C)=O)(C(C)=O)[C@@]1(C)CC[C@@]1([H])[C@@]2([H])C=C(Cl)C2=CC(=O)CC[C@]12C
13796,
13797,[H]C(=O)C1=CN=CC=C1
13798,C#C
13799,[H][C@@]1(O[C@H]2[C@H](O)[C@@H](O[C@]3([H])O[C@H](CO)[C@@H](O)[C@H](O)[C@H]3O)[C@]([H])(OC3CC[C@@]4(C)C(CC[C@]5(C)C4CC=C4C6CC(C)(C)[C@@H](OC(=O)C(\C)=C/C)[C@H](OC(C)=O)[C@]6(CO)[C@H](O)C[C@@]54C)[C@@]3(C)CO)O[C@@H]2C(O)=O)O[C@H](CO)[C@@H](O)[C@H](O)[C@H]1O.[H][C@@]1(O[C@H]2[C@H](O)[C@@H](O[C@]3([H])O[C@H](CO)[C@@H](O)[C@H](O)[C@H]3O)[C@]([H])(OC3CC[C@@]4(C)C(CC[C@]5(C)C4CC=C4C6CC(C)(C)[C@@H](OC(=O)C(\C)=C\C)[C@H](OC(C)=O)[C@]6(CO)[C@H](O)C[C@@]54C)[C@@]3(C)CO)O[C@@H]2C(O)=O)O[C@H](CO)[C@@H](O)[C@H](O)[C@H]1O
13800,[OH-].[Na+].[Al+3].[O-]C([O-])=O.OCC(O)C(O)C(O)C(O)CO
13801,C\C(\C=C\C=C(/C)\C=C\[C@H]1C(C)=CCCC1(C)C)=C/C=C/C=C(\C)/C=C/C=C(\C)/C=C/C1=C(C)CCCC1(C)C
13802,
13803,NC1=C(CC(O)=O)C=CC=C1C(=O)C1=CC=CC=C1
13804,[Ca++].[O-]Cl.[O-]Cl
13805,C\C(\C=C\C=C(/C)\C=C\C1=C(C)CCCC1(C)C)=C/C=C/C=C(\C)/C=C/C=C(\C)/C=C/C1=C(C)C[C@@H](O)CC1(C)C
13806,CC1(C)[C@@H]2CC[C@@]1(C)C(=O)[C@H]2Br
13807,COC1=CC=C(\C=C\C)C=C1
13808,CC1(C)C2CCC(C2)C1=C
13809,CC1(C)[C@H]2CC[C@](C)(C2)C1=O
13810,O[C@H]1[C@@H](O)[C@@H](O[C@@H]1COP(O)(=O)OP(O)(=O)OP(O)(=O)OP(O)(=O)OC[C@H]1O[C@H]([C@H](O)[C@@H]1O)N1C=CC(=O)NC1=O)N1C=CC(=O)NC1=O
13811,CC(C)C1CCC(C)CC1=O
13812,CC(C)CCC[C@@H](C)CCC[C@@H](C)CCC[C@]1(C)CCC2=C(O1)C(C)=C(C)C(OC(=O)C1=CC=CN=C1)=C2C
13813,
13814,[K+].[O-][I](=O)=O
13815,O=[Mo](=O)=O
13816,[NH4+].OC([O-])=O
13817,[NH4+].[NH4+].[O-]C([O-])=O
13818,CCCCCOC(C)=O
13819,
13820,O=[Bi]O[Bi]=O
13821,CNC(=O)OC1=C2C=CC=CC2=CC=C1
13822,CCC1=CC2=C(C)C=CC2=C(C)C=C1
13823,ClC1=CC=C(CN2C(CN3CCCC3)=NC3=CC=CC=C23)C=C1
13824,OC1=CC=C(Cl)C2=CC=CN=C12
13825,[Fe++].[Fe++].OCC(O)COP([O-])([O-])=O.OCCC(CCO)OP([O-])([O-])=O
13826,C1[C@@H]2[C@H]([C@H]3[C@H]([C@@H](O2)OC(=O)C4=CC(=C(C(=C4)O)O)O)OC(=O)C5=CC(=C(C(=C5C6=C(C(=C(C=C6C(=O)O3)O)O)O)O)O)O)OC(=O)C7=CC(=C(C(=C7C8=C(C(=C(C=C8C(=O)O1)O)O)O)O)O)O
13827,CC(C)OP(F)(=O)OC(C)C
13828,
13829,C[N+]1=CC=C(C=C1)C2=CC=[N+](C=C2)C.[Cl-].[Cl-]
13830,
13831,
13832,
13833,CCN(CC)CCOC1=CC=C(C=C1)C1=NC2=CC(Cl)=CC=C2S1
13834,COC1=CC=C(\C=C\C(=O)C2=C(OC)C=C(O[C@@H]3O[C@H](CO[C@@H]4O[C@@H](C)[C@H](O)[C@@H](O)[C@H]4O)[C@@H](O)[C@H](O)[C@H]3O)C=C2O)C=C1O
13835,CC1(CC(=O)C2=C(C=CC=C2)C1=O)S(O)(=O)=O
13836,OC(=O)C1=NC2=C(C(O)=C1)C1=NC3=CC=CC=C3OC1=CC2=O
13837,CC(CC1=CC(C)=CC(=O)N1O)CC(C)(C)C
13838,COC(=O)C1=CC=CC=C1C(=O)C1=CC=C(OCCN2CCCCC2)C=C1
13839,[K+].[K+].OCC(O)COP([O-])([O-])=O
13840,[H][C@]12CN3CCC4=C(NC5=CC=CC=C45)[C@]3([H])C[C@]1([H])C(=CO[C@H]2C)C(=O)OC
13841,[Na+].[H][C@]12CC[C@@](CS([O-])(=O)=O)(C(=O)C1)C2(C)C
13842,[Na+].[Na+].[O-]S(=O)(=O)C1=CC=C2NC3=CC4=NC5=CC(=CC=C5NC4=CC3=NC2=C1)S([O-])(=O)=O
13843,[Na+].[O-][N+]([O-])=O
13844,CCCCCCCCCCCCCCCCCCO
13845,[H][C@]12C[C@@]3([H])C4=CCO[C@@]5([H])CC(=O)N6C7=CC=CC=C7[C@@]1(CCN2C4)[C@]6([H])[C@@]35[H]
13846,CC(C)=CCC\C(C)=C\CC\C(C)=C\CC\C(C)=C\CCC(C)=O
13847,CC1=CCC(CC1)C(C)(C)O
13848,CC(=O)OC(C)(C)C1CCC(C)=CC1
13849,C\C(N(CC1=C(N)N=C(C)N=C1)C=O)=C(/CCO)SS\C(CCO)=C(\C)N(CC1=C(N)N=C(C)N=C1)C=O
13850,[H][C@@]12CN(C[C@]1([H])[C@@H]1CC[C@H]2C1)NC(=O)C1=CC=C(Cl)C(=C1)S(N)(=O)=O
13851,ClN1C(=O)NC(=O)N(Cl)C1=O
13852,I[Zn]I
13853,F[Ca]F
13854,NC(=O)CCCCC1CCSS1
13855,OC1=CC=C(\C=N\NC(=O)C2=CC3=C(C=CC=C3)C=C2O)C=C1O
13856,
13857,
13858,OS(=O)(=O)CC(S)CS
13858,OS(=O)(=O)CC(S)CS
13859,CCCCOC1=CC=C(C[N+]2(C)[C@H]3CC[C@@H]2C[C@@H](C3)OC(=O)[C@H](CO)C2=CC=CC=C2)C=C1
13860,CN1C(CC2=C\C(=N\NC(N)=O)C(=O)C=C12)S(O)(=O)=O
13861,[H][C@@]12CC[C@](O)(C(=O)CO)[C@@]1(C)CC(=O)[C@@]1([H])[C@@]2([H])C[C@H](Cl)C2=CC(=O)C=C[C@]12C
13862,CN1CCN(CC1)C1CC2=CC=CC=C2SC2=C1C=C(Cl)C=C2
13863,CCOC1=CC=CC(=N1)NC(=O)C
13864,[H]O[C@@H]1CC[C@@]2(C)[C@@]([H])(C1)C[C@@H](O[H])[C@@]1([H])[C@]3([H])CC[C@]([H])([C@H](C)C[Se]CC(=O)N([H])CCS(=O)(=O)O[H])[C@@]3(C)[C@@H](O[H])C[C@]21[H]
13865,[Na+].[Na+].[Na+].O=S1(=O)O[Au]2(OS(=O)(=O)S2)S1
13866,COC1=NSN=C1NS(=O)(=O)C1=CC=C(N)C=C1
13867,COCCOC1=C(OC)C=C(CC2=C(N)N=C(N)N=C2)C=C1OC
13868,CC1=CC(=O)[C@@H]2C[C@H]1C2(C)C
13869,C(CN1C2=CC=CC=C2SC2=C1C=CC=C2)N1CCCC1
13870,CN1CCCN(CC1)C(C1=CC=CC=C1)C1=CC=C(Cl)C=C1
13871,CCC(=O)O[C@H](CC([O-])=O)C[N+](C)(C)C
13872,[H][C@@]1(O[C@H]2[C@@H](CC=O)C[C@@H](C)[C@@H](OC(=O)CC)\C=C\C=C\C[C@@H](C)OC(=O)C[C@@H](OC(C)=O)[C@@H]2OC)O[C@H](C)[C@@]([H])(O[C@H]2C[C@@](C)(O)[C@@H](OC(=O)CC(C)C)[C@H](C)O2)[C@@H]([C@H]1O)N(C)C
13873,NCC1=CC(=CC=C1)N1N=C(C=C1C(=O)NC1=CC(=CC=C1F)[C@H](NCC1CC1)C1=CC=CC(=C1)C#N)C(F)(F)F
13874,CCOCC(=O)O[C@@H]1C[C@H](C)CC[C@H]1C(C)C
13875,[H][C@@]12CC[C@H](OC(C)=O)[C@@]1(C)CC[C@@]1([H])[C@@]2([H])CCC2=C(Cl)C(=O)CC[C@]12C
13876,NCC(O)CC(O)=O
13877,CCCCNC1=NC=CC(=N1)NC2=CC=CC=C2C(=O)O
13878,CN1C2=C(NC(Cl)=N2)C(=O)N(C)C1=O.CN1CCC(CC1)OC(C1=CC=CC=C1)C1=CC=CC=C1
13879,CN[C@@H](C)[C@H](OC(=O)CCC(C)=O)C1=CC=CC=C1
13880,
13881,NCC(=O)N[C@@H](CCC(N)=O)C(O)=O
13882,NCC(=O)N[C@@H](CC1=CC=C(O)C=C1)C(O)=O
13883,COC1=C(O)C=CC(=C1)S(O)(=O)=O
13884,N[C@@H](CC(O)=O)C(O)=O.N[C@@H](CCCNC(N)=N)C(O)=O
13885,C
13886,O[N+]([O-])=O
13887,
13888,FC(F)(F)C(F)(F)C(F)(F)C(F)(F)C(F)(F)C(F)(F)C(F)(F)C(F)(F)F
13889,[K+].NC(CC([O-])=O)C(O)=O
13890,[H][C@@]12CC[C@](O)(C(=O)COC(=O)CCCCC)[C@@]1(C)C[C@H](O)[C@@]1([H])[C@@]2([H])CCC2=CC(=O)C=C[C@]12C
13891,NC(=O)C1=C(OCC(O)=O)C=CC=C1
13892,[H][C@@]12CC[C@H](OC(=O)CCCCCCCCC)[C@@]1(C)CC[C@@]1([H])[C@@]2([H])CCC2=CC(=O)CC[C@]12C
13893,[H][C@@]12CC[C@H](OC(=O)CCC(C)C)[C@@]1(C)CC[C@@]1([H])[C@@]2([H])CCC2=CC(=O)CC[C@]12C
13894,[H][C@@]12CC[C@H](OC(=O)CCC3=CC=CC=C3)[C@@]1(C)CC[C@@]1([H])[C@@]2([H])CCC2=CC(=O)CC[C@]12C
13895,OC(=O)CC(C(P(O)(O)=O)P(O)(O)=O)C(O)=O
13896,CC(=O)OCC(COC(C)=O)OC(C)=O
13897,[Zn++].[NH3+]C(CC([O-])=O)C([O-])=O.[NH3+]C(CC([O-])=O)C([O-])=O
13898,
13899,CN1C(=O)C=C(NCCN(CCO)CCCC2=CC=C(C=C2)[N+]([O-])=O)N(C)C1=O
13900,CN(C)C(=O)OC1=CC(NC(=O)C2(CN)CCN(CC2)C2=C3C(C)=CNC3=NC=N2)=CC=C1
13901,CC(C)C[C@@H](C(=O)N[C@H]1CSSC[C@H](NC(=O)[C@@H](NC(=O)[C@@H]2CSSC[C@@H](C(=O)N[C@H](C(=O)NCC(=O)N[C@H](C(=O)N[C@H](C(=O)N2)CC3=CC=CC=C3)CCCNC(=N)N)CCCNC(=N)N)NC(=O)[C@@H](NC1=O)CC4=CC=C(C=C4)O)C(C)C)C(=O)N[C@@H](C(C)C)C(=O)NCC(=O)N[C@@H](CCCNC(=N)N)C(=O)N)NC(=O)CNC(=O)CNC(=O)[C@H](CCCNC(=N)N)N
13902,[H][C@]12CCC[C@]([H])(CN(C)C1)C2OC(=O)C(O)(C1CCCC1)C1=CC=CC=C1
13903,CCCCN(CCCC)CCCC1=CC=C(C=C1)C(=O)C1=C(CCCC)OC2=C1C=C(C=C2)C(=O)OC(C)C
13904,CC(=O)N[C@@H](CCCNC(N)=N)C(=O)N[C@@H](CC1=CC=C(O)C=C1)C(=O)N[C@@H](CC1=CC=C(O)C=C1)C(=O)N[C@@H](CCCNC(N)=N)C(=O)N[C@@H](CC1=CNC2=C1C=CC=C2)C(=O)N[C@@H](CCCCN)C(=O)N[C@@H](CCCCN)C(=O)N[C@@H](CCCCN)C(=O)N[C@@H](CCCCN)C(=O)N[C@@H](CCCCN)C(=O)N[C@@H](CCCCN)C(=O)N[C@@H](CCCCN)C(N)=O
13905,COC(=O)C1=C(C2=C(OCO2)C(OC)=C1)C1=C(CO)C=C(OC)C2=C1OCO2
13906,CCCCOP(O)(=O)OC[C@H]1O[C@H](C[C@@H]1OP(O)(=O)OCCCC)N1C=C(C)C(=O)NC1=O
13907,O=C1CCCC(=O)N1CCC1=CN=CN1
13908,C(=N[NH3+])(N)N.[Cl-]
13909,
13910,[68Ga+3].OC(=O)CC[C@H](NC(=O)N[C@@H](CCCCNC(=O)CCCCCNC(=O)CCC1=CC(CN(CCN(CC([O-])=O)CC2=C(O)C=CC(CCC([O-])=O)=C2)CC([O-])=O)=C(O)C=C1)C(O)=O)C(O)=O
13911,CCCC(=O)C1=C(OCCN(C(C)C)C(C)C)C=CC=C1
13912,CCN1CCC[C@H]1CNC(=O)C1=CC(=CC=C1OC)S(N)(=O)=O
13913,CN(C)CCN(CC1=CSC=C1)C1=CC=CC=N1
13914,[Cl-].CC1=C(CCOP(O)(O)=O)SC=[N+]1CC1=CN=C(C)N=C1N
13915,[Na+].CC1(C)C(=CC=CC=CC=CC2=[N+](CCCCS([O-])(=O)=O)C3=CC=C4C=CC=CC4=C3C2(C)C)N(CCCCS([O-])(=O)=O)C2=CC=C3C=CC=CC3=C12
13916,OC(=O)[C@@H]1CCC(=O)N1.N[C@@H](CCCNC(N)=N)C(O)=O
13917,[H][C@@]1(CC[C@@]2([H])[C@]3([H])[C@@H](O)C[C@]4([H])C[C@H](O)CC[C@]4(C)[C@@]3([H])CC[C@]12C)[C@H](C)CCC(=O)OC1=CC=C(\C=C\C(=O)OCCCCO[N+]([O-])=O)C=C1OC
13918,CCCCC\C=C/C\C=C/CCCCCCC(O)C(O)=O
13919,COC1=CC=CC(=C1)C(=O)COC1=CC=C(CC2SC(=O)NC2=O)C=C1
13920,CC(CCCCC[18F])(C(O)=O)C(O)=O
13921,[O-][N+](=O)C1=CC(\C=C2/CN(CC\C(=C/C3=CC(=C(F)C=C3)[N+]([O-])=O)C2=O)C(=O)C=C)=CC=C1F
13922,[H][C@@]1(CC[C@@]2([H])[C@]3([H])CC\C(=N/O)[C@](C)(CCCO)[C@@]3([H])CC[C@]12C)[C@H](C)CCCC(C)C
13923,O\C(=C/C(=O)C1=CC=C(CC2=CC=C(F)C=C2)O1)C1=NNC=N1
13924,CC(C)(O)C1=NC=C(N=C1)N1C[C@@]2(CCC[C@](C)(CN3C=NC4=C3C=C(C=C4)C#N)C2)OC1=O
13925,C[C@H](OC(N)=O)[C@@H](O)C1=CC=CC=C1Cl
13926,OCC1=CC(OC2=CC3=CC=CC(C(=O)NC4=CC=CC(=C4)C(F)(F)F)=C3C=C2)=NC=N1
13927,FC(F)(F)C(OC(=O)N1CCN(CC2=CC=C(C=C2N2CCCC2)C(F)(F)F)CC1)C(F)(F)F
13928,CC1=CC(C[C@@H](OC(=O)N2CCC(CC2)N2CCC3=C(NC2=O)C=CC=C3)C(=O)N2CCC(CC2)N2CCOCC2)=CC(C)=C1O
13929,F[C@@H]1CCN(C1)S(=O)(=O)NC1=CC=C(F)C(C(=O)C2=CNC3=NC=C(C=C23)C2=CN=C(N=C2)C2CC2)=C1F
13930,OB1OCC2=C1C=CC(OC1=CC(C#N)=C(C=C1)C#N)=C2
13931,ClC1=CC(N2CCN(CCCCN3C(=O)C4=C(C=CC=C4)S3(=O)=O)CC2)=C2OCCOC2=C1
13932,CC1=C(C)C(=O)C(CC[C@@](C)(O)C(N)=O)=C(C)C1=O
13933,COC1=C(C=C2CCN(C)CCC2=C1)S(=O)(=O)C1=CC=C(OCC2=CC=C(Cl)C=C2)C=C1
13934,OC(=O)C1=CC=C2N=C(CN3CCC(CC3)C3=NC(OCC4=CC=C(C=C4F)C#N)=CC=C3)N(C[C@@H]3CCO3)C2=C1
13935,CC1=NC2=C(C=CC=C2N1S(=O)(=O)C1=CC=CC=C1)N1CCNCC1
13936,CN1C=C(C(O)=O)C2=C1C=C(C=C2)N1CCC(CC1)OCC1=C(ON=C1C1=C(Cl)C=CC=C1Cl)C1CC1
13937,CC1=NN(CCC(O)=O)C(C)=C1CC1=CC(C)=C(O)C2=C1CCC2
13938,CN1C=C(C2=C1C=C1OCOC1=C2)C1=C(C(=O)NC1=O)C1=COC2=CC=C(F)C=C12
13939,CC1=NN(C=C1CN1CCC2(CC1)OCC(F)(F)C1=C2SC(Cl)=C1)C1=NC=CC=C1CO
13940,COC1=CC(=CC=C1)C1=CC(F)=C(NC2=C(C=CC=N2)C(O)=O)C(F)=C1
13941,CCCNC1=NC(NC2=CC=C(C=C2)C#N)=NC=C1C#CCCCNC(=O)[C@H](C)N(C)C(=O)\C=C\CN(C)C
13942,C[C@H](NC(=O)C(=C\C=C\C1=CC=CC(Br)=N1)\C#N)C1=CC=CC=C1
13943,[H][C@@](O[C@@H]1O[C@H](CO)[C@H](O)[C@H](O)[C@H]1O[C@]1([H])O[C@@H](C)[C@@H](O)[C@@H](O)[C@@H]1O)([C@H](O)CO)[C@H](O)[C@@H](O)C=O
13944,COC1=CC(Cl)=CC=C1CCNC(=O)C1=CC=C(OC2=CC3=C(C=C2Cl)[C@H](CCO3)C(O)=O)C=C1
13945,CN1C=C(C2=C(NC=C2)C1=O)C1=C2OC(C)(C)C(=O)N(C)C2=CC(=C1)S(C)(=O)=O
13946,CS(=O)(=O)C1=C2[C@H](O)C(F)(F)CC2=C(OC2=CC(=CC(F)=C2)C#N)C=C1
13947,COC1=CC=C(COC2=CC=C(CN3C(N)=NC4=C3N=CC(=C4)C3=CN(C)N=C3)C=C2OC)C=C1
13948,C[C@@H](OP(=O)(N1CC1)N1CC1)C1=CC(OC2=CC(=CC=C2)C(=O)N(C)C)=C(C=C1)[N+]([O-])=O
13949,CN1N=CC2=C1C=CC(=C2)C1=C(OC2CC3=C(C2)C=CC=C3)C(N)=CC(CCC(O)=O)=C1
13950,CC1(N)CCN(CC1)C1=CC=CN=C1NC(=O)C1=C(N)N=CC(=N1)C1=C(C=CC=N1)C(F)(F)F
13951,OC[C@@H](O)C1=CN=C(C(Cl)=C1)C1=CCN(CC1)C(=O)NC1=CC=C(C=N1)C(F)(F)F
13952,CC(C)C1=C2N=C(NC[C@H]3CCNC[C@@H]3O)C=C(NCC3=CC=CC=C3)N2N=C1
13953,CNC1=NC2=C(C=C(Cl)C=C2)C(=NC1)C1=CC=CN1
13954,O=C1NN=C2NC(CN3CC4=C(C3)C=CC=C4)=NC3=C2C1=CC=C3
13955,CC(C)(O)C1=CC(NC2=CC(OC3=CN(N=C3C3CCOCC3)C3CC3)=CC=N2)=CC=N1
13956,CC1(C)N(C(=S)N(C1=O)C1=C(F)C(=C(C=C1)C#N)C(F)(F)F)C1=CN=C(CCCC2=NC=CO2)C=C1
13957,CC1=CC(NS(=O)(=O)C2=CC=C(Cl)C(=C2)C(F)(F)F)=C(N=C1)C(=O)C1=C2C=CNC2=NC=N1
13958,OC1=CC(CCC2=CC=C(C=C2)C(F)(F)F)=NNC1=O
13959,CCC1=CC(F)=C2N=C(N3CCC(CC3)NC3CCOCC3)C(C3=NC(C)=NO3)=C(C)C2=C1
13960,COCCOCCOC1=CC(O)=C(C=C1)C1=N[C@](C)(CS1)C(O)=O
13961,COC1=CC=C(C=C1)[C@@H](O)[C@H](NC(=O)[C@H](C)NC(=O)CN1CCOCC1)C(=O)N[C@@H](CC1=CCCC1)C(=O)[C@@]1(C)CO1
13962,NC1=NC(=O)N(C=C1)[C@@H]1S[C@H](CO)[C@@H](O)[C@@H]1F
13963,[H][C@@]12OC3=C4C(C[C@H]5N(CC6CC6)CC[C@@]14[C@@]51CC[C@@]2(OC)[C@]([H])(C1)[C@](C)(O)C(C)(C)C)=CC=C3OCCOC1=CC=C2C[C@H]3N(CC4CC4)CC[C@]45C2=C1O[C@@]4([H])[C@]1(CC[C@@]35C[C@]1([H])[C@](C)(O)C(C)(C)C)OC
13964,CC1=CC(=CC2=C1C(=O)N(CC1=CC=C(OC(F)(F)F)C=C1)C2)C1=NC(CN2CCNCC2)=NO1
13965,CN1CCN(CC1)C1=C2N=C(N(C3CCOCC3)C2=NC(C)=N1)C1=CC=CC=C1Cl
13966,NC1=NC=NC2=C1N=C(Cl)N2[C@@H]1O[C@H](CO)[C@@H](O)[C@H]1O
13967,CCC[C@H](C)OC1=NC(N)=C2NC(=O)N(CCCCCN3CCCCC3)C2=N1
13968,
13969,CNCC1=CN(C(=C1OC)C1=C(F)C=C(F)C=C1)S(=O)(=O)C1=CC(F)=CC=C1
13970,[H][C@@]1([C@H](OC)[C@@H](CC[C@]11CO1)OC(=O)N1CC(CCN2CCOCC2)C1)[C@@]1(C)O[C@@H]1CC=C(C)C
13971,CC1=C([C@@H](OC2=C1C=CC(O)=C2)C1=CC=C(OCCN2CCCCC2)C=C1)C1=CC=C(O)C=C1
13972,CNCC1=CC(OC2=CC=C3N(C=CC3=C2)C(=O)NC2=NN(C)C(=C2)C(F)(F)F)=NC=N1
13973,
13974,OCCNC(=O)CCCCCCCC(=O)NCCO
13975,[O-]C(=O)CCCCC([O-])=O
13976,CCCCC[C@H](O)C1=CC=C(C=C1)N1[C@@H](CCCC2=CC=C(S2)C(=O)OC(C)C)CCC1=O
13977,
13978,CN(C)CCN(C)C1=NC(OCC(F)(F)F)=C(NC2=NC=CC(=N2)C2=CN(C)C3=C2C=CC=C3)C=C1NC(=O)C=C
13979,CN1C(CC(=O)NCC(O)=O)=CC=C1C(=O)C1=CC=C(C)C=C1
13980,
13981,
13982,
13983,
13984,
13985,
13986,[H][C@]12CC[C@H](N1C(=O)[C@H](CN(CC2)S(=O)(=O)C1=CC(=CC=C1)S(=O)(=O)N1CC[C@@]2([H])CC[C@H](N2C(=O)[C@H](C1)NC(=O)[C@H](C)NC)C(=O)NC(C1=CC=CC=C1)C1=CC=CC=C1)NC(=O)[C@H](C)NC)C(=O)NC(C1=CC=CC=C1)C1=CC=CC=C1
13987,
13988,[H][C@@]12CC[C@@H](C)[C@]3([H])CC[C@@]4(C)OO[C@@]13[C@]([H])(O[C@H]([C@@H]2C)N1CCS(=O)(=O)CC1)O4
13989,C[C@@H]1[C@@H](C[C@H](NC(=O)C2=CN=C3C[C@]4(CC3=C2)C(=O)NC2=C4C=CC=N2)C(=O)N1CC(F)(F)F)C1=C(F)C(F)=CC=C1F
13990,
13991,COC1=CC=CC(=C1)[C@]1(O)C[C@@H](O)CC[C@H]1CN(C)C
13992,OC1=CC2=C(C(O)=C1O)C(=O)C=C(O2)C1=CC=CC=C1
13993,CC(C)=CCC[C@@](C)(C=C)\C=C\C1=CC=C(O)C=C1
13994,COC1=C(F)C=C(NS(=O)(=O)C2=C(F)C(F)=C(F)C(F)=C2F)C=C1
13995,CN1CCN(CC1)C2=NC3=CC=CC=C3NC4=C2C=C(C=C4)Cl
13996,
13997,CONC(=O)C1=CC=CC=C1NC1=CC(NC2=CC(C)=NN2C(C)C)=NC=C1Cl
13998,CC[C@H]1N(C2CCCC2)C2=NC(NC3=CC=C(C=C3OC)C(=O)NC3CCN(C)CC3)=NC=C2N(C)C1=O
13999,CCC1=NC(=C(S1)C1=CC(NC(=O)C2=CC=CC=C2)=NC=C1)C1=CC=CC(C)=C1
14000,CO[C@@H](CC1=CC=C(N)C=C1)C(O)=O
14001,CC1(C)CC(CC(C)(C)C1)=C(C1=CC=C(O)C=C1)C1=CC=C(C=C1)C(O)=O
14002,OC(=O)C1=CC=C(C=C1)C1(CC1)NC(=O)C1CC2(CC2)CCN1CC1=CC=C(C=C1)C(F)(F)F
14003,CC1=CC(O)=C(O)C=C1C(=O)OC[C@H](CNC(C)(C)CNC(=O)C1CCOC1)OC(=O)C1(C)CC1
14004,
14005,CN1C(=O)C(O)=C(N=C1N1CCCCS1(=O)=O)C(=O)NCC1=CC=C(F)C=C1
14006,
14007,
14008,[H][C@@]12OC3=C4C(C[C@H]5N(CC6CC6)CC[C@@]14[C@@]51CC[C@@]2(OC)[C@]([H])(C1)[C@](C)(O)C(C)(C)C)=CC=C3OC(=O)CCCCC(O)=O
14009,NC1=NC(SCC2=CSC(=N2)C2=CC=C(Cl)C=C2)=C(C#N)C(C2=CC=C(OCCO)C=C2)=C1C#N
14010,COC(=O)[C@H](CC1=CC=C(C=C1)N1C(=O)N(C)C2=C(C=C(C=C2)N(C)C)C1=O)NC(=O)C1=C(Cl)C=CC=C1Cl
14011,OC1=CC2=C(C[C@H](OC(=O)C3=CC(O)=C(O)C(O)=C3)[C@H](O2)C2=CC(O)=C(O)C=C2)C(O)=C1
14012,
14013,CC1=CC(=CC=C1)N1CCN(CCC2=CC=C3C=CC=CC3=N2)CC1
14014,CCCC1=CC=C(COC2=CC3=C(C=C2)C(C)=C(CN2CC(C2)C(O)=O)CC3)C(OC)=C1
14015,COC1=CC=C2C(OC3=CC4=CC=CC(C(=O)NC5=CC=CC=C5N)=C4C=C3)=CC=NC2=C1
14016,CC1=CC=C(O1)C1=C2N=NN(CC3=CC=CC(CO[C@H]4CCOC4)=N3)C2=NC(N)=N1
14017,OC(=O)CCCCN(CCC1=C(OCC2=CC=C(CCC3=CC=CC=C3)C=C2)C=CC=C1)CC1=CC=C(C=C1)C(O)=O
14018,
14019,
14020,CC(C)C[C@H]1NC(=O)[C@@H](C)N(C)C(=O)[C@@H](NC[C@@H](C)OC2=C(CC[C@H](C)NC1=O)C=CC=C2)C1CC1
14021,CS(=O)(=O)CCC#N
14022,
14023,C[C@@]1(CSC(=N1)C1=CC=C(O)C=C1O)C(O)=O
14024,C[C@H]1CN(C(=O)CC#N)[C@]11CCN(C1)C1=C2C=CNC2=NC=N1
14025,N[C@@H](C(C1=CC=C(F)C=C1)C1=CC=C(F)C=C1)C(=O)N1C[C@@H](F)C[C@H]1C#N
14026,OC(=O)CNC(=O)C1=C(O)C2=CC=CC=C2N(OCC2CC2)C1=O
14027,CN[C@H](C)CCC=C(C)C
14028,C[C@H](NC1=C2N=CNC2=NC=N1)C1=C(C(=O)N2C(C)=CSC2=N1)C1=CC=CC(F)=C1
14029,CC[C@@]1(O)CC(=O)OCC2=C1C=C1N(CC3=CC4=CC(F)=C(F)C=C4N=C13)C2=O
14030,[H][C@@]12CCC3=C(C=C(O)C(O)=C3)[C@@]1([H])C1=C(CN2)C=CC=C1
14031,
14032,[H][C@@]12CC[C@H](OC(=O)CCCCCCCCCC)[C@@]1(C)C[C@H](C)[C@]1([H])[C@@]3([H])CCC(=O)C=C3C[C@@H](C)[C@@]21[H]
14033,NC1=CC=C(C=C1)C(=O)NC1=CC=CC=C1N
14034,C[Si](C)(C)C1=CC(=C(O)C=C1NC(=O)C1=CNC2=C(C=CC=C2)C1=O)[Si](C)(C)C
14035,[H][C@@]12CC3=CNC4=C3C(=CC=C4)[C@@]1([H])C[C@@H](CSCC(=O)NCCCC[C@@H](NC(=O)CSC[C@H]1CN(CCC)[C@]3([H])CC4=CNC5=C4C(=CC=C5)[C@@]3([H])C1)C(=O)N[C@H]1CSSC[C@H](NC(=O)[C@H](CC)NC(=O)[C@H](CCCCN)NC(=O)[C@@H](CC3=CNC4=C3C=CC=C4)NC(=O)[C@H](CC3=CC=C(O)C=C3)NC1=O)C(=O)N[C@@H]([C@@H](C)O)C(N)=O)CN2CCC
14036,OC1=C(Cl)C=C(C=C1Cl)C(=O)N1CS(=O)(=O)C2=CC=CC=C12
14037,[H][C@](NC(=O)[C@H](CCCNC(N)=N)NC(=O)[C@H](CCCNC(N)=N)NC(=O)[C@H](CC(C)C)NC(=O)[C@H](CC1=CC=CC=C1)NC(=O)CNC(=O)CNC(=O)[C@@H](N)CC1=CC=C(O)C=C1)([C@@H](C)CC)C(=O)N[C@@H](CCCNC(N)=N)C(=O)N1CCC[C@H]1C(=O)N[C@@H](CCCCN)C(=O)N[C@@H](CC(C)C)C(=O)N[C@@H](CCCCN)C(=O)N[C@@H](CC1=CNC2=CC=CC=C12)C(=O)N[C@@H](CC(O)=O)C(=O)N[C@@H](CC(N)=O)C(=O)N[C@@H](CCC(N)=O)C(O)=O
14038,CC(C)[C@H](N)C(=O)OCC[C@H](NC(=O)[C@@H]1SCCN1S(=O)(=O)C1=CC=C(C=C1)C1=CC=CC=C1)C1=CC=C(F)C=C1
14039,CCCCC[C@H](O)\C=C\[C@H]1[C@H](O)CC(OC(=O)CCC)=C1CCCCCCC(=O)OCCCC
14040,
14041,
14042,
14043,CC[C@H](C)[C@H](NC(=O)[C@H](CCCNC(N)=N)NC(=O)[C@H](CC(N)=O)NC(=O)CNC(=O)[C@H](CC(O)=O)NC(=O)[C@@H]1CCCN1C(=O)[C@@H](NC(=O)[C@H](CC1=CC=CC=C1)NC(=O)[C@@H](N)CCCNC(N)=N)C(C)C)C(O)=O
14044,NC(=O)C(=C\N1C=NC(=N1)C1=CC(=CC(=C1)C(F)(F)F)C(F)(F)F)\C1=CN=CN=C1
14045,
14046,
14047,
14048,COC1=C(OC)C=C2C(CCN3C(=O)N(CCNC(N)=O)\C(C=C23)=N\C2=C(C)C=C(C)C=C2C)=C1
14049,
14050,C[C@H](C(O)=O)C1=CC(F)=C(C=C1)C1=CC=CC=C1
14051,C[C@@H]1CN(CC(=O)N2CC(C)(C)C3=C2C=C(CC2=CC=C(F)C=C2)C(CO)=N3)[C@@H](CN2CCOC[C@H]2C)CN1
14052,
14053,[H][C@@]12CCN(C[C@]1(CC1=C(C2)N(N=C1)C1=CC=C(F)C=C1)C(=O)C1=CC(=CC=N1)C(F)(F)F)S(=O)(=O)C1=NN(C)N=C1
14054,O=C([C@H]1CCC(=O)N1)N1CCCCC1
14055,CN1N=C(C)C(\C=N\OCC2=CC=C(C=C2)C(=O)OC(C)(C)C)=C1OC1=CC=CC=C1
14056,CCOC1=NC=C(C)C2=C1[C@H](C1=CC=C(C=C1OC)C#N)C(C(N)=O)=C(C)N2
14057,COC1=CC=CC=C1[C@H](CN1C2=C(C(C)=C(S2)C2=NC=CO2)C(=O)N(C1=O)C(C)(C)C(O)=O)OC1CCOCC1
14058,COC1=CC(OC)=C(Cl)C(=C1Cl)C1=CC2=CN=C(N[C@@H]3COCC[C@@H]3NC(=O)C=C)N=C2C=C1
14059,NC1=NC(=O)N(C=C1)[C@H]1[C@H](O)[C@H](O)C(CO)=C1F
14060,CC(C)C1=C(CCC2=NOC3=CC(OCC(O)=O)=C(C)C=C23)SC(=N1)C1=CC=C(C=C1)C(F)(F)F
14061,
14062,C[C@@](CC1=CC=C(OP(O)(O)=O)C(O)=C1)(NN)C(O)=O
14063,COC1=C(OP(O)(O)=O)C2=C(NC(=CC2=O)C2=CC(F)=CC=C2)C=C1
14064,CC1(C)N(CCN2C(NC3=CC=C(F)C=C3)=C(N=C12)C1=CC=C(F)C=C1)C(=O)CN
14065,
14066,
14067,N[C@H](CC1CCCCC1)C(=O)N[C@H](CCC(O)=O)C(=O)NCC(O)=O
14068,O=C1COC(=O)CO1
14069,
14070,
14071,
14072,
14073,CN1C=C(CN2CCC(CC2)C2=CC=C(C=C2)C(=O)NC2=CC=CC=C2N)C(C)=N1
14074,CC(O)C1=C2NC(\C=C3/N=C(/C=C4\N\C(=C/C5=N/C(=C\2)/C(C)=C5C(C)O)C(C)=C4CCC(O)=O)C(CCC(O)=O)=C3C)=C1C
14075,CC1=NN(C(=O)\C1=N/NC1=C(O)C(=CC=C1)C1=CC=C(O1)C(O)=O)C1=CC=C2CCCCC2=C1
14076,CN1CCN(CC2=C(C=C(NC(=O)C3=CC(C#CC4=CC5=C(NN=C5)N=C4)=C(C)C=C3)C=C2)C(F)(F)F)CC1
14077,CCC1=C2CN3C(=CC4=C(COC(=O)[C@]4(O)CC)C3=O)C2=NC2=CC=C(OC(=O)N3CCC(CCN4C=CC5=CC(=CC=C45)N4C(=O)NN=C4C4=CC(C(C)C)=C(O)C=C4O)CC3)C=C12
14078,CC(C)C[C@H](NC(=O)[C@H](CCC(O)=O)NC(=O)[C@@H](NC(=O)[C@H](CCC(N)=O)NC(=O)CNC(=O)[C@@H](NC(=O)[C@H](CCC(N)=O)NC(=O)[C@H](CC(C)C)NC(=O)[C@H](CC(O)=O)NC(=O)[C@H](CCC(O)=O)NC(=O)[C@H](C)NC(=O)[C@@H](N)CCC(O)=O)C(C)C)C(C)C)C(=O)NCC(=O)NCC(=O)NCC(=O)N1CCC[C@H]1C(=O)NCC(=O)N[C@@H](C)C(=O)NCC(=O)N[C@@H](CO)C(=O)N[C@@H](CC(C)C)C(=O)N[C@@H](CCC(N)=O)C(=O)N1CCC[C@H]1C(=O)N[C@@H](CC(C)C)C(=O)N[C@@H](C)C(=O)N[C@@H](CC(C)C)C(=O)N[C@@H](CCC(O)=O)C(=O)NCC(=O)N[C@@H](CO)C(=O)N[C@@H](CC(C)C)C(=O)N[C@@H](CCC(N)=O)C(O)=O
14079,
14080,ClC1=C(Cl)C=C(CNC2=NC(=O)C3=C(N2)N=CN3CCN2CCOCC2)C=C1
14081,CCCCCCCCCCCCCCCCCCCCCC(=O)NC1=NC(=O)N(C=C1)[C@H]2[C@H]([C@@H]([C@H](O2)CO)O)O
14082,COC1=C(F)C(C)=CC(NC2=NC=C(C)C(NC3=CC=C4OC(=O)NC4=C3)=N2)=C1
14083,CC1=NC(Cl)=CC(=C1)C1=NN=C(N)N=C1C1=CC=C(F)C=C1
14084,C[C@@H]1CN(CC2=NC=CC=N2)C[C@H]1C1=CN2C(=NC=C2C(=O)N1)C1CCOCC1
14085,OC(=O)C1=CNC=N1
14086,
14087,
14088,
14089,
14090,
14091,CCO[C@H]1CCN(CC2=C(OC)C=C(C)C3=C2C=CN3)[C@@H](C1)C1=CC=C(C=C1)C(O)=O
14092,CC1=CN(C(=O)NC1=O)C2CC(C(O2)COP(=S)(O)OC3C(OC(C3OCCOC)N4C=NC5=C(N=CN=C54)N)COP(=S)(O)OC6C(OC(C6OCCOC)N7C=NC8=C7N=C(NC8=O)N)COP(=S)(O)OC9C(OC(C9OCCOC)N1C=C(C(=O)NC1=O)C)COP(=S)(O)OC1C(OC(C1OCCOC)N1C=C(C(=NC1=O)N)C)COP(=S)(O)OC1C(OC(C1OCCOC)N1C=NC2=C1N=C(NC2=O)N)CO)OP(=S)(O)OCC1C(CC(O1)N1C=C(C(=O)NC1=O)C)OP(=O)(OCC1C(CC(O1)N1C=NC2=C(N=CN=C21)N)OP(=S)(O)OCC1C(CC(O1)N1C=NC2=C1N=C(NC2=O)N)OP(=S)(O)OCC1C(CC(O1)N1C=NC2=C(N=CN=C21)N)OP(=S)(O)OCC1C(CC(O1)N1C=NC2=C1N=C(NC2=O)N)OP(=S)(O)OCC1C(CC(O1)N1C=NC2=C(N=CN=C21)N)OP(=S)(O)OCC1C(CC(O1)N1C=NC2=C1N=C(NC2=O)N)OP(=S)(O)OCC1C(CC(O1)N1C=NC2=C(N=CN=C21)N)OP(=S)(O)OCC1C(CC(O1)N1C=NC2=C1N=C(NC2=O)N)OP(=S)(O)OCC1C(C(C(O1)N1C=NC2=C1N=C(NC2=O)N)OCCOC)OP(=S)(O)OCC1C(C(C(O1)N1C=C(C(=O)NC1=O)C)OCCOC)OP(=S)(O)OCC1C(C(C(O1)N1C=C(C(=NC1=O)N)C)OCCOC)OP(=S)(O)OCC1C(C(C(O1)N1C=C(C(=NC1=O)N)C)OCCOC)OP(=S)(O)OCC1C(C(C(O1)N1C=C(C(=NC1=O)N)C)OCCOC)O)S
14093,
14094,CCC(C)C
14095,FC(F)(F)C1=CC(=CC=C1)C1=CCN(CCC2=CC3=C(C=CN=C3)C=C2)CC1
14096,CN[C@@H](C)C\C=C\C1=CC(OC(C)C)=CN=C1
14097,
14098,
14099,
14100,OC[C@H]1O[C@H]([C@H](O)[C@@H](O)[C@@H]1O)C1=CC(CC2=CC=C(O[C@H]3C[C@@H]4C[C@@H]4C3)C=C2)=C(Cl)C=C1
14101,
14102,
14103,C[C@@H](C(=O)NS(C)(=O)=O)C1=CC=C(OS(=O)(=O)C(F)(F)F)C=C1
14104,CCN(C)C(=O)OC1=CC2=C(CC[C@H]2NCC#C)C=C1
14105,NC(=O)NC[C@@H]1CCCC2=CC(=CC=C12)S(=O)(=O)C1=CC(F)=CC=C1
14106,COC1=CC=CC([C@H]2O[C@H](CC(=O)N3CCC(CC(O)=O)CC3)C(=O)N(CC(C)(C)CO)C3=C2C=C(Cl)C=C3)=C1OC
14107,COC1=C(NC2=NC=CC(=N2)N2C=C(CN(C)C)C(=N2)C2=CC=CC=C2)C=C(NC(=O)C=C)C(=C1)N1CCOCC1
14108,CCC(=O)N1CC[C@@H](C1)NC1=C2CN(CCC2=NC=N1)C1=CN=C(OC)C(=C1)C(F)(F)F
14109,CC(C)N1CCN(CC1)C1=CC=C(NC2=NC=C3C=C4N(C3=N2)C2(CCCCC2)CNC4=O)N=C1
14110,C[C@H]1CCC2=C(N3CCC(O)CC3)C(F)=CC3=C2N1C=C(C(O)=O)C3=O
14111,
14112,[H][C@@]12CC[C@@](O)(C(F)(F)C(F)(F)F)[C@@]1(C)C[C@H](C1=CC=C(C=C1)C(C)=O)C1=C3CCC(=O)C=C3CC[C@@]21[H]
14113,
14114,COC1=CC=CC2=C1[N+](C)=C1O[C@H](CC1=C2OC)C(C)C
14115,
14116,CC(C)C1=C(C(=O)N(N1C)C2=CC=CC=C2)NC(=O)NC3=CC=C(C=C3)Cl
14117,CCCCC1(CCCC)CS(=O)(=O)C2=CC=C(C=C2[C@H]([C@H]1O)C1=CC=C(OCC2=CC=C(C[N+]34CCN(CC3)CC4)C=C2)C=C1)N(C)C
14118,COC1=CC(=CC=C1CC1=CN(C)C2=C1C=C(C=C2)C(=O)NC[C@H](C)CC(F)(F)F)C(=O)NS(=O)(=O)C1=CC=CC=C1C
14119,COC1=NN(C)C=C1NC1=NC(=NC2=C1N=CN2C)N1C[C@@H](F)[C@@H](C1)NC(=O)C=C
14120,CCCNCCOC1=CC(=CC(F)=C1)S(C)(=O)=O
14121,CC(C)CCNC1=NC=CC=C1C(=O)N1CCN(CC2=CC=CC=C2)CC1
14122,CC1=C(C)C(C(=O)NC2=CC=CC=C2)=C(C)O1
14123,CNC(=O)C1=NN(C)C2=C1C(C)(C)CC1=C2N=C(NC2=CC=C(C=C2)N2CCN(C)CC2)N=C1
14124,C[C@@H]1CCC[C@H](N2C=NC(=CC2=O)C2=CC(Cl)=CC=C2N2C=C(Cl)N=N2)C2=CC(=CC=N2)C2=C(NC1=O)C=NN2C(F)F
14125,FC(F)(F)C1=CC(CC2=C(NC(=O)NC2=O)[C@H]2CC[C@@H](CC2)C2=CC=CC=C2)=CC=C1
14126,
14127,O=C(N1CCN(CC2CC2)CC1)C1=CC=C(NS(=O)(=O)C2=CC=CC3=C2N=CC=C3)C=C1
14128,CCOC(=O)C1=C(NC(C)=C([C@H]1C1=CC=CC=C1Cl)C(=O)NC1=NC=CC=C1)C1=CC=C(C=C1)N1C(C)=NC2=C1C=CN=C2
14129,[H][C@@]1(O[C@@H]2O[C@H](C)C[C@@H]([C@H]2O)N(C)C)[C@@H](C)C(=O)[C@@H](C)C(=O)O[C@H](CC)[C@@](C)(O)[C@@H]2OC\C(CO[C@]1(C)C[C@@H](C)\C(=N/C(C)=O)[C@@H]2C)=N/OCC1=CN=C(C=C1)N1C=CC=N1
14130,CCNC(=O)C[C@@H]1N=C(C2=CC=C(Cl)C=C2)C2=CC(OC)=CC=C2N2C(C)=NN=C12
14131,CC(=O)N[C@@H]1C[C@@H](CC[C@@H]1N1CC[C@H](NC2=NC=NC3=CC(=NN23)C(C)(C)C)C1=O)NC(C)(C)C
14132,FC(F)(F)C1(CC1)C1=CC=C(CC(=O)NC2=NN(CC3=NC=C(C=C3)C#N)C=C2)C=C1
14133,CCOC1=C(OC)C=CC(=C1)[C@@H](CS(C)(=O)=O)N1CC2=CC=CC(NC(=O)C3CC3)=C2C1=O
14134,COC1=C(C)C(CN2C=C(C(=O)NCCO)C3=NC=C(C)C=C23)=NC=N1
14135,[H][C@@]12CC[C@H](C(=O)NCC3=NC4=C(N3)C=CC=N4)[C@@]1(C)CC[C@@]1([H])[C@@]2([H])CC[C@@]2([H])N(C)C(=O)C(F)=C[C@]12C
14136,COC(=O)[C@H](CC1=CC=C(C=C1)O)NC(=O)CNC(=O)[C@H](CC2=CC=C(C=C2)O)NC(=O)[C@H](CC3=CC=C(C=C3)O)NC(=O)[C@H](CCCN=C(N)N)N
14137,[H][C@]12[C@H](\C(N)=N\O[C@@H](C)C3=NN=C(S3)C3=CC=CC=N3)C(=O)O[C@]1(C)[C@@H](CC)OC(=O)[C@H](C)C(=O)[C@H](C)[C@@H](O[C@]1([H])O[C@H](C)C[C@@H]([C@H]1O)N(C)C)[C@@](C)(C[C@@H](C)C(=O)[C@@H]2C)OC
14138,
14139,
14140,CC(C)(C)NCC1=CC(NC2=CC=NC3=CC(Cl)=CC=C23)=C2CCCCC2=C1O
14141,CN(C)C\C=C\C(=O)N1CCCC[C@H](C1)N1C(NC(=O)C2=CC=NC(C)=C2)=NC2=C1C(Cl)=CC=C2
14142,
14143,COC1=NN=C(C=C1)[C@@H](O)C1=C(Cl)C=C(F)C(=C1)C1=NC=NC2=C1C=CC(=C2)N1CCOCC1
14144,CC(C)N1CCN(CC2=CN=C(O2)C2=CC(=CC3=C2C=NN3)C2=CC=CC3=C2C=CN3)CC1
14145,CC(C)C1=CC=CC(C(C)C)=C1NC(=O)NCC1(CCCC1)C1=CC=C(C=C1)N(C)C
14146,CN1N=C(C(=O)N(CC2=CC=CC=C2)CC2=CC=C(C=C2)C(O)=O)C2=C1C1=C(OC2)C=CC(Cl)=C1
14147,CN1N(C(=O)C(C(=O)NC2=CC(F)=C(OC3=CC=NC4=C3C=CC(OCC(C)(C)O)=C4)C=C2)=C1C)C1=CC=CC=C1
14148,
14149,
14150,CO\N=C1\C[C@@H](CO)N(C1)C(=O)C1=CC=C(C=C1)C1=C(C)C=CC=C1
14151,[H][C@@]1(CC[C@@]2([H])[C@]3([H])[C@@H](O)C[C@]4([H])C[C@H](O)CC[C@]4(C)[C@@]3([H])CC[C@]12C)[C@H](C)CC(O)=O
14152,CCCCC1(CCCC)CN(C2=CC=CC=C2)C2=CC(SC)=C(OCC(=O)N[C@@H](C(=O)N[C@@H](CC)C(O)=O)C3=CC=C(O)C=C3)C=C2S(=O)(=O)N1
14153,CC(C)COC1=CC(F)=CC(=C1)C1=CC=C(C(=O)NS(=O)(=O)C2=CC=CC=C2)C(=N1)N1C[C@@H](C)CC1(C)C
14154,CC1=CC(C)=C2C=C3C=CC(CCC(=O)N4CCN(CC4)C(=O)C4=C(F)C=CC(CC5=NNC(=O)C6=CC=CC=C56)=C4)=[N+]3[B-](F)(F)N12
14155,
14156,
14157,COC1=CC=C2CN([C@@H](CC2=C1OCC1=CC=CC=C1)C(O)=O)C(=O)C(C1=CC=CC=C1)C1=CC=CC=C1
14158,C[C@H](NC1=CC=C(C#N)N(C)C1=O)C1=CC2=C(NC1=O)C=CC(Cl)=C2
14159,
14160,
14161,
14162,CCCCOC1=C(OC)C=C(C=C1OC)C(=O)NCC1(CCOCC1)N(C)C
14163,NC(=O)C1=CC=C(N=C1C1=CC=C(OC2=CC=CC=C2)C=C1)C1CCN(CC1)C(=O)C=C
14164,OC1=CC=C(NC(=O)C2=CC=CC=C2O)C=C1
14165,O=C1NC(CC2=NC=CC=C2)=NC2=C1C=NN2C1CCOCC1
14166,
14167,[H][C@]12CCC[N@@+]3([O-])CCC[C@]([H])([C@@]4([H])CCCC(=O)N4C1)[C@]23[H]
14168,NC1CCN(CC1)C1=C(C=NC2=CC=C(C=C12)C1=C(O)C(=CC=C1)C#N)C1=CC(F)=CC(F)=C1
14169,
14170,C[C@H](O)C1=NC(CN2N=C(N(C[C@H](O)C(F)(F)F)C2=O)C2=CC=C(Cl)C=C2)=NN1C1=CC(Cl)=CC=C1
14171,CC12C3(CC(O1)N4C5=CC=CC=C5C6=C7C(=C8C9=CC=CC=C9N2C8=C64)CNC7=O)C(=O)N(C(=O)O3)CCOCCOC
14172,
14173,
14174,
14175,
14176,CC(C)N1C(C)=C(C(=C1C1=CC=C(Cl)C=C1)C1=CC(=CC(F)=C1)N1CCN(CC1)C1=CC=C(NS(=O)(=O)C2=CC=C(N[C@H](CCN3CCC(CC3)C(=O)OCCCP(O)(O)=O)CSC3=CC=CC=C3)C(=C2)S(=O)(=O)C(F)(F)F)C=C1)S(C)(=O)=O
14177,
14178,OC(COC1CN2CCC1CC2)(C1CCCC1)C1=CC=CC=C1
14179,[H][C@@]12C[C@@]3(O[C@@H]4O[C@H](CO)[C@@H](O)[C@H](O)[C@H]4O)[C@]1(COC(=O)C1=CC=CC=C1)[C@@]1([H])O[C@]2(O)C[C@]3(C)O1
14180,
14181,C[C@@H](O)[C@H](NC(=O)[C@H](CC1=CC=C(O)C=C1)NC(=O)[C@H](CC(N)=O)NC(=O)[C@@H](NC(=O)[C@@H](NC(=O)[C@@H](NC(=O)[C@H](CO)NC(=O)[C@@H](C)N)[C@@H](C)O)[C@@H](C)O)[C@@H](C)O)C(N)=O
14182,CC(C)=CCC\C(C)=C\CC\C(C)=C\C=C\C(\C)=C\C(O)=O
14183,FC1(F)C(F)(F)C(F)(F)C2(F)C(F)(F)C(F)(F)C(F)(F)C(F)(F)C2(F)C1(F)F
14184,CC[C@H](C)[C@@H](C(=O)NCC(=O)N[C@@H](CCCCN)C(=O)N[C@@H](CC1=CC=CC=C1)C(=O)N[C@@H](CC(C)C)C(=O)N[C@@H](CCCCN)C(=O)N[C@@H](CCCCN)C(=O)N[C@@H](C)C(=O)N[C@@H](CCCCN)C(=O)N[C@@H](CCCCN)C(=O)N[C@@H](CC2=CC=CC=C2)C(=O)NCC(=O)N[C@@H](CCCCN)C(=O)N[C@@H](C)C(=O)N[C@@H](CC3=CC=CC=C3)C(=O)N[C@@H](C(C)C)C(=O)N[C@@H](CCCCN)C(=O)N[C@@H]([C@@H](C)CC)C(=O)N[C@@H](CC(C)C)C(=O)N[C@@H](CCCCN)C(=O)N[C@@H](CCCCN)C(=O)N)NC(=O)CN
14185,CC1=CC=C(C=C1)N1N=C(C=C1NC(=O)NCC1=CC(F)=CC=C1OC1=CC2=C(C=C1)N(CCO)N=C2)C(C)(C)C
14186,CC(C)C1=CC=CC([C@H](C)C2CC2)=C1O
14187,C[C@H](NC(=O)C1=C2N=CC=CN2N=C1N)C1=CC2=C(C(=O)N1C1=CC=CC=C1)C(=CC=C2)C#CC1=CN(C)N=C1
14188,CNC1=CC=C(\C=C\C=C\C2=NC3=C(S2)C=C(OCC(O)C[18F])C=C3)C=N1
14189,
14190,CN1CCN(CC1)C1=CC=C(NC2=NC(OC3=CC=CC(NC(=O)C=C)=C3)=C3OC=CC3=N2)C=C1
14191,OC(CNC1=NC(=NC=C1F)C1=NN(CC2=C(F)C=CC=C2)C(=C1)C1=NOC=C1)(C(F)(F)F)C(F)(F)F
14192,CC[C@H](C)[C@H](NC(=O)[C@H](CCCNC(N)=N)NC(=O)[C@@H](NC(=O)[C@@H](N)CCSC)C(C)C)C(=O)N[C@@H](CCCCN)C(=O)N1CCC[C@H]1C(=O)NCC(=O)N[C@@H](CO)C(=O)N[C@@H](C)C(=O)N[C@@H](CC(N)=O)C(=O)N[C@@H](CCCCN)C(=O)N1CCC[C@H]1C(=O)N[C@@H](CO)C(=O)N[C@@H](CC(O)=O)C(=O)N[C@@H](CC(O)=O)C(O)=O
14193,COCCC(=O)N[C@H]1CC[C@H](CCN2CCN(CC2)C2=CC=CC(=C2)C#N)CC1
14194,OC(=O)CC[C@H](NC(=O)N[C@@H](CCCCNC(=O)CCCCCNC(=O)CCC1=CC=C(O)C(CN(CCN(CC(O)=O)CC2=CC(CCC(O)=O)=CC=C2O)CC(O)=O)=C1)C(O)=O)C(O)=O
14195,CC1=CN2CCS(=O)(=O)N=C2C(=N1)C1=CC=C(OC2CCCCC2)C=C1
14196,[H][C@]12CC[C@H](N1C(=O)[C@H](CN(CC2)C(=O)CC(C)C)NC(=O)[C@H](C)NC)C(=O)NC(C1=CC=CC=C1)C1=CC=CC=C1
14197,CC(N)(CC1=CC=C(O)C=C1)C(O)=O
14198,
14199,CC1N(CCC2=C1C=CC=C2)C1=NC(NC2=CC=C(F)C=C2)=NC(C)=C1C
14200,
14201,[H][C@](C)(O)[C@]1([H])\N=C(O)/[C@]([H])(C[C@@]([H])(O)[C@@]([H])(OCC[N+](C)(C)C)\N=C(O)/[C@@]2([H])N(C[C@]([H])(C)[C@]2([H])O)C(=O)[C@@]([H])(\N=C(O)/[C@@]([H])(\N=C(O)/[C@]2([H])C[C@@]([H])(O)CN2C1=O)[C@]([H])(O)[C@@]([H])(O)C1=CC=C(O)C=C1)[C@@]([H])(C)O)\N=C(/O)C1=CC=C(C=C1)C1=CC=C(C=C1)C1=CC=C(OCCCCC)C=C1
14202,C1CN(CCC1N2CCN(CC2)C3=CC=C(C=C3)C(=N)N)CC(=O)O
14203,CO[C@H]1C=CO[C@@]2(C)OC3=C(C2=O)C2=C(C(O)=C3C)C(O)=C(NC(=O)C(C)=C\C=C/[C@H](C)[C@H](O)[C@@H](C)[C@@H](O)[C@H](C)[C@H](OC(C)=O)[C@H]1C)C(\C=N\N1CCC(CC1)N(C)C1(CC1)[C@@H]1CCN(C1)C1=C(C)C3=C(C=C(C(O)=O)C(=O)N3C=C1F)C1CC1)=C2O
14204,
14205,
14206,COCC1=CC=CC(C[C@H](O)\C=C\[C@H]2[C@H](O)CC(=O)[C@@H]2CCSCCCC(=O)OC)=C1
14207,
14208,
14209,
14210,CCC1=CC=C(C=C1)N(CC(C)C)S(=O)(=O)C1=CC(CO)=C(OCC2CCOCC2)C=C1
14211,CCOC(=O)CN1N=C(C=C1C1=CC=C(C=C1)C1=CC(=CC=C1)S(C)(=O)=O)C(F)(F)F
14212,CCC1=C(C)C=C(C(=O)NC2(CCCCC2)C(O)=O)C(=O)N1CC1=CC=C(F)C=C1
14213,
14214,[H][C@]1(NC(=O)[C@H](CCCCN)NC(=O)[C@@H](CC2=CC=C(NC(N)=O)C=C2)NC(=O)[C@H](CC2=CC=C(NC(=O)[C@@H]3CC(=O)NC(=O)N3)C=C2)NC(=O)[C@@H](CSSC[C@H](NC1=O)C(=O)N[C@H](CC1=CC=C(O)C=C1)C(N)=O)NC(=O)[C@H](CC1=CC=C(Cl)C=C1)NC(=O)CN1CCN(CC(O)=O)CCN(CC(O)=O)CCN(CC(O)=O)CC1)[C@@H](C)O
14215,CCCC[C@@](C)(CO)NC1=NC(N)=NC2=C1N=CC(F)=C2
14216,CCNC(=O)[C@H]1O[C@H]([C@H](O)[C@@H]1O)N1C=NC2=C1N=CN=C2NC1CCCC1
14217,C[C@H](O)C(=O)C1=NC2=C(NC1)NC(N)=NC2=O
14218,
14219,
14220,
14221,CC1=NNC=C1C1=CC2=C(S1)C(=O)NC(=N2)[C@@H]1CC2CCN1CC2
14222,COC1=NC(OC)=C(C=N1)C1=NC2=C([C@@H](N(C2=O)C2=CC(Cl)=CN(C)C2=O)C2=CC=C(Cl)C=C2)N1C(C)C
14223,CC1=C(CSC2=CC=C(OC(C)(C)C(O)=O)C(C)=C2)SC(=N1)C1=CC=C(C=C1F)C(F)(F)F
14224,CC1=C(O)C(C)=C2CC[C@](C)(OC2=C1C)C(=O)N[C@@H]1CCCNC1
14225,
14226,[H][C@]12SC(S[C@H]3CC[S@@+]([O-])C3)=C(N1C(=O)[C@]2([H])[C@@H](C)O)C(=O)OCOC(=O)C(CC)CC
14227,
14228,
14229,NCCN[C@H]1CC[C@H](CC(=O)N[C@H]2CC3=CC=CC(C(O)=O)=C3OB2O)CC1
14230,CCCCCCCCCCCCCCCCCCCCCCCC(=O)N[C@@H](CO[C@H]1O[C@H](CNC(C)=O)[C@H](O)[C@H](O)[C@H]1O)[C@H](O)[C@H](O)CCCCCCCCCCCCCC
14231,F[B-](F)(F)F
14232,
14233,
14234,OC(=O)C1=CC(F)=C2N=C(SC2=C1)N1[C@H]2CC[C@@H]1C[C@@H](C2)OCC1=C(ON=C1C1=C(OC(F)(F)F)C=CC=C1)C1CC1
14235,FC1=CC=CC(CCN2N=NC3=CC4=C(OCN(C5CC5)C4=O)C=C3C2=O)=C1
14236,O=C1N[13C](=O)NC=C1
14237,OC(=O)[C@H](C1CCCC1)C1=CC=C(OCC2=NC3=C(C=CC=C3)C=C2)C=C1
14238,C[C@@H](NC(=O)C(C)(F)F)[C@@H](OC1=CC=C2N(N=CC2=C1)C1=CC(=CC=C1)C(=O)N[C@@H]1CCOC1)C1=CC=C2OCCOC2=C1
14239,
14240,COC(=O)[C@@H](N1CCC2=C(C1)C=C(OC(C)=O)S2)C1=C(Cl)C=CC=C1
14241,
14242,COC1=C(OC)C(=CC=C1)[C@H](O)C1CCN(CCC2=CC=C(F)C=C2)CC1
14243,
14244,COC(=O)N[C@@H](CC1=CC=CC=C1)C(=O)N[C@@H](CC1=CC=C(NS(O)(=O)=O)C=C1)C1=CSC(=N1)C1=CC=CS1
14245,[Cl-].[Cl-].[Mn++].C1CC[C@@H]2NCC3=CC=CC(CN[C@H]4CCCC[C@@H]4NCCN[C@H]2C1)=N3
14246,
14247,
14248,
14249,CN1C2=CC=CC=C2C(=O)C1=O
14250,
14251,
14252,
14253,
14254,
14255,
14256,
14257,
14258,
14259,
14260,
14261,C1=CC=C(C=C1)C(=O)C(=O)C2=CC=C(C=C2)[N+](=O)[O-]
14262,
14263,
14264,
14265,
14266,
14267,
14268,C1=CC=C(C=C1)CCCOC2=CC=C(C=C2)NC(=O)CC[C@@H](C(=O)O)N
14269,
14270,
14271,
14272,
14273,
14274,
14275,
14276,
14277,
14278,
14279,
14280,COC1=C(NC2=NC=C(C(=O)OC(C)C)C(=N2)C2=CN(C)C3=C2C=CC=C3)C=C(NC(=O)C=C)C(=C1)N(C)CCN(C)C
14281,
14282,
14283,
14284,
14285,
14286,
14287,N1C=CC(\C=C\C2=CC=CS2)=N1
14288,
14289,
14290,[H][C@@]1(O[C@H](CO)[C@@H](O)[C@H](O)[C@@H]1O)C#CC1=CC=C2C3=CC=C(C=C3C3(CCN(CC3)C(C)=O)C2=C1)C#C[C@@]1([H])O[C@H](CO)[C@@H](O)[C@H](O)[C@@H]1O
14291,
14292,
14293,[H][C@@]1(O[C@@H](OC2=C(OC3=C(C(O)=CC(O)=C3)C2=O)C2=CC=C(O)C(O)=C2)[C@H](O)[C@H]1O)[C@H](O)CO
14294,CC(C)C1=CC(O)=C(C)C=C1
14295,
14296,CC1=C(C=C(S1)C(=O)C1=C(N[C@H]2C[C@H](O)[C@@H](COS(N)(=O)=O)C2)N=CN=C1)[C@@H]1NCCC2=C1C=C(Cl)C=C2
14297,NC1=NC(=O)N(C=C1)[C@@H]1O[C@@](CO)(N=[N+]=[N-])[C@@H](O)[C@@H]1F
14298,COC1=NC(OC)=C2C(O[C@]3([C@@H]([C@@H](CN(C)C)[C@@H](O)[C@@]23O)C2=CC=CC=C2)C2=CC=C(C=C2)C#N)=C1
14299,
14300,
14301,
14302,
14303,
14304,
14305,
14306,
14307,
14308,
14309,
14310,
14311,
14312,CCCC#CC1=CC=CC(=C1)CC2=CN=CN2
14313,
14314,
14315,COC1=CC=CC=C1CN[C@@H]2[C@@H](N3CCC2CC3)C(C4=CC=CC=C4)C5=CC=CC=C5
14316,CNCC1=CC(NC(=O)C2=CC=C(NC3=NC4=CC=CC=C4C(=N3)C3=CC=CC=C3)C=C2)=C(C)C=C1
14317,COC1=CC=C(C=C1OC)C1=CC(=O)C2=C(O)C(OC)=C(O)C=C2O1
14318,CC1=NC(=CS1)C#CC1=CC=C(N=C1)C1=CC(=CC(F)=C1)C#N
14319,CN(C)CC[C@H](CSC1=CC=CC=C1)NC1=CC=C(C=C1[N+]([O-])=O)S(=O)(=O)NC(=O)C1=CC=C(C=C1)N1CCN(CC2=CC=CC=C2C2=CC=C(Cl)C=C2)CC1
14320,CN1CCC2(COC3=CC4=C(C=C23)N(CC4)C(=O)C2=CC=C(C=C2)C2=C(C)C=C(C=C2)C2=NOC(C)=N2)CC1
14321,[Na+].[Na+].[H][C@@]12C[C@@H]3O[C@@]33[C@H](OCOP([O-])([O-])=O)[C@]4(O[C@H]4[C@@H]4O[C@]34[C@@]1(C)CCC1=C2COC1=O)C(C)C
14322,C[C@@H](O)[C@@H](CO)NC(=O)[C@@H]1CSSC[C@H](NC(=O)[C@@H](CC2=CC=CC=C2)NC(=O)CN2CCN(CC(O)=O)CCN(CC(O)=O)CCN(CC(O)=O)CC2)C(=O)N[C@@H](CC2=CC=C(O)C=C2)C(=O)N[C@H](CC2=CNC3=CC=CC=C23)C(=O)N[C@@H](CCCCN)C(=O)N[C@@H]([C@@H](C)O)C(=O)N1
14323,CC1=C2[C@H](C(=O)[C@@]3([C@H](C[C@@H]4[C@]([C@H]3[C@@H]([C@@](C2(C)C)(C[C@@H]1OC(=O)[C@@H]([C@H](C5=CC=CC=C5)NC(=O)C6=CC=CC=C6)OC(=O)CCC(=O)NCCCC[C@@H](C(=O)N[C@@H](CCCNC(=N)N)C(=O)N[C@@H](CC(=O)N)C(=O)N[C@@H](CC(=O)N)C(=O)N[C@@H](CC7=CC=CC=C7)C(=O)N[C@@H](CCCCNC(=O)CCC(=O)O[C@H]([C@H](C8=CC=CC=C8)NC(=O)C9=CC=CC=C9)C(=O)O[C@H]1C[C@]2([C@H]([C@H]3[C@@]([C@H](C[C@@H]5[C@]3(CO5)OC(=O)C)O)(C(=O)[C@@H](C(=C1C)C2(C)C)OC(=O)C)C)OC(=O)C1=CC=CC=C1)O)C(=O)N[C@@H]([C@@H](C)O)C(=O)N[C@@H](CCC(=O)O)C(=O)N[C@@H](CCC(=O)O)C(=O)N[C@@H](CC1=CC=C(C=C1)O)C(=O)O)NC(=O)CNC(=O)[C@H](CCCNC(=N)N)NC(=O)[C@H](CO)NC(=O)CNC(=O)CNC(=O)[C@H](CC1=CC=C(C=C1)O)NC(=O)[C@H](CC1=CC=CC=C1)NC(=O)[C@H](CC1=CC=CC=C1)NC(=O)[C@H](C(C)O)NC(=O)CCC(=O)O[C@H]([C@H](C1=CC=CC=C1)NC(=O)C1=CC=CC=C1)C(=O)O[C@H]1C[C@]2([C@H]([C@H]3[C@@]([C@H](C[C@@H]5[C@]3(CO5)OC(=O)C)O)(C(=O)[C@@H](C(=C1C)C2(C)C)OC(=O)C)C)OC(=O)C1=CC=CC=C1)O)O)OC(=O)C1=CC=CC=C1)(CO4)OC(=O)C)O)C)OC(=O)C
14324,CC(C)[C@H](NC(C)=O)C(=O)N[C@@H](CO)C(=O)N[C@@H](CCCNC(N)=N)C(=O)N[C@@H](CCCNC(N)=N)C(=O)N[C@@H](CCCNC(N)=N)C(N)=O
